Theta [deg.]  Phi   [deg.]  Abs(Grlz)[      ]   Abs(Theta)[      ]  Phase(Theta)[deg.]  Abs(Phi  )[      ]  Phase(Phi  )[deg.]  Ax.Ratio[      ]    
------------------------------------------------------------------------------------------------------------------------------------------------------
   0.000           0.000            1.249e-05           1.235e-05             302.162           1.348e-07             134.790           4.425e+01     
   5.000           0.000            3.847e-02           3.847e-02             302.446           1.096e-07             158.598           3.162e+02     
  10.000           0.000            1.487e-01           1.487e-01             329.583           8.947e-08             178.171           3.162e+02     
  15.000           0.000            2.958e-01           2.958e-01             355.590           6.522e-08             192.267           3.162e+02     
  20.000           0.000            4.134e-01           4.134e-01              23.117           3.797e-08             198.766           3.162e+02     
  25.000           0.000            4.947e-01           4.947e-01              54.944           1.836e-08             189.589           3.162e+02     
  30.000           0.000            6.423e-01           6.423e-01              89.756           1.472e-08             160.438           3.162e+02     
  35.000           0.000            9.653e-01           9.653e-01             120.946           2.719e-08             145.799           3.162e+02     
  40.000           0.000            1.434e+00           1.434e+00             145.301           4.516e-08             150.074           3.162e+02     
  45.000           0.000            1.874e+00           1.874e+00             164.496           6.053e-08             164.498           3.162e+02     
  50.000           0.000            2.104e+00           2.104e+00             180.832           7.192e-08             182.878           3.162e+02     
  55.000           0.000            2.064e+00           2.064e+00             195.931           8.221e-08             202.398           3.162e+02     
  60.000           0.000            1.831e+00           1.831e+00             210.828           9.009e-08             220.547           3.162e+02     
  65.000           0.000            1.536e+00           1.536e+00             226.040           8.876e-08             234.991           3.162e+02     
  70.000           0.000            1.287e+00           1.287e+00             241.376           7.558e-08             246.517           3.162e+02     
  75.000           0.000            1.127e+00           1.127e+00             255.736           5.268e-08             255.289           3.162e+02     
  80.000           0.000            1.048e+00           1.048e+00             267.423           2.711e-08             261.468           3.162e+02     
  85.000           0.000            1.020e+00           1.020e+00             274.956           7.376e-09             265.034           3.162e+02     
  90.000           0.000            1.014e+00           1.014e+00             277.540           1.910e-13             359.190           3.162e+02     
  95.000           0.000            1.020e+00           1.020e+00             274.956           7.384e-09              85.106           3.162e+02     
 100.000           0.000            1.048e+00           1.048e+00             267.423           2.712e-08              81.506           3.162e+02     
 105.000           0.000            1.127e+00           1.127e+00             255.736           5.270e-08              75.316           3.162e+02     
 110.000           0.000            1.287e+00           1.287e+00             241.376           7.560e-08              66.539           3.162e+02     
 115.000           0.000            1.536e+00           1.536e+00             226.040           8.878e-08              55.012           3.162e+02     
 120.000           0.000            1.831e+00           1.831e+00             210.828           9.011e-08              40.568           3.162e+02     
 125.000           0.000            2.064e+00           2.064e+00             195.931           8.222e-08              22.419           3.162e+02     
 130.000           0.000            2.104e+00           2.104e+00             180.832           7.191e-08               2.899           3.162e+02     
 135.000           0.000            1.874e+00           1.874e+00             164.496           6.052e-08             344.517           3.162e+02     
 140.000           0.000            1.434e+00           1.434e+00             145.301           4.515e-08             330.091           3.162e+02     
 145.000           0.000            9.653e-01           9.653e-01             120.946           2.719e-08             325.816           3.162e+02     
 150.000           0.000            6.423e-01           6.423e-01              89.756           1.473e-08             340.454           3.162e+02     
 155.000           0.000            4.947e-01           4.947e-01              54.943           1.837e-08               9.598           3.162e+02     
 160.000           0.000            4.134e-01           4.134e-01              23.117           3.798e-08              18.770           3.162e+02     
 165.000           0.000            2.958e-01           2.958e-01             355.590           6.523e-08              12.271           3.162e+02     
 170.000           0.000            1.487e-01           1.487e-01             329.583           8.949e-08             358.174           3.162e+02     
 175.000           0.000            3.847e-02           3.847e-02             302.446           1.096e-07             338.600           3.162e+02     
 180.000           0.000            1.249e-05           1.235e-05             302.161           1.348e-07             314.792           4.423e+01     
   0.000           5.000            1.249e-05           1.204e-05             302.046           4.462e-07             129.036           4.425e+01     
   5.000           5.000            3.799e-02           3.799e-02             301.436           3.959e-07             156.064           3.162e+02     
  10.000           5.000            1.457e-01           1.457e-01             327.575           3.155e-07             181.167           3.162e+02     
  15.000           5.000            2.880e-01           2.880e-01             352.488           2.235e-07             204.844           3.162e+02     
  20.000           5.000            3.991e-01           3.991e-01              18.799           1.371e-07             227.502           3.162e+02     
  25.000           5.000            4.697e-01           4.697e-01              49.446           6.571e-08             246.985           3.162e+02     
  30.000           5.000            5.982e-01           5.982e-01              83.482           1.891e-08             257.402           3.162e+02     
  35.000           5.000            8.950e-01           8.950e-01             114.184           3.981e-09             212.532           3.162e+02     
  40.000           5.000            1.342e+00           1.342e+00             137.890           1.957e-08             175.697           3.162e+02     
  45.000           5.000            1.778e+00           1.778e+00             156.198           5.669e-08             186.282           3.162e+02     
  50.000           5.000            2.025e+00           2.025e+00             171.465           1.034e-07             202.731           3.162e+02     
  55.000           5.000            2.013e+00           2.013e+00             185.339           1.457e-07             219.870           3.162e+02     
  60.000           5.000            1.803e+00           1.803e+00             198.859           1.714e-07             236.317           3.162e+02     
  65.000           5.000            1.516e+00           1.516e+00             212.581           1.720e-07             250.831           3.162e+02     
  70.000           5.000            1.258e+00           1.258e+00             226.454           1.468e-07             263.380           3.162e+02     
  75.000           5.000            1.079e+00           1.079e+00             239.617           1.030e-07             273.557           3.162e+02     
  80.000           5.000            9.799e-01           9.799e-01             250.548           5.360e-08             281.047           3.162e+02     
  85.000           5.000            9.369e-01           9.369e-01             257.726           1.476e-08             285.641           3.162e+02     
  90.000           5.000            9.257e-01           9.257e-01             260.215           1.282e-13             134.083           3.162e+02     
  95.000           5.000            9.369e-01           9.369e-01             257.726           1.479e-08             105.667           3.162e+02     
 100.000           5.000            9.799e-01           9.799e-01             250.548           5.364e-08             101.061           3.162e+02     
 105.000           5.000            1.079e+00           1.079e+00             239.617           1.030e-07              93.568           3.162e+02     
 110.000           5.000            1.258e+00           1.258e+00             226.454           1.469e-07              83.390           3.162e+02     
 115.000           5.000            1.516e+00           1.516e+00             212.581           1.720e-07              70.842           3.162e+02     
 120.000           5.000            1.803e+00           1.803e+00             198.859           1.715e-07              56.328           3.162e+02     
 125.000           5.000            2.013e+00           2.013e+00             185.339           1.458e-07              39.883           3.162e+02     
 130.000           5.000            2.025e+00           2.025e+00             171.465           1.035e-07              22.746           3.162e+02     
 135.000           5.000            1.778e+00           1.778e+00             156.198           5.670e-08               6.300           3.162e+02     
 140.000           5.000            1.342e+00           1.342e+00             137.890           1.958e-08             355.721           3.162e+02     
 145.000           5.000            8.950e-01           8.950e-01             114.184           3.987e-09              32.546           3.162e+02     
 150.000           5.000            5.982e-01           5.982e-01              83.482           1.891e-08              77.393           3.162e+02     
 155.000           5.000            4.697e-01           4.697e-01              49.446           6.572e-08              66.982           3.162e+02     
 160.000           5.000            3.991e-01           3.991e-01              18.799           1.371e-07              47.502           3.162e+02     
 165.000           5.000            2.880e-01           2.880e-01             352.488           2.235e-07              24.844           3.162e+02     
 170.000           5.000            1.457e-01           1.457e-01             327.575           3.155e-07               1.167           3.162e+02     
 175.000           5.000            3.799e-02           3.799e-02             301.436           3.959e-07             336.065           3.162e+02     
 180.000           5.000            1.249e-05           1.204e-05             302.046           4.462e-07             309.038           4.423e+01     
   0.000          10.000            1.249e-05           1.155e-05             301.927           9.338e-07             126.853           4.425e+01     
   5.000          10.000            3.748e-02           3.748e-02             300.194           8.309e-07             154.030           3.162e+02     
  10.000          10.000            1.423e-01           1.423e-01             325.118           6.552e-07             180.092           3.162e+02     
  15.000          10.000            2.797e-01           2.797e-01             348.699           4.727e-07             206.579           3.162e+02     
  20.000          10.000            3.855e-01           3.855e-01              13.417           3.255e-07             233.115           3.162e+02     
  25.000          10.000            4.462e-01           4.462e-01              42.242           2.057e-07             256.876           3.162e+02     
  30.000          10.000            5.486e-01           5.486e-01              74.842           1.032e-07             274.286           3.162e+02     
  35.000          10.000            7.996e-01           7.996e-01             104.925           3.296e-08             275.497           3.162e+02     
  40.000          10.000            1.200e+00           1.200e+00             128.196           1.724e-08             228.211           3.162e+02     
  45.000          10.000            1.620e+00           1.620e+00             145.836           5.887e-08             207.319           3.162e+02     
  50.000          10.000            1.900e+00           1.900e+00             160.147           1.349e-07             213.748           3.162e+02     
  55.000          10.000            1.960e+00           1.960e+00             172.750           2.075e-07             226.470           3.162e+02     
  60.000          10.000            1.829e+00           1.829e+00             184.613           2.505e-07             240.666           3.162e+02     
  65.000          10.000            1.598e+00           1.598e+00             196.222           2.538e-07             254.782           3.162e+02     
  70.000          10.000            1.360e+00           1.360e+00             207.587           2.197e-07             267.362           3.162e+02     
  75.000          10.000            1.172e+00           1.172e+00             218.174           1.569e-07             277.778           3.162e+02     
  80.000          10.000            1.048e+00           1.048e+00             226.968           8.327e-08             285.478           3.162e+02     
  85.000          10.000            9.832e-01           9.832e-01             232.816           2.333e-08             290.217           3.162e+02     
  90.000          10.000            9.634e-01           9.634e-01             234.864           1.073e-12             133.825           3.162e+02     
  95.000          10.000            9.832e-01           9.832e-01             232.816           2.336e-08             110.223           3.162e+02     
 100.000          10.000            1.048e+00           1.048e+00             226.968           8.333e-08             105.482           3.162e+02     
 105.000          10.000            1.172e+00           1.172e+00             218.174           1.570e-07              97.782           3.162e+02     
 110.000          10.000            1.360e+00           1.360e+00             207.587           2.198e-07              87.366           3.162e+02     
 115.000          10.000            1.598e+00           1.598e+00             196.222           2.539e-07              74.787           3.162e+02     
 120.000          10.000            1.829e+00           1.829e+00             184.613           2.505e-07              60.672           3.162e+02     
 125.000          10.000            1.960e+00           1.960e+00             172.750           2.076e-07              46.477           3.162e+02     
 130.000          10.000            1.900e+00           1.900e+00             160.147           1.350e-07              33.756           3.162e+02     
 135.000          10.000            1.620e+00           1.620e+00             145.836           5.890e-08              27.330           3.162e+02     
 140.000          10.000            1.200e+00           1.200e+00             128.196           1.726e-08              48.213           3.162e+02     
 145.000          10.000            7.996e-01           7.996e-01             104.925           3.297e-08              95.485           3.162e+02     
 150.000          10.000            5.486e-01           5.486e-01              74.842           1.032e-07              94.281           3.162e+02     
 155.000          10.000            4.462e-01           4.462e-01              42.241           2.057e-07              76.873           3.162e+02     
 160.000          10.000            3.855e-01           3.855e-01              13.417           3.255e-07              53.114           3.162e+02     
 165.000          10.000            2.797e-01           2.797e-01             348.699           4.727e-07              26.578           3.162e+02     
 170.000          10.000            1.423e-01           1.423e-01             325.118           6.552e-07               0.092           3.162e+02     
 175.000          10.000            3.748e-02           3.748e-02             300.194           8.309e-07             334.031           3.162e+02     
 180.000          10.000            1.249e-05           1.155e-05             301.926           9.338e-07             306.854           4.423e+01     
   0.000          15.000            1.249e-05           1.090e-05             301.802           1.583e-06             125.695           4.425e+01     
   5.000          15.000            3.694e-02           3.694e-02             298.729           1.409e-06             152.208           2.936e+02     
  10.000          15.000            1.387e-01           1.387e-01             322.231           1.107e-06             178.009           3.162e+02     
  15.000          15.000            2.712e-01           2.712e-01             344.262           8.083e-07             204.984           3.162e+02     
  20.000          15.000            3.734e-01           3.734e-01               7.065           5.925e-07             232.398           3.162e+02     
  25.000          15.000            4.267e-01           4.267e-01              33.487           4.288e-07             256.664           3.162e+02     
  30.000          15.000            5.020e-01           5.019e-01              63.884           2.688e-07             274.353           3.162e+02     
  35.000          15.000            6.971e-01           6.971e-01              93.013           1.275e-07             281.444           3.162e+02     
  40.000          15.000            1.031e+00           1.031e+00             116.036           5.090e-08             263.472           3.162e+02     
  45.000          15.000            1.417e+00           1.417e+00             133.346           6.508e-08             228.707           3.162e+02     
  50.000          15.000            1.726e+00           1.726e+00             147.036           1.408e-07             222.006           3.162e+02     
  55.000          15.000            1.874e+00           1.874e+00             158.677           2.247e-07             229.124           3.162e+02     
  60.000          15.000            1.859e+00           1.859e+00             169.166           2.764e-07             240.869           3.162e+02     
  65.000          15.000            1.734e+00           1.734e+00             178.908           2.820e-07             253.964           3.162e+02     
  70.000          15.000            1.566e+00           1.566e+00             187.928           2.478e-07             266.033           3.162e+02     
  75.000          15.000            1.409e+00           1.409e+00             195.917           1.797e-07             276.191           3.162e+02     
  80.000          15.000            1.290e+00           1.290e+00             202.319           9.676e-08             283.708           3.162e+02     
  85.000          15.000            1.218e+00           1.218e+00             206.497           2.743e-08             288.303           3.162e+02     
  90.000          15.000            1.195e+00           1.195e+00             207.952           2.378e-12             119.556           3.162e+02     
  95.000          15.000            1.218e+00           1.218e+00             206.497           2.745e-08             108.302           3.162e+02     
 100.000          15.000            1.290e+00           1.290e+00             202.319           9.681e-08             103.708           3.162e+02     
 105.000          15.000            1.409e+00           1.409e+00             195.917           1.798e-07              96.192           3.162e+02     
 110.000          15.000            1.566e+00           1.566e+00             187.928           2.478e-07              86.035           3.162e+02     
 115.000          15.000            1.734e+00           1.734e+00             178.908           2.821e-07              73.966           3.162e+02     
 120.000          15.000            1.859e+00           1.859e+00             169.166           2.765e-07              60.873           3.162e+02     
 125.000          15.000            1.874e+00           1.874e+00             158.677           2.248e-07              49.128           3.162e+02     
 130.000          15.000            1.726e+00           1.726e+00             147.036           1.409e-07              42.010           3.162e+02     
 135.000          15.000            1.417e+00           1.417e+00             133.346           6.511e-08              48.709           3.162e+02     
 140.000          15.000            1.031e+00           1.031e+00             116.036           5.092e-08              83.462           3.162e+02     
 145.000          15.000            6.971e-01           6.971e-01              93.013           1.275e-07             101.438           3.162e+02     
 150.000          15.000            5.019e-01           5.019e-01              63.884           2.688e-07              94.350           3.162e+02     
 155.000          15.000            4.267e-01           4.267e-01              33.487           4.288e-07              76.662           3.162e+02     
 160.000          15.000            3.734e-01           3.734e-01               7.065           5.925e-07              52.397           3.162e+02     
 165.000          15.000            2.712e-01           2.712e-01             344.262           8.083e-07              24.984           3.162e+02     
 170.000          15.000            1.387e-01           1.387e-01             322.231           1.107e-06             358.008           3.162e+02     
 175.000          15.000            3.694e-02           3.694e-02             298.729           1.408e-06             332.208           2.936e+02     
 180.000          15.000            1.249e-05           1.090e-05             301.801           1.583e-06             305.695           4.423e+01     
   0.000          20.000            1.249e-05           1.011e-05             301.667           2.373e-06             124.968           4.425e+01     
   5.000          20.000            3.637e-02           3.637e-02             297.049           2.112e-06             150.355           2.390e+02     
  10.000          20.000            1.348e-01           1.348e-01             318.934           1.660e-06             175.188           3.162e+02     
  15.000          20.000            2.625e-01           2.625e-01             339.224           1.221e-06             201.536           3.162e+02     
  20.000          20.000            3.627e-01           3.627e-01             359.872           9.219e-07             228.588           3.162e+02     
  25.000          20.000            4.130e-01           4.130e-01              23.462           7.177e-07             252.502           3.162e+02     
  30.000          20.000            4.662e-01           4.662e-01              50.891           5.091e-07             269.885           3.162e+02     
  35.000          20.000            6.061e-01           6.061e-01              78.420           2.902e-07             279.409           3.162e+02     
  40.000          20.000            8.653e-01           8.653e-01             101.180           1.314e-07             273.944           3.162e+02     
  45.000          20.000            1.195e+00           1.195e+00             118.515           8.793e-08             249.039           3.162e+02     
  50.000          20.000            1.503e+00           1.503e+00             132.051           1.310e-07             232.604           3.162e+02     
  55.000          20.000            1.718e+00           1.718e+00             143.249           1.991e-07             232.924           3.162e+02     
  60.000          20.000            1.815e+00           1.815e+00             152.950           2.448e-07             241.524           3.162e+02     
  65.000          20.000            1.812e+00           1.812e+00             161.524           2.529e-07             252.940           3.162e+02     
  70.000          20.000            1.750e+00           1.750e+00             169.023           2.225e-07             264.579           3.162e+02     
  75.000          20.000            1.667e+00           1.667e+00             175.298           1.638e-07             274.204           3.162e+02     
  80.000          20.000            1.593e+00           1.593e+00             180.086           8.928e-08             281.350           3.162e+02     
  85.000          20.000            1.542e+00           1.542e+00             183.104           2.555e-08             285.650           3.162e+02     
  90.000          20.000            1.525e+00           1.525e+00             184.136           3.353e-12              99.578           3.162e+02     
  95.000          20.000            1.542e+00           1.542e+00             183.104           2.556e-08             105.648           3.162e+02     
 100.000          20.000            1.593e+00           1.593e+00             180.086           8.930e-08             101.349           3.162e+02     
 105.000          20.000            1.667e+00           1.667e+00             175.298           1.639e-07              94.204           3.162e+02     
 110.000          20.000            1.750e+00           1.750e+00             169.023           2.226e-07              84.580           3.162e+02     
 115.000          20.000            1.812e+00           1.812e+00             161.524           2.530e-07              72.941           3.162e+02     
 120.000          20.000            1.815e+00           1.815e+00             152.950           2.448e-07              61.526           3.162e+02     
 125.000          20.000            1.718e+00           1.718e+00             143.249           1.992e-07              52.925           3.162e+02     
 130.000          20.000            1.503e+00           1.503e+00             132.051           1.310e-07              52.604           3.162e+02     
 135.000          20.000            1.195e+00           1.195e+00             118.515           8.796e-08              69.034           3.162e+02     
 140.000          20.000            8.653e-01           8.653e-01             101.180           1.314e-07              93.937           3.162e+02     
 145.000          20.000            6.061e-01           6.061e-01              78.420           2.902e-07              99.404           3.162e+02     
 150.000          20.000            4.662e-01           4.662e-01              50.890           5.090e-07              89.883           3.162e+02     
 155.000          20.000            4.130e-01           4.130e-01              23.462           7.176e-07              72.500           3.162e+02     
 160.000          20.000            3.627e-01           3.627e-01             359.872           9.219e-07              48.587           3.162e+02     
 165.000          20.000            2.625e-01           2.625e-01             339.224           1.221e-06              21.535           3.162e+02     
 170.000          20.000            1.348e-01           1.348e-01             318.934           1.660e-06             355.187           3.162e+02     
 175.000          20.000            3.637e-02           3.637e-02             297.049           2.112e-06             330.355           2.390e+02     
 180.000          20.000            1.249e-05           1.011e-05             301.667           2.373e-06             304.968           4.423e+01     
   0.000          25.000            1.249e-05           9.206e-06             301.522           3.281e-06             124.463           4.425e+01     
   5.000          25.000            3.579e-02           3.578e-02             295.167           2.920e-06             148.392           2.021e+02     
  10.000          25.000            1.308e-01           1.308e-01             315.247           2.301e-06             171.789           3.162e+02     
  15.000          25.000            2.537e-01           2.537e-01             333.635           1.701e-06             196.787           3.162e+02     
  20.000          25.000            3.533e-01           3.533e-01             351.979           1.299e-06             222.679           3.162e+02     
  25.000          25.000            4.053e-01           4.053e-01              12.529           1.045e-06             245.776           3.162e+02     
  30.000          25.000            4.457e-01           4.457e-01              36.443           7.814e-07             263.218           3.162e+02     
  35.000          25.000            5.410e-01           5.410e-01              61.512           5.151e-07             273.722           3.162e+02     
  40.000          25.000            7.279e-01           7.279e-01              83.583           2.774e-07             273.878           3.162e+02     
  45.000          25.000            9.858e-01           9.858e-01             101.074           1.618e-07             261.981           3.162e+02     
  50.000          25.000            1.257e+00           1.257e+00             114.854           1.501e-07             247.837           3.162e+02     
  55.000          25.000            1.487e+00           1.487e+00             126.114           1.813e-07             242.308           3.162e+02     
  60.000          25.000            1.647e+00           1.647e+00             135.607           2.123e-07             245.988           3.162e+02     
  65.000          25.000            1.735e+00           1.735e+00             143.680           2.150e-07             254.688           3.162e+02     
  70.000          25.000            1.769e+00           1.769e+00             150.427           1.904e-07             264.369           3.162e+02     
  75.000          25.000            1.768e+00           1.768e+00             155.813           1.393e-07             273.313           3.162e+02     
  80.000          25.000            1.753e+00           1.753e+00             159.754           7.630e-08             279.546           3.162e+02     
  85.000          25.000            1.739e+00           1.739e+00             162.162           2.190e-08             283.214           3.162e+02     
  90.000          25.000            1.733e+00           1.733e+00             162.972           3.895e-12              74.561           3.162e+02     
  95.000          25.000            1.739e+00           1.739e+00             162.162           2.191e-08             103.215           3.162e+02     
 100.000          25.000            1.753e+00           1.753e+00             159.754           7.631e-08              99.546           3.162e+02     
 105.000          25.000            1.768e+00           1.768e+00             155.813           1.393e-07              93.313           3.162e+02     
 110.000          25.000            1.769e+00           1.769e+00             150.427           1.905e-07              84.369           3.162e+02     
 115.000          25.000            1.735e+00           1.735e+00             143.680           2.150e-07              74.688           3.162e+02     
 120.000          25.000            1.647e+00           1.647e+00             135.607           2.123e-07              65.988           3.162e+02     
 125.000          25.000            1.487e+00           1.487e+00             126.114           1.814e-07              62.308           3.162e+02     
 130.000          25.000            1.257e+00           1.257e+00             114.854           1.502e-07              67.834           3.162e+02     
 135.000          25.000            9.858e-01           9.858e-01             101.074           1.618e-07              81.975           3.162e+02     
 140.000          25.000            7.279e-01           7.279e-01              83.583           2.774e-07              93.873           3.162e+02     
 145.000          25.000            5.410e-01           5.410e-01              61.512           5.150e-07              93.719           3.162e+02     
 150.000          25.000            4.457e-01           4.457e-01              36.443           7.814e-07              83.216           3.162e+02     
 155.000          25.000            4.053e-01           4.053e-01              12.529           1.044e-06              65.775           3.162e+02     
 160.000          25.000            3.533e-01           3.533e-01             351.979           1.299e-06              42.678           3.162e+02     
 165.000          25.000            2.537e-01           2.537e-01             333.635           1.701e-06              16.786           3.162e+02     
 170.000          25.000            1.308e-01           1.308e-01             315.247           2.301e-06             351.789           3.162e+02     
 175.000          25.000            3.579e-02           3.578e-02             295.167           2.920e-06             328.392           2.021e+02     
 180.000          25.000            1.249e-05           9.205e-06             301.521           3.281e-06             304.463           4.423e+01     
   0.000          30.000            1.249e-05           8.208e-06             301.359           4.280e-06             124.087           4.425e+01     
   5.000          30.000            3.519e-02           3.519e-02             293.096           3.810e-06             146.293           1.755e+02     
  10.000          30.000            1.267e-01           1.267e-01             311.193           3.018e-06             167.909           3.162e+02     
  15.000          30.000            2.446e-01           2.446e-01             327.541           2.244e-06             191.032           3.162e+02     
  20.000          30.000            3.444e-01           3.444e-01             343.519           1.714e-06             215.103           3.162e+02     
  25.000          30.000            4.020e-01           4.020e-01               1.049           1.381e-06             237.405           3.162e+02     
  30.000          30.000            4.398e-01           4.398e-01              21.313           1.079e-06             253.996           3.162e+02     
  35.000          30.000            5.068e-01           5.068e-01              43.218           7.660e-07             264.141           3.162e+02     
  40.000          30.000            6.360e-01           6.360e-01              63.777           4.940e-07             267.358           3.162e+02     
  45.000          30.000            8.217e-01           8.217e-01              81.065           3.103e-07             262.466           3.162e+02     
  50.000          30.000            1.030e+00           1.030e+00              95.132           2.375e-07             254.576           3.162e+02     
  55.000          30.000            1.226e+00           1.226e+00             106.704           2.259e-07             250.930           3.162e+02     
  60.000          30.000            1.387e+00           1.387e+00             116.349           2.264e-07             252.362           3.162e+02     
  65.000          30.000            1.505e+00           1.505e+00             124.355           2.162e-07             258.270           3.162e+02     
  70.000          30.000            1.585e+00           1.585e+00             130.838           1.857e-07             265.638           3.162e+02     
  75.000          30.000            1.634e+00           1.634e+00             135.843           1.344e-07             272.431           3.162e+02     
  80.000          30.000            1.661e+00           1.661e+00             139.395           7.247e-08             277.566           3.162e+02     
  85.000          30.000            1.674e+00           1.674e+00             141.516           2.040e-08             281.095           3.162e+02     
  90.000          30.000            1.677e+00           1.677e+00             142.221           4.347e-12              46.384           3.162e+02     
  95.000          30.000            1.674e+00           1.674e+00             141.516           2.040e-08             101.102           3.162e+02     
 100.000          30.000            1.661e+00           1.661e+00             139.395           7.248e-08              97.569           3.162e+02     
 105.000          30.000            1.634e+00           1.634e+00             135.843           1.344e-07              92.433           3.162e+02     
 110.000          30.000            1.585e+00           1.585e+00             130.838           1.857e-07              85.639           3.162e+02     
 115.000          30.000            1.505e+00           1.505e+00             124.355           2.163e-07              78.270           3.162e+02     
 120.000          30.000            1.387e+00           1.387e+00             116.349           2.264e-07              72.362           3.162e+02     
 125.000          30.000            1.226e+00           1.226e+00             106.704           2.259e-07              70.927           3.162e+02     
 130.000          30.000            1.030e+00           1.030e+00              95.132           2.376e-07              74.572           3.162e+02     
 135.000          30.000            8.217e-01           8.217e-01              81.065           3.103e-07              82.461           3.162e+02     
 140.000          30.000            6.360e-01           6.360e-01              63.777           4.940e-07              87.354           3.162e+02     
 145.000          30.000            5.068e-01           5.068e-01              43.218           7.659e-07              84.138           3.162e+02     
 150.000          30.000            4.398e-01           4.398e-01              21.313           1.079e-06              73.994           3.162e+02     
 155.000          30.000            4.020e-01           4.020e-01               1.049           1.381e-06              57.403           3.162e+02     
 160.000          30.000            3.444e-01           3.444e-01             343.519           1.714e-06              35.102           3.162e+02     
 165.000          30.000            2.446e-01           2.446e-01             327.541           2.244e-06              11.031           3.162e+02     
 170.000          30.000            1.267e-01           1.267e-01             311.193           3.017e-06             347.908           3.162e+02     
 175.000          30.000            3.519e-02           3.519e-02             293.096           3.810e-06             326.293           1.755e+02     
 180.000          30.000            1.249e-05           8.207e-06             301.359           4.279e-06             304.087           4.423e+01     
   0.000          35.000            1.249e-05           7.150e-06             301.176           5.338e-06             123.793           4.425e+01     
   5.000          35.000            3.460e-02           3.459e-02             290.849           4.757e-06             144.054           1.557e+02     
  10.000          35.000            1.225e-01           1.225e-01             306.795           3.793e-06             163.620           2.999e+02     
  15.000          35.000            2.352e-01           2.352e-01             320.985           2.845e-06             184.482           3.162e+02     
  20.000          35.000            3.351e-01           3.351e-01             334.595           2.134e-06             206.333           3.162e+02     
  25.000          35.000            4.004e-01           4.004e-01             349.292           1.729e-06             227.055           3.162e+02     
  30.000          35.000            4.434e-01           4.434e-01               6.175           1.379e-06             242.400           3.162e+02     
  35.000          35.000            4.981e-01           4.981e-01              24.754           1.051e-06             252.067           3.162e+02     
  40.000          35.000            5.899e-01           5.899e-01              43.051           7.561e-07             256.288           3.162e+02     
  45.000          35.000            7.178e-01           7.178e-01              59.347           5.309e-07             255.392           3.162e+02     
  50.000          35.000            8.621e-01           8.621e-01              73.190           4.140e-07             252.449           3.162e+02     
  55.000          35.000            1.001e+00           1.001e+00              84.836           3.630e-07             251.080           3.162e+02     
  60.000          35.000            1.123e+00           1.123e+00              94.586           3.329e-07             253.729           3.162e+02     
  65.000          35.000            1.223e+00           1.223e+00             102.612           2.983e-07             257.272           3.162e+02     
  70.000          35.000            1.301e+00           1.301e+00             109.005           2.389e-07             262.764           3.162e+02     
  75.000          35.000            1.359e+00           1.359e+00             113.840           1.636e-07             267.847           3.162e+02     
  80.000          35.000            1.398e+00           1.398e+00             117.205           8.462e-08             271.720           3.162e+02     
  85.000          35.000            1.421e+00           1.421e+00             119.182           2.332e-08             273.824           3.162e+02     
  90.000          35.000            1.429e+00           1.429e+00             119.834           4.877e-12              17.818           3.162e+02     
  95.000          35.000            1.421e+00           1.421e+00             119.182           2.332e-08              93.834           3.162e+02     
 100.000          35.000            1.398e+00           1.398e+00             117.205           8.463e-08              91.725           3.162e+02     
 105.000          35.000            1.359e+00           1.359e+00             113.840           1.636e-07              87.850           3.162e+02     
 110.000          35.000            1.301e+00           1.301e+00             109.005           2.389e-07              82.766           3.162e+02     
 115.000          35.000            1.223e+00           1.223e+00             102.612           2.984e-07              77.273           3.162e+02     
 120.000          35.000            1.123e+00           1.123e+00              94.586           3.330e-07              73.728           3.162e+02     
 125.000          35.000            1.001e+00           1.001e+00              84.836           3.630e-07              71.078           3.162e+02     
 130.000          35.000            8.621e-01           8.621e-01              73.190           4.140e-07              72.446           3.162e+02     
 135.000          35.000            7.178e-01           7.178e-01              59.347           5.309e-07              75.389           3.162e+02     
 140.000          35.000            5.899e-01           5.899e-01              43.051           7.561e-07              76.285           3.162e+02     
 145.000          35.000            4.981e-01           4.981e-01              24.754           1.051e-06              72.064           3.162e+02     
 150.000          35.000            4.434e-01           4.434e-01               6.175           1.379e-06              62.398           3.162e+02     
 155.000          35.000            4.004e-01           4.004e-01             349.292           1.729e-06              47.053           3.162e+02     
 160.000          35.000            3.351e-01           3.351e-01             334.595           2.134e-06              26.331           3.162e+02     
 165.000          35.000            2.352e-01           2.352e-01             320.985           2.844e-06               4.481           3.162e+02     
 170.000          35.000            1.225e-01           1.225e-01             306.795           3.793e-06             343.619           2.999e+02     
 175.000          35.000            3.460e-02           3.459e-02             290.849           4.757e-06             324.054           1.557e+02     
 180.000          35.000            1.249e-05           7.149e-06             301.175           5.337e-06             303.793           4.423e+01     
   0.000          40.000            1.249e-05           6.065e-06             300.962           6.423e-06             123.552           4.425e+01     
   5.000          40.000            3.401e-02           3.401e-02             288.444           5.732e-06             141.677           1.406e+02     
  10.000          40.000            1.184e-01           1.184e-01             302.078           4.610e-06             158.985           2.668e+02     
  15.000          40.000            2.256e-01           2.256e-01             314.000           3.499e-06             177.325           3.162e+02     
  20.000          40.000            3.247e-01           3.247e-01             325.268           2.591e-06             196.469           3.162e+02     
  25.000          40.000            3.971e-01           3.971e-01             337.391           2.043e-06             214.583           3.162e+02     
  30.000          40.000            4.486e-01           4.486e-01             351.382           1.680e-06             228.690           3.162e+02     
  35.000          40.000            5.015e-01           5.015e-01               7.002           1.319e-06             237.427           3.162e+02     
  40.000          40.000            5.734e-01           5.734e-01              22.844           1.025e-06             241.674           3.162e+02     
  45.000          40.000            6.639e-01           6.639e-01              37.491           8.219e-07             242.863           3.162e+02     
  50.000          40.000            7.595e-01           7.595e-01              50.341           6.821e-07             242.548           3.162e+02     
  55.000          40.000            8.480e-01           8.480e-01              61.383           5.987e-07             242.966           3.162e+02     
  60.000          40.000            9.249e-01           9.249e-01              70.737           5.287e-07             245.888           3.162e+02     
  65.000          40.000            9.913e-01           9.913e-01              78.463           4.480e-07             250.670           3.162e+02     
  70.000          40.000            1.049e+00           1.049e+00              84.593           3.443e-07             254.766           3.162e+02     
  75.000          40.000            1.097e+00           1.097e+00              89.193           2.264e-07             258.565           3.162e+02     
  80.000          40.000            1.133e+00           1.133e+00              92.362           1.132e-07             261.460           3.162e+02     
  85.000          40.000            1.156e+00           1.156e+00              94.209           3.039e-08             262.982           3.162e+02     
  90.000          40.000            1.164e+00           1.164e+00              94.815           5.348e-12             349.699           3.162e+02     
  95.000          40.000            1.156e+00           1.156e+00              94.209           3.040e-08              82.992           3.162e+02     
 100.000          40.000            1.133e+00           1.133e+00              92.362           1.132e-07              81.464           3.162e+02     
 105.000          40.000            1.097e+00           1.097e+00              89.193           2.264e-07              78.567           3.162e+02     
 110.000          40.000            1.049e+00           1.049e+00              84.593           3.443e-07              74.767           3.162e+02     
 115.000          40.000            9.913e-01           9.913e-01              78.463           4.481e-07              70.670           3.162e+02     
 120.000          40.000            9.249e-01           9.249e-01              70.737           5.287e-07              65.887           3.162e+02     
 125.000          40.000            8.480e-01           8.480e-01              61.383           5.988e-07              62.964           3.162e+02     
 130.000          40.000            7.595e-01           7.595e-01              50.341           6.821e-07              62.545           3.162e+02     
 135.000          40.000            6.639e-01           6.639e-01              37.491           8.219e-07              62.860           3.162e+02     
 140.000          40.000            5.734e-01           5.734e-01              22.844           1.025e-06              61.671           3.162e+02     
 145.000          40.000            5.015e-01           5.015e-01               7.002           1.319e-06              57.425           3.162e+02     
 150.000          40.000            4.486e-01           4.486e-01             351.382           1.680e-06              48.688           3.162e+02     
 155.000          40.000            3.971e-01           3.971e-01             337.391           2.043e-06              34.582           3.162e+02     
 160.000          40.000            3.247e-01           3.247e-01             325.268           2.591e-06              16.467           3.162e+02     
 165.000          40.000            2.256e-01           2.256e-01             314.000           3.498e-06             357.324           3.162e+02     
 170.000          40.000            1.184e-01           1.184e-01             302.077           4.610e-06             338.984           2.668e+02     
 175.000          40.000            3.401e-02           3.401e-02             288.444           5.731e-06             321.677           1.406e+02     
 180.000          40.000            1.249e-05           6.064e-06             300.961           6.423e-06             303.552           4.423e+01     
   0.000          45.000            1.249e-05           4.985e-06             300.706           7.503e-06             123.349           4.425e+01     
   5.000          45.000            3.344e-02           3.343e-02             285.897           6.706e-06             139.173           1.287e+02     
  10.000          45.000            1.143e-01           1.143e-01             297.068           5.446e-06             154.060           2.407e+02     
  15.000          45.000            2.157e-01           2.157e-01             306.615           4.176e-06             169.747           3.162e+02     
  20.000          45.000            3.126e-01           3.126e-01             315.560           3.087e-06             185.763           3.162e+02     
  25.000          45.000            3.896e-01           3.896e-01             325.349           2.401e-06             201.079           3.162e+02     
  30.000          45.000            4.480e-01           4.480e-01             336.940           1.973e-06             213.206           3.162e+02     
  35.000          45.000            5.017e-01           5.017e-01             350.175           1.605e-06             220.956           3.162e+02     
  40.000          45.000            5.631e-01           5.631e-01               3.877           1.327e-06             224.865           3.162e+02     
  45.000          45.000            6.317e-01           6.317e-01              16.760           1.134e-06             226.502           3.162e+02     
  50.000          45.000            6.978e-01           6.978e-01              28.163           1.002e-06             228.096           3.162e+02     
  55.000          45.000            7.538e-01           7.538e-01              37.987           8.908e-07             230.505           3.162e+02     
  60.000          45.000            8.005e-01           8.005e-01              46.311           7.804e-07             234.036           3.162e+02     
  65.000          45.000            8.424e-01           8.424e-01              53.193           6.476e-07             238.134           3.162e+02     
  70.000          45.000            8.830e-01           8.830e-01              58.664           4.873e-07             242.125           3.162e+02     
  75.000          45.000            9.217e-01           9.217e-01              62.773           3.133e-07             245.503           3.162e+02     
  80.000          45.000            9.547e-01           9.547e-01              65.602           1.535e-07             248.182           3.162e+02     
  85.000          45.000            9.771e-01           9.771e-01              67.251           4.049e-08             249.464           3.162e+02     
  90.000          45.000            9.850e-01           9.850e-01              67.792           5.741e-12             320.849           3.162e+02     
  95.000          45.000            9.771e-01           9.771e-01              67.251           4.049e-08              69.471           3.162e+02     
 100.000          45.000            9.547e-01           9.547e-01              65.602           1.535e-07              68.185           3.162e+02     
 105.000          45.000            9.217e-01           9.217e-01              62.773           3.133e-07              65.505           3.162e+02     
 110.000          45.000            8.830e-01           8.830e-01              58.664           4.874e-07              62.126           3.162e+02     
 115.000          45.000            8.424e-01           8.424e-01              53.193           6.477e-07              58.134           3.162e+02     
 120.000          45.000            8.005e-01           8.005e-01              46.311           7.805e-07              54.035           3.162e+02     
 125.000          45.000            7.538e-01           7.538e-01              37.987           8.908e-07              50.503           3.162e+02     
 130.000          45.000            6.978e-01           6.978e-01              28.163           1.002e-06              48.094           3.162e+02     
 135.000          45.000            6.317e-01           6.317e-01              16.760           1.134e-06              46.499           3.162e+02     
 140.000          45.000            5.631e-01           5.631e-01               3.877           1.327e-06              44.863           3.162e+02     
 145.000          45.000            5.017e-01           5.017e-01             350.175           1.605e-06              40.954           3.162e+02     
 150.000          45.000            4.480e-01           4.480e-01             336.940           1.973e-06              33.204           3.162e+02     
 155.000          45.000            3.896e-01           3.896e-01             325.349           2.401e-06              21.077           3.162e+02     
 160.000          45.000            3.126e-01           3.126e-01             315.560           3.087e-06               5.762           3.162e+02     
 165.000          45.000            2.157e-01           2.157e-01             306.615           4.176e-06             349.745           3.162e+02     
 170.000          45.000            1.143e-01           1.143e-01             297.068           5.446e-06             334.059           2.408e+02     
 175.000          45.000            3.344e-02           3.343e-02             285.897           6.706e-06             319.172           1.287e+02     
 180.000          45.000            1.249e-05           4.984e-06             300.704           7.502e-06             303.349           4.423e+01     
   0.000          50.000            1.249e-05           3.943e-06             300.388           8.545e-06             123.173           4.425e+01     
   5.000          50.000            3.290e-02           3.289e-02             283.228           7.650e-06             136.552           1.194e+02     
  10.000          50.000            1.103e-01           1.103e-01             291.796           6.276e-06             148.896           2.198e+02     
  15.000          50.000            2.059e-01           2.059e-01             298.851           4.823e-06             161.545           3.047e+02     
  20.000          50.000            2.991e-01           2.991e-01             305.464           3.623e-06             174.551           3.162e+02     
  25.000          50.000            3.770e-01           3.770e-01             313.079           2.796e-06             186.730           3.162e+02     
  30.000          50.000            4.372e-01           4.372e-01             322.627           2.246e-06             196.450           3.162e+02     
  35.000          50.000            4.882e-01           4.882e-01             333.970           1.911e-06             203.061           3.162e+02     
  40.000          50.000            5.399e-01           5.399e-01             345.988           1.641e-06             206.382           3.162e+02     
  45.000          50.000            5.933e-01           5.933e-01             357.353           1.444e-06             208.326           3.162e+02     
  50.000          50.000            6.420e-01           6.420e-01               7.285           1.307e-06             210.893           3.162e+02     
  55.000          50.000            6.814e-01           6.814e-01              15.615           1.186e-06             214.866           3.162e+02     
  60.000          50.000            7.137e-01           7.137e-01              22.471           1.027e-06             218.953           3.162e+02     
  65.000          50.000            7.448e-01           7.448e-01              28.022           8.381e-07             223.146           3.162e+02     
  70.000          50.000            7.786e-01           7.786e-01              32.398           6.180e-07             227.487           3.162e+02     
  75.000          50.000            8.144e-01           8.144e-01              35.692           3.899e-07             231.010           3.162e+02     
  80.000          50.000            8.474e-01           8.474e-01              37.978           1.881e-07             233.521           3.162e+02     
  85.000          50.000            8.709e-01           8.709e-01              39.322           4.918e-08             234.826           3.162e+02     
  90.000          50.000            8.794e-01           8.794e-01              39.764           6.364e-12             290.551           3.162e+02     
  95.000          50.000            8.709e-01           8.709e-01              39.322           4.918e-08              54.830           3.162e+02     
 100.000          50.000            8.474e-01           8.474e-01              37.978           1.882e-07              53.523           3.162e+02     
 105.000          50.000            8.144e-01           8.144e-01              35.692           3.899e-07              51.011           3.162e+02     
 110.000          50.000            7.786e-01           7.786e-01              32.398           6.180e-07              47.487           3.162e+02     
 115.000          50.000            7.448e-01           7.448e-01              28.022           8.381e-07              43.146           3.162e+02     
 120.000          50.000            7.137e-01           7.137e-01              22.471           1.027e-06              38.952           3.162e+02     
 125.000          50.000            6.814e-01           6.814e-01              15.615           1.186e-06              34.864           3.162e+02     
 130.000          50.000            6.420e-01           6.420e-01               7.285           1.307e-06              30.890           3.162e+02     
 135.000          50.000            5.933e-01           5.933e-01             357.353           1.444e-06              28.324           3.162e+02     
 140.000          50.000            5.399e-01           5.399e-01             345.988           1.641e-06              26.379           3.162e+02     
 145.000          50.000            4.882e-01           4.882e-01             333.970           1.911e-06              23.059           3.162e+02     
 150.000          50.000            4.372e-01           4.372e-01             322.627           2.246e-06              16.448           3.162e+02     
 155.000          50.000            3.770e-01           3.770e-01             313.079           2.796e-06               6.728           3.162e+02     
 160.000          50.000            2.991e-01           2.991e-01             305.464           3.623e-06             354.549           3.162e+02     
 165.000          50.000            2.059e-01           2.059e-01             298.851           4.822e-06             341.544           3.048e+02     
 170.000          50.000            1.103e-01           1.103e-01             291.796           6.275e-06             328.895           2.198e+02     
 175.000          50.000            3.290e-02           3.289e-02             283.228           7.649e-06             316.552           1.194e+02     
 180.000          50.000            1.249e-05           3.943e-06             300.386           8.544e-06             303.173           4.423e+01     
   0.000          55.000            1.249e-05           2.971e-06             299.976           9.516e-06             123.017           4.425e+01     
   5.000          55.000            3.238e-02           3.237e-02             280.458           8.534e-06             133.830           1.120e+02     
  10.000          55.000            1.066e-01           1.066e-01             286.295           7.070e-06             143.536           2.029e+02     
  15.000          55.000            1.964e-01           1.964e-01             290.734           5.493e-06             153.228           2.799e+02     
  20.000          55.000            2.846e-01           2.846e-01             294.962           4.190e-06             163.127           3.162e+02     
  25.000          55.000            3.598e-01           3.598e-01             300.460           3.230e-06             172.018           3.162e+02     
  30.000          55.000            4.165e-01           4.165e-01             308.143           2.576e-06             179.256           3.162e+02     
  35.000          55.000            4.590e-01           4.590e-01             317.879           2.186e-06             184.040           3.162e+02     
  40.000          55.000            4.971e-01           4.971e-01             328.538           1.939e-06             186.864           3.162e+02     
  45.000          55.000            5.356e-01           5.356e-01             338.654           1.744e-06             189.184           3.162e+02     
  50.000          55.000            5.720e-01           5.720e-01             347.208           1.577e-06             192.100           3.162e+02     
  55.000          55.000            6.037e-01           6.037e-01             353.908           1.402e-06             196.086           3.162e+02     
  60.000          55.000            6.325e-01           6.325e-01             358.941           1.193e-06             200.767           3.162e+02     
  65.000          55.000            6.631e-01           6.631e-01               2.674           9.600e-07             206.380           3.162e+02     
  70.000          55.000            6.986e-01           6.986e-01               5.445           6.957e-07             210.896           3.162e+02     
  75.000          55.000            7.374e-01           7.374e-01               7.484           4.333e-07             214.615           3.162e+02     
  80.000          55.000            7.736e-01           7.736e-01               8.909           2.072e-07             217.286           3.162e+02     
  85.000          55.000            7.997e-01           7.997e-01               9.760           5.380e-08             218.725           3.162e+02     
  90.000          55.000            8.093e-01           8.093e-01              10.044           7.520e-12             259.771           3.162e+02     
  95.000          55.000            7.997e-01           7.997e-01               9.760           5.379e-08              38.727           3.162e+02     
 100.000          55.000            7.736e-01           7.736e-01               8.909           2.072e-07              37.287           3.162e+02     
 105.000          55.000            7.374e-01           7.374e-01               7.484           4.333e-07              34.615           3.162e+02     
 110.000          55.000            6.986e-01           6.986e-01               5.445           6.956e-07              30.896           3.162e+02     
 115.000          55.000            6.631e-01           6.631e-01               2.674           9.600e-07              26.379           3.162e+02     
 120.000          55.000            6.325e-01           6.325e-01             358.941           1.193e-06              20.765           3.162e+02     
 125.000          55.000            6.037e-01           6.037e-01             353.908           1.402e-06              16.084           3.162e+02     
 130.000          55.000            5.720e-01           5.720e-01             347.208           1.577e-06              12.097           3.162e+02     
 135.000          55.000            5.356e-01           5.356e-01             338.654           1.744e-06               9.181           3.162e+02     
 140.000          55.000            4.971e-01           4.971e-01             328.538           1.939e-06               6.861           3.162e+02     
 145.000          55.000            4.590e-01           4.590e-01             317.879           2.186e-06               4.037           3.162e+02     
 150.000          55.000            4.165e-01           4.165e-01             308.143           2.576e-06             359.254           3.162e+02     
 155.000          55.000            3.598e-01           3.598e-01             300.460           3.230e-06             352.016           3.162e+02     
 160.000          55.000            2.846e-01           2.846e-01             294.962           4.190e-06             343.125           3.162e+02     
 165.000          55.000            1.964e-01           1.964e-01             290.734           5.492e-06             333.227           2.799e+02     
 170.000          55.000            1.066e-01           1.066e-01             286.295           7.070e-06             323.535           2.029e+02     
 175.000          55.000            3.238e-02           3.237e-02             280.458           8.533e-06             313.829           1.120e+02     
 180.000          55.000            1.249e-05           2.971e-06             299.975           9.516e-06             303.017           4.423e+01     
   0.000          60.000            1.249e-05           2.099e-06             299.412           1.039e-05             122.875           4.425e+01     
   5.000          60.000            3.191e-02           3.190e-02             277.609           9.330e-06             131.021           1.062e+02     
  10.000          60.000            1.032e-01           1.032e-01             280.602           7.798e-06             138.016           1.894e+02     
  15.000          60.000            1.875e-01           1.875e-01             282.298           6.131e-06             144.740           2.591e+02     
  20.000          60.000            2.701e-01           2.701e-01             284.049           4.696e-06             151.355           3.162e+02     
  25.000          60.000            3.403e-01           3.403e-01             287.394           3.641e-06             157.239           3.162e+02     
  30.000          60.000            3.894e-01           3.894e-01             293.223           2.918e-06             161.954           3.162e+02     
  35.000          60.000            4.191e-01           4.191e-01             301.408           2.480e-06             165.045           3.162e+02     
  40.000          60.000            4.404e-01           4.404e-01             310.820           2.186e-06             166.894           3.162e+02     
  45.000          60.000            4.630e-01           4.630e-01             319.795           2.006e-06             169.408           3.162e+02     
  50.000          60.000            4.890e-01           4.890e-01             326.971           1.790e-06             171.964           3.162e+02     
  55.000          60.000            5.176e-01           5.176e-01             331.831           1.551e-06             175.705           3.162e+02     
  60.000          60.000            5.504e-01           5.504e-01             334.624           1.293e-06             180.690           3.162e+02     
  65.000          60.000            5.903e-01           5.903e-01             335.983           1.012e-06             185.900           3.162e+02     
  70.000          60.000            6.382e-01           6.382e-01             336.575           7.221e-07             190.723           3.162e+02     
  75.000          60.000            6.899e-01           6.899e-01             336.863           4.450e-07             194.693           3.162e+02     
  80.000          60.000            7.374e-01           7.374e-01             337.057           2.114e-07             197.551           3.162e+02     
  85.000          60.000            7.710e-01           7.710e-01             337.192           5.461e-08             199.129           3.162e+02     
  90.000          60.000            7.831e-01           7.831e-01             337.243           9.105e-12             229.528           3.162e+02     
  95.000          60.000            7.710e-01           7.710e-01             337.192           5.460e-08              19.127           3.162e+02     
 100.000          60.000            7.374e-01           7.374e-01             337.057           2.114e-07              17.550           3.162e+02     
 105.000          60.000            6.899e-01           6.899e-01             336.863           4.449e-07              14.692           3.162e+02     
 110.000          60.000            6.382e-01           6.382e-01             336.575           7.220e-07              10.721           3.162e+02     
 115.000          60.000            5.903e-01           5.903e-01             335.983           1.012e-06               5.898           3.162e+02     
 120.000          60.000            5.504e-01           5.504e-01             334.624           1.293e-06               0.688           3.162e+02     
 125.000          60.000            5.176e-01           5.176e-01             331.831           1.551e-06             355.702           3.162e+02     
 130.000          60.000            4.890e-01           4.890e-01             326.971           1.790e-06             351.961           3.162e+02     
 135.000          60.000            4.630e-01           4.630e-01             319.795           2.005e-06             349.404           3.162e+02     
 140.000          60.000            4.404e-01           4.404e-01             310.820           2.186e-06             346.891           3.162e+02     
 145.000          60.000            4.191e-01           4.191e-01             301.408           2.479e-06             345.042           3.162e+02     
 150.000          60.000            3.894e-01           3.894e-01             293.223           2.918e-06             341.951           3.162e+02     
 155.000          60.000            3.403e-01           3.403e-01             287.394           3.641e-06             337.237           3.162e+02     
 160.000          60.000            2.701e-01           2.701e-01             284.049           4.696e-06             331.353           3.162e+02     
 165.000          60.000            1.875e-01           1.875e-01             282.298           6.130e-06             324.739           2.591e+02     
 170.000          60.000            1.032e-01           1.032e-01             280.602           7.798e-06             318.015           1.894e+02     
 175.000          60.000            3.191e-02           3.190e-02             277.608           9.329e-06             311.020           1.062e+02     
 180.000          60.000            1.249e-05           2.099e-06             299.411           1.039e-05             302.875           4.423e+01     
   0.000          65.000            1.249e-05           1.353e-06             298.576           1.114e-05             122.744           4.425e+01     
   5.000          65.000            3.149e-02           3.148e-02             274.704           1.001e-05             128.141           1.018e+02     
  10.000          65.000            1.002e-01           1.002e-01             274.763           8.429e-06             132.366           1.787e+02     
  15.000          65.000            1.795e-01           1.795e-01             273.593           6.700e-06             136.133           2.421e+02     
  20.000          65.000            2.568e-01           2.568e-01             272.749           5.183e-06             139.563           3.053e+02     
  25.000          65.000            3.212e-01           3.212e-01             273.846           4.060e-06             142.855           3.162e+02     
  30.000          65.000            3.615e-01           3.615e-01             277.726           3.234e-06             144.867           3.162e+02     
  35.000          65.000            3.772e-01           3.772e-01             284.248           2.705e-06             145.909           3.162e+02     
  40.000          65.000            3.814e-01           3.814e-01             292.309           2.391e-06             147.096           3.162e+02     
  45.000          65.000            3.884e-01           3.884e-01             300.064           2.155e-06             148.419           3.162e+02     
  50.000          65.000            4.051e-01           4.051e-01             305.741           1.914e-06             150.371           3.162e+02     
  55.000          65.000            4.334e-01           4.334e-01             308.526           1.669e-06             154.470           3.162e+02     
  60.000          65.000            4.759e-01           4.759e-01             308.743           1.371e-06             158.622           3.162e+02     
  65.000          65.000            5.355e-01           5.355e-01             307.413           1.057e-06             163.223           3.162e+02     
  70.000          65.000            6.106e-01           6.106e-01             305.613           7.449e-07             167.638           3.162e+02     
  75.000          65.000            6.924e-01           6.924e-01             304.034           4.544e-07             171.345           3.162e+02     
  80.000          65.000            7.669e-01           7.669e-01             302.941           2.149e-07             174.152           3.162e+02     
  85.000          65.000            8.191e-01           8.191e-01             302.333           5.532e-08             175.735           3.162e+02     
  90.000          65.000            8.380e-01           8.380e-01             302.142           1.067e-11             199.367           3.162e+02     
  95.000          65.000            8.191e-01           8.191e-01             302.333           5.530e-08             355.728           3.162e+02     
 100.000          65.000            7.669e-01           7.669e-01             302.941           2.148e-07             354.149           3.162e+02     
 105.000          65.000            6.924e-01           6.924e-01             304.034           4.543e-07             351.342           3.162e+02     
 110.000          65.000            6.106e-01           6.106e-01             305.613           7.448e-07             347.635           3.162e+02     
 115.000          65.000            5.355e-01           5.355e-01             307.413           1.057e-06             343.220           3.162e+02     
 120.000          65.000            4.759e-01           4.759e-01             308.743           1.371e-06             338.619           3.162e+02     
 125.000          65.000            4.334e-01           4.334e-01             308.526           1.669e-06             334.467           3.162e+02     
 130.000          65.000            4.051e-01           4.051e-01             305.741           1.914e-06             330.367           3.162e+02     
 135.000          65.000            3.884e-01           3.884e-01             300.064           2.155e-06             328.415           3.162e+02     
 140.000          65.000            3.814e-01           3.814e-01             292.309           2.391e-06             327.092           3.162e+02     
 145.000          65.000            3.772e-01           3.772e-01             284.248           2.705e-06             325.906           3.162e+02     
 150.000          65.000            3.615e-01           3.615e-01             277.726           3.233e-06             324.865           3.162e+02     
 155.000          65.000            3.212e-01           3.212e-01             273.846           4.060e-06             322.853           3.162e+02     
 160.000          65.000            2.568e-01           2.568e-01             272.748           5.182e-06             319.561           3.053e+02     
 165.000          65.000            1.795e-01           1.795e-01             273.592           6.699e-06             316.132           2.421e+02     
 170.000          65.000            1.002e-01           1.002e-01             274.763           8.429e-06             312.365           1.787e+02     
 175.000          65.000            3.149e-02           3.148e-02             274.704           1.001e-05             308.140           1.018e+02     
 180.000          65.000            1.249e-05           1.352e-06             298.574           1.113e-05             302.744           4.423e+01     
   0.000          70.000            1.249e-05           7.547e-07             297.182           1.173e-05             122.621           4.425e+01     
   5.000          70.000            3.113e-02           3.112e-02             271.769           1.056e-05             125.206           9.854e+01     
  10.000          70.000            9.770e-02           9.769e-02             268.830           8.936e-06             126.611           1.707e+02     
  15.000          70.000            1.729e-01           1.729e-01             264.689           7.163e-06             127.428           2.289e+02     
  20.000          70.000            2.457e-01           2.457e-01             261.137           5.585e-06             127.770           2.885e+02     
  25.000          70.000            3.050e-01           3.050e-01             259.884           4.313e-06             127.753           3.162e+02     
  30.000          70.000            3.373e-01           3.373e-01             261.694           3.424e-06             127.562           3.162e+02     
  35.000          70.000            3.409e-01           3.409e-01             266.374           2.865e-06             127.396           3.162e+02     
  40.000          70.000            3.303e-01           3.303e-01             272.847           2.491e-06             127.313           3.162e+02     
  45.000          70.000            3.236e-01           3.236e-01             279.156           2.230e-06             127.839           3.162e+02     
  50.000          70.000            3.316e-01           3.316e-01             283.145           1.991e-06             129.234           3.162e+02     
  55.000          70.000            3.594e-01           3.594e-01             283.698           1.737e-06             131.864           3.162e+02     
  60.000          70.000            4.130e-01           4.130e-01             281.305           1.444e-06             135.170           3.162e+02     
  65.000          70.000            4.975e-01           4.975e-01             277.495           1.122e-06             138.788           3.162e+02     
  70.000          70.000            6.102e-01           6.102e-01             273.729           7.911e-07             142.274           3.162e+02     
  75.000          70.000            7.369e-01           7.369e-01             270.776           4.833e-07             145.359           3.162e+02     
  80.000          70.000            8.540e-01           8.540e-01             268.797           2.280e-07             147.639           3.162e+02     
  85.000          70.000            9.368e-01           9.368e-01             267.695           5.857e-08             148.938           3.162e+02     
  90.000          70.000            9.667e-01           9.667e-01             267.344           1.192e-11             168.216           3.162e+02     
  95.000          70.000            9.368e-01           9.368e-01             267.695           5.854e-08             328.928           3.162e+02     
 100.000          70.000            8.540e-01           8.540e-01             268.797           2.280e-07             327.633           3.162e+02     
 105.000          70.000            7.369e-01           7.369e-01             270.776           4.832e-07             325.355           3.162e+02     
 110.000          70.000            6.102e-01           6.102e-01             273.729           7.910e-07             322.270           3.162e+02     
 115.000          70.000            4.975e-01           4.975e-01             277.495           1.122e-06             318.784           3.162e+02     
 120.000          70.000            4.130e-01           4.130e-01             281.305           1.444e-06             315.166           3.162e+02     
 125.000          70.000            3.594e-01           3.594e-01             283.698           1.737e-06             311.860           3.162e+02     
 130.000          70.000            3.316e-01           3.316e-01             283.145           1.991e-06             309.230           3.162e+02     
 135.000          70.000            3.236e-01           3.236e-01             279.156           2.230e-06             307.835           3.162e+02     
 140.000          70.000            3.303e-01           3.303e-01             272.847           2.491e-06             307.308           3.162e+02     
 145.000          70.000            3.409e-01           3.409e-01             266.374           2.865e-06             307.392           3.162e+02     
 150.000          70.000            3.373e-01           3.373e-01             261.694           3.423e-06             307.559           3.162e+02     
 155.000          70.000            3.050e-01           3.050e-01             259.884           4.313e-06             307.751           3.162e+02     
 160.000          70.000            2.457e-01           2.457e-01             261.137           5.584e-06             307.768           2.886e+02     
 165.000          70.000            1.729e-01           1.729e-01             264.689           7.163e-06             307.426           2.290e+02     
 170.000          70.000            9.770e-02           9.769e-02             268.830           8.936e-06             306.610           1.707e+02     
 175.000          70.000            3.113e-02           3.112e-02             271.769           1.056e-05             305.205           9.855e+01     
 180.000          70.000            1.249e-05           7.546e-07             297.179           1.173e-05             302.621           4.423e+01     
   0.000          75.000            1.249e-05           3.237e-07             294.331           1.216e-05             122.503           4.425e+01     
   5.000          75.000            3.082e-02           3.081e-02             268.830           1.095e-05             122.233           9.637e+01     
  10.000          75.000            9.571e-02           9.570e-02             262.863           9.297e-06             120.771           1.651e+02     
  15.000          75.000            1.679e-01           1.679e-01             255.682           7.494e-06             118.625           2.197e+02     
  20.000          75.000            2.376e-01           2.376e-01             249.343           5.867e-06             115.920           2.771e+02     
  25.000          75.000            2.934e-01           2.934e-01             245.668           4.518e-06             112.968           3.162e+02     
  30.000          75.000            3.197e-01           3.197e-01             245.337           3.536e-06             110.211           3.162e+02     
  35.000          75.000            3.140e-01           3.140e-01             248.053           2.862e-06             107.956           3.162e+02     
  40.000          75.000            2.919e-01           2.919e-01             252.711           2.435e-06             106.824           3.162e+02     
  45.000          75.000            2.737e-01           2.737e-01             257.277           2.174e-06             107.251           3.162e+02     
  50.000          75.000            2.727e-01           2.727e-01             259.312           1.957e-06             108.069           3.162e+02     
  55.000          75.000            2.971e-01           2.971e-01             257.481           1.745e-06             109.860           3.162e+02     
  60.000          75.000            3.569e-01           3.569e-01             252.575           1.494e-06             112.083           3.162e+02     
  65.000          75.000            4.611e-01           4.611e-01             246.709           1.191e-06             114.345           3.162e+02     
  70.000          75.000            6.082e-01           6.082e-01             241.597           8.594e-07             116.655           3.162e+02     
  75.000          75.000            7.790e-01           7.790e-01             237.855           5.311e-07             118.547           3.162e+02     
  80.000          75.000            9.405e-01           9.405e-01             235.428           2.519e-07             119.921           3.162e+02     
  85.000          75.000            1.056e+00           1.056e+00             234.091           6.482e-08             120.682           3.162e+02     
  90.000          75.000            1.098e+00           1.098e+00             233.665           1.296e-11             135.820           3.162e+02     
  95.000          75.000            1.056e+00           1.056e+00             234.091           6.480e-08             300.670           3.162e+02     
 100.000          75.000            9.405e-01           9.405e-01             235.428           2.519e-07             299.914           3.162e+02     
 105.000          75.000            7.790e-01           7.790e-01             237.855           5.310e-07             298.542           3.162e+02     
 110.000          75.000            6.082e-01           6.082e-01             241.597           8.594e-07             296.651           3.162e+02     
 115.000          75.000            4.611e-01           4.611e-01             246.709           1.191e-06             294.341           3.162e+02     
 120.000          75.000            3.569e-01           3.569e-01             252.575           1.493e-06             292.079           3.162e+02     
 125.000          75.000            2.971e-01           2.971e-01             257.481           1.745e-06             289.855           3.162e+02     
 130.000          75.000            2.727e-01           2.727e-01             259.312           1.956e-06             288.064           3.162e+02     
 135.000          75.000            2.737e-01           2.737e-01             257.277           2.174e-06             287.246           3.162e+02     
 140.000          75.000            2.919e-01           2.919e-01             252.711           2.434e-06             286.820           3.162e+02     
 145.000          75.000            3.140e-01           3.140e-01             248.053           2.862e-06             287.952           3.162e+02     
 150.000          75.000            3.197e-01           3.197e-01             245.337           3.536e-06             290.208           3.162e+02     
 155.000          75.000            2.934e-01           2.934e-01             245.668           4.517e-06             292.965           3.162e+02     
 160.000          75.000            2.376e-01           2.376e-01             249.343           5.867e-06             295.918           2.771e+02     
 165.000          75.000            1.679e-01           1.679e-01             255.682           7.493e-06             298.624           2.197e+02     
 170.000          75.000            9.571e-02           9.570e-02             262.863           9.296e-06             300.770           1.652e+02     
 175.000          75.000            3.082e-02           3.081e-02             268.830           1.095e-05             302.232           9.638e+01     
 180.000          75.000            1.249e-05           3.236e-07             294.327           1.216e-05             302.503           4.423e+01     
   0.000          80.000            1.249e-05           7.257e-08             285.102           1.242e-05             122.389           4.425e+01     
   5.000          80.000            3.059e-02           3.058e-02             265.912           1.118e-05             119.239           9.522e+01     
  10.000          80.000            9.430e-02           9.429e-02             256.928           9.497e-06             114.867           1.621e+02     
  15.000          80.000            1.647e-01           1.647e-01             246.689           7.676e-06             109.721           2.147e+02     
  20.000          80.000            2.331e-01           2.331e-01             237.535           6.015e-06             103.944           2.718e+02     
  25.000          80.000            2.871e-01           2.871e-01             231.424           4.608e-06              98.013           3.162e+02     
  30.000          80.000            3.094e-01           3.094e-01             228.953           3.545e-06              92.564           3.162e+02     
  35.000          80.000            2.965e-01           2.965e-01             229.694           2.782e-06              88.280           3.162e+02     
  40.000          80.000            2.651e-01           2.651e-01             232.438           2.283e-06              85.837           3.162e+02     
  45.000          80.000            2.372e-01           2.372e-01             235.018           1.974e-06              84.984           3.162e+02     
  50.000          80.000            2.272e-01           2.271e-01             234.734           1.781e-06              85.898           3.162e+02     
  55.000          80.000            2.452e-01           2.452e-01             230.131           1.627e-06              87.339           3.162e+02     
  60.000          80.000            3.049e-01           3.049e-01             222.522           1.448e-06              88.793           3.162e+02     
  65.000          80.000            4.193e-01           4.193e-01             214.747           1.204e-06              89.970           3.162e+02     
  70.000          80.000            5.886e-01           5.886e-01             208.615           8.976e-07              90.919           3.162e+02     
  75.000          80.000            7.907e-01           7.907e-01             204.401           5.680e-07              91.507           3.162e+02     
  80.000          80.000            9.850e-01           9.850e-01             201.762           2.735e-07              91.826           3.162e+02     
  85.000          80.000            1.126e+00           1.126e+00             200.328           7.096e-08              91.956           3.162e+02     
  90.000          80.000            1.177e+00           1.177e+00             199.875           1.386e-11             103.075           3.162e+02     
  95.000          80.000            1.126e+00           1.126e+00             200.328           7.094e-08             271.944           3.162e+02     
 100.000          80.000            9.850e-01           9.850e-01             201.762           2.735e-07             271.820           3.162e+02     
 105.000          80.000            7.907e-01           7.907e-01             204.401           5.680e-07             271.502           3.162e+02     
 110.000          80.000            5.886e-01           5.886e-01             208.615           8.975e-07             270.914           3.162e+02     
 115.000          80.000            4.193e-01           4.193e-01             214.747           1.204e-06             269.966           3.162e+02     
 120.000          80.000            3.049e-01           3.049e-01             222.522           1.448e-06             268.788           3.162e+02     
 125.000          80.000            2.452e-01           2.452e-01             230.131           1.627e-06             267.334           3.162e+02     
 130.000          80.000            2.272e-01           2.271e-01             234.734           1.781e-06             265.893           3.162e+02     
 135.000          80.000            2.372e-01           2.372e-01             235.018           1.974e-06             264.978           3.162e+02     
 140.000          80.000            2.651e-01           2.651e-01             232.438           2.283e-06             265.832           3.162e+02     
 145.000          80.000            2.965e-01           2.965e-01             229.694           2.782e-06             268.275           3.162e+02     
 150.000          80.000            3.094e-01           3.094e-01             228.953           3.544e-06             272.561           3.162e+02     
 155.000          80.000            2.871e-01           2.871e-01             231.424           4.608e-06             278.010           3.162e+02     
 160.000          80.000            2.331e-01           2.331e-01             237.535           6.014e-06             283.942           2.718e+02     
 165.000          80.000            1.647e-01           1.647e-01             246.689           7.675e-06             289.719           2.147e+02     
 170.000          80.000            9.430e-02           9.429e-02             256.928           9.496e-06             294.866           1.621e+02     
 175.000          80.000            3.059e-02           3.058e-02             265.912           1.118e-05             299.238           9.523e+01     
 180.000          80.000            1.249e-05           7.254e-08             285.091           1.241e-05             302.388           4.423e+01     
   0.000          85.000            1.249e-05           8.945e-09             179.866           1.248e-05             122.275           4.425e+01     
   5.000          85.000            3.042e-02           3.041e-02             263.044           1.123e-05             116.242           9.507e+01     
  10.000          85.000            9.350e-02           9.349e-02             251.095           9.531e-06             108.922           1.615e+02     
  15.000          85.000            1.634e-01           1.634e-01             237.841           7.708e-06             100.717           2.140e+02     
  20.000          85.000            2.321e-01           2.321e-01             225.903           6.037e-06              91.801           2.731e+02     
  25.000          85.000            2.862e-01           2.862e-01             217.378           4.606e-06              82.798           3.162e+02     
  30.000          85.000            3.054e-01           3.053e-01             212.796           3.484e-06              74.479           3.162e+02     
  35.000          85.000            2.858e-01           2.858e-01             211.607           2.642e-06              67.825           3.162e+02     
  40.000          85.000            2.459e-01           2.459e-01             212.473           2.062e-06              63.663           3.162e+02     
  45.000          85.000            2.093e-01           2.093e-01             212.990           1.703e-06              62.042           3.162e+02     
  50.000          85.000            1.910e-01           1.910e-01             210.063           1.501e-06              62.691           3.162e+02     
  55.000          85.000            2.028e-01           2.028e-01             202.118           1.388e-06              63.980           3.162e+02     
  60.000          85.000            2.613e-01           2.613e-01             191.346           1.282e-06              64.932           3.162e+02     
  65.000          85.000            3.830e-01           3.830e-01             181.593           1.119e-06              65.235           3.162e+02     
  70.000          85.000            5.690e-01           5.690e-01             174.568           8.723e-07              65.028           3.162e+02     
  75.000          85.000            7.947e-01           7.947e-01             170.012           5.727e-07              64.471           3.162e+02     
  80.000          85.000            1.014e+00           1.014e+00             167.243           2.832e-07              63.847           3.162e+02     
  85.000          85.000            1.173e+00           1.173e+00             165.759           7.463e-08              63.351           3.162e+02     
  90.000          85.000            1.231e+00           1.231e+00             165.291           1.411e-11              70.643           3.162e+02     
  95.000          85.000            1.173e+00           1.173e+00             165.759           7.462e-08             243.340           3.162e+02     
 100.000          85.000            1.014e+00           1.014e+00             167.243           2.832e-07             243.842           3.162e+02     
 105.000          85.000            7.947e-01           7.947e-01             170.012           5.727e-07             244.466           3.162e+02     
 110.000          85.000            5.690e-01           5.690e-01             174.568           8.723e-07             245.023           3.162e+02     
 115.000          85.000            3.830e-01           3.830e-01             181.593           1.119e-06             245.230           3.162e+02     
 120.000          85.000            2.613e-01           2.613e-01             191.346           1.282e-06             244.927           3.162e+02     
 125.000          85.000            2.028e-01           2.028e-01             202.118           1.388e-06             243.975           3.162e+02     
 130.000          85.000            1.910e-01           1.910e-01             210.063           1.500e-06             242.685           3.162e+02     
 135.000          85.000            2.093e-01           2.093e-01             212.990           1.703e-06             242.036           3.162e+02     
 140.000          85.000            2.459e-01           2.459e-01             212.473           2.062e-06             243.657           3.162e+02     
 145.000          85.000            2.858e-01           2.858e-01             211.607           2.642e-06             247.820           3.162e+02     
 150.000          85.000            3.054e-01           3.053e-01             212.796           3.483e-06             254.476           3.162e+02     
 155.000          85.000            2.862e-01           2.862e-01             217.378           4.605e-06             262.795           3.162e+02     
 160.000          85.000            2.321e-01           2.321e-01             225.903           6.036e-06             271.799           2.731e+02     
 165.000          85.000            1.634e-01           1.634e-01             237.840           7.707e-06             280.716           2.140e+02     
 170.000          85.000            9.350e-02           9.349e-02             251.095           9.531e-06             288.921           1.615e+02     
 175.000          85.000            3.042e-02           3.041e-02             263.044           1.123e-05             296.241           9.507e+01     
 180.000          85.000            1.249e-05           8.955e-09             179.849           1.248e-05             302.275           4.423e+01     
   0.000          90.000            1.249e-05           1.348e-07             134.790           1.235e-05             122.162           4.425e+01     
   5.000          90.000            3.033e-02           3.032e-02             260.254           1.107e-05             112.842           9.721e+01     
  10.000          90.000            9.333e-02           9.332e-02             245.439           9.359e-06             102.522           1.656e+02     
  15.000          90.000            1.639e-01           1.639e-01             229.274           7.567e-06              91.159           2.204e+02     
  20.000          90.000            2.347e-01           2.347e-01             214.636           5.933e-06              78.986           2.845e+02     
  25.000          90.000            2.900e-01           2.900e-01             203.721           4.532e-06              66.810           3.162e+02     
  30.000          90.000            3.064e-01           3.064e-01             197.000           3.394e-06              55.473           3.162e+02     
  35.000          90.000            2.794e-01           2.794e-01             193.851           2.494e-06              46.106           3.162e+02     
  40.000          90.000            2.301e-01           2.301e-01             192.866           1.836e-06              39.614           3.162e+02     
  45.000          90.000            1.848e-01           1.848e-01             191.408           1.411e-06              36.524           3.162e+02     
  50.000          90.000            1.596e-01           1.596e-01             185.819           1.173e-06              36.585           3.162e+02     
  55.000          90.000            1.671e-01           1.671e-01             174.280           1.068e-06              37.919           3.162e+02     
  60.000          90.000            2.266e-01           2.266e-01             160.258           1.012e-06              38.864           3.162e+02     
  65.000          90.000            3.577e-01           3.577e-01             148.775           9.265e-07              38.842           3.162e+02     
  70.000          90.000            5.624e-01           5.624e-01             141.102           7.591e-07              38.057           3.162e+02     
  75.000          90.000            8.129e-01           8.129e-01             136.310           5.206e-07              36.883           3.162e+02     
  80.000          90.000            1.057e+00           1.057e+00             133.431           2.661e-07              35.749           3.162e+02     
  85.000          90.000            1.234e+00           1.234e+00             131.887           7.157e-08              34.945           3.162e+02     
  90.000          90.000            1.298e+00           1.298e+00             131.400           1.327e-11              37.613           3.162e+02     
  95.000          90.000            1.234e+00           1.234e+00             131.887           7.157e-08             214.936           3.162e+02     
 100.000          90.000            1.057e+00           1.057e+00             133.431           2.661e-07             215.744           3.162e+02     
 105.000          90.000            8.129e-01           8.129e-01             136.310           5.206e-07             216.879           3.162e+02     
 110.000          90.000            5.624e-01           5.624e-01             141.102           7.590e-07             218.053           3.162e+02     
 115.000          90.000            3.577e-01           3.577e-01             148.775           9.265e-07             218.838           3.162e+02     
 120.000          90.000            2.266e-01           2.266e-01             160.258           1.012e-06             218.859           3.162e+02     
 125.000          90.000            1.671e-01           1.671e-01             174.280           1.068e-06             217.913           3.162e+02     
 130.000          90.000            1.596e-01           1.596e-01             185.819           1.173e-06             216.579           3.162e+02     
 135.000          90.000            1.848e-01           1.848e-01             191.408           1.411e-06             216.518           3.162e+02     
 140.000          90.000            2.301e-01           2.301e-01             192.866           1.836e-06             219.608           3.162e+02     
 145.000          90.000            2.794e-01           2.794e-01             193.851           2.494e-06             226.101           3.162e+02     
 150.000          90.000            3.064e-01           3.064e-01             197.000           3.394e-06             235.469           3.162e+02     
 155.000          90.000            2.900e-01           2.900e-01             203.721           4.532e-06             246.807           3.162e+02     
 160.000          90.000            2.347e-01           2.347e-01             214.636           5.932e-06             258.984           2.846e+02     
 165.000          90.000            1.639e-01           1.639e-01             229.274           7.566e-06             271.157           2.204e+02     
 170.000          90.000            9.333e-02           9.332e-02             245.439           9.358e-06             282.521           1.656e+02     
 175.000          90.000            3.033e-02           3.032e-02             260.254           1.107e-05             292.842           9.721e+01     
 180.000          90.000            1.249e-05           1.348e-07             134.792           1.235e-05             302.161           4.423e+01     
   0.000          95.000            1.249e-05           4.462e-07             129.036           1.204e-05             122.046           4.425e+01     
   5.000          95.000            3.031e-02           3.030e-02             257.564           1.078e-05             109.732           9.959e+01     
  10.000          95.000            9.379e-02           9.378e-02             240.024           9.107e-06              96.237           1.718e+02     
  15.000          95.000            1.662e-01           1.662e-01             221.117           7.392e-06              81.524           2.313e+02     
  20.000          95.000            2.405e-01           2.405e-01             203.896           5.853e-06              65.969           3.025e+02     
  25.000          95.000            2.983e-01           2.983e-01             190.592           4.529e-06              50.624           3.162e+02     
  30.000          95.000            3.122e-01           3.122e-01             181.599           3.395e-06              36.302           3.162e+02     
  35.000          95.000            2.767e-01           2.767e-01             176.267           2.437e-06              24.014           3.162e+02     
  40.000          95.000            2.164e-01           2.164e-01             173.244           1.696e-06              14.447           3.162e+02     
  45.000          95.000            1.616e-01           1.616e-01             169.846           1.199e-06               8.595           3.162e+02     
  50.000          95.000            1.298e-01           1.298e-01             161.890           9.085e-07               6.780           3.162e+02     
  55.000          95.000            1.331e-01           1.331e-01             147.131           7.815e-07               7.715           3.162e+02     
  60.000          95.000            1.911e-01           1.911e-01             130.458           7.391e-07               9.066           3.162e+02     
  65.000          95.000            3.248e-01           3.248e-01             117.906           7.031e-07               9.490           3.162e+02     
  70.000          95.000            5.378e-01           5.378e-01             109.971           6.031e-07               8.929           3.162e+02     
  75.000          95.000            8.013e-01           8.013e-01             105.101           4.316e-07               7.838           3.162e+02     
  80.000          95.000            1.060e+00           1.060e+00             102.163           2.277e-07               6.729           3.162e+02     
  85.000          95.000            1.248e+00           1.248e+00             100.571           6.242e-08               5.960           3.162e+02     
  90.000          95.000            1.317e+00           1.317e+00             100.065           1.198e-11               2.343           3.162e+02     
  95.000          95.000            1.248e+00           1.248e+00             100.571           6.243e-08             185.953           3.162e+02     
 100.000          95.000            1.060e+00           1.060e+00             102.163           2.277e-07             186.725           3.162e+02     
 105.000          95.000            8.013e-01           8.013e-01             105.101           4.316e-07             187.834           3.162e+02     
 110.000          95.000            5.378e-01           5.378e-01             109.971           6.031e-07             188.925           3.162e+02     
 115.000          95.000            3.248e-01           3.248e-01             117.906           7.031e-07             189.486           3.162e+02     
 120.000          95.000            1.911e-01           1.911e-01             130.458           7.391e-07             189.061           3.162e+02     
 125.000          95.000            1.331e-01           1.331e-01             147.131           7.815e-07             187.709           3.162e+02     
 130.000          95.000            1.298e-01           1.298e-01             161.890           9.085e-07             186.775           3.162e+02     
 135.000          95.000            1.616e-01           1.616e-01             169.846           1.199e-06             188.590           3.162e+02     
 140.000          95.000            2.164e-01           2.164e-01             173.244           1.696e-06             194.442           3.162e+02     
 145.000          95.000            2.767e-01           2.767e-01             176.267           2.437e-06             204.010           3.162e+02     
 150.000          95.000            3.122e-01           3.122e-01             181.599           3.395e-06             216.299           3.162e+02     
 155.000          95.000            2.983e-01           2.983e-01             190.592           4.529e-06             230.621           3.162e+02     
 160.000          95.000            2.405e-01           2.405e-01             203.896           5.852e-06             245.967           3.026e+02     
 165.000          95.000            1.662e-01           1.662e-01             221.117           7.391e-06             261.522           2.313e+02     
 170.000          95.000            9.379e-02           9.378e-02             240.024           9.106e-06             276.235           1.718e+02     
 175.000          95.000            3.031e-02           3.030e-02             257.564           1.078e-05             289.732           9.960e+01     
 180.000          95.000            1.249e-05           4.462e-07             129.038           1.204e-05             302.046           4.423e+01     
   0.000         100.000            1.249e-05           9.338e-07             126.853           1.155e-05             121.927           4.425e+01     
   5.000         100.000            3.037e-02           3.036e-02             255.000           1.034e-05             106.658           1.032e+02     
  10.000         100.000            9.485e-02           9.484e-02             234.921           8.737e-06              89.946           1.816e+02     
  15.000         100.000            1.702e-01           1.702e-01             213.488           7.161e-06              71.808           2.486e+02     
  20.000         100.000            2.492e-01           2.492e-01             193.828           5.790e-06              52.877           3.162e+02     
  25.000         100.000            3.109e-01           3.109e-01             178.111           4.595e-06              34.507           3.162e+02     
  30.000         100.000            3.236e-01           3.236e-01             166.627           3.486e-06              17.342           3.162e+02     
  35.000         100.000            2.801e-01           2.801e-01             158.697           2.474e-06               1.994           3.162e+02     
  40.000         100.000            2.078e-01           2.078e-01             153.082           1.657e-06             348.614           3.162e+02     
  45.000         100.000            1.422e-01           1.422e-01             147.324           1.101e-06             338.505           3.162e+02     
  50.000         100.000            1.032e-01           1.032e-01             137.092           7.629e-07             332.676           3.162e+02     
  55.000         100.000            1.003e-01           1.003e-01             119.695           5.989e-07             331.766           3.162e+02     
  60.000         100.000            1.484e-01           1.484e-01             101.195           5.378e-07             333.632           3.162e+02     
  65.000         100.000            2.661e-01           2.661e-01              88.271           5.132e-07             335.622           3.162e+02     
  70.000         100.000            4.579e-01           4.579e-01              80.480           4.510e-07             336.439           3.162e+02     
  75.000         100.000            6.991e-01           6.991e-01              75.759           3.324e-07             336.354           3.162e+02     
  80.000         100.000            9.382e-01           9.382e-01              72.893           1.795e-07             335.894           3.162e+02     
  85.000         100.000            1.114e+00           1.114e+00              71.325           4.947e-08             335.667           3.162e+02     
  90.000         100.000            1.179e+00           1.179e+00              70.823           1.156e-11             325.527           3.162e+02     
  95.000         100.000            1.114e+00           1.114e+00              71.325           4.949e-08             155.664           3.162e+02     
 100.000         100.000            9.382e-01           9.382e-01              72.893           1.795e-07             155.892           3.162e+02     
 105.000         100.000            6.991e-01           6.991e-01              75.759           3.324e-07             156.352           3.162e+02     
 110.000         100.000            4.579e-01           4.579e-01              80.480           4.510e-07             156.437           3.162e+02     
 115.000         100.000            2.661e-01           2.661e-01              88.271           5.133e-07             155.620           3.162e+02     
 120.000         100.000            1.484e-01           1.484e-01             101.195           5.378e-07             153.629           3.162e+02     
 125.000         100.000            1.003e-01           1.003e-01             119.695           5.990e-07             151.762           3.162e+02     
 130.000         100.000            1.032e-01           1.032e-01             137.092           7.629e-07             152.672           3.162e+02     
 135.000         100.000            1.422e-01           1.422e-01             147.324           1.101e-06             158.500           3.162e+02     
 140.000         100.000            2.078e-01           2.078e-01             153.082           1.657e-06             168.610           3.162e+02     
 145.000         100.000            2.801e-01           2.801e-01             158.697           2.474e-06             181.990           3.162e+02     
 150.000         100.000            3.236e-01           3.236e-01             166.627           3.486e-06             197.338           3.162e+02     
 155.000         100.000            3.109e-01           3.109e-01             178.111           4.595e-06             214.504           3.162e+02     
 160.000         100.000            2.492e-01           2.492e-01             193.828           5.790e-06             232.875           3.162e+02     
 165.000         100.000            1.702e-01           1.702e-01             213.488           7.160e-06             251.806           2.486e+02     
 170.000         100.000            9.485e-02           9.484e-02             234.921           8.736e-06             269.945           1.816e+02     
 175.000         100.000            3.037e-02           3.036e-02             255.000           1.034e-05             286.657           1.033e+02     
 180.000         100.000            1.249e-05           9.338e-07             126.854           1.155e-05             301.926           4.423e+01     
   0.000         105.000            1.249e-05           1.583e-06             125.695           1.090e-05             121.802           4.425e+01     
   5.000         105.000            3.050e-02           3.049e-02             252.586           9.765e-06             103.635           1.084e+02     
  10.000         105.000            9.650e-02           9.650e-02             230.187           8.270e-06              83.682           1.957e+02     
  15.000         105.000            1.756e-01           1.756e-01             206.483           6.905e-06              62.096           2.739e+02     
  20.000         105.000            2.604e-01           2.604e-01             184.548           5.781e-06              39.943           3.162e+02     
  25.000         105.000            3.277e-01           3.277e-01             166.403           4.761e-06              18.879           3.162e+02     
  30.000         105.000            3.423e-01           3.423e-01             152.216           3.688e-06             359.183           3.162e+02     
  35.000         105.000            2.942e-01           2.942e-01             141.243           2.620e-06             340.850           3.162e+02     
  40.000         105.000            2.116e-01           2.116e-01             132.284           1.741e-06             323.351           3.162e+02     
  45.000         105.000            1.347e-01           1.347e-01             123.155           1.144e-06             307.544           3.162e+02     
  50.000         105.000            8.728e-02           8.728e-02             109.874           7.777e-07             296.736           3.162e+02     
  55.000         105.000            7.691e-02           7.691e-02              89.867           5.671e-07             292.079           3.162e+02     
  60.000         105.000            1.105e-01           1.105e-01              70.066           4.561e-07             293.368           3.162e+02     
  65.000         105.000            1.990e-01           1.990e-01              57.259           4.023e-07             297.572           3.162e+02     
  70.000         105.000            3.453e-01           3.453e-01              49.975           3.408e-07             300.913           3.162e+02     
  75.000         105.000            5.314e-01           5.314e-01              45.678           2.499e-07             302.931           3.162e+02     
  80.000         105.000            7.177e-01           7.177e-01              43.080           1.357e-07             303.872           3.162e+02     
  85.000         105.000            8.558e-01           8.558e-01              41.653           3.783e-08             304.297           3.162e+02     
  90.000         105.000            9.067e-01           9.067e-01              41.194           1.224e-11             291.074           3.162e+02     
  95.000         105.000            8.558e-01           8.558e-01              41.653           3.785e-08             124.304           3.162e+02     
 100.000         105.000            7.177e-01           7.177e-01              43.080           1.357e-07             123.876           3.162e+02     
 105.000         105.000            5.314e-01           5.314e-01              45.678           2.499e-07             122.933           3.162e+02     
 110.000         105.000            3.453e-01           3.453e-01              49.975           3.408e-07             120.914           3.162e+02     
 115.000         105.000            1.990e-01           1.990e-01              57.259           4.024e-07             117.573           3.162e+02     
 120.000         105.000            1.105e-01           1.105e-01              70.066           4.561e-07             113.368           3.162e+02     
 125.000         105.000            7.691e-02           7.691e-02              89.867           5.671e-07             112.079           3.162e+02     
 130.000         105.000            8.728e-02           8.728e-02             109.874           7.778e-07             116.735           3.162e+02     
 135.000         105.000            1.347e-01           1.347e-01             123.155           1.144e-06             127.542           3.162e+02     
 140.000         105.000            2.116e-01           2.116e-01             132.284           1.741e-06             143.348           3.162e+02     
 145.000         105.000            2.942e-01           2.942e-01             141.243           2.620e-06             160.847           3.162e+02     
 150.000         105.000            3.423e-01           3.423e-01             152.216           3.688e-06             179.180           3.162e+02     
 155.000         105.000            3.277e-01           3.277e-01             166.403           4.760e-06             198.876           3.162e+02     
 160.000         105.000            2.604e-01           2.604e-01             184.548           5.781e-06             219.941           3.162e+02     
 165.000         105.000            1.756e-01           1.756e-01             206.483           6.905e-06             242.094           2.739e+02     
 170.000         105.000            9.650e-02           9.650e-02             230.187           8.269e-06             263.681           1.958e+02     
 175.000         105.000            3.050e-02           3.049e-02             252.586           9.764e-06             283.634           1.084e+02     
 180.000         105.000            1.249e-05           1.583e-06             125.695           1.090e-05             301.801           4.423e+01     
   0.000         110.000            1.249e-05           2.373e-06             124.968           1.011e-05             121.667           4.425e+01     
   5.000         110.000            3.070e-02           3.070e-02             250.342           9.063e-06             100.680           1.152e+02     
  10.000         110.000            9.871e-02           9.870e-02             225.871           7.728e-06              77.490           2.156e+02     
  15.000         110.000            1.824e-01           1.824e-01             200.182           6.644e-06              52.524           3.097e+02     
  20.000         110.000            2.736e-01           2.736e-01             176.159           5.838e-06              27.482           3.162e+02     
  25.000         110.000            3.485e-01           3.485e-01             155.611           5.022e-06               4.202           3.162e+02     
  30.000         110.000            3.703e-01           3.703e-01             138.626           3.986e-06             342.357           3.162e+02     
  35.000         110.000            3.248e-01           3.248e-01             124.420           2.902e-06             321.084           3.162e+02     
  40.000         110.000            2.371e-01           2.371e-01             111.770           1.982e-06             299.692           3.162e+02     
  45.000         110.000            1.499e-01           1.499e-01              98.647           1.365e-06             279.585           3.162e+02     
  50.000         110.000            9.243e-02           9.243e-02              81.655           9.696e-07             264.227           3.162e+02     
  55.000         110.000            7.402e-02           7.402e-02              58.966           6.976e-07             255.278           3.162e+02     
  60.000         110.000            9.551e-02           9.551e-02              37.669           5.002e-07             253.725           3.162e+02     
  65.000         110.000            1.585e-01           1.585e-01              24.394           3.660e-07             257.540           3.162e+02     
  70.000         110.000            2.613e-01           2.613e-01              17.230           2.737e-07             263.698           3.162e+02     
  75.000         110.000            3.908e-01           3.908e-01              13.232           1.851e-07             268.400           3.162e+02     
  80.000         110.000            5.199e-01           5.199e-01              10.902           9.697e-08             271.482           3.162e+02     
  85.000         110.000            6.155e-01           6.155e-01               9.642           2.660e-08             273.184           3.162e+02     
  90.000         110.000            6.508e-01           6.508e-01               9.240           1.281e-11             261.091           3.162e+02     
  95.000         110.000            6.155e-01           6.155e-01               9.642           2.661e-08              93.208           3.162e+02     
 100.000         110.000            5.199e-01           5.199e-01              10.902           9.698e-08              91.495           3.162e+02     
 105.000         110.000            3.908e-01           3.908e-01              13.232           1.852e-07              88.409           3.162e+02     
 110.000         110.000            2.613e-01           2.613e-01              17.230           2.737e-07              83.704           3.162e+02     
 115.000         110.000            1.585e-01           1.585e-01              24.394           3.660e-07              77.545           3.162e+02     
 120.000         110.000            9.551e-02           9.551e-02              37.669           5.003e-07              73.727           3.162e+02     
 125.000         110.000            7.402e-02           7.402e-02              58.966           6.976e-07              75.279           3.162e+02     
 130.000         110.000            9.243e-02           9.243e-02              81.655           9.696e-07              84.227           3.162e+02     
 135.000         110.000            1.499e-01           1.499e-01              98.647           1.365e-06              99.584           3.162e+02     
 140.000         110.000            2.371e-01           2.371e-01             111.770           1.982e-06             119.690           3.162e+02     
 145.000         110.000            3.248e-01           3.248e-01             124.420           2.902e-06             141.081           3.162e+02     
 150.000         110.000            3.703e-01           3.703e-01             138.626           3.986e-06             162.354           3.162e+02     
 155.000         110.000            3.485e-01           3.485e-01             155.611           5.022e-06             184.200           3.162e+02     
 160.000         110.000            2.736e-01           2.736e-01             176.159           5.837e-06             207.480           3.162e+02     
 165.000         110.000            1.824e-01           1.824e-01             200.182           6.644e-06             232.522           3.097e+02     
 170.000         110.000            9.871e-02           9.870e-02             225.871           7.727e-06             257.488           2.156e+02     
 175.000         110.000            3.070e-02           3.070e-02             250.342           9.062e-06             280.679           1.153e+02     
 180.000         110.000            1.249e-05           2.373e-06             124.968           1.011e-05             301.667           4.423e+01     
   0.000         115.000            1.249e-05           3.281e-06             124.463           9.206e-06             121.522           4.425e+01     
   5.000         115.000            3.098e-02           3.097e-02             248.287           8.260e-06              97.808           1.243e+02     
  10.000         115.000            1.014e-01           1.014e-01             222.012           7.126e-06              71.421           2.430e+02     
  15.000         115.000            1.903e-01           1.902e-01             194.641           6.380e-06              43.257           3.162e+02     
  20.000         115.000            2.884e-01           2.884e-01             168.746           5.939e-06              15.807           3.162e+02     
  25.000         115.000            3.730e-01           3.730e-01             145.892           5.394e-06             350.635           3.162e+02     
  30.000         115.000            4.083e-01           4.083e-01             126.190           4.444e-06             327.023           3.162e+02     
  35.000         115.000            3.757e-01           3.757e-01             108.971           3.281e-06             303.642           3.162e+02     
  40.000         115.000            2.922e-01           2.922e-01              93.144           2.346e-06             279.016           3.162e+02     
  45.000         115.000            1.977e-01           1.977e-01              76.979           1.738e-06             255.650           3.162e+02     
  50.000         115.000            1.272e-01           1.272e-01              57.856           1.312e-06             237.392           3.162e+02     
  55.000         115.000            9.636e-02           9.636e-02              34.311           9.581e-07             224.584           3.162e+02     
  60.000         115.000            1.060e-01           1.060e-01              11.399           6.406e-07             218.901           3.162e+02     
  65.000         115.000            1.512e-01           1.512e-01             355.673           3.926e-07             219.217           3.162e+02     
  70.000         115.000            2.251e-01           2.251e-01             346.730           2.285e-07             223.984           3.162e+02     
  75.000         115.000            3.153e-01           3.153e-01             341.785           1.274e-07             231.320           3.162e+02     
  80.000         115.000            4.032e-01           4.032e-01             339.025           5.853e-08             236.960           3.162e+02     
  85.000         115.000            4.675e-01           4.675e-01             337.594           1.500e-08             240.621           3.162e+02     
  90.000         115.000            4.911e-01           4.911e-01             337.147           1.232e-11             234.416           3.162e+02     
  95.000         115.000            4.675e-01           4.675e-01             337.594           1.500e-08              60.666           3.162e+02     
 100.000         115.000            4.032e-01           4.032e-01             339.025           5.853e-08              56.982           3.162e+02     
 105.000         115.000            3.153e-01           3.153e-01             341.785           1.273e-07              51.333           3.162e+02     
 110.000         115.000            2.251e-01           2.251e-01             346.730           2.284e-07              43.993           3.162e+02     
 115.000         115.000            1.512e-01           1.512e-01             355.673           3.926e-07              39.222           3.162e+02     
 120.000         115.000            1.060e-01           1.060e-01              11.399           6.405e-07              38.904           3.162e+02     
 125.000         115.000            9.636e-02           9.636e-02              34.311           9.580e-07              44.585           3.162e+02     
 130.000         115.000            1.272e-01           1.272e-01              57.856           1.312e-06              57.392           3.162e+02     
 135.000         115.000            1.977e-01           1.977e-01              76.979           1.738e-06              75.650           3.162e+02     
 140.000         115.000            2.922e-01           2.922e-01              93.144           2.346e-06              99.014           3.162e+02     
 145.000         115.000            3.757e-01           3.757e-01             108.971           3.281e-06             123.640           3.162e+02     
 150.000         115.000            4.083e-01           4.083e-01             126.190           4.444e-06             147.021           3.162e+02     
 155.000         115.000            3.730e-01           3.730e-01             145.892           5.394e-06             170.632           3.162e+02     
 160.000         115.000            2.884e-01           2.884e-01             168.746           5.939e-06             195.804           3.162e+02     
 165.000         115.000            1.903e-01           1.902e-01             194.641           6.380e-06             223.254           3.162e+02     
 170.000         115.000            1.014e-01           1.014e-01             222.012           7.125e-06             251.419           2.430e+02     
 175.000         115.000            3.098e-02           3.097e-02             248.287           8.259e-06             277.807           1.243e+02     
 180.000         115.000            1.249e-05           3.281e-06             124.463           9.205e-06             301.521           4.423e+01     
   0.000         120.000            1.249e-05           4.280e-06             124.087           8.208e-06             121.359           4.425e+01     
   5.000         120.000            3.131e-02           3.131e-02             246.436           7.378e-06              95.034           1.361e+02     
  10.000         120.000            1.046e-01           1.046e-01             218.637           6.477e-06              65.533           2.810e+02     
  15.000         120.000            1.991e-01           1.991e-01             189.902           6.101e-06              34.460           3.162e+02     
  20.000         120.000            3.044e-01           3.044e-01             162.381           6.036e-06               5.142           3.162e+02     
  25.000         120.000            4.001e-01           4.001e-01             137.392           5.795e-06             338.726           3.162e+02     
  30.000         120.000            4.552e-01           4.552e-01             115.208           4.903e-06             313.726           3.162e+02     
  35.000         120.000            4.469e-01           4.469e-01              95.493           3.748e-06             287.975           3.162e+02     
  40.000         120.000            3.794e-01           3.794e-01              77.494           2.802e-06             261.412           3.162e+02     
  45.000         120.000            2.829e-01           2.829e-01              59.939           2.228e-06             235.889           3.162e+02     
  50.000         120.000            1.954e-01           1.954e-01              40.931           1.801e-06             215.146           3.162e+02     
  55.000         120.000            1.422e-01           1.422e-01              18.860           1.328e-06             200.428           3.162e+02     
  60.000         120.000            1.302e-01           1.302e-01             355.601           8.697e-07             190.309           3.162e+02     
  65.000         120.000            1.538e-01           1.538e-01             336.558           4.864e-07             184.689           3.162e+02     
  70.000         120.000            2.021e-01           2.021e-01             324.021           2.331e-07             183.058           3.162e+02     
  75.000         120.000            2.621e-01           2.621e-01             316.540           9.613e-08             184.872           3.162e+02     
  80.000         120.000            3.195e-01           3.195e-01             312.268           3.259e-08             188.845           3.162e+02     
  85.000         120.000            3.608e-01           3.608e-01             310.064           6.658e-09             192.563           3.162e+02     
  90.000         120.000            3.758e-01           3.758e-01             309.382           1.105e-11             209.886           3.162e+02     
  95.000         120.000            3.608e-01           3.608e-01             310.064           6.646e-09              12.617           3.162e+02     
 100.000         120.000            3.195e-01           3.195e-01             312.268           3.256e-08               8.866           3.162e+02     
 105.000         120.000            2.621e-01           2.621e-01             316.540           9.608e-08               4.882           3.162e+02     
 110.000         120.000            2.021e-01           2.021e-01             324.021           2.331e-07               3.063           3.162e+02     
 115.000         120.000            1.538e-01           1.538e-01             336.558           4.863e-07               4.691           3.162e+02     
 120.000         120.000            1.302e-01           1.302e-01             355.601           8.696e-07              10.310           3.162e+02     
 125.000         120.000            1.422e-01           1.422e-01              18.860           1.327e-06              20.428           3.162e+02     
 130.000         120.000            1.954e-01           1.954e-01              40.931           1.800e-06              35.145           3.162e+02     
 135.000         120.000            2.829e-01           2.829e-01              59.939           2.228e-06              55.888           3.162e+02     
 140.000         120.000            3.794e-01           3.794e-01              77.494           2.802e-06              81.410           3.162e+02     
 145.000         120.000            4.469e-01           4.469e-01              95.493           3.748e-06             107.973           3.162e+02     
 150.000         120.000            4.552e-01           4.552e-01             115.208           4.902e-06             133.724           3.162e+02     
 155.000         120.000            4.001e-01           4.001e-01             137.392           5.795e-06             158.724           3.162e+02     
 160.000         120.000            3.044e-01           3.044e-01             162.381           6.036e-06             185.139           3.162e+02     
 165.000         120.000            1.991e-01           1.991e-01             189.902           6.100e-06             214.458           3.162e+02     
 170.000         120.000            1.046e-01           1.046e-01             218.637           6.476e-06             245.531           2.810e+02     
 175.000         120.000            3.131e-02           3.131e-02             246.436           7.377e-06             275.032           1.361e+02     
 180.000         120.000            1.249e-05           4.279e-06             124.087           8.207e-06             301.359           4.423e+01     
   0.000         125.000            1.249e-05           5.338e-06             123.793           7.150e-06             121.176           4.425e+01     
   5.000         125.000            3.171e-02           3.170e-02             244.802           6.443e-06              92.365           1.516e+02     
  10.000         125.000            1.083e-01           1.083e-01             215.765           5.789e-06              59.879           3.162e+02     
  15.000         125.000            2.089e-01           2.089e-01             185.986           5.779e-06              26.268           3.162e+02     
  20.000         125.000            3.210e-01           3.210e-01             157.120           6.205e-06             355.388           3.162e+02     
  25.000         125.000            4.283e-01           4.283e-01             130.226           6.163e-06             328.040           3.162e+02     
  30.000         125.000            5.074e-01           5.074e-01             105.870           5.319e-06             302.222           3.162e+02     
  35.000         125.000            5.333e-01           5.333e-01              84.206           4.195e-06             274.883           3.162e+02     
  40.000         125.000            4.935e-01           4.935e-01              64.883           3.298e-06             246.796           3.162e+02     
  45.000         125.000            4.021e-01           4.021e-01              46.966           2.792e-06             220.079           3.162e+02     
  50.000         125.000            2.951e-01           2.951e-01              28.986           2.345e-06             198.026           3.162e+02     
  55.000         125.000            2.086e-01           2.086e-01               9.266           1.793e-06             180.680           3.162e+02     
  60.000         125.000            1.608e-01           1.608e-01             347.341           1.168e-06             167.253           3.162e+02     
  65.000         125.000            1.512e-01           1.512e-01             325.971           6.572e-07             155.662           3.162e+02     
  70.000         125.000            1.684e-01           1.684e-01             309.075           3.152e-07             146.093           3.162e+02     
  75.000         125.000            1.986e-01           1.986e-01             297.719           1.266e-07             137.787           3.162e+02     
  80.000         125.000            2.295e-01           2.295e-01             290.822           4.052e-08             130.679           3.162e+02     
  85.000         125.000            2.520e-01           2.520e-01             287.165           7.852e-09             124.926           3.162e+02     
  90.000         125.000            2.601e-01           2.601e-01             286.022           9.606e-12             188.083           3.162e+02     
  95.000         125.000            2.520e-01           2.520e-01             287.165           7.835e-09             304.909           3.162e+02     
 100.000         125.000            2.295e-01           2.295e-01             290.822           4.048e-08             310.673           3.162e+02     
 105.000         125.000            1.986e-01           1.986e-01             297.719           1.266e-07             317.784           3.162e+02     
 110.000         125.000            1.684e-01           1.684e-01             309.075           3.151e-07             326.091           3.162e+02     
 115.000         125.000            1.512e-01           1.512e-01             325.971           6.571e-07             335.661           3.162e+02     
 120.000         125.000            1.608e-01           1.608e-01             347.341           1.168e-06             347.253           3.162e+02     
 125.000         125.000            2.086e-01           2.086e-01               9.266           1.793e-06               0.679           3.162e+02     
 130.000         125.000            2.951e-01           2.951e-01              28.986           2.345e-06              18.025           3.162e+02     
 135.000         125.000            4.021e-01           4.021e-01              46.966           2.792e-06              40.078           3.162e+02     
 140.000         125.000            4.935e-01           4.935e-01              64.883           3.297e-06              66.795           3.162e+02     
 145.000         125.000            5.333e-01           5.333e-01              84.206           4.195e-06              94.881           3.162e+02     
 150.000         125.000            5.074e-01           5.074e-01             105.870           5.318e-06             122.220           3.162e+02     
 155.000         125.000            4.283e-01           4.283e-01             130.226           6.163e-06             148.038           3.162e+02     
 160.000         125.000            3.210e-01           3.210e-01             157.120           6.205e-06             175.386           3.162e+02     
 165.000         125.000            2.089e-01           2.089e-01             185.986           5.779e-06             206.265           3.162e+02     
 170.000         125.000            1.083e-01           1.083e-01             215.765           5.788e-06             239.877           3.162e+02     
 175.000         125.000            3.171e-02           3.170e-02             244.802           6.442e-06             272.364           1.516e+02     
 180.000         125.000            1.249e-05           5.337e-06             123.793           7.149e-06             301.175           4.423e+01     
   0.000         130.000            1.249e-05           6.423e-06             123.552           6.065e-06             120.962           4.425e+01     
   5.000         130.000            3.216e-02           3.216e-02             243.394           5.482e-06              89.806           1.722e+02     
  10.000         130.000            1.123e-01           1.123e-01             213.403           5.070e-06              54.503           3.162e+02     
  15.000         130.000            2.194e-01           2.194e-01             182.901           5.385e-06              18.755           3.162e+02     
  20.000         130.000            3.379e-01           3.379e-01             152.999           6.204e-06             346.991           3.162e+02     
  25.000         130.000            4.557e-01           4.557e-01             124.481           6.369e-06             319.163           3.162e+02     
  30.000         130.000            5.599e-01           5.599e-01              98.256           5.614e-06             292.348           3.162e+02     
  35.000         130.000            6.257e-01           6.257e-01              75.047           4.597e-06             263.853           3.162e+02     
  40.000         130.000            6.227e-01           6.227e-01              54.832           3.853e-06             234.392           3.162e+02     
  45.000         130.000            5.435e-01           5.435e-01              36.809           3.352e-06             207.456           3.162e+02     
  50.000         130.000            4.178e-01           4.178e-01              19.674           2.906e-06             184.560           3.162e+02     
  55.000         130.000            2.919e-01           2.919e-01               1.822           2.264e-06             165.546           3.162e+02     
  60.000         130.000            1.997e-01           1.997e-01             341.797           1.553e-06             149.158           3.162e+02     
  65.000         130.000            1.508e-01           1.508e-01             319.726           9.082e-07             134.443           3.162e+02     
  70.000         130.000            1.369e-01           1.369e-01             298.711           4.865e-07             120.155           3.162e+02     
  75.000         130.000            1.434e-01           1.434e-01             282.327           2.300e-07             106.977           3.162e+02     
  80.000         130.000            1.570e-01           1.570e-01             271.524           8.968e-08              95.885           3.162e+02     
  85.000         130.000            1.685e-01           1.685e-01             265.567           2.080e-08              88.037           3.162e+02     
  90.000         130.000            1.728e-01           1.728e-01             263.676           8.062e-12             170.164           3.162e+02     
  95.000         130.000            1.685e-01           1.685e-01             265.567           2.078e-08             268.013           3.162e+02     
 100.000         130.000            1.570e-01           1.570e-01             271.524           8.964e-08             275.874           3.162e+02     
 105.000         130.000            1.434e-01           1.434e-01             282.327           2.299e-07             286.971           3.162e+02     
 110.000         130.000            1.369e-01           1.369e-01             298.711           4.864e-07             300.151           3.162e+02     
 115.000         130.000            1.508e-01           1.508e-01             319.726           9.081e-07             314.440           3.162e+02     
 120.000         130.000            1.997e-01           1.997e-01             341.797           1.553e-06             329.156           3.162e+02     
 125.000         130.000            2.919e-01           2.919e-01               1.822           2.264e-06             345.544           3.162e+02     
 130.000         130.000            4.178e-01           4.178e-01              19.674           2.906e-06               4.559           3.162e+02     
 135.000         130.000            5.435e-01           5.435e-01              36.809           3.352e-06              27.454           3.162e+02     
 140.000         130.000            6.227e-01           6.227e-01              54.831           3.852e-06              54.390           3.162e+02     
 145.000         130.000            6.257e-01           6.257e-01              75.047           4.596e-06              83.852           3.162e+02     
 150.000         130.000            5.599e-01           5.599e-01              98.256           5.614e-06             112.346           3.162e+02     
 155.000         130.000            4.557e-01           4.557e-01             124.481           6.368e-06             139.160           3.162e+02     
 160.000         130.000            3.379e-01           3.379e-01             152.999           6.203e-06             166.988           3.162e+02     
 165.000         130.000            2.194e-01           2.194e-01             182.901           5.385e-06             198.752           3.162e+02     
 170.000         130.000            1.123e-01           1.123e-01             213.403           5.069e-06             234.500           3.162e+02     
 175.000         130.000            3.216e-02           3.216e-02             243.395           5.482e-06             269.805           1.722e+02     
 180.000         130.000            1.249e-05           6.423e-06             123.552           6.064e-06             300.961           4.423e+01     
   0.000         135.000            1.249e-05           7.503e-06             123.349           4.985e-06             120.706           4.425e+01     
   5.000         135.000            3.266e-02           3.266e-02             242.221           4.523e-06              87.350           2.001e+02     
  10.000         135.000            1.168e-01           1.168e-01             211.549           4.326e-06              49.423           3.162e+02     
  15.000         135.000            2.308e-01           2.308e-01             180.636           4.977e-06              11.721           3.162e+02     
  20.000         135.000            3.551e-01           3.551e-01             150.034           6.026e-06             339.689           3.162e+02     
  25.000         135.000            4.809e-01           4.809e-01             120.207           6.365e-06             311.537           3.162e+02     
  30.000         135.000            6.076e-01           6.076e-01              92.382           5.741e-06             284.045           3.162e+02     
  35.000         135.000            7.137e-01           7.137e-01              67.856           4.881e-06             254.561           3.162e+02     
  40.000         135.000            7.521e-01           7.521e-01              46.861           4.288e-06             224.609           3.162e+02     
  45.000         135.000            6.916e-01           6.916e-01              28.578           3.941e-06             197.356           3.162e+02     
  50.000         135.000            5.515e-01           5.515e-01              11.689           3.416e-06             174.460           3.162e+02     
  55.000         135.000            3.873e-01           3.873e-01             354.631           2.734e-06             154.694           3.162e+02     
  60.000         135.000            2.507e-01           2.507e-01             335.648           1.932e-06             136.924           3.162e+02     
  65.000         135.000            1.652e-01           1.652e-01             313.446           1.225e-06             120.196           3.162e+02     
  70.000         135.000            1.279e-01           1.279e-01             289.367           7.104e-07             104.424           3.162e+02     
  75.000         135.000            1.224e-01           1.224e-01             268.136           3.724e-07              90.395           3.162e+02     
  80.000         135.000            1.316e-01           1.316e-01             253.259           1.540e-07              78.986           3.162e+02     
  85.000         135.000            1.421e-01           1.421e-01             244.918           3.836e-08              71.660           3.162e+02     
  90.000         135.000            1.464e-01           1.464e-01             242.263           6.384e-12             155.807           3.162e+02     
  95.000         135.000            1.421e-01           1.421e-01             244.918           3.835e-08             251.647           3.162e+02     
 100.000         135.000            1.316e-01           1.316e-01             253.259           1.540e-07             258.980           3.162e+02     
 105.000         135.000            1.224e-01           1.224e-01             268.136           3.724e-07             270.391           3.162e+02     
 110.000         135.000            1.279e-01           1.279e-01             289.367           7.104e-07             284.420           3.162e+02     
 115.000         135.000            1.652e-01           1.652e-01             313.446           1.225e-06             300.194           3.162e+02     
 120.000         135.000            2.507e-01           2.507e-01             335.648           1.932e-06             316.921           3.162e+02     
 125.000         135.000            3.873e-01           3.873e-01             354.631           2.733e-06             334.692           3.162e+02     
 130.000         135.000            5.515e-01           5.515e-01              11.689           3.416e-06             354.458           3.162e+02     
 135.000         135.000            6.916e-01           6.916e-01              28.578           3.941e-06              17.354           3.162e+02     
 140.000         135.000            7.521e-01           7.521e-01              46.861           4.287e-06              44.608           3.162e+02     
 145.000         135.000            7.137e-01           7.137e-01              67.856           4.881e-06              74.560           3.162e+02     
 150.000         135.000            6.076e-01           6.076e-01              92.382           5.740e-06             104.043           3.162e+02     
 155.000         135.000            4.809e-01           4.809e-01             120.207           6.365e-06             131.535           3.162e+02     
 160.000         135.000            3.551e-01           3.551e-01             150.034           6.025e-06             159.686           3.162e+02     
 165.000         135.000            2.308e-01           2.308e-01             180.636           4.977e-06             191.717           3.162e+02     
 170.000         135.000            1.168e-01           1.168e-01             211.549           4.326e-06             229.420           3.162e+02     
 175.000         135.000            3.266e-02           3.266e-02             242.221           4.522e-06             267.349           2.001e+02     
 180.000         135.000            1.249e-05           7.502e-06             123.349           4.984e-06             300.704           4.423e+01     
   0.000         140.000            1.249e-05           8.545e-06             123.173           3.943e-06             120.388           4.425e+01     
   5.000         140.000            3.320e-02           3.320e-02             241.285           3.591e-06              84.972           2.393e+02     
  10.000         140.000            1.215e-01           1.215e-01             210.194           3.571e-06              44.620           3.162e+02     
  15.000         140.000            2.430e-01           2.430e-01             179.163           4.434e-06               5.437           3.162e+02     
  20.000         140.000            3.727e-01           3.727e-01             148.214           5.635e-06             333.339           3.162e+02     
  25.000         140.000            5.035e-01           5.034e-01             117.428           6.108e-06             304.975           3.162e+02     
  30.000         140.000            6.468e-01           6.468e-01              88.250           5.711e-06             276.648           3.162e+02     
  35.000         140.000            7.885e-01           7.885e-01              62.525           4.990e-06             246.868           3.162e+02     
  40.000         140.000            8.686e-01           8.686e-01              40.714           4.601e-06             216.840           3.162e+02     
  45.000         140.000            8.320e-01           8.320e-01              21.924           4.362e-06             190.099           3.162e+02     
  50.000         140.000            6.851e-01           6.851e-01               4.729           3.929e-06             167.431           3.162e+02     
  55.000         140.000            4.900e-01           4.900e-01             347.502           3.096e-06             147.936           3.162e+02     
  60.000         140.000            3.160e-01           3.160e-01             328.365           2.226e-06             129.949           3.162e+02     
  65.000         140.000            2.019e-01           2.019e-01             305.560           1.435e-06             112.907           3.162e+02     
  70.000         140.000            1.503e-01           1.503e-01             279.770           8.567e-07              96.966           3.162e+02     
  75.000         140.000            1.430e-01           1.430e-01             256.223           4.618e-07              83.006           3.162e+02     
  80.000         140.000            1.568e-01           1.568e-01             239.628           2.029e-07              72.179           3.162e+02     
  85.000         140.000            1.727e-01           1.727e-01             230.401           5.091e-08              65.214           3.162e+02     
  90.000         140.000            1.793e-01           1.793e-01             227.484           4.838e-12             143.031           3.162e+02     
  95.000         140.000            1.727e-01           1.727e-01             230.401           5.092e-08             245.211           3.162e+02     
 100.000         140.000            1.568e-01           1.568e-01             239.628           2.029e-07             252.177           3.162e+02     
 105.000         140.000            1.430e-01           1.430e-01             256.223           4.618e-07             263.004           3.162e+02     
 110.000         140.000            1.503e-01           1.503e-01             279.770           8.567e-07             276.964           3.162e+02     
 115.000         140.000            2.019e-01           2.019e-01             305.560           1.435e-06             292.904           3.162e+02     
 120.000         140.000            3.160e-01           3.160e-01             328.365           2.226e-06             309.947           3.162e+02     
 125.000         140.000            4.900e-01           4.900e-01             347.502           3.095e-06             327.934           3.162e+02     
 130.000         140.000            6.851e-01           6.851e-01               4.729           3.929e-06             347.430           3.162e+02     
 135.000         140.000            8.320e-01           8.320e-01              21.924           4.362e-06              10.098           3.162e+02     
 140.000         140.000            8.686e-01           8.686e-01              40.714           4.601e-06              36.839           3.162e+02     
 145.000         140.000            7.885e-01           7.885e-01              62.525           4.990e-06              66.866           3.162e+02     
 150.000         140.000            6.468e-01           6.468e-01              88.250           5.711e-06              96.646           3.162e+02     
 155.000         140.000            5.035e-01           5.034e-01             117.428           6.108e-06             124.973           3.162e+02     
 160.000         140.000            3.727e-01           3.727e-01             148.214           5.635e-06             153.336           3.162e+02     
 165.000         140.000            2.430e-01           2.430e-01             179.163           4.434e-06             185.434           3.162e+02     
 170.000         140.000            1.215e-01           1.215e-01             210.194           3.571e-06             224.617           3.162e+02     
 175.000         140.000            3.320e-02           3.320e-02             241.285           3.591e-06             264.970           2.394e+02     
 180.000         140.000            1.249e-05           8.544e-06             123.173           3.943e-06             300.386           4.423e+01     
   0.000         145.000            1.249e-05           9.516e-06             123.017           2.971e-06             119.976           4.425e+01     
   5.000         145.000            3.378e-02           3.377e-02             240.588           2.717e-06              82.613           2.973e+02     
  10.000         145.000            1.266e-01           1.266e-01             209.324           2.821e-06              40.016           3.162e+02     
  15.000         145.000            2.562e-01           2.562e-01             178.447           3.787e-06             359.928           3.162e+02     
  20.000         145.000            3.914e-01           3.914e-01             147.502           5.025e-06             327.747           3.162e+02     
  25.000         145.000            5.238e-01           5.238e-01             116.144           5.609e-06             299.443           3.162e+02     
  30.000         145.000            6.765e-01           6.765e-01              85.876           5.380e-06             270.720           3.162e+02     
  35.000         145.000            8.455e-01           8.455e-01              59.037           4.957e-06             240.364           3.162e+02     
  40.000         145.000            9.636e-01           9.636e-01              36.367           4.706e-06             211.113           3.162e+02     
  45.000         145.000            9.549e-01           9.549e-01              16.917           4.620e-06             185.200           3.162e+02     
  50.000         145.000            8.102e-01           8.102e-01             359.129           4.202e-06             163.541           3.162e+02     
  55.000         145.000            5.949e-01           5.949e-01             341.271           3.381e-06             144.843           3.162e+02     
  60.000         145.000            3.936e-01           3.936e-01             321.394           2.390e-06             127.833           3.162e+02     
  65.000         145.000            2.594e-01           2.594e-01             297.792           1.476e-06             111.698           3.162e+02     
  70.000         145.000            2.010e-01           2.010e-01             271.508           8.591e-07              96.365           3.162e+02     
  75.000         145.000            1.980e-01           1.980e-01             248.027           4.487e-07              82.751           3.162e+02     
  80.000         145.000            2.211e-01           2.211e-01             231.710           1.915e-07              72.002           3.162e+02     
  85.000         145.000            2.453e-01           2.453e-01             222.675           4.706e-08              65.006           3.162e+02     
  90.000         145.000            2.550e-01           2.550e-01             219.820           3.778e-12             129.856           3.162e+02     
  95.000         145.000            2.453e-01           2.453e-01             222.675           4.708e-08             245.008           3.162e+02     
 100.000         145.000            2.211e-01           2.211e-01             231.710           1.916e-07             252.002           3.162e+02     
 105.000         145.000            1.980e-01           1.980e-01             248.027           4.488e-07             262.749           3.162e+02     
 110.000         145.000            2.010e-01           2.010e-01             271.508           8.591e-07             276.364           3.162e+02     
 115.000         145.000            2.594e-01           2.594e-01             297.792           1.476e-06             291.696           3.162e+02     
 120.000         145.000            3.936e-01           3.936e-01             321.394           2.390e-06             307.831           3.162e+02     
 125.000         145.000            5.949e-01           5.949e-01             341.271           3.381e-06             324.841           3.162e+02     
 130.000         145.000            8.102e-01           8.102e-01             359.129           4.202e-06             343.539           3.162e+02     
 135.000         145.000            9.549e-01           9.549e-01              16.917           4.619e-06               5.198           3.162e+02     
 140.000         145.000            9.636e-01           9.636e-01              36.367           4.705e-06              31.112           3.162e+02     
 145.000         145.000            8.455e-01           8.455e-01              59.037           4.956e-06              60.362           3.162e+02     
 150.000         145.000            6.765e-01           6.765e-01              85.876           5.380e-06              90.718           3.162e+02     
 155.000         145.000            5.238e-01           5.238e-01             116.144           5.609e-06             119.441           3.162e+02     
 160.000         145.000            3.914e-01           3.914e-01             147.502           5.024e-06             147.744           3.162e+02     
 165.000         145.000            2.562e-01           2.562e-01             178.447           3.787e-06             179.924           3.162e+02     
 170.000         145.000            1.266e-01           1.266e-01             209.324           2.821e-06             220.013           3.162e+02     
 175.000         145.000            3.378e-02           3.377e-02             240.589           2.716e-06             262.610           2.974e+02     
 180.000         145.000            1.249e-05           9.516e-06             123.017           2.971e-06             299.975           4.423e+01     
   0.000         150.000            1.249e-05           1.039e-05             122.875           2.099e-06             119.412           4.425e+01     
   5.000         150.000            3.438e-02           3.437e-02             240.132           1.926e-06              80.149           3.162e+02     
  10.000         150.000            1.320e-01           1.320e-01             208.918           2.102e-06              35.426           3.162e+02     
  15.000         150.000            2.705e-01           2.705e-01             178.435           3.057e-06             354.766           3.162e+02     
  20.000         150.000            4.118e-01           4.118e-01             147.828           4.241e-06             322.539           3.162e+02     
  25.000         150.000            5.437e-01           5.437e-01             116.319           4.866e-06             294.490           3.162e+02     
  30.000         150.000            6.982e-01           6.982e-01              85.282           4.810e-06             265.729           3.162e+02     
  35.000         150.000            8.843e-01           8.843e-01              57.456           4.610e-06             235.592           3.162e+02     
  40.000         150.000            1.034e+00           1.034e+00              33.949           4.636e-06             206.918           3.162e+02     
  45.000         150.000            1.054e+00           1.054e+00              13.838           4.565e-06             182.540           3.162e+02     
  50.000         150.000            9.196e-01           9.195e-01             355.458           4.185e-06             162.303           3.162e+02     
  55.000         150.000            6.930e-01           6.930e-01             336.979           3.335e-06             145.264           3.162e+02     
  60.000         150.000            4.718e-01           4.718e-01             316.409           2.309e-06             129.956           3.162e+02     
  65.000         150.000            3.228e-01           3.228e-01             292.184           1.400e-06             115.653           3.162e+02     
  70.000         150.000            2.613e-01           2.613e-01             265.763           7.537e-07             102.058           3.162e+02     
  75.000         150.000            2.653e-01           2.653e-01             242.682           3.588e-07              89.554           3.162e+02     
  80.000         150.000            2.997e-01           2.997e-01             226.802           1.402e-07              79.160           3.162e+02     
  85.000         150.000            3.335e-01           3.335e-01             218.013           3.204e-08              72.219           3.162e+02     
  90.000         150.000            3.469e-01           3.469e-01             215.231           3.297e-12             116.837           3.162e+02     
  95.000         150.000            3.335e-01           3.335e-01             218.013           3.206e-08             252.223           3.162e+02     
 100.000         150.000            2.997e-01           2.997e-01             226.802           1.403e-07             259.161           3.162e+02     
 105.000         150.000            2.653e-01           2.653e-01             242.682           3.588e-07             269.553           3.162e+02     
 110.000         150.000            2.613e-01           2.613e-01             265.763           7.537e-07             282.057           3.162e+02     
 115.000         150.000            3.228e-01           3.228e-01             292.184           1.400e-06             295.651           3.162e+02     
 120.000         150.000            4.718e-01           4.718e-01             316.409           2.309e-06             309.954           3.162e+02     
 125.000         150.000            6.930e-01           6.930e-01             336.979           3.335e-06             325.262           3.162e+02     
 130.000         150.000            9.196e-01           9.195e-01             355.458           4.184e-06             342.301           3.162e+02     
 135.000         150.000            1.054e+00           1.054e+00              13.838           4.564e-06               2.538           3.162e+02     
 140.000         150.000            1.034e+00           1.034e+00              33.949           4.635e-06              26.916           3.162e+02     
 145.000         150.000            8.843e-01           8.843e-01              57.456           4.610e-06              55.591           3.162e+02     
 150.000         150.000            6.982e-01           6.982e-01              85.282           4.810e-06              85.727           3.162e+02     
 155.000         150.000            5.437e-01           5.437e-01             116.319           4.866e-06             114.487           3.162e+02     
 160.000         150.000            4.118e-01           4.118e-01             147.828           4.240e-06             142.536           3.162e+02     
 165.000         150.000            2.705e-01           2.705e-01             178.435           3.057e-06             174.762           3.162e+02     
 170.000         150.000            1.320e-01           1.320e-01             208.918           2.102e-06             215.422           3.162e+02     
 175.000         150.000            3.438e-02           3.437e-02             240.132           1.926e-06             260.146           3.162e+02     
 180.000         150.000            1.249e-05           1.039e-05             122.875           2.099e-06             299.411           4.423e+01     
   0.000         155.000            1.249e-05           1.114e-05             122.744           1.353e-06             118.576           4.425e+01     
   5.000         155.000            3.499e-02           3.499e-02             239.913           1.245e-06              77.305           3.162e+02     
  10.000         155.000            1.375e-01           1.375e-01             208.954           1.444e-06              30.447           3.162e+02     
  15.000         155.000            2.858e-01           2.858e-01             179.066           2.292e-06             349.560           3.162e+02     
  20.000         155.000            4.348e-01           4.348e-01             149.097           3.331e-06             317.893           3.162e+02     
  25.000         155.000            5.658e-01           5.658e-01             117.870           3.938e-06             289.929           3.162e+02     
  30.000         155.000            7.161e-01           7.161e-01              86.464           4.030e-06             261.514           3.162e+02     
  35.000         155.000            9.089e-01           9.089e-01              57.867           4.007e-06             232.226           3.162e+02     
  40.000         155.000            1.081e+00           1.081e+00              33.630           4.157e-06             204.673           3.162e+02     
  45.000         155.000            1.128e+00           1.128e+00              12.970           4.217e-06             181.670           3.162e+02     
  50.000         155.000            1.006e+00           1.006e+00             354.167           3.847e-06             163.300           3.162e+02     
  55.000         155.000            7.731e-01           7.731e-01             335.301           3.046e-06             148.110           3.162e+02     
  60.000         155.000            5.346e-01           5.346e-01             314.282           2.007e-06             135.393           3.162e+02     
  65.000         155.000            3.716e-01           3.716e-01             289.480           1.157e-06             124.001           3.162e+02     
  70.000         155.000            3.075e-01           3.075e-01             262.492           5.713e-07             113.636           3.162e+02     
  75.000         155.000            3.199e-01           3.199e-01             239.126           2.395e-07             104.512           3.162e+02     
  80.000         155.000            3.677e-01           3.677e-01             223.191           8.108e-08              96.448           3.162e+02     
  85.000         155.000            4.127e-01           4.127e-01             214.410           1.653e-08              90.671           3.162e+02     
  90.000         155.000            4.306e-01           4.306e-01             211.636           3.144e-12             106.927           3.162e+02     
  95.000         155.000            4.127e-01           4.127e-01             214.410           1.654e-08             270.673           3.162e+02     
 100.000         155.000            3.677e-01           3.677e-01             223.191           8.110e-08             276.447           3.162e+02     
 105.000         155.000            3.199e-01           3.199e-01             239.126           2.396e-07             284.510           3.162e+02     
 110.000         155.000            3.075e-01           3.075e-01             262.492           5.713e-07             293.635           3.162e+02     
 115.000         155.000            3.716e-01           3.716e-01             289.480           1.157e-06             304.000           3.162e+02     
 120.000         155.000            5.346e-01           5.346e-01             314.282           2.007e-06             315.392           3.162e+02     
 125.000         155.000            7.731e-01           7.731e-01             335.301           3.046e-06             328.109           3.162e+02     
 130.000         155.000            1.006e+00           1.006e+00             354.167           3.847e-06             343.298           3.162e+02     
 135.000         155.000            1.128e+00           1.128e+00              12.970           4.217e-06               1.669           3.162e+02     
 140.000         155.000            1.081e+00           1.081e+00              33.630           4.156e-06              24.672           3.162e+02     
 145.000         155.000            9.089e-01           9.089e-01              57.867           4.007e-06              52.224           3.162e+02     
 150.000         155.000            7.161e-01           7.161e-01              86.464           4.030e-06              81.512           3.162e+02     
 155.000         155.000            5.658e-01           5.658e-01             117.870           3.938e-06             109.927           3.162e+02     
 160.000         155.000            4.348e-01           4.348e-01             149.097           3.331e-06             137.890           3.162e+02     
 165.000         155.000            2.858e-01           2.858e-01             179.066           2.292e-06             169.555           3.162e+02     
 170.000         155.000            1.375e-01           1.375e-01             208.954           1.444e-06             210.442           3.162e+02     
 175.000         155.000            3.499e-02           3.499e-02             239.913           1.244e-06             257.301           3.162e+02     
 180.000         155.000            1.249e-05           1.113e-05             122.744           1.352e-06             298.574           4.423e+01     
   0.000         160.000            1.249e-05           1.173e-05             122.621           7.547e-07             117.182           4.425e+01     
   5.000         160.000            3.562e-02           3.562e-02             239.928           6.966e-07              73.402           3.162e+02     
  10.000         160.000            1.431e-01           1.431e-01             209.406           8.820e-07              24.159           3.162e+02     
  15.000         160.000            3.022e-01           3.022e-01             180.277           1.556e-06             343.544           3.162e+02     
  20.000         160.000            4.612e-01           4.612e-01             151.188           2.385e-06             312.816           3.162e+02     
  25.000         160.000            5.928e-01           5.928e-01             120.653           2.937e-06             285.500           3.162e+02     
  30.000         160.000            7.356e-01           7.356e-01              89.349           3.117e-06             257.581           3.162e+02     
  35.000         160.000            9.260e-01           9.260e-01              60.303           3.187e-06             229.735           3.162e+02     
  40.000         160.000            1.111e+00           1.111e+00              35.517           3.355e-06             203.858           3.162e+02     
  45.000         160.000            1.178e+00           1.178e+00              14.461           3.399e-06             182.583           3.162e+02     
  50.000         160.000            1.068e+00           1.068e+00             355.418           3.078e-06             166.077           3.162e+02     
  55.000         160.000            8.294e-01           8.294e-01             336.372           2.398e-06             153.157           3.162e+02     
  60.000         160.000            5.746e-01           5.746e-01             315.052           1.582e-06             143.133           3.162e+02     
  65.000         160.000            3.985e-01           3.985e-01             289.528           8.829e-07             135.466           3.162e+02     
  70.000         160.000            3.339e-01           3.339e-01             261.409           4.171e-07             130.234           3.162e+02     
  75.000         160.000            3.584e-01           3.584e-01             237.211           1.642e-07             126.782           3.162e+02     
  80.000         160.000            4.242e-01           4.242e-01             220.986           5.122e-08             125.232           3.162e+02     
  85.000         160.000            4.844e-01           4.844e-01             212.161           9.670e-09             125.110           3.162e+02     
  90.000         160.000            5.081e-01           5.081e-01             209.389           2.896e-12             101.841           3.162e+02     
  95.000         160.000            4.844e-01           4.844e-01             212.161           9.676e-09             305.107           3.162e+02     
 100.000         160.000            4.242e-01           4.242e-01             220.986           5.124e-08             305.230           3.162e+02     
 105.000         160.000            3.584e-01           3.584e-01             237.211           1.642e-07             306.781           3.162e+02     
 110.000         160.000            3.339e-01           3.339e-01             261.409           4.171e-07             310.233           3.162e+02     
 115.000         160.000            3.985e-01           3.985e-01             289.528           8.829e-07             315.464           3.162e+02     
 120.000         160.000            5.746e-01           5.746e-01             315.052           1.582e-06             323.131           3.162e+02     
 125.000         160.000            8.294e-01           8.294e-01             336.372           2.398e-06             333.156           3.162e+02     
 130.000         160.000            1.068e+00           1.068e+00             355.418           3.078e-06             346.075           3.162e+02     
 135.000         160.000            1.178e+00           1.178e+00              14.461           3.399e-06               2.581           3.162e+02     
 140.000         160.000            1.111e+00           1.111e+00              35.517           3.355e-06              23.856           3.162e+02     
 145.000         160.000            9.260e-01           9.260e-01              60.303           3.186e-06              49.733           3.162e+02     
 150.000         160.000            7.356e-01           7.356e-01              89.349           3.116e-06              77.579           3.162e+02     
 155.000         160.000            5.928e-01           5.928e-01             120.653           2.937e-06             105.497           3.162e+02     
 160.000         160.000            4.612e-01           4.612e-01             151.188           2.385e-06             132.812           3.162e+02     
 165.000         160.000            3.022e-01           3.022e-01             180.277           1.556e-06             163.539           3.162e+02     
 170.000         160.000            1.431e-01           1.431e-01             209.406           8.819e-07             204.153           3.162e+02     
 175.000         160.000            3.562e-02           3.562e-02             239.928           6.964e-07             253.397           3.162e+02     
 180.000         160.000            1.249e-05           1.173e-05             122.621           7.546e-07             297.179           4.423e+01     
   0.000         165.000            1.249e-05           1.216e-05             122.503           3.237e-07             114.331           4.425e+01     
   5.000         165.000            3.625e-02           3.625e-02             240.171           3.029e-07              66.301           3.162e+02     
  10.000         165.000            1.488e-01           1.488e-01             210.251           4.526e-07              14.113           3.162e+02     
  15.000         165.000            3.194e-01           3.194e-01             182.004           9.242e-07             335.003           3.162e+02     
  20.000         165.000            4.912e-01           4.912e-01             153.970           1.511e-06             306.066           3.162e+02     
  25.000         165.000            6.269e-01           6.269e-01             124.470           1.941e-06             280.312           3.162e+02     
  30.000         165.000            7.623e-01           7.623e-01              93.766           2.128e-06             254.075           3.162e+02     
  35.000         165.000            9.436e-01           9.436e-01              64.684           2.235e-06             227.845           3.162e+02     
  40.000         165.000            1.130e+00           1.130e+00              39.584           2.348e-06             203.939           3.162e+02     
  45.000         165.000            1.209e+00           1.209e+00              18.269           2.307e-06             184.747           3.162e+02     
  50.000         165.000            1.107e+00           1.107e+00             359.084           2.052e-06             170.238           3.162e+02     
  55.000         165.000            8.645e-01           8.645e-01             339.919           1.573e-06             159.692           3.162e+02     
  60.000         165.000            5.975e-01           5.975e-01             318.266           1.030e-06             152.770           3.162e+02     
  65.000         165.000            4.134e-01           4.134e-01             291.830           5.821e-07             149.550           3.162e+02     
  70.000         165.000            3.548e-01           3.548e-01             262.401           2.853e-07             149.435           3.162e+02     
  75.000         165.000            3.991e-01           3.991e-01             237.514           1.224e-07             152.403           3.162e+02     
  80.000         165.000            4.904e-01           4.904e-01             221.280           4.383e-08             157.167           3.162e+02     
  85.000         165.000            5.715e-01           5.715e-01             212.606           9.599e-09             161.719           3.162e+02     
  90.000         165.000            6.031e-01           6.031e-01             209.901           2.283e-12             100.865           3.162e+02     
  95.000         165.000            5.715e-01           5.715e-01             212.606           9.605e-09             341.721           3.162e+02     
 100.000         165.000            4.904e-01           4.904e-01             221.280           4.384e-08             337.169           3.162e+02     
 105.000         165.000            3.991e-01           3.991e-01             237.514           1.224e-07             332.405           3.162e+02     
 110.000         165.000            3.548e-01           3.548e-01             262.401           2.853e-07             329.436           3.162e+02     
 115.000         165.000            4.134e-01           4.134e-01             291.830           5.821e-07             329.550           3.162e+02     
 120.000         165.000            5.975e-01           5.975e-01             318.266           1.030e-06             332.770           3.162e+02     
 125.000         165.000            8.645e-01           8.645e-01             339.919           1.573e-06             339.691           3.162e+02     
 130.000         165.000            1.107e+00           1.107e+00             359.084           2.052e-06             350.236           3.162e+02     
 135.000         165.000            1.209e+00           1.209e+00              18.269           2.307e-06               4.746           3.162e+02     
 140.000         165.000            1.130e+00           1.130e+00              39.584           2.348e-06              23.938           3.162e+02     
 145.000         165.000            9.436e-01           9.436e-01              64.684           2.235e-06              47.842           3.162e+02     
 150.000         165.000            7.623e-01           7.623e-01              93.766           2.128e-06              74.073           3.162e+02     
 155.000         165.000            6.269e-01           6.269e-01             124.470           1.941e-06             100.308           3.162e+02     
 160.000         165.000            4.912e-01           4.912e-01             153.970           1.511e-06             126.062           3.162e+02     
 165.000         165.000            3.194e-01           3.194e-01             182.004           9.242e-07             154.997           3.162e+02     
 170.000         165.000            1.488e-01           1.488e-01             210.251           4.525e-07             194.104           3.162e+02     
 175.000         165.000            3.625e-02           3.625e-02             240.171           3.028e-07             246.293           3.162e+02     
 180.000         165.000            1.249e-05           1.216e-05             122.503           3.236e-07             294.327           4.423e+01     
   0.000         170.000            1.249e-05           1.242e-05             122.389           7.257e-08             105.102           4.425e+01     
   5.000         170.000            3.687e-02           3.686e-02             240.637           8.023e-08              45.650           3.162e+02     
  10.000         170.000            1.543e-01           1.543e-01             211.463           1.894e-07             352.622           3.162e+02     
  15.000         170.000            3.370e-01           3.370e-01             184.189           4.706e-07             319.524           3.162e+02     
  20.000         170.000            5.243e-01           5.243e-01             157.317           8.195e-07             294.573           3.162e+02     
  25.000         170.000            6.691e-01           6.691e-01             129.092           1.092e-06             271.896           3.162e+02     
  30.000         170.000            8.003e-01           8.003e-01              99.430           1.224e-06             248.692           3.162e+02     
  35.000         170.000            9.689e-01           9.689e-01              70.780           1.275e-06             225.733           3.162e+02     
  40.000         170.000            1.147e+00           1.147e+00              45.650           1.283e-06             204.814           3.162e+02     
  45.000         170.000            1.226e+00           1.226e+00              24.187           1.212e-06             188.080           3.162e+02     
  50.000         170.000            1.128e+00           1.128e+00               4.864           1.032e-06             175.718           3.162e+02     
  55.000         170.000            8.844e-01           8.844e-01             345.497           7.700e-07             167.950           3.162e+02     
  60.000         170.000            6.126e-01           6.126e-01             323.347           5.048e-07             164.570           3.162e+02     
  65.000         170.000            4.299e-01           4.299e-01             295.897           3.025e-07             165.614           3.162e+02     
  70.000         170.000            3.867e-01           3.867e-01             265.523           1.685e-07             169.884           3.162e+02     
  75.000         170.000            4.596e-01           4.596e-01             240.657           8.784e-08             175.929           3.162e+02     
  80.000         170.000            5.841e-01           5.841e-01             224.905           3.861e-08             181.589           3.162e+02     
  85.000         170.000            6.913e-01           6.913e-01             216.608           9.816e-09             185.565           3.162e+02     
  90.000         170.000            7.326e-01           7.326e-01             214.033           1.377e-12             101.850           3.162e+02     
  95.000         170.000            6.913e-01           6.913e-01             216.608           9.828e-09               5.572           3.162e+02     
 100.000         170.000            5.841e-01           5.841e-01             224.905           3.863e-08               1.595           3.162e+02     
 105.000         170.000            4.596e-01           4.596e-01             240.657           8.787e-08             355.934           3.162e+02     
 110.000         170.000            3.867e-01           3.867e-01             265.523           1.685e-07             349.889           3.162e+02     
 115.000         170.000            4.299e-01           4.299e-01             295.897           3.026e-07             345.617           3.162e+02     
 120.000         170.000            6.126e-01           6.126e-01             323.347           5.048e-07             344.571           3.162e+02     
 125.000         170.000            8.844e-01           8.844e-01             345.497           7.700e-07             347.950           3.162e+02     
 130.000         170.000            1.128e+00           1.128e+00               4.864           1.032e-06             355.717           3.162e+02     
 135.000         170.000            1.226e+00           1.226e+00              24.187           1.212e-06               8.079           3.162e+02     
 140.000         170.000            1.147e+00           1.147e+00              45.650           1.283e-06              24.813           3.162e+02     
 145.000         170.000            9.689e-01           9.689e-01              70.780           1.275e-06              45.730           3.162e+02     
 150.000         170.000            8.003e-01           8.003e-01              99.430           1.224e-06              68.690           3.162e+02     
 155.000         170.000            6.691e-01           6.691e-01             129.092           1.092e-06              91.892           3.162e+02     
 160.000         170.000            5.243e-01           5.243e-01             157.317           8.195e-07             114.568           3.162e+02     
 165.000         170.000            3.370e-01           3.370e-01             184.189           4.707e-07             139.517           3.162e+02     
 170.000         170.000            1.543e-01           1.543e-01             211.463           1.894e-07             172.611           3.162e+02     
 175.000         170.000            3.687e-02           3.687e-02             240.637           8.021e-08             225.634           3.162e+02     
 180.000         170.000            1.249e-05           1.241e-05             122.388           7.254e-08             285.091           4.423e+01     
   0.000         175.000            1.249e-05           1.248e-05             122.275           8.945e-09             359.866           4.425e+01     
   5.000         175.000            3.746e-02           3.746e-02             241.319           4.062e-08             329.488           3.162e+02     
  10.000         175.000            1.596e-01           1.596e-01             213.023           1.204e-07             306.422           3.162e+02     
  15.000         175.000            3.546e-01           3.546e-01             186.783           2.597e-07             287.926           3.162e+02     
  20.000         175.000            5.596e-01           5.596e-01             161.123           4.140e-07             270.718           3.162e+02     
  25.000         175.000            7.186e-01           7.186e-01             134.300           5.203e-07             253.834           3.162e+02     
  30.000         175.000            8.505e-01           8.505e-01             106.004           5.498e-07             236.181           3.162e+02     
  35.000         175.000            1.006e+00           1.006e+00              78.226           5.195e-07             218.817           3.162e+02     
  40.000         175.000            1.168e+00           1.168e+00              53.388           4.538e-07             202.974           3.162e+02     
  45.000         175.000            1.237e+00           1.237e+00              31.909           3.670e-07             190.816           3.162e+02     
  50.000         175.000            1.135e+00           1.135e+00              12.434           2.729e-07             183.310           3.162e+02     
  55.000         175.000            8.917e-01           8.917e-01             352.749           1.888e-07             181.597           3.162e+02     
  60.000         175.000            6.231e-01           6.231e-01             329.958           1.309e-07             185.632           3.162e+02     
  65.000         175.000            4.513e-01           4.513e-01             301.588           9.448e-08             192.424           3.162e+02     
  70.000         175.000            4.308e-01           4.308e-01             270.916           7.031e-08             199.045           3.162e+02     
  75.000         175.000            5.369e-01           5.369e-01             246.716           4.791e-08             203.532           3.162e+02     
  80.000         175.000            6.969e-01           6.969e-01             231.703           2.515e-08             205.970           3.162e+02     
  85.000         175.000            8.313e-01           8.313e-01             223.845           7.006e-09             207.215           3.162e+02     
  90.000         175.000            8.828e-01           8.828e-01             221.409           5.089e-13              99.484           3.162e+02     
  95.000         175.000            8.313e-01           8.313e-01             223.845           7.021e-09              27.214           3.162e+02     
 100.000         175.000            6.969e-01           6.969e-01             231.703           2.517e-08              25.972           3.162e+02     
 105.000         175.000            5.369e-01           5.369e-01             246.716           4.795e-08              23.536           3.162e+02     
 110.000         175.000            4.308e-01           4.308e-01             270.916           7.035e-08              19.051           3.162e+02     
 115.000         175.000            4.513e-01           4.513e-01             301.588           9.450e-08              12.431           3.162e+02     
 120.000         175.000            6.231e-01           6.231e-01             329.958           1.309e-07               5.638           3.162e+02     
 125.000         175.000            8.917e-01           8.917e-01             352.749           1.888e-07               1.601           3.162e+02     
 130.000         175.000            1.135e+00           1.135e+00              12.434           2.729e-07               3.311           3.162e+02     
 135.000         175.000            1.237e+00           1.237e+00              31.909           3.670e-07              10.815           3.162e+02     
 140.000         175.000            1.168e+00           1.168e+00              53.388           4.538e-07              22.973           3.162e+02     
 145.000         175.000            1.006e+00           1.006e+00              78.226           5.195e-07              38.815           3.162e+02     
 150.000         175.000            8.505e-01           8.505e-01             106.004           5.498e-07              56.179           3.162e+02     
 155.000         175.000            7.186e-01           7.186e-01             134.300           5.203e-07              73.831           3.162e+02     
 160.000         175.000            5.596e-01           5.596e-01             161.123           4.140e-07              90.716           3.162e+02     
 165.000         175.000            3.546e-01           3.546e-01             186.783           2.597e-07             107.923           3.162e+02     
 170.000         175.000            1.596e-01           1.596e-01             213.023           1.204e-07             126.418           3.162e+02     
 175.000         175.000            3.746e-02           3.746e-02             241.319           4.065e-08             149.481           3.162e+02     
 180.000         175.000            1.249e-05           1.248e-05             122.275           8.955e-09             179.849           4.423e+01     
   0.000         180.000            1.249e-05           1.235e-05             122.162           1.348e-07             314.790           4.425e+01     
   5.000         180.000            3.803e-02           3.803e-02             242.208           1.795e-07             289.879           3.162e+02     
  10.000         180.000            1.646e-01           1.646e-01             214.907           2.476e-07             267.211           3.162e+02     
  15.000         180.000            3.713e-01           3.713e-01             189.748           3.190e-07             247.858           3.162e+02     
  20.000         180.000            5.951e-01           5.951e-01             165.306           3.533e-07             230.849           3.162e+02     
  25.000         180.000            7.723e-01           7.723e-01             139.919           3.209e-07             215.161           3.162e+02     
  30.000         180.000            9.104e-01           9.104e-01             113.159           2.342e-07             199.752           3.162e+02     
  35.000         180.000            1.055e+00           1.055e+00              86.596           1.316e-07             184.545           3.162e+02     
  40.000         180.000            1.194e+00           1.194e+00              62.386           5.116e-08             169.459           3.162e+02     
  45.000         180.000            1.242e+00           1.242e+00              41.089           8.921e-09             157.477           3.162e+02     
  50.000         180.000            1.130e+00           1.130e+00              21.534           4.794e-10             288.241           3.162e+02     
  55.000         180.000            8.854e-01           8.854e-01               1.542           1.132e-08             295.671           3.162e+02     
  60.000         180.000            6.250e-01           6.250e-01             338.176           2.610e-08             283.482           3.162e+02     
  65.000         180.000            4.684e-01           4.684e-01             309.224           3.454e-08             271.946           3.162e+02     
  70.000         180.000            4.696e-01           4.696e-01             278.788           3.334e-08             261.455           3.162e+02     
  75.000         180.000            6.017e-01           6.017e-01             255.432           2.459e-08             252.654           3.162e+02     
  80.000         180.000            7.872e-01           7.872e-01             241.074           1.302e-08             246.006           3.162e+02     
  85.000         180.000            9.403e-01           9.403e-01             233.556           3.600e-09             241.878           3.162e+02     
  90.000         180.000            9.987e-01           9.987e-01             231.222           7.683e-14              55.430           3.162e+02     
  95.000         180.000            9.403e-01           9.403e-01             233.556           3.612e-09              61.819           3.162e+02     
 100.000         180.000            7.872e-01           7.872e-01             241.074           1.304e-08              65.976           3.162e+02     
 105.000         180.000            6.017e-01           6.017e-01             255.432           2.462e-08              72.633           3.162e+02     
 110.000         180.000            4.696e-01           4.696e-01             278.788           3.336e-08              81.438           3.162e+02     
 115.000         180.000            4.684e-01           4.684e-01             309.224           3.456e-08              91.932           3.162e+02     
 120.000         180.000            6.250e-01           6.250e-01             338.176           2.612e-08             103.468           3.162e+02     
 125.000         180.000            8.854e-01           8.854e-01               1.542           1.133e-08             115.655           3.162e+02     
 130.000         180.000            1.130e+00           1.130e+00              21.534           4.807e-10             108.212           3.162e+02     
 135.000         180.000            1.242e+00           1.242e+00              41.089           8.920e-09             337.486           3.162e+02     
 140.000         180.000            1.194e+00           1.194e+00              62.386           5.116e-08             349.459           3.162e+02     
 145.000         180.000            1.055e+00           1.055e+00              86.596           1.316e-07               4.544           3.162e+02     
 150.000         180.000            9.104e-01           9.104e-01             113.159           2.343e-07              19.752           3.162e+02     
 155.000         180.000            7.723e-01           7.723e-01             139.919           3.210e-07              35.162           3.162e+02     
 160.000         180.000            5.951e-01           5.951e-01             165.306           3.533e-07              50.851           3.162e+02     
 165.000         180.000            3.713e-01           3.713e-01             189.748           3.191e-07              67.860           3.162e+02     
 170.000         180.000            1.646e-01           1.646e-01             214.907           2.477e-07              87.214           3.162e+02     
 175.000         180.000            3.803e-02           3.803e-02             242.208           1.795e-07             109.882           3.162e+02     
 180.000         180.000            1.249e-05           1.235e-05             122.161           1.348e-07             134.792           4.423e+01     
   0.000         185.000            1.249e-05           1.204e-05             122.046           4.462e-07             309.036           4.425e+01     
   5.000         185.000            3.857e-02           3.857e-02             243.297           5.068e-07             280.716           3.162e+02     
  10.000         185.000            1.690e-01           1.690e-01             217.099           5.915e-07             252.467           3.162e+02     
  15.000         185.000            3.863e-01           3.863e-01             193.058           6.801e-07             226.492           3.162e+02     
  20.000         185.000            6.283e-01           6.283e-01             169.818           6.941e-07             203.012           3.162e+02     
  25.000         185.000            8.252e-01           8.252e-01             145.834           5.867e-07             179.925           3.162e+02     
  30.000         185.000            9.731e-01           9.731e-01             120.647           4.011e-07             153.833           3.162e+02     
  35.000         185.000            1.109e+00           1.109e+00              95.494           2.461e-07             120.025           3.162e+02     
  40.000         185.000            1.223e+00           1.223e+00              72.208           1.914e-07              78.091           3.162e+02     
  45.000         185.000            1.242e+00           1.242e+00              51.365           2.172e-07              40.903           3.162e+02     
  50.000         185.000            1.112e+00           1.112e+00              31.954           2.584e-07              14.430           3.162e+02     
  55.000         185.000            8.644e-01           8.644e-01              11.896           2.610e-07             355.297           3.162e+02     
  60.000         185.000            6.125e-01           6.125e-01             348.334           2.160e-07             340.362           3.162e+02     
  65.000         185.000            4.679e-01           4.679e-01             319.354           1.499e-07             327.703           3.162e+02     
  70.000         185.000            4.785e-01           4.785e-01             289.433           8.720e-08             316.776           3.162e+02     
  75.000         185.000            6.150e-01           6.150e-01             266.715           4.229e-08             307.319           3.162e+02     
  80.000         185.000            8.013e-01           8.013e-01             252.737           1.608e-08             299.584           3.162e+02     
  85.000         185.000            9.537e-01           9.537e-01             245.393           3.561e-09             294.217           3.162e+02     
  90.000         185.000            1.012e+00           1.012e+00             243.109           3.854e-13             343.328           3.162e+02     
  95.000         185.000            9.537e-01           9.537e-01             245.393           3.563e-09             114.098           3.162e+02     
 100.000         185.000            8.013e-01           8.013e-01             252.737           1.609e-08             119.530           3.162e+02     
 105.000         185.000            6.150e-01           6.150e-01             266.715           4.229e-08             127.288           3.162e+02     
 110.000         185.000            4.785e-01           4.785e-01             289.433           8.720e-08             136.756           3.162e+02     
 115.000         185.000            4.679e-01           4.679e-01             319.354           1.499e-07             147.690           3.162e+02     
 120.000         185.000            6.125e-01           6.125e-01             348.334           2.160e-07             160.352           3.162e+02     
 125.000         185.000            8.644e-01           8.644e-01              11.896           2.610e-07             175.290           3.162e+02     
 130.000         185.000            1.112e+00           1.112e+00              31.954           2.584e-07             194.425           3.162e+02     
 135.000         185.000            1.242e+00           1.242e+00              51.365           2.172e-07             220.900           3.162e+02     
 140.000         185.000            1.223e+00           1.223e+00              72.208           1.914e-07             258.089           3.162e+02     
 145.000         185.000            1.109e+00           1.109e+00              95.494           2.461e-07             300.025           3.162e+02     
 150.000         185.000            9.731e-01           9.731e-01             120.647           4.011e-07             333.834           3.162e+02     
 155.000         185.000            8.252e-01           8.252e-01             145.834           5.867e-07             359.926           3.162e+02     
 160.000         185.000            6.283e-01           6.283e-01             169.818           6.941e-07              23.013           3.162e+02     
 165.000         185.000            3.863e-01           3.863e-01             193.058           6.801e-07              46.494           3.162e+02     
 170.000         185.000            1.690e-01           1.690e-01             217.099           5.916e-07              72.469           3.162e+02     
 175.000         185.000            3.857e-02           3.857e-02             243.297           5.068e-07             100.718           3.162e+02     
 180.000         185.000            1.249e-05           1.204e-05             122.046           4.462e-07             129.038           4.423e+01     
   0.000         190.000            1.249e-05           1.155e-05             121.927           9.338e-07             306.853           4.425e+01     
   5.000         190.000            3.906e-02           3.906e-02             244.578           1.012e-06             277.642           3.162e+02     
  10.000         190.000            1.728e-01           1.728e-01             219.584           1.134e-06             247.349           3.162e+02     
  15.000         190.000            3.990e-01           3.990e-01             196.694           1.319e-06             218.314           3.162e+02     
  20.000         190.000            6.564e-01           6.564e-01             174.636           1.414e-06             192.090           3.162e+02     
  25.000         190.000            8.709e-01           8.709e-01             151.991           1.317e-06             166.369           3.162e+02     
  30.000         190.000            1.028e+00           1.028e+00             128.319           1.080e-06             138.171           3.162e+02     
  35.000         190.000            1.155e+00           1.155e+00             104.627           8.962e-07             106.114           3.162e+02     
  40.000         190.000            1.244e+00           1.244e+00              82.459           8.697e-07              73.713           3.162e+02     
  45.000         190.000            1.233e+00           1.233e+00              62.349           9.285e-07              46.886           3.162e+02     
  50.000         190.000            1.082e+00           1.082e+00              43.416           9.405e-07              26.367           3.162e+02     
  55.000         190.000            8.311e-01           8.311e-01              23.737           8.260e-07              10.819           3.162e+02     
  60.000         190.000            5.858e-01           5.858e-01               0.630           6.165e-07             358.652           3.162e+02     
  65.000         190.000            4.449e-01           4.449e-01             332.364           3.905e-07             349.127           3.162e+02     
  70.000         190.000            4.465e-01           4.465e-01             303.170           2.107e-07             341.414           3.162e+02     
  75.000         190.000            5.608e-01           5.608e-01             280.777           9.532e-08             335.474           3.162e+02     
  80.000         190.000            7.192e-01           7.192e-01             266.867           3.399e-08             331.194           3.162e+02     
  85.000         190.000            8.489e-01           8.489e-01             259.523           7.124e-09             328.555           3.162e+02     
  90.000         190.000            8.983e-01           8.983e-01             257.237           1.470e-12             340.012           3.162e+02     
  95.000         190.000            8.489e-01           8.489e-01             259.523           7.116e-09             148.480           3.162e+02     
 100.000         190.000            7.192e-01           7.192e-01             266.867           3.397e-08             151.161           3.162e+02     
 105.000         190.000            5.608e-01           5.608e-01             280.777           9.530e-08             155.455           3.162e+02     
 110.000         190.000            4.465e-01           4.465e-01             303.170           2.107e-07             161.402           3.162e+02     
 115.000         190.000            4.449e-01           4.449e-01             332.364           3.905e-07             169.119           3.162e+02     
 120.000         190.000            5.858e-01           5.858e-01               0.630           6.164e-07             178.646           3.162e+02     
 125.000         190.000            8.311e-01           8.311e-01              23.737           8.259e-07             190.815           3.162e+02     
 130.000         190.000            1.082e+00           1.082e+00              43.416           9.404e-07             206.363           3.162e+02     
 135.000         190.000            1.233e+00           1.233e+00              62.349           9.285e-07             226.883           3.162e+02     
 140.000         190.000            1.244e+00           1.244e+00              82.459           8.697e-07             253.712           3.162e+02     
 145.000         190.000            1.155e+00           1.155e+00             104.627           8.962e-07             286.113           3.162e+02     
 150.000         190.000            1.028e+00           1.028e+00             128.319           1.080e-06             318.171           3.162e+02     
 155.000         190.000            8.709e-01           8.709e-01             151.991           1.317e-06             346.369           3.162e+02     
 160.000         190.000            6.564e-01           6.564e-01             174.636           1.414e-06              12.090           3.162e+02     
 165.000         190.000            3.990e-01           3.990e-01             196.694           1.319e-06              38.316           3.162e+02     
 170.000         190.000            1.728e-01           1.728e-01             219.584           1.134e-06              67.351           3.162e+02     
 175.000         190.000            3.906e-02           3.906e-02             244.578           1.012e-06              97.643           3.162e+02     
 180.000         190.000            1.249e-05           1.155e-05             121.926           9.338e-07             126.854           4.423e+01     
   0.000         195.000            1.249e-05           1.090e-05             121.802           1.583e-06             305.695           4.425e+01     
   5.000         195.000            3.950e-02           3.950e-02             246.041           1.682e-06             276.743           3.002e+02     
  10.000         195.000            1.758e-01           1.758e-01             222.353           1.858e-06             245.998           3.162e+02     
  15.000         195.000            4.084e-01           4.084e-01             200.648           2.192e-06             216.134           3.162e+02     
  20.000         195.000            6.766e-01           6.766e-01             179.758           2.454e-06             189.277           3.162e+02     
  25.000         195.000            9.028e-01           9.028e-01             158.387           2.457e-06             163.456           3.162e+02     
  30.000         195.000            1.064e+00           1.064e+00             136.123           2.231e-06             136.359           3.162e+02     
  35.000         195.000            1.180e+00           1.180e+00             113.825           2.038e-06             107.704           3.162e+02     
  40.000         195.000            1.243e+00           1.243e+00              92.831           2.007e-06              80.189           3.162e+02     
  45.000         195.000            1.204e+00           1.204e+00              73.639           2.069e-06              56.410           3.162e+02     
  50.000         195.000            1.038e+00           1.038e+00              55.494           1.933e-06              38.574           3.162e+02     
  55.000         195.000            7.884e-01           7.884e-01              36.666           1.590e-06              24.597           3.162e+02     
  60.000         195.000            5.510e-01           5.510e-01              14.743           1.128e-06              13.571           3.162e+02     
  65.000         195.000            4.084e-01           4.084e-01             348.076           6.899e-07               5.014           3.162e+02     
  70.000         195.000            3.885e-01           3.885e-01             320.084           3.633e-07             358.082           3.162e+02     
  75.000         195.000            4.635e-01           4.635e-01             297.920           1.622e-07             352.859           3.162e+02     
  80.000         195.000            5.768e-01           5.768e-01             283.856           5.752e-08             349.211           3.162e+02     
  85.000         195.000            6.713e-01           6.713e-01             276.374           1.204e-08             347.077           3.162e+02     
  90.000         195.000            7.074e-01           7.074e-01             274.039           2.992e-12             346.692           3.162e+02     
  95.000         195.000            6.713e-01           6.713e-01             276.374           1.203e-08             167.033           3.162e+02     
 100.000         195.000            5.768e-01           5.768e-01             283.856           5.749e-08             169.191           3.162e+02     
 105.000         195.000            4.635e-01           4.635e-01             297.920           1.621e-07             172.847           3.162e+02     
 110.000         195.000            3.885e-01           3.885e-01             320.084           3.633e-07             178.075           3.162e+02     
 115.000         195.000            4.084e-01           4.084e-01             348.076           6.898e-07             185.009           3.162e+02     
 120.000         195.000            5.510e-01           5.510e-01              14.743           1.128e-06             193.567           3.162e+02     
 125.000         195.000            7.884e-01           7.884e-01              36.666           1.590e-06             204.594           3.162e+02     
 130.000         195.000            1.038e+00           1.038e+00              55.494           1.933e-06             218.572           3.162e+02     
 135.000         195.000            1.204e+00           1.204e+00              73.639           2.069e-06             236.407           3.162e+02     
 140.000         195.000            1.243e+00           1.243e+00              92.831           2.007e-06             260.187           3.162e+02     
 145.000         195.000            1.180e+00           1.180e+00             113.825           2.038e-06             287.702           3.162e+02     
 150.000         195.000            1.064e+00           1.064e+00             136.123           2.231e-06             316.358           3.162e+02     
 155.000         195.000            9.028e-01           9.028e-01             158.387           2.456e-06             343.455           3.162e+02     
 160.000         195.000            6.766e-01           6.766e-01             179.758           2.453e-06               9.277           3.162e+02     
 165.000         195.000            4.084e-01           4.084e-01             200.648           2.192e-06              36.135           3.162e+02     
 170.000         195.000            1.758e-01           1.758e-01             222.353           1.858e-06              65.999           3.162e+02     
 175.000         195.000            3.950e-02           3.950e-02             246.041           1.682e-06              96.745           3.002e+02     
 180.000         195.000            1.249e-05           1.090e-05             121.801           1.583e-06             125.695           4.423e+01     
   0.000         200.000            1.249e-05           1.011e-05             121.667           2.373e-06             304.968           4.425e+01     
   5.000         200.000            3.989e-02           3.988e-02             247.677           2.498e-06             276.952           2.584e+02     
  10.000         200.000            1.780e-01           1.780e-01             225.394           2.733e-06             246.749           3.162e+02     
  15.000         200.000            4.140e-01           4.140e-01             204.917           3.237e-06             217.119           3.162e+02     
  20.000         200.000            6.868e-01           6.868e-01             185.198           3.711e-06             190.532           3.162e+02     
  25.000         200.000            9.153e-01           9.153e-01             165.049           3.876e-06             165.429           3.162e+02     
  30.000         200.000            1.071e+00           1.071e+00             144.078           3.716e-06             139.962           3.162e+02     
  35.000         200.000            1.168e+00           1.168e+00             123.034           3.551e-06             113.180           3.162e+02     
  40.000         200.000            1.204e+00           1.204e+00             103.130           3.497e-06              88.834           3.162e+02     
  45.000         200.000            1.144e+00           1.144e+00              84.875           3.403e-06              68.352           3.162e+02     
  50.000         200.000            9.723e-01           9.723e-01              67.647           3.055e-06              52.184           3.162e+02     
  55.000         200.000            7.350e-01           7.350e-01              49.935           2.429e-06              39.400           3.162e+02     
  60.000         200.000            5.131e-01           5.131e-01              29.660           1.678e-06              29.306           3.162e+02     
  65.000         200.000            3.723e-01           3.723e-01               5.342           1.004e-06              21.252           3.162e+02     
  70.000         200.000            3.319e-01           3.319e-01             339.400           5.209e-07              15.077           3.162e+02     
  75.000         200.000            3.680e-01           3.680e-01             317.932           2.301e-07              10.153           3.162e+02     
  80.000         200.000            4.372e-01           4.372e-01             303.815           8.115e-08               6.654           3.162e+02     
  85.000         200.000            4.974e-01           4.974e-01             296.187           1.694e-08               4.593           3.162e+02     
  90.000         200.000            5.207e-01           5.207e-01             293.796           4.343e-12             357.614           3.162e+02     
  95.000         200.000            4.974e-01           4.974e-01             296.187           1.692e-08             184.567           3.162e+02     
 100.000         200.000            4.372e-01           4.372e-01             303.815           8.113e-08             186.642           3.162e+02     
 105.000         200.000            3.680e-01           3.680e-01             317.932           2.301e-07             190.146           3.162e+02     
 110.000         200.000            3.319e-01           3.319e-01             339.400           5.208e-07             195.072           3.162e+02     
 115.000         200.000            3.723e-01           3.723e-01               5.342           1.004e-06             201.249           3.162e+02     
 120.000         200.000            5.131e-01           5.131e-01              29.660           1.678e-06             209.303           3.162e+02     
 125.000         200.000            7.350e-01           7.350e-01              49.935           2.429e-06             219.398           3.162e+02     
 130.000         200.000            9.723e-01           9.723e-01              67.647           3.055e-06             232.182           3.162e+02     
 135.000         200.000            1.144e+00           1.144e+00              84.875           3.403e-06             248.350           3.162e+02     
 140.000         200.000            1.204e+00           1.204e+00             103.130           3.497e-06             268.832           3.162e+02     
 145.000         200.000            1.168e+00           1.168e+00             123.034           3.551e-06             293.178           3.162e+02     
 150.000         200.000            1.071e+00           1.071e+00             144.078           3.716e-06             319.961           3.162e+02     
 155.000         200.000            9.153e-01           9.153e-01             165.049           3.875e-06             345.428           3.162e+02     
 160.000         200.000            6.868e-01           6.868e-01             185.198           3.711e-06              10.532           3.162e+02     
 165.000         200.000            4.140e-01           4.140e-01             204.917           3.237e-06              37.119           3.162e+02     
 170.000         200.000            1.780e-01           1.780e-01             225.394           2.733e-06              66.750           3.162e+02     
 175.000         200.000            3.989e-02           3.988e-02             247.677           2.498e-06              96.953           2.584e+02     
 180.000         200.000            1.249e-05           1.011e-05             121.667           2.373e-06             124.968           4.423e+01     
   0.000         205.000            1.249e-05           9.206e-06             121.522           3.281e-06             304.463           4.425e+01     
   5.000         205.000            4.022e-02           4.021e-02             249.476           3.438e-06             277.854           2.276e+02     
  10.000         205.000            1.793e-01           1.793e-01             228.698           3.724e-06             248.860           3.162e+02     
  15.000         205.000            4.155e-01           4.155e-01             209.503           4.377e-06             220.121           3.162e+02     
  20.000         205.000            6.857e-01           6.857e-01             190.977           5.058e-06             194.298           3.162e+02     
  25.000         205.000            9.054e-01           9.054e-01             172.027           5.375e-06             169.549           3.162e+02     
  30.000         205.000            1.042e+00           1.042e+00             152.254           5.311e-06             145.580           3.162e+02     
  35.000         205.000            1.110e+00           1.110e+00             132.296           5.140e-06             121.773           3.162e+02     
  40.000         205.000            1.116e+00           1.116e+00             113.293           5.032e-06              99.589           3.162e+02     
  45.000         205.000            1.039e+00           1.039e+00              95.814           4.803e-06              80.960           3.162e+02     
  50.000         205.000            8.750e-01           8.750e-01              79.384           4.224e-06              66.267           3.162e+02     
  55.000         205.000            6.633e-01           6.633e-01              62.700           3.315e-06              54.645           3.162e+02     
  60.000         205.000            4.692e-01           4.692e-01              44.024           2.314e-06              45.089           3.162e+02     
  65.000         205.000            3.417e-01           3.417e-01              22.201           1.389e-06              37.912           3.162e+02     
  70.000         205.000            2.929e-01           2.929e-01             359.011           7.258e-07              32.185           3.162e+02     
  75.000         205.000            3.039e-01           3.039e-01             339.202           3.251e-07              27.927           3.162e+02     
  80.000         205.000            3.423e-01           3.423e-01             325.661           1.165e-07              24.669           3.162e+02     
  85.000         205.000            3.784e-01           3.784e-01             318.171           2.468e-08              22.720           3.162e+02     
  90.000         205.000            3.926e-01           3.926e-01             315.802           4.940e-12              12.851           3.162e+02     
  95.000         205.000            3.784e-01           3.784e-01             318.171           2.467e-08             202.708           3.162e+02     
 100.000         205.000            3.423e-01           3.423e-01             325.661           1.165e-07             204.663           3.162e+02     
 105.000         205.000            3.039e-01           3.039e-01             339.202           3.251e-07             207.923           3.162e+02     
 110.000         205.000            2.929e-01           2.929e-01             359.011           7.258e-07             212.182           3.162e+02     
 115.000         205.000            3.417e-01           3.417e-01              22.201           1.389e-06             217.909           3.162e+02     
 120.000         205.000            4.692e-01           4.692e-01              44.024           2.314e-06             225.087           3.162e+02     
 125.000         205.000            6.633e-01           6.633e-01              62.700           3.315e-06             234.643           3.162e+02     
 130.000         205.000            8.750e-01           8.750e-01              79.384           4.224e-06             246.265           3.162e+02     
 135.000         205.000            1.039e+00           1.039e+00              95.814           4.803e-06             260.958           3.162e+02     
 140.000         205.000            1.116e+00           1.116e+00             113.293           5.032e-06             279.587           3.162e+02     
 145.000         205.000            1.110e+00           1.110e+00             132.296           5.140e-06             301.771           3.162e+02     
 150.000         205.000            1.042e+00           1.042e+00             152.254           5.310e-06             325.578           3.162e+02     
 155.000         205.000            9.054e-01           9.054e-01             172.027           5.374e-06             349.548           3.162e+02     
 160.000         205.000            6.857e-01           6.857e-01             190.977           5.058e-06              14.297           3.162e+02     
 165.000         205.000            4.155e-01           4.155e-01             209.503           4.377e-06              40.120           3.162e+02     
 170.000         205.000            1.793e-01           1.793e-01             228.698           3.724e-06              68.860           3.162e+02     
 175.000         205.000            4.022e-02           4.021e-02             249.476           3.438e-06              97.855           2.276e+02     
 180.000         205.000            1.249e-05           9.205e-06             121.521           3.281e-06             124.463           4.423e+01     
   0.000         210.000            1.249e-05           8.208e-06             121.359           4.280e-06             304.087           4.425e+01     
   5.000         210.000            4.049e-02           4.049e-02             251.428           4.473e-06             279.249           2.039e+02     
  10.000         210.000            1.796e-01           1.796e-01             232.255           4.792e-06             251.960           3.162e+02     
  15.000         210.000            4.128e-01           4.128e-01             214.409           5.536e-06             224.604           3.162e+02     
  20.000         210.000            6.731e-01           6.731e-01             197.119           6.366e-06             199.906           3.162e+02     
  25.000         210.000            8.727e-01           8.727e-01             179.383           6.776e-06             176.426           3.162e+02     
  30.000         210.000            9.771e-01           9.771e-01             160.753           6.754e-06             153.896           3.162e+02     
  35.000         210.000            1.006e+00           1.006e+00             141.726           6.539e-06             131.736           3.162e+02     
  40.000         210.000            9.790e-01           9.790e-01             123.382           6.322e-06             111.397           3.162e+02     
  45.000         210.000            8.903e-01           8.903e-01             106.393           6.007e-06              93.653           3.162e+02     
  50.000         210.000            7.424e-01           7.424e-01              90.451           5.257e-06              80.077           3.162e+02     
  55.000         210.000            5.671e-01           5.671e-01              74.431           4.141e-06              69.491           3.162e+02     
  60.000         210.000            4.116e-01           4.116e-01              56.888           2.900e-06              61.118           3.162e+02     
  65.000         210.000            3.093e-01           3.093e-01              37.074           1.792e-06              54.512           3.162e+02     
  70.000         210.000            2.668e-01           2.668e-01              16.603           9.721e-07              49.275           3.162e+02     
  75.000         210.000            2.690e-01           2.690e-01             359.111           4.539e-07              45.184           3.162e+02     
  80.000         210.000            2.923e-01           2.923e-01             346.908           1.694e-07              42.176           3.162e+02     
  85.000         210.000            3.155e-01           3.155e-01             340.030           3.697e-08              40.523           3.162e+02     
  90.000         210.000            3.249e-01           3.249e-01             337.834           4.633e-12              34.351           3.162e+02     
  95.000         210.000            3.155e-01           3.155e-01             340.030           3.698e-08             220.516           3.162e+02     
 100.000         210.000            2.923e-01           2.923e-01             346.908           1.694e-07             222.173           3.162e+02     
 105.000         210.000            2.690e-01           2.690e-01             359.111           4.539e-07             225.181           3.162e+02     
 110.000         210.000            2.668e-01           2.668e-01              16.603           9.721e-07             229.272           3.162e+02     
 115.000         210.000            3.093e-01           3.093e-01              37.074           1.792e-06             234.510           3.162e+02     
 120.000         210.000            4.116e-01           4.116e-01              56.888           2.900e-06             241.116           3.162e+02     
 125.000         210.000            5.671e-01           5.671e-01              74.431           4.141e-06             249.489           3.162e+02     
 130.000         210.000            7.424e-01           7.424e-01              90.451           5.257e-06             260.076           3.162e+02     
 135.000         210.000            8.903e-01           8.903e-01             106.393           6.007e-06             273.652           3.162e+02     
 140.000         210.000            9.790e-01           9.790e-01             123.382           6.322e-06             291.396           3.162e+02     
 145.000         210.000            1.006e+00           1.006e+00             141.726           6.539e-06             311.734           3.162e+02     
 150.000         210.000            9.771e-01           9.771e-01             160.753           6.754e-06             333.894           3.162e+02     
 155.000         210.000            8.727e-01           8.727e-01             179.383           6.776e-06             356.424           3.162e+02     
 160.000         210.000            6.731e-01           6.731e-01             197.119           6.366e-06              19.905           3.162e+02     
 165.000         210.000            4.128e-01           4.128e-01             214.409           5.535e-06              44.604           3.162e+02     
 170.000         210.000            1.796e-01           1.796e-01             232.255           4.791e-06              71.960           3.162e+02     
 175.000         210.000            4.049e-02           4.049e-02             251.428           4.473e-06              99.249           2.039e+02     
 180.000         210.000            1.249e-05           8.207e-06             121.359           4.279e-06             124.087           4.423e+01     
   0.000         215.000            1.249e-05           7.150e-06             121.176           5.338e-06             303.793           4.425e+01     
   5.000         215.000            4.071e-02           4.070e-02             253.521           5.572e-06             281.020           1.851e+02     
  10.000         215.000            1.791e-01           1.791e-01             236.056           5.897e-06             255.834           3.162e+02     
  15.000         215.000            4.061e-01           4.061e-01             219.636           6.649e-06             230.277           3.162e+02     
  20.000         215.000            6.500e-01           6.500e-01             203.650           7.458e-06             206.474           3.162e+02     
  25.000         215.000            8.203e-01           8.202e-01             187.181           7.910e-06             184.859           3.162e+02     
  30.000         215.000            8.832e-01           8.832e-01             169.699           7.831e-06             163.861           3.162e+02     
  35.000         215.000            8.674e-01           8.674e-01             151.503           7.465e-06             143.379           3.162e+02     
  40.000         215.000            8.064e-01           8.064e-01             133.584           7.074e-06             124.047           3.162e+02     
  45.000         215.000            7.104e-01           7.104e-01             116.760           6.549e-06             107.849           3.162e+02     
  50.000         215.000            5.848e-01           5.848e-01             100.948           5.704e-06              94.781           3.162e+02     
  55.000         215.000            4.509e-01           4.509e-01              85.224           4.535e-06              84.511           3.162e+02     
  60.000         215.000            3.382e-01           3.382e-01              68.412           3.237e-06              76.490           3.162e+02     
  65.000         215.000            2.664e-01           2.664e-01              50.153           2.096e-06              69.582           3.162e+02     
  70.000         215.000            2.376e-01           2.376e-01              32.047           1.187e-06              64.546           3.162e+02     
  75.000         215.000            2.403e-01           2.403e-01              16.897           5.823e-07              60.485           3.162e+02     
  80.000         215.000            2.577e-01           2.577e-01               6.316           2.282e-07              57.401           3.162e+02     
  85.000         215.000            2.749e-01           2.749e-01               0.303           5.187e-08              55.404           3.162e+02     
  90.000         215.000            2.817e-01           2.817e-01             358.373           4.000e-12              65.227           3.162e+02     
  95.000         215.000            2.749e-01           2.749e-01               0.303           5.189e-08             235.400           3.162e+02     
 100.000         215.000            2.577e-01           2.577e-01               6.316           2.282e-07             237.398           3.162e+02     
 105.000         215.000            2.403e-01           2.403e-01              16.897           5.823e-07             240.483           3.162e+02     
 110.000         215.000            2.376e-01           2.376e-01              32.047           1.187e-06             244.545           3.162e+02     
 115.000         215.000            2.664e-01           2.664e-01              50.153           2.096e-06             249.580           3.162e+02     
 120.000         215.000            3.382e-01           3.382e-01              68.412           3.237e-06             256.488           3.162e+02     
 125.000         215.000            4.509e-01           4.509e-01              85.224           4.535e-06             264.509           3.162e+02     
 130.000         215.000            5.848e-01           5.848e-01             100.948           5.704e-06             274.779           3.162e+02     
 135.000         215.000            7.104e-01           7.104e-01             116.760           6.549e-06             287.847           3.162e+02     
 140.000         215.000            8.064e-01           8.064e-01             133.584           7.074e-06             304.045           3.162e+02     
 145.000         215.000            8.674e-01           8.674e-01             151.503           7.464e-06             323.377           3.162e+02     
 150.000         215.000            8.832e-01           8.832e-01             169.699           7.831e-06             343.859           3.162e+02     
 155.000         215.000            8.203e-01           8.202e-01             187.181           7.910e-06               4.857           3.162e+02     
 160.000         215.000            6.500e-01           6.500e-01             203.650           7.457e-06              26.473           3.162e+02     
 165.000         215.000            4.061e-01           4.061e-01             219.636           6.648e-06              50.276           3.162e+02     
 170.000         215.000            1.791e-01           1.791e-01             236.056           5.896e-06              75.834           3.162e+02     
 175.000         215.000            4.071e-02           4.070e-02             253.521           5.572e-06             101.020           1.851e+02     
 180.000         215.000            1.249e-05           7.149e-06             121.175           5.337e-06             123.793           4.423e+01     
   0.000         220.000            1.249e-05           6.065e-06             120.962           6.423e-06             303.552           4.425e+01     
   5.000         220.000            4.087e-02           4.087e-02             255.745           6.703e-06             283.091           1.700e+02     
  10.000         220.000            1.778e-01           1.778e-01             240.092           7.002e-06             260.333           3.162e+02     
  15.000         220.000            3.959e-01           3.959e-01             225.188           7.669e-06             236.947           3.162e+02     
  20.000         220.000            6.183e-01           6.183e-01             210.591           8.362e-06             214.826           3.162e+02     
  25.000         220.000            7.531e-01           7.531e-01             195.482           8.670e-06             194.697           3.162e+02     
  30.000         220.000            7.709e-01           7.709e-01             179.230           8.421e-06             175.461           3.162e+02     
  35.000         220.000            7.108e-01           7.108e-01             161.867           7.793e-06             156.349           3.162e+02     
  40.000         220.000            6.215e-01           6.215e-01             144.222           7.078e-06             138.758           3.162e+02     
  45.000         220.000            5.243e-01           5.243e-01             127.310           6.294e-06             123.300           3.162e+02     
  50.000         220.000            4.245e-01           4.245e-01             111.441           5.348e-06             110.529           3.162e+02     
  55.000         220.000            3.309e-01           3.309e-01              96.049           4.241e-06             100.024           3.162e+02     
  60.000         220.000            2.567e-01           2.567e-01              80.284           3.050e-06              92.056           3.162e+02     
  65.000         220.000            2.106e-01           2.106e-01              64.017           1.977e-06              85.497           3.162e+02     
  70.000         220.000            1.920e-01           1.920e-01              48.533           1.154e-06              80.041           3.162e+02     
  75.000         220.000            1.933e-01           1.933e-01              35.770           5.854e-07              75.513           3.162e+02     
  80.000         220.000            2.042e-01           2.042e-01              26.810           2.370e-07              71.972           3.162e+02     
  85.000         220.000            2.150e-01           2.150e-01              21.664           5.526e-08              69.571           3.162e+02     
  90.000         220.000            2.194e-01           2.194e-01              20.002           4.110e-12             104.840           3.162e+02     
  95.000         220.000            2.150e-01           2.150e-01              21.664           5.527e-08             249.567           3.162e+02     
 100.000         220.000            2.042e-01           2.042e-01              26.810           2.370e-07             251.970           3.162e+02     
 105.000         220.000            1.933e-01           1.933e-01              35.770           5.855e-07             255.511           3.162e+02     
 110.000         220.000            1.920e-01           1.920e-01              48.534           1.154e-06             260.039           3.162e+02     
 115.000         220.000            2.106e-01           2.106e-01              64.017           1.977e-06             265.496           3.162e+02     
 120.000         220.000            2.567e-01           2.567e-01              80.284           3.050e-06             272.055           3.162e+02     
 125.000         220.000            3.309e-01           3.309e-01              96.049           4.241e-06             280.022           3.162e+02     
 130.000         220.000            4.245e-01           4.245e-01             111.441           5.348e-06             290.527           3.162e+02     
 135.000         220.000            5.243e-01           5.243e-01             127.310           6.294e-06             303.299           3.162e+02     
 140.000         220.000            6.215e-01           6.215e-01             144.222           7.078e-06             318.756           3.162e+02     
 145.000         220.000            7.108e-01           7.108e-01             161.867           7.792e-06             336.347           3.162e+02     
 150.000         220.000            7.709e-01           7.709e-01             179.230           8.421e-06             355.459           3.162e+02     
 155.000         220.000            7.531e-01           7.531e-01             195.482           8.670e-06              14.696           3.162e+02     
 160.000         220.000            6.183e-01           6.183e-01             210.591           8.362e-06              34.825           3.162e+02     
 165.000         220.000            3.959e-01           3.959e-01             225.188           7.669e-06              56.946           3.162e+02     
 170.000         220.000            1.778e-01           1.778e-01             240.092           7.002e-06              80.332           3.162e+02     
 175.000         220.000            4.087e-02           4.087e-02             255.745           6.703e-06             103.091           1.700e+02     
 180.000         220.000            1.249e-05           6.064e-06             120.961           6.423e-06             123.552           4.423e+01     
   0.000         225.000            1.249e-05           4.985e-06             120.706           7.503e-06             303.349           4.425e+01     
   5.000         225.000            4.099e-02           4.098e-02             258.086           7.832e-06             285.404           1.576e+02     
  10.000         225.000            1.758e-01           1.758e-01             244.351           8.077e-06             265.339           3.162e+02     
  15.000         225.000            3.829e-01           3.829e-01             231.060           8.498e-06             244.153           3.162e+02     
  20.000         225.000            5.804e-01           5.804e-01             217.957           9.016e-06             224.297           3.162e+02     
  25.000         225.000            6.777e-01           6.777e-01             204.338           9.089e-06             205.964           3.162e+02     
  30.000         225.000            6.527e-01           6.527e-01             189.487           8.520e-06             188.340           3.162e+02     
  35.000         225.000            5.561e-01           5.561e-01             173.114           7.561e-06             171.653           3.162e+02     
  40.000         225.000            4.486e-01           4.486e-01             155.779           6.452e-06             155.671           3.162e+02     
  45.000         225.000            3.575e-01           3.575e-01             138.751           5.353e-06             141.183           3.162e+02     
  50.000         225.000            2.840e-01           2.840e-01             123.088           4.286e-06             128.663           3.162e+02     
  55.000         225.000            2.246e-01           2.246e-01             108.965           3.229e-06             118.695           3.162e+02     
  60.000         225.000            1.797e-01           1.797e-01              95.981           2.246e-06             110.474           3.162e+02     
  65.000         225.000            1.499e-01           1.499e-01              83.878           1.428e-06             103.518           3.162e+02     
  70.000         225.000            1.341e-01           1.341e-01              72.980           8.191e-07              97.458           3.162e+02     
  75.000         225.000            1.285e-01           1.285e-01              64.000           4.122e-07              92.188           3.162e+02     
  80.000         225.000            1.289e-01           1.289e-01              57.499           1.675e-07              87.403           3.162e+02     
  85.000         225.000            1.310e-01           1.310e-01              53.636           3.916e-08              84.429           3.162e+02     
  90.000         225.000            1.321e-01           1.321e-01              52.363           5.462e-12             143.850           3.162e+02     
  95.000         225.000            1.310e-01           1.310e-01              53.636           3.917e-08             264.424           3.162e+02     
 100.000         225.000            1.289e-01           1.289e-01              57.499           1.676e-07             267.400           3.162e+02     
 105.000         225.000            1.285e-01           1.285e-01              64.000           4.122e-07             272.185           3.162e+02     
 110.000         225.000            1.341e-01           1.341e-01              72.980           8.192e-07             277.456           3.162e+02     
 115.000         225.000            1.499e-01           1.499e-01              83.878           1.428e-06             283.516           3.162e+02     
 120.000         225.000            1.797e-01           1.797e-01              95.981           2.246e-06             290.472           3.162e+02     
 125.000         225.000            2.246e-01           2.246e-01             108.965           3.229e-06             298.694           3.162e+02     
 130.000         225.000            2.840e-01           2.840e-01             123.088           4.286e-06             308.661           3.162e+02     
 135.000         225.000            3.575e-01           3.575e-01             138.751           5.353e-06             321.181           3.162e+02     
 140.000         225.000            4.486e-01           4.486e-01             155.779           6.452e-06             335.669           3.162e+02     
 145.000         225.000            5.561e-01           5.561e-01             173.114           7.561e-06             351.651           3.162e+02     
 150.000         225.000            6.527e-01           6.527e-01             189.487           8.519e-06               8.338           3.162e+02     
 155.000         225.000            6.777e-01           6.777e-01             204.338           9.088e-06              25.963           3.162e+02     
 160.000         225.000            5.804e-01           5.804e-01             217.957           9.015e-06              44.296           3.162e+02     
 165.000         225.000            3.829e-01           3.829e-01             231.060           8.498e-06              64.152           3.162e+02     
 170.000         225.000            1.758e-01           1.758e-01             244.351           8.076e-06              85.339           3.162e+02     
 175.000         225.000            4.099e-02           4.098e-02             258.086           7.831e-06             105.404           1.576e+02     
 180.000         225.000            1.249e-05           4.984e-06             120.704           7.502e-06             123.349           4.423e+01     
   0.000         230.000            1.249e-05           3.943e-06             120.388           8.545e-06             303.173           4.425e+01     
   5.000         230.000            4.105e-02           4.105e-02             260.531           8.922e-06             287.912           1.475e+02     
  10.000         230.000            1.732e-01           1.732e-01             248.819           9.092e-06             270.753           3.162e+02     
  15.000         230.000            3.679e-01           3.679e-01             237.251           9.208e-06             252.580           3.162e+02     
  20.000         230.000            5.390e-01           5.390e-01             225.758           9.435e-06             234.776           3.162e+02     
  25.000         230.000            6.003e-01           6.003e-01             213.788           9.180e-06             218.504           3.162e+02     
  30.000         230.000            5.398e-01           5.398e-01             200.601           8.279e-06             203.172           3.162e+02     
  35.000         230.000            4.187e-01           4.187e-01             185.595           6.972e-06             188.878           3.162e+02     
  40.000         230.000            3.049e-01           3.049e-01             168.943           5.509e-06             175.314           3.162e+02     
  45.000         230.000            2.258e-01           2.258e-01             152.219           4.152e-06             162.731           3.162e+02     
  50.000         230.000            1.762e-01           1.762e-01             137.797           2.980e-06             152.035           3.162e+02     
  55.000         230.000            1.438e-01           1.438e-01             127.206           1.997e-06             142.954           3.162e+02     
  60.000         230.000            1.222e-01           1.222e-01             120.506           1.245e-06             135.474           3.162e+02     
  65.000         230.000            1.091e-01           1.091e-01             116.812           7.130e-07             128.670           3.162e+02     
  70.000         230.000            1.029e-01           1.029e-01             114.930           3.656e-07             122.870           3.162e+02     
  75.000         230.000            1.018e-01           1.018e-01             113.899           1.651e-07             117.307           3.162e+02     
  80.000         230.000            1.032e-01           1.032e-01             113.222           6.081e-08             112.221           3.162e+02     
  85.000         230.000            1.051e-01           1.051e-01             112.783           1.334e-08             108.062           3.162e+02     
  90.000         230.000            1.059e-01           1.059e-01             112.627           7.148e-12             178.089           3.162e+02     
  95.000         230.000            1.051e-01           1.051e-01             112.783           1.334e-08             288.053           3.162e+02     
 100.000         230.000            1.032e-01           1.032e-01             113.222           6.081e-08             292.217           3.162e+02     
 105.000         230.000            1.018e-01           1.018e-01             113.899           1.651e-07             297.304           3.162e+02     
 110.000         230.000            1.029e-01           1.029e-01             114.930           3.656e-07             302.867           3.162e+02     
 115.000         230.000            1.091e-01           1.091e-01             116.812           7.130e-07             308.668           3.162e+02     
 120.000         230.000            1.222e-01           1.222e-01             120.506           1.245e-06             315.472           3.162e+02     
 125.000         230.000            1.438e-01           1.438e-01             127.206           1.997e-06             322.953           3.162e+02     
 130.000         230.000            1.762e-01           1.762e-01             137.797           2.980e-06             332.033           3.162e+02     
 135.000         230.000            2.258e-01           2.258e-01             152.219           4.152e-06             342.729           3.162e+02     
 140.000         230.000            3.049e-01           3.049e-01             168.943           5.509e-06             355.313           3.162e+02     
 145.000         230.000            4.187e-01           4.187e-01             185.595           6.972e-06               8.876           3.162e+02     
 150.000         230.000            5.398e-01           5.398e-01             200.601           8.279e-06              23.171           3.162e+02     
 155.000         230.000            6.003e-01           6.003e-01             213.788           9.179e-06              38.503           3.162e+02     
 160.000         230.000            5.390e-01           5.390e-01             225.758           9.434e-06              54.775           3.162e+02     
 165.000         230.000            3.679e-01           3.679e-01             237.251           9.207e-06              72.580           3.162e+02     
 170.000         230.000            1.732e-01           1.732e-01             248.819           9.091e-06              90.752           3.162e+02     
 175.000         230.000            4.105e-02           4.105e-02             260.531           8.922e-06             107.912           1.475e+02     
 180.000         230.000            1.249e-05           3.943e-06             120.386           8.544e-06             123.173           4.423e+01     
   0.000         235.000            1.249e-05           2.971e-06             119.976           9.516e-06             303.017           4.425e+01     
   5.000         235.000            4.109e-02           4.108e-02             263.066           9.942e-06             290.575           1.392e+02     
  10.000         235.000            1.703e-01           1.703e-01             253.481           1.002e-05             276.481           3.162e+02     
  15.000         235.000            3.517e-01           3.517e-01             243.753           9.873e-06             261.299           3.162e+02     
  20.000         235.000            4.967e-01           4.966e-01             233.994           9.659e-06             246.134           3.162e+02     
  25.000         235.000            5.261e-01           5.261e-01             223.853           9.027e-06             232.187           3.162e+02     
  30.000         235.000            4.399e-01           4.399e-01             212.676           7.837e-06             219.361           3.162e+02     
  35.000         235.000            3.076e-01           3.075e-01             199.689           6.253e-06             207.931           3.162e+02     
  40.000         235.000            1.978e-01           1.978e-01             184.671           4.591e-06             197.612           3.162e+02     
  45.000         235.000            1.333e-01           1.333e-01             169.485           3.131e-06             189.163           3.162e+02     
  50.000         235.000            1.033e-01           1.033e-01             158.395           1.969e-06             182.613           3.162e+02     
  55.000         235.000            9.395e-02           9.395e-02             154.465           1.135e-06             178.335           3.162e+02     
  60.000         235.000            1.004e-01           1.004e-01             156.507           5.974e-07             176.306           3.162e+02     
  65.000         235.000            1.226e-01           1.226e-01             160.638           2.746e-07             176.872           3.162e+02     
  70.000         235.000            1.580e-01           1.580e-01             163.988           1.132e-07             179.986           3.162e+02     
  75.000         235.000            1.997e-01           1.997e-01             165.899           4.001e-08             185.217           3.162e+02     
  80.000         235.000            2.386e-01           2.386e-01             166.759           1.148e-08             191.840           3.162e+02     
  85.000         235.000            2.660e-01           2.660e-01             167.065           2.003e-09             197.694           3.162e+02     
  90.000         235.000            2.759e-01           2.759e-01             167.132           7.873e-12             212.011           3.162e+02     
  95.000         235.000            2.660e-01           2.660e-01             167.065           2.002e-09              17.707           3.162e+02     
 100.000         235.000            2.386e-01           2.386e-01             166.759           1.148e-08              11.843           3.162e+02     
 105.000         235.000            1.997e-01           1.997e-01             165.899           4.000e-08               5.217           3.162e+02     
 110.000         235.000            1.580e-01           1.580e-01             163.988           1.132e-07             359.985           3.162e+02     
 115.000         235.000            1.226e-01           1.226e-01             160.638           2.746e-07             356.871           3.162e+02     
 120.000         235.000            1.004e-01           1.004e-01             156.507           5.974e-07             356.305           3.162e+02     
 125.000         235.000            9.395e-02           9.395e-02             154.465           1.135e-06             358.334           3.162e+02     
 130.000         235.000            1.033e-01           1.033e-01             158.395           1.969e-06               2.612           3.162e+02     
 135.000         235.000            1.333e-01           1.333e-01             169.485           3.131e-06               9.161           3.162e+02     
 140.000         235.000            1.978e-01           1.978e-01             184.671           4.591e-06              17.610           3.162e+02     
 145.000         235.000            3.076e-01           3.075e-01             199.689           6.253e-06              27.929           3.162e+02     
 150.000         235.000            4.399e-01           4.399e-01             212.676           7.836e-06              39.359           3.162e+02     
 155.000         235.000            5.261e-01           5.261e-01             223.853           9.027e-06              52.186           3.162e+02     
 160.000         235.000            4.967e-01           4.966e-01             233.994           9.658e-06              66.133           3.162e+02     
 165.000         235.000            3.517e-01           3.517e-01             243.753           9.873e-06              81.298           3.162e+02     
 170.000         235.000            1.703e-01           1.703e-01             253.481           1.002e-05              96.481           3.162e+02     
 175.000         235.000            4.109e-02           4.108e-02             263.066           9.942e-06             110.575           1.392e+02     
 180.000         235.000            1.249e-05           2.971e-06             119.975           9.516e-06             123.017           4.423e+01     
   0.000         240.000            1.249e-05           2.099e-06             119.412           1.039e-05             302.875           4.425e+01     
   5.000         240.000            4.109e-02           4.108e-02             265.673           1.086e-05             293.355           1.324e+02     
  10.000         240.000            1.671e-01           1.671e-01             258.315           1.085e-05             282.437           3.037e+02     
  15.000         240.000            3.351e-01           3.351e-01             250.550           1.042e-05             270.438           3.162e+02     
  20.000         240.000            4.555e-01           4.555e-01             242.656           9.681e-06             258.401           3.162e+02     
  25.000         240.000            4.587e-01           4.587e-01             234.533           8.696e-06             246.670           3.162e+02     
  30.000         240.000            3.570e-01           3.570e-01             225.770           7.274e-06             236.691           3.162e+02     
  35.000         240.000            2.247e-01           2.247e-01             215.744           5.571e-06             228.477           3.162e+02     
  40.000         240.000            1.259e-01           1.259e-01             204.196           3.900e-06             222.382           3.162e+02     
  45.000         240.000            7.609e-02           7.609e-02             193.273           2.502e-06             219.230           3.162e+02     
  50.000         240.000            6.216e-02           6.215e-02             188.511           1.500e-06             219.752           3.162e+02     
  55.000         240.000            7.562e-02           7.561e-02             191.490           8.686e-07             224.392           3.162e+02     
  60.000         240.000            1.207e-01           1.207e-01             196.406           5.101e-07             233.345           3.162e+02     
  65.000         240.000            2.024e-01           2.024e-01             199.403           3.149e-07             244.650           3.162e+02     
  70.000         240.000            3.146e-01           3.146e-01             200.534           1.997e-07             255.793           3.162e+02     
  75.000         240.000            4.391e-01           4.391e-01             200.684           1.185e-07             264.947           3.162e+02     
  80.000         240.000            5.517e-01           5.517e-01             200.472           5.612e-08             271.507           3.162e+02     
  85.000         240.000            6.297e-01           6.297e-01             200.239           1.449e-08             275.608           3.162e+02     
  90.000         240.000            6.575e-01           6.575e-01             200.146           7.884e-12             250.176           3.162e+02     
  95.000         240.000            6.297e-01           6.297e-01             200.239           1.449e-08              95.623           3.162e+02     
 100.000         240.000            5.517e-01           5.517e-01             200.472           5.612e-08              91.514           3.162e+02     
 105.000         240.000            4.391e-01           4.391e-01             200.684           1.185e-07              84.951           3.162e+02     
 110.000         240.000            3.146e-01           3.146e-01             200.534           1.997e-07              75.795           3.162e+02     
 115.000         240.000            2.024e-01           2.024e-01             199.403           3.149e-07              64.650           3.162e+02     
 120.000         240.000            1.207e-01           1.207e-01             196.406           5.101e-07              53.344           3.162e+02     
 125.000         240.000            7.562e-02           7.561e-02             191.490           8.686e-07              44.390           3.162e+02     
 130.000         240.000            6.216e-02           6.215e-02             188.511           1.500e-06              39.751           3.162e+02     
 135.000         240.000            7.609e-02           7.609e-02             193.273           2.502e-06              39.228           3.162e+02     
 140.000         240.000            1.259e-01           1.259e-01             204.196           3.900e-06              42.380           3.162e+02     
 145.000         240.000            2.247e-01           2.247e-01             215.744           5.571e-06              48.475           3.162e+02     
 150.000         240.000            3.570e-01           3.570e-01             225.770           7.274e-06              56.689           3.162e+02     
 155.000         240.000            4.587e-01           4.587e-01             234.533           8.696e-06              66.669           3.162e+02     
 160.000         240.000            4.555e-01           4.555e-01             242.656           9.680e-06              78.400           3.162e+02     
 165.000         240.000            3.351e-01           3.351e-01             250.550           1.041e-05              90.437           3.162e+02     
 170.000         240.000            1.671e-01           1.671e-01             258.315           1.085e-05             102.437           3.037e+02     
 175.000         240.000            4.109e-02           4.108e-02             265.673           1.086e-05             113.355           1.324e+02     
 180.000         240.000            1.249e-05           2.099e-06             119.411           1.039e-05             122.875           4.423e+01     
   0.000         245.000            1.249e-05           1.353e-06             118.576           1.114e-05             302.744           4.425e+01     
   5.000         245.000            4.107e-02           4.106e-02             268.338           1.165e-05             296.218           1.270e+02     
  10.000         245.000            1.639e-01           1.638e-01             263.300           1.154e-05             288.540           2.794e+02     
  15.000         245.000            3.190e-01           3.190e-01             257.621           1.084e-05             279.862           3.162e+02     
  20.000         245.000            4.171e-01           4.171e-01             251.734           9.734e-06             270.927           3.162e+02     
  25.000         245.000            4.001e-01           4.001e-01             245.813           8.315e-06             262.169           3.162e+02     
  30.000         245.000            2.917e-01           2.916e-01             239.871           6.673e-06             254.984           3.162e+02     
  35.000         245.000            1.674e-01           1.674e-01             233.943           4.937e-06             249.945           3.162e+02     
  40.000         245.000            8.367e-02           8.367e-02             228.679           3.403e-06             248.191           3.162e+02     
  45.000         245.000            4.828e-02           4.828e-02             226.535           2.217e-06             250.454           3.162e+02     
  50.000         245.000            4.893e-02           4.893e-02             229.199           1.445e-06             257.059           3.162e+02     
  55.000         245.000            8.611e-02           8.611e-02             232.068           1.005e-06             267.375           3.162e+02     
  60.000         245.000            1.744e-01           1.744e-01             232.529           7.744e-07             278.217           3.162e+02     
  65.000         245.000            3.222e-01           3.222e-01             231.711           6.115e-07             287.369           3.162e+02     
  70.000         245.000            5.175e-01           5.175e-01             230.599           4.524e-07             294.228           3.162e+02     
  75.000         245.000            7.289e-01           7.289e-01             229.601           2.853e-07             298.934           3.162e+02     
  80.000         245.000            9.167e-01           9.167e-01             228.854           1.383e-07             302.230           3.162e+02     
  85.000         245.000            1.045e+00           1.045e+00             228.401           3.596e-08             304.222           3.162e+02     
  90.000         245.000            1.091e+00           1.091e+00             228.250           8.601e-12             291.574           3.162e+02     
  95.000         245.000            1.045e+00           1.045e+00             228.401           3.597e-08             124.232           3.162e+02     
 100.000         245.000            9.167e-01           9.167e-01             228.854           1.383e-07             122.235           3.162e+02     
 105.000         245.000            7.289e-01           7.289e-01             229.601           2.853e-07             118.936           3.162e+02     
 110.000         245.000            5.175e-01           5.175e-01             230.599           4.524e-07             114.229           3.162e+02     
 115.000         245.000            3.222e-01           3.222e-01             231.711           6.115e-07             107.369           3.162e+02     
 120.000         245.000            1.744e-01           1.744e-01             232.529           7.744e-07              98.217           3.162e+02     
 125.000         245.000            8.611e-02           8.611e-02             232.068           1.005e-06              87.374           3.162e+02     
 130.000         245.000            4.893e-02           4.893e-02             229.199           1.445e-06              77.057           3.162e+02     
 135.000         245.000            4.828e-02           4.828e-02             226.535           2.217e-06              70.452           3.162e+02     
 140.000         245.000            8.367e-02           8.367e-02             228.679           3.403e-06              68.189           3.162e+02     
 145.000         245.000            1.674e-01           1.674e-01             233.943           4.937e-06              69.943           3.162e+02     
 150.000         245.000            2.917e-01           2.916e-01             239.871           6.672e-06              74.982           3.162e+02     
 155.000         245.000            4.001e-01           4.001e-01             245.813           8.315e-06              82.168           3.162e+02     
 160.000         245.000            4.171e-01           4.171e-01             251.734           9.733e-06              90.926           3.162e+02     
 165.000         245.000            3.190e-01           3.190e-01             257.621           1.084e-05              99.861           3.162e+02     
 170.000         245.000            1.639e-01           1.638e-01             263.300           1.154e-05             108.539           2.794e+02     
 175.000         245.000            4.107e-02           4.106e-02             268.338           1.164e-05             116.218           1.270e+02     
 180.000         245.000            1.249e-05           1.352e-06             118.574           1.113e-05             122.744           4.423e+01     
   0.000         250.000            1.249e-05           7.547e-07             117.182           1.173e-05             302.621           4.425e+01     
   5.000         250.000            4.103e-02           4.102e-02             271.042           1.227e-05             299.134           1.228e+02     
  10.000         250.000            1.607e-01           1.607e-01             268.405           1.209e-05             294.714           2.601e+02     
  15.000         250.000            3.040e-01           3.039e-01             264.939           1.116e-05             289.433           3.162e+02     
  20.000         250.000            3.829e-01           3.829e-01             261.203           9.712e-06             283.805           3.162e+02     
  25.000         250.000            3.510e-01           3.510e-01             257.662           7.924e-06             278.395           3.162e+02     
  30.000         250.000            2.423e-01           2.423e-01             254.903           6.056e-06             274.278           3.162e+02     
  35.000         250.000            1.311e-01           1.311e-01             254.122           4.381e-06             272.389           3.162e+02     
  40.000         250.000            6.442e-02           6.442e-02             257.769           3.010e-06             274.417           3.162e+02     
  45.000         250.000            4.449e-02           4.449e-02             266.397           2.060e-06             280.913           3.162e+02     
  50.000         250.000            6.159e-02           6.159e-02             271.316           1.513e-06             291.033           3.162e+02     
  55.000         250.000            1.240e-01           1.240e-01             269.397           1.233e-06             302.126           3.162e+02     
  60.000         250.000            2.520e-01           2.520e-01             265.645           1.053e-06             311.557           3.162e+02     
  65.000         250.000            4.537e-01           4.537e-01             262.500           8.646e-07             318.607           3.162e+02     
  70.000         250.000            7.102e-01           7.102e-01             260.303           6.346e-07             323.591           3.162e+02     
  75.000         250.000            9.804e-01           9.804e-01             258.881           3.966e-07             327.194           3.162e+02     
  80.000         250.000            1.216e+00           1.216e+00             258.025           1.882e-07             329.686           3.162e+02     
  85.000         250.000            1.376e+00           1.376e+00             257.575           4.819e-08             331.183           3.162e+02     
  90.000         250.000            1.432e+00           1.432e+00             257.436           1.022e-11             330.934           3.162e+02     
  95.000         250.000            1.376e+00           1.376e+00             257.575           4.821e-08             151.192           3.162e+02     
 100.000         250.000            1.216e+00           1.216e+00             258.025           1.882e-07             149.689           3.162e+02     
 105.000         250.000            9.804e-01           9.804e-01             258.881           3.967e-07             147.196           3.162e+02     
 110.000         250.000            7.102e-01           7.102e-01             260.303           6.346e-07             143.592           3.162e+02     
 115.000         250.000            4.537e-01           4.537e-01             262.500           8.646e-07             138.607           3.162e+02     
 120.000         250.000            2.520e-01           2.520e-01             265.645           1.053e-06             131.557           3.162e+02     
 125.000         250.000            1.240e-01           1.240e-01             269.397           1.233e-06             122.124           3.162e+02     
 130.000         250.000            6.159e-02           6.159e-02             271.316           1.513e-06             111.031           3.162e+02     
 135.000         250.000            4.449e-02           4.449e-02             266.397           2.060e-06             100.911           3.162e+02     
 140.000         250.000            6.442e-02           6.442e-02             257.769           3.010e-06              94.414           3.162e+02     
 145.000         250.000            1.311e-01           1.311e-01             254.122           4.381e-06              92.387           3.162e+02     
 150.000         250.000            2.423e-01           2.423e-01             254.903           6.056e-06              94.276           3.162e+02     
 155.000         250.000            3.510e-01           3.510e-01             257.662           7.924e-06              98.394           3.162e+02     
 160.000         250.000            3.829e-01           3.829e-01             261.203           9.711e-06             103.804           3.162e+02     
 165.000         250.000            3.040e-01           3.039e-01             264.939           1.116e-05             109.433           3.162e+02     
 170.000         250.000            1.607e-01           1.607e-01             268.405           1.209e-05             114.714           2.601e+02     
 175.000         250.000            4.103e-02           4.102e-02             271.042           1.227e-05             119.133           1.228e+02     
 180.000         250.000            1.249e-05           7.546e-07             117.179           1.173e-05             122.621           4.423e+01     
   0.000         255.000            1.249e-05           3.237e-07             114.331           1.216e-05             302.503           4.425e+01     
   5.000         255.000            4.099e-02           4.097e-02             273.765           1.273e-05             302.072           1.197e+02     
  10.000         255.000            1.578e-01           1.578e-01             273.599           1.247e-05             300.894           2.453e+02     
  15.000         255.000            2.906e-01           2.906e-01             272.465           1.137e-05             299.024           3.162e+02     
  20.000         255.000            3.537e-01           3.537e-01             271.031           9.647e-06             296.839           3.162e+02     
  25.000         255.000            3.115e-01           3.115e-01             270.040           7.612e-06             294.834           3.162e+02     
  30.000         255.000            2.066e-01           2.066e-01             270.730           5.612e-06             294.052           3.162e+02     
  35.000         255.000            1.103e-01           1.103e-01             275.651           3.916e-06             295.772           3.162e+02     
  40.000         255.000            6.170e-02           6.169e-02             288.146           2.683e-06             301.275           3.162e+02     
  45.000         255.000            5.960e-02           5.960e-02             302.263           1.926e-06             310.794           3.162e+02     
  50.000         255.000            9.790e-02           9.790e-02             305.672           1.540e-06             322.700           3.162e+02     
  55.000         255.000            1.892e-01           1.892e-01             301.721           1.340e-06             333.874           3.162e+02     
  60.000         255.000            3.541e-01           3.541e-01             296.829           1.168e-06             342.764           3.162e+02     
  65.000         255.000            5.962e-01           5.962e-01             293.178           9.423e-07             349.481           3.162e+02     
  70.000         255.000            8.910e-01           8.910e-01             290.874           6.788e-07             354.503           3.162e+02     
  75.000         255.000            1.193e+00           1.193e+00             289.561           4.122e-07             358.368           3.162e+02     
  80.000         255.000            1.452e+00           1.452e+00             288.884           1.911e-07               1.208           3.162e+02     
  85.000         255.000            1.626e+00           1.626e+00             288.582           4.822e-08               2.958           3.162e+02     
  90.000         255.000            1.687e+00           1.687e+00             288.498           1.148e-11               7.761           3.162e+02     
  95.000         255.000            1.626e+00           1.626e+00             288.582           4.823e-08             182.963           3.162e+02     
 100.000         255.000            1.452e+00           1.452e+00             288.884           1.911e-07             181.210           3.162e+02     
 105.000         255.000            1.193e+00           1.193e+00             289.561           4.122e-07             178.368           3.162e+02     
 110.000         255.000            8.910e-01           8.910e-01             290.874           6.789e-07             174.503           3.162e+02     
 115.000         255.000            5.962e-01           5.962e-01             293.178           9.423e-07             169.480           3.162e+02     
 120.000         255.000            3.541e-01           3.541e-01             296.829           1.168e-06             162.762           3.162e+02     
 125.000         255.000            1.892e-01           1.892e-01             301.721           1.340e-06             153.872           3.162e+02     
 130.000         255.000            9.790e-02           9.790e-02             305.672           1.540e-06             142.697           3.162e+02     
 135.000         255.000            5.960e-02           5.960e-02             302.263           1.926e-06             130.791           3.162e+02     
 140.000         255.000            6.170e-02           6.170e-02             288.146           2.683e-06             121.272           3.162e+02     
 145.000         255.000            1.103e-01           1.103e-01             275.651           3.916e-06             115.770           3.162e+02     
 150.000         255.000            2.066e-01           2.066e-01             270.730           5.612e-06             114.050           3.162e+02     
 155.000         255.000            3.115e-01           3.115e-01             270.040           7.612e-06             114.833           3.162e+02     
 160.000         255.000            3.537e-01           3.537e-01             271.031           9.646e-06             116.838           3.162e+02     
 165.000         255.000            2.906e-01           2.906e-01             272.465           1.137e-05             119.023           3.162e+02     
 170.000         255.000            1.578e-01           1.578e-01             273.599           1.247e-05             120.893           2.453e+02     
 175.000         255.000            4.099e-02           4.097e-02             273.765           1.273e-05             122.071           1.197e+02     
 180.000         255.000            1.249e-05           3.236e-07             114.327           1.216e-05             122.503           4.423e+01     
   0.000         260.000            1.249e-05           7.257e-08             105.102           1.242e-05             302.389           4.425e+01     
   5.000         260.000            4.094e-02           4.093e-02             276.489           1.298e-05             305.005           1.176e+02     
  10.000         260.000            1.553e-01           1.553e-01             278.842           1.267e-05             307.019           2.344e+02     
  15.000         260.000            2.794e-01           2.794e-01             280.148           1.145e-05             308.519           3.162e+02     
  20.000         260.000            3.301e-01           3.301e-01             281.164           9.551e-06             309.825           3.162e+02     
  25.000         260.000            2.814e-01           2.814e-01             282.889           7.361e-06             311.408           3.162e+02     
  30.000         260.000            1.822e-01           1.822e-01             287.175           5.282e-06             314.226           3.162e+02     
  35.000         260.000            1.006e-01           1.006e-01             297.605           3.624e-06             319.568           3.162e+02     
  40.000         260.000            6.947e-02           6.947e-02             316.019           2.500e-06             328.471           3.162e+02     
  45.000         260.000            8.678e-02           8.678e-02             330.602           1.860e-06             340.799           3.162e+02     
  50.000         260.000            1.502e-01           1.502e-01             333.177           1.553e-06             353.931           3.162e+02     
  55.000         260.000            2.736e-01           2.736e-01             329.813           1.376e-06               5.616           3.162e+02     
  60.000         260.000            4.735e-01           4.735e-01             325.803           1.192e-06              15.057           3.162e+02     
  65.000         260.000            7.469e-01           7.469e-01             322.901           9.499e-07              22.691           3.162e+02     
  70.000         260.000            1.065e+00           1.065e+00             321.213           6.723e-07              28.840           3.162e+02     
  75.000         260.000            1.382e+00           1.382e+00             320.405           4.036e-07              33.889           3.162e+02     
  80.000         260.000            1.648e+00           1.648e+00             320.112           1.862e-07              37.745           3.162e+02     
  85.000         260.000            1.826e+00           1.826e+00             320.053           4.684e-08              40.356           3.162e+02     
  90.000         260.000            1.887e+00           1.887e+00             320.053           1.206e-11              45.045           3.162e+02     
  95.000         260.000            1.826e+00           1.826e+00             320.053           4.685e-08             220.359           3.162e+02     
 100.000         260.000            1.648e+00           1.648e+00             320.112           1.862e-07             217.747           3.162e+02     
 105.000         260.000            1.382e+00           1.382e+00             320.405           4.036e-07             213.890           3.162e+02     
 110.000         260.000            1.065e+00           1.065e+00             321.213           6.723e-07             208.840           3.162e+02     
 115.000         260.000            7.469e-01           7.469e-01             322.901           9.500e-07             202.690           3.162e+02     
 120.000         260.000            4.735e-01           4.735e-01             325.803           1.192e-06             195.056           3.162e+02     
 125.000         260.000            2.736e-01           2.736e-01             329.813           1.376e-06             185.614           3.162e+02     
 130.000         260.000            1.502e-01           1.502e-01             333.177           1.553e-06             173.929           3.162e+02     
 135.000         260.000            8.678e-02           8.678e-02             330.602           1.860e-06             160.796           3.162e+02     
 140.000         260.000            6.947e-02           6.947e-02             316.019           2.500e-06             148.468           3.162e+02     
 145.000         260.000            1.006e-01           1.006e-01             297.605           3.624e-06             139.565           3.162e+02     
 150.000         260.000            1.822e-01           1.822e-01             287.175           5.281e-06             134.224           3.162e+02     
 155.000         260.000            2.814e-01           2.814e-01             282.889           7.361e-06             131.406           3.162e+02     
 160.000         260.000            3.301e-01           3.301e-01             281.164           9.551e-06             129.824           3.162e+02     
 165.000         260.000            2.794e-01           2.794e-01             280.148           1.145e-05             128.518           3.162e+02     
 170.000         260.000            1.553e-01           1.553e-01             278.842           1.267e-05             127.018           2.344e+02     
 175.000         260.000            4.094e-02           4.093e-02             276.489           1.298e-05             125.004           1.176e+02     
 180.000         260.000            1.249e-05           7.254e-08             105.091           1.241e-05             122.388           4.423e+01     
   0.000         265.000            1.249e-05           8.945e-09             359.866           1.248e-05             302.275           4.425e+01     
   5.000         265.000            4.090e-02           4.089e-02             279.192           1.304e-05             307.907           1.166e+02     
  10.000         265.000            1.532e-01           1.532e-01             284.092           1.268e-05             313.039           2.271e+02     
  15.000         265.000            2.706e-01           2.706e-01             287.922           1.139e-05             317.825           3.092e+02     
  20.000         265.000            3.125e-01           3.125e-01             291.525           9.419e-06             322.577           3.162e+02     
  25.000         265.000            2.604e-01           2.604e-01             296.113           7.184e-06             327.779           3.162e+02     
  30.000         265.000            1.674e-01           1.674e-01             304.018           5.103e-06             334.287           3.162e+02     
  35.000         265.000            9.868e-02           9.868e-02             319.153           3.500e-06             343.262           3.162e+02     
  40.000         265.000            8.252e-02           8.252e-02             340.443           2.453e-06             355.344           3.162e+02     
  45.000         265.000            1.174e-01           1.174e-01             354.276           1.887e-06               9.968           3.162e+02     
  50.000         265.000            2.037e-01           2.037e-01             357.126           1.612e-06              24.432           3.162e+02     
  55.000         265.000            3.546e-01           3.546e-01             355.253           1.442e-06              37.145           3.162e+02     
  60.000         265.000            5.801e-01           5.801e-01             352.841           1.255e-06              47.726           3.162e+02     
  65.000         265.000            8.702e-01           8.702e-01             351.265           1.011e-06              56.627           3.162e+02     
  70.000         265.000            1.193e+00           1.193e+00             350.610           7.263e-07              64.013           3.162e+02     
  75.000         265.000            1.505e+00           1.505e+00             350.582           4.454e-07              70.096           3.162e+02     
  80.000         265.000            1.762e+00           1.762e+00             350.841           2.099e-07              74.686           3.162e+02     
  85.000         265.000            1.931e+00           1.931e+00             351.111           5.373e-08              77.533           3.162e+02     
  90.000         265.000            1.990e+00           1.990e+00             351.221           1.320e-11              82.872           3.162e+02     
  95.000         265.000            1.931e+00           1.931e+00             351.111           5.374e-08             257.538           3.162e+02     
 100.000         265.000            1.762e+00           1.762e+00             350.841           2.099e-07             254.688           3.162e+02     
 105.000         265.000            1.505e+00           1.505e+00             350.582           4.454e-07             250.097           3.162e+02     
 110.000         265.000            1.193e+00           1.193e+00             350.610           7.263e-07             244.013           3.162e+02     
 115.000         265.000            8.702e-01           8.702e-01             351.265           1.011e-06             236.626           3.162e+02     
 120.000         265.000            5.801e-01           5.801e-01             352.841           1.255e-06             227.726           3.162e+02     
 125.000         265.000            3.546e-01           3.546e-01             355.253           1.442e-06             217.144           3.162e+02     
 130.000         265.000            2.037e-01           2.037e-01             357.126           1.612e-06             204.430           3.162e+02     
 135.000         265.000            1.174e-01           1.174e-01             354.276           1.887e-06             189.966           3.162e+02     
 140.000         265.000            8.252e-02           8.252e-02             340.443           2.453e-06             175.342           3.162e+02     
 145.000         265.000            9.868e-02           9.868e-02             319.153           3.500e-06             163.259           3.162e+02     
 150.000         265.000            1.674e-01           1.674e-01             304.018           5.102e-06             154.286           3.162e+02     
 155.000         265.000            2.604e-01           2.604e-01             296.113           7.184e-06             147.778           3.162e+02     
 160.000         265.000            3.125e-01           3.125e-01             291.525           9.418e-06             142.576           3.162e+02     
 165.000         265.000            2.706e-01           2.706e-01             287.922           1.139e-05             137.824           3.092e+02     
 170.000         265.000            1.532e-01           1.532e-01             284.092           1.268e-05             133.038           2.271e+02     
 175.000         265.000            4.090e-02           4.089e-02             279.192           1.304e-05             127.906           1.166e+02     
 180.000         265.000            1.249e-05           8.955e-09             359.849           1.248e-05             122.275           4.423e+01     
   0.000         270.000            1.249e-05           1.348e-07             314.790           1.235e-05             302.162           4.425e+01     
   5.000         270.000            4.087e-02           4.085e-02             281.853           1.289e-05             310.754           1.165e+02     
  10.000         270.000            1.516e-01           1.516e-01             289.299           1.249e-05             318.905           2.230e+02     
  15.000         270.000            2.646e-01           2.646e-01             295.708           1.119e-05             326.870           2.972e+02     
  20.000         270.000            3.014e-01           3.014e-01             301.995           9.228e-06             334.947           3.162e+02     
  25.000         270.000            2.487e-01           2.487e-01             309.548           7.057e-06             343.626           3.162e+02     
  30.000         270.000            1.616e-01           1.616e-01             320.965           5.052e-06             353.622           3.162e+02     
  35.000         270.000            1.028e-01           1.028e-01             339.774           3.527e-06               5.890           3.162e+02     
  40.000         270.000            9.747e-02           9.747e-02               2.309           2.534e-06              20.689           3.162e+02     
  45.000         270.000            1.443e-01           1.442e-01              15.934           1.999e-06              37.249           3.162e+02     
  50.000         270.000            2.443e-01           2.443e-01              19.827           1.730e-06              53.027           3.162e+02     
  55.000         270.000            4.081e-01           4.081e-01              19.706           1.561e-06              66.812           3.162e+02     
  60.000         270.000            6.403e-01           6.403e-01              19.042           1.373e-06              78.305           3.162e+02     
  65.000         270.000            9.265e-01           9.265e-01              18.974           1.129e-06              87.859           3.162e+02     
  70.000         270.000            1.235e+00           1.235e+00              19.551           8.284e-07              95.623           3.162e+02     
  75.000         270.000            1.525e+00           1.525e+00              20.483           5.187e-07             101.814           3.162e+02     
  80.000         270.000            1.762e+00           1.762e+00              21.431           2.485e-07             106.342           3.162e+02     
  85.000         270.000            1.916e+00           1.916e+00              22.118           6.426e-08             109.069           3.162e+02     
  90.000         270.000            1.969e+00           1.969e+00              22.367           1.535e-11             117.788           3.162e+02     
  95.000         270.000            1.916e+00           1.916e+00              22.118           6.427e-08             289.076           3.162e+02     
 100.000         270.000            1.762e+00           1.762e+00              21.431           2.485e-07             286.345           3.162e+02     
 105.000         270.000            1.525e+00           1.525e+00              20.483           5.187e-07             281.815           3.162e+02     
 110.000         270.000            1.235e+00           1.235e+00              19.551           8.284e-07             275.624           3.162e+02     
 115.000         270.000            9.265e-01           9.265e-01              18.974           1.129e-06             267.860           3.162e+02     
 120.000         270.000            6.403e-01           6.403e-01              19.042           1.373e-06             258.304           3.162e+02     
 125.000         270.000            4.081e-01           4.081e-01              19.706           1.561e-06             246.811           3.162e+02     
 130.000         270.000            2.443e-01           2.443e-01              19.827           1.730e-06             233.026           3.162e+02     
 135.000         270.000            1.443e-01           1.442e-01              15.934           1.999e-06             217.247           3.162e+02     
 140.000         270.000            9.747e-02           9.747e-02               2.309           2.533e-06             200.687           3.162e+02     
 145.000         270.000            1.028e-01           1.028e-01             339.774           3.526e-06             185.888           3.162e+02     
 150.000         270.000            1.616e-01           1.616e-01             320.965           5.052e-06             173.620           3.162e+02     
 155.000         270.000            2.487e-01           2.487e-01             309.548           7.057e-06             163.624           3.162e+02     
 160.000         270.000            3.014e-01           3.014e-01             301.995           9.227e-06             154.946           3.162e+02     
 165.000         270.000            2.646e-01           2.646e-01             295.708           1.119e-05             146.869           2.972e+02     
 170.000         270.000            1.516e-01           1.516e-01             289.299           1.249e-05             138.905           2.230e+02     
 175.000         270.000            4.087e-02           4.085e-02             281.853           1.289e-05             130.754           1.165e+02     
 180.000         270.000            1.249e-05           1.348e-07             314.792           1.235e-05             122.161           4.423e+01     
   0.000         275.000            1.249e-05           4.462e-07             309.036           1.204e-05             302.046           4.425e+01     
   5.000         275.000            4.084e-02           4.083e-02             284.450           1.257e-05             313.811           1.163e+02     
  10.000         275.000            1.506e-01           1.506e-01             294.418           1.211e-05             324.806           2.205e+02     
  15.000         275.000            2.614e-01           2.614e-01             303.409           1.084e-05             335.752           2.903e+02     
  20.000         275.000            2.969e-01           2.969e-01             312.418           8.981e-06             346.948           3.162e+02     
  25.000         275.000            2.464e-01           2.464e-01             322.940           6.971e-06             358.806           3.162e+02     
  30.000         275.000            1.650e-01           1.650e-01             337.597           5.112e-06              11.842           3.162e+02     
  35.000         275.000            1.129e-01           1.129e-01             359.108           3.682e-06              26.787           3.162e+02     
  40.000         275.000            1.137e-01           1.137e-01              22.445           2.722e-06              43.662           3.162e+02     
  45.000         275.000            1.657e-01           1.657e-01              36.877           2.189e-06              61.736           3.162e+02     
  50.000         275.000            2.686e-01           2.686e-01              42.539           1.904e-06              78.631           3.162e+02     
  55.000         275.000            4.296e-01           4.296e-01              44.396           1.718e-06              93.279           3.162e+02     
  60.000         275.000            6.506e-01           6.506e-01              45.510           1.511e-06             105.316           3.162e+02     
  65.000         275.000            9.180e-01           9.180e-01              46.937           1.243e-06             115.061           3.162e+02     
  70.000         275.000            1.203e+00           1.203e+00              48.734           9.095e-07             122.747           3.162e+02     
  75.000         275.000            1.472e+00           1.472e+00              50.615           5.665e-07             128.703           3.162e+02     
  80.000         275.000            1.692e+00           1.692e+00              52.242           2.697e-07             132.967           3.162e+02     
  85.000         275.000            1.835e+00           1.835e+00              53.336           6.938e-08             135.475           3.162e+02     
  90.000         275.000            1.885e+00           1.885e+00              53.720           1.713e-11             148.350           3.162e+02     
  95.000         275.000            1.835e+00           1.835e+00              53.336           6.940e-08             315.482           3.162e+02     
 100.000         275.000            1.692e+00           1.692e+00              52.242           2.697e-07             312.970           3.162e+02     
 105.000         275.000            1.472e+00           1.472e+00              50.615           5.665e-07             308.705           3.162e+02     
 110.000         275.000            1.203e+00           1.203e+00              48.734           9.096e-07             302.748           3.162e+02     
 115.000         275.000            9.180e-01           9.180e-01              46.937           1.243e-06             295.062           3.162e+02     
 120.000         275.000            6.506e-01           6.506e-01              45.510           1.511e-06             285.316           3.162e+02     
 125.000         275.000            4.296e-01           4.296e-01              44.396           1.718e-06             273.278           3.162e+02     
 130.000         275.000            2.686e-01           2.686e-01              42.539           1.904e-06             258.629           3.162e+02     
 135.000         275.000            1.657e-01           1.657e-01              36.877           2.189e-06             241.734           3.162e+02     
 140.000         275.000            1.137e-01           1.137e-01              22.445           2.722e-06             223.660           3.162e+02     
 145.000         275.000            1.129e-01           1.129e-01             359.108           3.681e-06             206.785           3.162e+02     
 150.000         275.000            1.650e-01           1.650e-01             337.597           5.112e-06             191.840           3.162e+02     
 155.000         275.000            2.464e-01           2.464e-01             322.940           6.970e-06             178.804           3.162e+02     
 160.000         275.000            2.969e-01           2.969e-01             312.418           8.981e-06             166.947           3.162e+02     
 165.000         275.000            2.614e-01           2.614e-01             303.409           1.084e-05             155.751           2.903e+02     
 170.000         275.000            1.506e-01           1.506e-01             294.418           1.211e-05             144.805           2.205e+02     
 175.000         275.000            4.084e-02           4.083e-02             284.450           1.256e-05             133.810           1.163e+02     
 180.000         275.000            1.249e-05           4.462e-07             309.038           1.204e-05             122.046           4.423e+01     
   0.000         280.000            1.249e-05           9.338e-07             306.853           1.155e-05             301.927           4.425e+01     
   5.000         280.000            4.083e-02           4.082e-02             286.965           1.203e-05             316.373           1.187e+02     
  10.000         280.000            1.501e-01           1.501e-01             299.392           1.153e-05             330.103           2.235e+02     
  15.000         280.000            2.610e-01           2.610e-01             310.925           1.031e-05             343.917           2.923e+02     
  20.000         280.000            2.990e-01           2.990e-01             322.608           8.601e-06             358.049           3.162e+02     
  25.000         280.000            2.537e-01           2.537e-01             335.963           6.806e-06              12.778           3.162e+02     
  30.000         280.000            1.781e-01           1.781e-01             353.398           5.134e-06              28.404           3.162e+02     
  35.000         280.000            1.300e-01           1.300e-01              16.758           3.811e-06              45.525           3.162e+02     
  40.000         280.000            1.331e-01           1.331e-01              40.951           2.885e-06              64.101           3.162e+02     
  45.000         280.000            1.857e-01           1.857e-01              57.180           2.350e-06              83.547           3.162e+02     
  50.000         280.000            2.852e-01           2.852e-01              65.380           2.042e-06             101.488           3.162e+02     
  55.000         280.000            4.358e-01           4.358e-01              69.583           1.826e-06             116.946           3.162e+02     
  60.000         280.000            6.390e-01           6.390e-01              72.540           1.583e-06             129.522           3.162e+02     
  65.000         280.000            8.840e-01           8.840e-01              75.339           1.277e-06             139.589           3.162e+02     
  70.000         280.000            1.148e+00           1.148e+00              78.133           9.108e-07             147.419           3.162e+02     
  75.000         280.000            1.399e+00           1.399e+00              80.713           5.530e-07             153.440           3.162e+02     
  80.000         280.000            1.607e+00           1.607e+00              82.798           2.575e-07             157.731           3.162e+02     
  85.000         280.000            1.743e+00           1.743e+00              84.148           6.531e-08             160.162           3.162e+02     
  90.000         280.000            1.791e+00           1.791e+00              84.615           1.710e-11             176.211           3.162e+02     
  95.000         280.000            1.743e+00           1.743e+00              84.148           6.534e-08             340.166           3.162e+02     
 100.000         280.000            1.607e+00           1.607e+00              82.798           2.576e-07             337.733           3.162e+02     
 105.000         280.000            1.399e+00           1.399e+00              80.713           5.531e-07             333.441           3.162e+02     
 110.000         280.000            1.148e+00           1.148e+00              78.133           9.109e-07             327.420           3.162e+02     
 115.000         280.000            8.840e-01           8.840e-01              75.339           1.277e-06             319.589           3.162e+02     
 120.000         280.000            6.390e-01           6.390e-01              72.540           1.583e-06             309.522           3.162e+02     
 125.000         280.000            4.358e-01           4.358e-01              69.583           1.826e-06             296.945           3.162e+02     
 130.000         280.000            2.852e-01           2.852e-01              65.380           2.042e-06             281.486           3.162e+02     
 135.000         280.000            1.857e-01           1.857e-01              57.180           2.350e-06             263.545           3.162e+02     
 140.000         280.000            1.331e-01           1.331e-01              40.951           2.885e-06             244.099           3.162e+02     
 145.000         280.000            1.300e-01           1.300e-01              16.758           3.811e-06             225.523           3.162e+02     
 150.000         280.000            1.781e-01           1.781e-01             353.398           5.134e-06             208.402           3.162e+02     
 155.000         280.000            2.537e-01           2.537e-01             335.963           6.805e-06             192.776           3.162e+02     
 160.000         280.000            2.990e-01           2.990e-01             322.608           8.600e-06             178.048           3.162e+02     
 165.000         280.000            2.610e-01           2.610e-01             310.925           1.030e-05             163.916           2.923e+02     
 170.000         280.000            1.501e-01           1.501e-01             299.392           1.153e-05             150.103           2.235e+02     
 175.000         280.000            4.083e-02           4.082e-02             286.965           1.202e-05             136.373           1.187e+02     
 180.000         280.000            1.249e-05           9.338e-07             306.854           1.155e-05             121.926           4.423e+01     
   0.000         285.000            1.249e-05           1.583e-06             305.695           1.090e-05             301.802           4.425e+01     
   5.000         285.000            4.082e-02           4.081e-02             289.374           1.131e-05             318.825           1.222e+02     
  10.000         285.000            1.502e-01           1.502e-01             304.171           1.076e-05             335.180           2.293e+02     
  15.000         285.000            2.632e-01           2.632e-01             318.151           9.606e-06             351.743           2.992e+02     
  20.000         285.000            3.074e-01           3.074e-01             332.369           8.085e-06               8.633           3.162e+02     
  25.000         285.000            2.707e-01           2.707e-01             348.273           6.535e-06              25.936           3.162e+02     
  30.000         285.000            2.018e-01           2.017e-01               7.878           5.072e-06              43.758           3.162e+02     
  35.000         285.000            1.558e-01           1.558e-01              32.322           3.874e-06              62.668           3.162e+02     
  40.000         285.000            1.581e-01           1.581e-01              57.363           2.995e-06              82.630           3.162e+02     
  45.000         285.000            2.090e-01           2.090e-01              75.952           2.467e-06             102.954           3.162e+02     
  50.000         285.000            3.049e-01           3.049e-01              87.262           2.152e-06             121.842           3.162e+02     
  55.000         285.000            4.470e-01           4.470e-01              94.196           1.894e-06             137.965           3.162e+02     
  60.000         285.000            6.352e-01           6.352e-01              99.144           1.604e-06             151.193           3.162e+02     
  65.000         285.000            8.603e-01           8.603e-01             103.256           1.261e-06             161.954           3.162e+02     
  70.000         285.000            1.102e+00           1.102e+00             106.863           8.726e-07             170.401           3.162e+02     
  75.000         285.000            1.332e+00           1.332e+00             109.922           5.157e-07             176.996           3.162e+02     
  80.000         285.000            1.521e+00           1.521e+00             112.271           2.351e-07             181.758           3.162e+02     
  85.000         285.000            1.646e+00           1.646e+00             113.752           5.879e-08             184.560           3.162e+02     
  90.000         285.000            1.689e+00           1.689e+00             114.258           1.542e-11             203.364           3.162e+02     
  95.000         285.000            1.646e+00           1.646e+00             113.752           5.882e-08               4.558           3.162e+02     
 100.000         285.000            1.521e+00           1.521e+00             112.271           2.352e-07               1.757           3.162e+02     
 105.000         285.000            1.332e+00           1.332e+00             109.922           5.158e-07             356.995           3.162e+02     
 110.000         285.000            1.102e+00           1.102e+00             106.863           8.727e-07             350.400           3.162e+02     
 115.000         285.000            8.603e-01           8.603e-01             103.256           1.261e-06             341.953           3.162e+02     
 120.000         285.000            6.352e-01           6.352e-01              99.144           1.604e-06             331.192           3.162e+02     
 125.000         285.000            4.470e-01           4.470e-01              94.196           1.894e-06             317.963           3.162e+02     
 130.000         285.000            3.049e-01           3.049e-01              87.262           2.152e-06             301.840           3.162e+02     
 135.000         285.000            2.090e-01           2.090e-01              75.952           2.467e-06             282.952           3.162e+02     
 140.000         285.000            1.581e-01           1.581e-01              57.363           2.995e-06             262.628           3.162e+02     
 145.000         285.000            1.558e-01           1.558e-01              32.322           3.874e-06             242.665           3.162e+02     
 150.000         285.000            2.018e-01           2.017e-01               7.878           5.072e-06             223.756           3.162e+02     
 155.000         285.000            2.707e-01           2.707e-01             348.273           6.535e-06             205.934           3.162e+02     
 160.000         285.000            3.074e-01           3.074e-01             332.369           8.084e-06             188.632           3.162e+02     
 165.000         285.000            2.632e-01           2.632e-01             318.151           9.605e-06             171.742           2.992e+02     
 170.000         285.000            1.502e-01           1.502e-01             304.171           1.076e-05             155.179           2.293e+02     
 175.000         285.000            4.082e-02           4.081e-02             289.373           1.131e-05             138.824           1.222e+02     
 180.000         285.000            1.249e-05           1.583e-06             305.695           1.090e-05             121.801           4.423e+01     
   0.000         290.000            1.249e-05           2.373e-06             304.968           1.011e-05             301.667           4.425e+01     
   5.000         290.000            4.082e-02           4.081e-02             291.656           1.045e-05             321.145           1.270e+02     
  10.000         290.000            1.507e-01           1.507e-01             308.703           9.855e-06             340.007           2.380e+02     
  15.000         290.000            2.678e-01           2.678e-01             324.987           8.767e-06             359.203           3.108e+02     
  20.000         290.000            3.214e-01           3.214e-01             341.530           7.445e-06              18.689           3.162e+02     
  25.000         290.000            2.968e-01           2.968e-01             359.605           6.150e-06              38.315           3.162e+02     
  30.000         290.000            2.360e-01           2.360e-01              20.744           4.905e-06              58.042           3.162e+02     
  35.000         290.000            1.911e-01           1.911e-01              45.621           3.881e-06              78.564           3.162e+02     
  40.000         290.000            1.898e-01           1.897e-01              71.223           3.063e-06              99.385           3.162e+02     
  45.000         290.000            2.367e-01           2.367e-01              92.125           2.531e-06             120.278           3.162e+02     
  50.000         290.000            3.293e-01           3.293e-01             106.636           2.207e-06             139.744           3.162e+02     
  55.000         290.000            4.660e-01           4.660e-01             116.465           1.911e-06             156.383           3.162e+02     
  60.000         290.000            6.431e-01           6.431e-01             123.575           1.582e-06             170.295           3.162e+02     
  65.000         290.000            8.495e-01           8.495e-01             129.145           1.204e-06             181.800           3.162e+02     
  70.000         290.000            1.065e+00           1.065e+00             133.688           8.266e-07             191.286           3.162e+02     
  75.000         290.000            1.265e+00           1.265e+00             137.328           4.816e-07             198.689           3.162e+02     
  80.000         290.000            1.427e+00           1.427e+00             140.028           2.178e-07             204.103           3.162e+02     
  85.000         290.000            1.531e+00           1.531e+00             141.698           5.428e-08             207.307           3.162e+02     
  90.000         290.000            1.567e+00           1.567e+00             142.263           1.328e-11             230.574           3.162e+02     
  95.000         290.000            1.531e+00           1.531e+00             141.698           5.430e-08              27.301           3.162e+02     
 100.000         290.000            1.427e+00           1.427e+00             140.028           2.178e-07              24.100           3.162e+02     
 105.000         290.000            1.265e+00           1.265e+00             137.328           4.817e-07              18.687           3.162e+02     
 110.000         290.000            1.065e+00           1.065e+00             133.688           8.267e-07              11.284           3.162e+02     
 115.000         290.000            8.495e-01           8.495e-01             129.145           1.205e-06               1.798           3.162e+02     
 120.000         290.000            6.431e-01           6.431e-01             123.575           1.582e-06             350.293           3.162e+02     
 125.000         290.000            4.660e-01           4.660e-01             116.465           1.911e-06             336.381           3.162e+02     
 130.000         290.000            3.293e-01           3.293e-01             106.636           2.207e-06             319.742           3.162e+02     
 135.000         290.000            2.367e-01           2.367e-01              92.125           2.531e-06             300.276           3.162e+02     
 140.000         290.000            1.898e-01           1.897e-01              71.223           3.063e-06             279.382           3.162e+02     
 145.000         290.000            1.911e-01           1.911e-01              45.621           3.881e-06             258.562           3.162e+02     
 150.000         290.000            2.360e-01           2.360e-01              20.744           4.905e-06             238.040           3.162e+02     
 155.000         290.000            2.968e-01           2.968e-01             359.605           6.150e-06             218.313           3.162e+02     
 160.000         290.000            3.214e-01           3.214e-01             341.530           7.445e-06             198.687           3.162e+02     
 165.000         290.000            2.678e-01           2.678e-01             324.987           8.767e-06             179.202           3.108e+02     
 170.000         290.000            1.507e-01           1.507e-01             308.703           9.854e-06             160.006           2.381e+02     
 175.000         290.000            4.082e-02           4.081e-02             291.656           1.044e-05             141.145           1.270e+02     
 180.000         290.000            1.249e-05           2.373e-06             304.968           1.011e-05             121.667           4.423e+01     
   0.000         295.000            1.249e-05           3.281e-06             304.463           9.206e-06             301.522           4.425e+01     
   5.000         295.000            4.082e-02           4.081e-02             293.794           9.459e-06             323.316           1.333e+02     
  10.000         295.000            1.516e-01           1.516e-01             312.944           8.832e-06             344.559           2.500e+02     
  15.000         295.000            2.742e-01           2.741e-01             331.351           7.826e-06               6.284           3.162e+02     
  20.000         295.000            3.400e-01           3.400e-01             349.962           6.710e-06              28.224           3.162e+02     
  25.000         295.000            3.304e-01           3.304e-01               9.818           5.707e-06              50.381           3.162e+02     
  30.000         295.000            2.797e-01           2.797e-01              31.976           4.664e-06              71.413           3.162e+02     
  35.000         295.000            2.354e-01           2.354e-01              56.839           3.760e-06              92.880           3.162e+02     
  40.000         295.000            2.275e-01           2.275e-01              82.563           3.037e-06             114.450           3.162e+02     
  45.000         295.000            2.661e-01           2.661e-01             105.253           2.542e-06             135.607           3.162e+02     
  50.000         295.000            3.510e-01           3.510e-01             122.639           2.207e-06             155.208           3.162e+02     
  55.000         295.000            4.786e-01           4.786e-01             135.278           1.870e-06             171.973           3.162e+02     
  60.000         295.000            6.413e-01           6.413e-01             144.654           1.512e-06             186.298           3.162e+02     
  65.000         295.000            8.253e-01           8.253e-01             151.919           1.132e-06             198.412           3.162e+02     
  70.000         295.000            1.011e+00           1.011e+00             157.696           7.644e-07             208.487           3.162e+02     
  75.000         295.000            1.179e+00           1.179e+00             162.228           4.494e-07             216.646           3.162e+02     
  80.000         295.000            1.311e+00           1.311e+00             165.539           2.038e-07             222.433           3.162e+02     
  85.000         295.000            1.395e+00           1.395e+00             167.570           5.102e-08             225.819           3.162e+02     
  90.000         295.000            1.423e+00           1.423e+00             168.256           1.157e-11             256.941           3.162e+02     
  95.000         295.000            1.395e+00           1.395e+00             167.570           5.103e-08              45.811           3.162e+02     
 100.000         295.000            1.311e+00           1.311e+00             165.539           2.038e-07              42.429           3.162e+02     
 105.000         295.000            1.179e+00           1.179e+00             162.228           4.494e-07              36.644           3.162e+02     
 110.000         295.000            1.011e+00           1.011e+00             157.696           7.645e-07              28.485           3.162e+02     
 115.000         295.000            8.253e-01           8.253e-01             151.919           1.132e-06              18.410           3.162e+02     
 120.000         295.000            6.413e-01           6.413e-01             144.654           1.512e-06               6.296           3.162e+02     
 125.000         295.000            4.786e-01           4.786e-01             135.278           1.870e-06             351.970           3.162e+02     
 130.000         295.000            3.510e-01           3.510e-01             122.639           2.207e-06             335.205           3.162e+02     
 135.000         295.000            2.661e-01           2.661e-01             105.253           2.542e-06             315.605           3.162e+02     
 140.000         295.000            2.275e-01           2.275e-01              82.563           3.037e-06             294.447           3.162e+02     
 145.000         295.000            2.354e-01           2.354e-01              56.839           3.760e-06             272.878           3.162e+02     
 150.000         295.000            2.797e-01           2.797e-01              31.976           4.664e-06             251.411           3.162e+02     
 155.000         295.000            3.304e-01           3.304e-01               9.818           5.706e-06             230.379           3.162e+02     
 160.000         295.000            3.400e-01           3.400e-01             349.962           6.710e-06             208.223           3.162e+02     
 165.000         295.000            2.742e-01           2.741e-01             331.351           7.825e-06             186.283           3.162e+02     
 170.000         295.000            1.516e-01           1.516e-01             312.944           8.831e-06             164.559           2.500e+02     
 175.000         295.000            4.082e-02           4.081e-02             293.794           9.458e-06             143.316           1.333e+02     
 180.000         295.000            1.249e-05           3.281e-06             304.463           9.205e-06             121.521           4.423e+01     
   0.000         300.000            1.249e-05           4.280e-06             304.087           8.208e-06             301.359           4.425e+01     
   5.000         300.000            4.082e-02           4.081e-02             295.769           8.384e-06             325.321           1.415e+02     
  10.000         300.000            1.528e-01           1.528e-01             316.851           7.737e-06             348.816           2.655e+02     
  15.000         300.000            2.818e-01           2.818e-01             337.174           6.824e-06              12.976           3.162e+02     
  20.000         300.000            3.617e-01           3.617e-01             357.593           5.917e-06              37.244           3.162e+02     
  25.000         300.000            3.694e-01           3.694e-01              18.907           5.130e-06              61.022           3.162e+02     
  30.000         300.000            3.306e-01           3.306e-01              41.779           4.304e-06              83.558           3.162e+02     
  35.000         300.000            2.871e-01           2.871e-01              66.452           3.537e-06             105.765           3.162e+02     
  40.000         300.000            2.702e-01           2.702e-01              91.963           2.938e-06             127.830           3.162e+02     
  45.000         300.000            2.947e-01           2.947e-01             115.763           2.481e-06             148.856           3.162e+02     
  50.000         300.000            3.636e-01           3.636e-01             135.487           2.096e-06             167.853           3.162e+02     
  55.000         300.000            4.722e-01           4.722e-01             150.726           1.752e-06             184.727           3.162e+02     
  60.000         300.000            6.109e-01           6.109e-01             162.394           1.379e-06             199.126           3.162e+02     
  65.000         300.000            7.652e-01           7.651e-01             171.519           1.013e-06             211.510           3.162e+02     
  70.000         300.000            9.184e-01           9.184e-01             178.761           6.770e-07             221.896           3.162e+02     
  75.000         300.000            1.055e+00           1.055e+00             184.407           3.938e-07             230.167           3.162e+02     
  80.000         300.000            1.161e+00           1.161e+00             188.512           1.791e-07             236.141           3.162e+02     
  85.000         300.000            1.229e+00           1.229e+00             191.021           4.504e-08             239.559           3.162e+02     
  90.000         300.000            1.252e+00           1.252e+00             191.867           1.040e-11             280.352           3.162e+02     
  95.000         300.000            1.229e+00           1.229e+00             191.021           4.505e-08              59.552           3.162e+02     
 100.000         300.000            1.161e+00           1.161e+00             188.512           1.791e-07              56.137           3.162e+02     
 105.000         300.000            1.055e+00           1.055e+00             184.407           3.938e-07              50.164           3.162e+02     
 110.000         300.000            9.184e-01           9.184e-01             178.761           6.770e-07              41.894           3.162e+02     
 115.000         300.000            7.652e-01           7.651e-01             171.519           1.013e-06              31.508           3.162e+02     
 120.000         300.000            6.109e-01           6.109e-01             162.394           1.379e-06              19.124           3.162e+02     
 125.000         300.000            4.722e-01           4.722e-01             150.726           1.752e-06               4.725           3.162e+02     
 130.000         300.000            3.636e-01           3.636e-01             135.487           2.096e-06             347.851           3.162e+02     
 135.000         300.000            2.947e-01           2.947e-01             115.763           2.481e-06             328.853           3.162e+02     
 140.000         300.000            2.702e-01           2.702e-01              91.963           2.938e-06             307.827           3.162e+02     
 145.000         300.000            2.871e-01           2.871e-01              66.452           3.537e-06             285.763           3.162e+02     
 150.000         300.000            3.306e-01           3.306e-01              41.779           4.304e-06             263.556           3.162e+02     
 155.000         300.000            3.694e-01           3.694e-01              18.907           5.130e-06             241.020           3.162e+02     
 160.000         300.000            3.617e-01           3.617e-01             357.593           5.916e-06             217.242           3.162e+02     
 165.000         300.000            2.818e-01           2.818e-01             337.174           6.823e-06             192.974           3.162e+02     
 170.000         300.000            1.528e-01           1.528e-01             316.851           7.736e-06             168.815           2.655e+02     
 175.000         300.000            4.082e-02           4.081e-02             295.769           8.383e-06             145.320           1.415e+02     
 180.000         300.000            1.249e-05           4.279e-06             304.087           8.207e-06             121.359           4.423e+01     
   0.000         305.000            1.249e-05           5.338e-06             303.793           7.150e-06             301.176           4.425e+01     
   5.000         305.000            4.081e-02           4.080e-02             297.564           7.256e-06             327.141           1.519e+02     
  10.000         305.000            1.541e-01           1.541e-01             320.389           6.610e-06             352.756           2.852e+02     
  15.000         305.000            2.901e-01           2.901e-01             342.410           5.804e-06              19.270           3.162e+02     
  20.000         305.000            3.848e-01           3.848e-01               4.395           5.117e-06              45.995           3.162e+02     
  25.000         305.000            4.107e-01           4.107e-01              26.954           4.480e-06              70.972           3.162e+02     
  30.000         305.000            3.851e-01           3.851e-01              50.465           3.895e-06              94.668           3.162e+02     
  35.000         305.000            3.434e-01           3.434e-01              75.067           3.272e-06             117.332           3.162e+02     
  40.000         305.000            3.170e-01           3.170e-01             100.326           2.758e-06             139.430           3.162e+02     
  45.000         305.000            3.244e-01           3.244e-01             124.711           2.287e-06             159.791           3.162e+02     
  50.000         305.000            3.713e-01           3.713e-01             146.168           1.890e-06             178.330           3.162e+02     
  55.000         305.000            4.539e-01           4.539e-01             163.677           1.516e-06             194.729           3.162e+02     
  60.000         305.000            5.618e-01           5.618e-01             177.553           1.169e-06             209.333           3.162e+02     
  65.000         305.000            6.826e-01           6.826e-01             188.572           8.364e-07             221.873           3.162e+02     
  70.000         305.000            8.031e-01           8.031e-01             197.339           5.527e-07             232.245           3.162e+02     
  75.000         305.000            9.115e-01           9.115e-01             204.148           3.203e-07             240.499           3.162e+02     
  80.000         305.000            9.976e-01           9.976e-01             209.066           1.457e-07             246.419           3.162e+02     
  85.000         305.000            1.053e+00           1.053e+00             212.054           3.673e-08             249.735           3.162e+02     
  90.000         305.000            1.072e+00           1.072e+00             213.057           9.376e-12             298.757           3.162e+02     
  95.000         305.000            1.053e+00           1.053e+00             212.054           3.673e-08              69.730           3.162e+02     
 100.000         305.000            9.976e-01           9.976e-01             209.066           1.457e-07              66.416           3.162e+02     
 105.000         305.000            9.115e-01           9.115e-01             204.148           3.203e-07              60.496           3.162e+02     
 110.000         305.000            8.031e-01           8.031e-01             197.339           5.527e-07              52.243           3.162e+02     
 115.000         305.000            6.826e-01           6.826e-01             188.572           8.364e-07              41.871           3.162e+02     
 120.000         305.000            5.618e-01           5.618e-01             177.553           1.169e-06              29.331           3.162e+02     
 125.000         305.000            4.539e-01           4.539e-01             163.676           1.516e-06              14.727           3.162e+02     
 130.000         305.000            3.713e-01           3.713e-01             146.168           1.890e-06             358.328           3.162e+02     
 135.000         305.000            3.244e-01           3.244e-01             124.711           2.287e-06             339.789           3.162e+02     
 140.000         305.000            3.170e-01           3.170e-01             100.326           2.758e-06             319.428           3.162e+02     
 145.000         305.000            3.434e-01           3.434e-01              75.067           3.272e-06             297.330           3.162e+02     
 150.000         305.000            3.851e-01           3.851e-01              50.465           3.895e-06             274.666           3.162e+02     
 155.000         305.000            4.107e-01           4.107e-01              26.954           4.480e-06             250.970           3.162e+02     
 160.000         305.000            3.848e-01           3.848e-01               4.395           5.117e-06             225.993           3.162e+02     
 165.000         305.000            2.901e-01           2.901e-01             342.410           5.804e-06             199.269           3.162e+02     
 170.000         305.000            1.541e-01           1.541e-01             320.389           6.610e-06             172.755           2.852e+02     
 175.000         305.000            4.081e-02           4.080e-02             297.564           7.255e-06             147.140           1.520e+02     
 180.000         305.000            1.249e-05           5.337e-06             303.793           7.149e-06             121.175           4.423e+01     
   0.000         310.000            1.249e-05           6.423e-06             303.552           6.065e-06             300.962           4.425e+01     
   5.000         310.000            4.078e-02           4.078e-02             299.164           6.112e-06             328.761           1.654e+02     
  10.000         310.000            1.554e-01           1.554e-01             323.527           5.492e-06             356.364           3.102e+02     
  15.000         310.000            2.983e-01           2.983e-01             347.024           4.808e-06              25.156           3.162e+02     
  20.000         310.000            4.073e-01           4.073e-01              10.376           4.295e-06              53.753           3.162e+02     
  25.000         310.000            4.510e-01           4.510e-01              34.080           3.875e-06              80.176           3.162e+02     
  30.000         310.000            4.393e-01           4.393e-01              58.351           3.450e-06             104.492           3.162e+02     
  35.000         310.000            4.020e-01           4.020e-01              83.246           2.947e-06             127.338           3.162e+02     
  40.000         310.000            3.693e-01           3.693e-01             108.557           2.413e-06             148.571           3.162e+02     
  45.000         310.000            3.627e-01           3.627e-01             133.335           1.972e-06             168.602           3.162e+02     
  50.000         310.000            3.905e-01           3.905e-01             155.944           1.570e-06             186.623           3.162e+02     
  55.000         310.000            4.499e-01           4.499e-01             175.169           1.216e-06             202.881           3.162e+02     
  60.000         310.000            5.316e-01           5.316e-01             190.873           8.996e-07             216.973           3.162e+02     
  65.000         310.000            6.248e-01           6.248e-01             203.531           6.371e-07             229.761           3.162e+02     
  70.000         310.000            7.196e-01           7.196e-01             213.620           4.159e-07             239.949           3.162e+02     
  75.000         310.000            8.065e-01           8.065e-01             221.409           2.399e-07             248.052           3.162e+02     
  80.000         310.000            8.770e-01           8.770e-01             226.987           1.092e-07             253.836           3.162e+02     
  85.000         310.000            9.231e-01           9.231e-01             230.350           2.756e-08             257.017           3.162e+02     
  90.000         310.000            9.391e-01           9.391e-01             231.474           8.142e-12             311.214           3.162e+02     
  95.000         310.000            9.231e-01           9.231e-01             230.350           2.756e-08              77.015           3.162e+02     
 100.000         310.000            8.770e-01           8.770e-01             226.987           1.092e-07              73.835           3.162e+02     
 105.000         310.000            8.065e-01           8.065e-01             221.409           2.399e-07              68.051           3.162e+02     
 110.000         310.000            7.196e-01           7.196e-01             213.620           4.159e-07              59.948           3.162e+02     
 115.000         310.000            6.248e-01           6.248e-01             203.531           6.371e-07              49.759           3.162e+02     
 120.000         310.000            5.316e-01           5.316e-01             190.873           8.995e-07              36.972           3.162e+02     
 125.000         310.000            4.499e-01           4.499e-01             175.169           1.216e-06              22.879           3.162e+02     
 130.000         310.000            3.905e-01           3.905e-01             155.944           1.570e-06               6.622           3.162e+02     
 135.000         310.000            3.627e-01           3.627e-01             133.335           1.972e-06             348.601           3.162e+02     
 140.000         310.000            3.693e-01           3.693e-01             108.557           2.413e-06             328.570           3.162e+02     
 145.000         310.000            4.020e-01           4.020e-01              83.246           2.946e-06             307.337           3.162e+02     
 150.000         310.000            4.393e-01           4.393e-01              58.351           3.450e-06             284.491           3.162e+02     
 155.000         310.000            4.510e-01           4.510e-01              34.080           3.875e-06             260.175           3.162e+02     
 160.000         310.000            4.073e-01           4.073e-01              10.376           4.295e-06             233.751           3.162e+02     
 165.000         310.000            2.983e-01           2.983e-01             347.024           4.808e-06             205.155           3.162e+02     
 170.000         310.000            1.554e-01           1.554e-01             323.527           5.491e-06             176.363           3.102e+02     
 175.000         310.000            4.078e-02           4.078e-02             299.164           6.112e-06             148.760           1.654e+02     
 180.000         310.000            1.249e-05           6.423e-06             303.552           6.064e-06             120.961           4.423e+01     
   0.000         315.000            1.249e-05           7.503e-06             303.349           4.985e-06             300.706           4.425e+01     
   5.000         315.000            4.073e-02           4.073e-02             300.555           4.988e-06             330.165           1.829e+02     
  10.000         315.000            1.565e-01           1.565e-01             326.241           4.418e-06             359.624           3.162e+02     
  15.000         315.000            3.058e-01           3.058e-01             350.995           3.880e-06              31.040           3.162e+02     
  20.000         315.000            4.275e-01           4.275e-01              15.552           3.518e-06              60.971           3.162e+02     
  25.000         315.000            4.872e-01           4.872e-01              40.399           3.279e-06              88.398           3.162e+02     
  30.000         315.000            4.900e-01           4.900e-01              65.682           3.010e-06             113.242           3.162e+02     
  35.000         315.000            4.618e-01           4.618e-01              91.371           2.512e-06             135.071           3.162e+02     
  40.000         315.000            4.319e-01           4.319e-01             117.231           2.003e-06             155.659           3.162e+02     
  45.000         315.000            4.227e-01           4.227e-01             142.457           1.545e-06             174.826           3.162e+02     
  50.000         315.000            4.443e-01           4.443e-01             165.671           1.180e-06             192.803           3.162e+02     
  55.000         315.000            4.942e-01           4.942e-01             185.744           8.678e-07             208.456           3.162e+02     
  60.000         315.000            5.636e-01           5.636e-01             202.401           6.234e-07             222.355           3.162e+02     
  65.000         315.000            6.423e-01           6.423e-01             215.934           4.319e-07             234.367           3.162e+02     
  70.000         315.000            7.219e-01           7.219e-01             226.720           2.812e-07             244.342           3.162e+02     
  75.000         315.000            7.947e-01           7.947e-01             235.003           1.629e-07             252.122           3.162e+02     
  80.000         315.000            8.535e-01           8.535e-01             240.893           7.560e-08             258.709           3.162e+02     
  85.000         315.000            8.919e-01           8.919e-01             244.423           1.922e-08             261.507           3.162e+02     
  90.000         315.000            9.053e-01           9.053e-01             245.600           6.749e-12             318.259           3.162e+02     
  95.000         315.000            8.919e-01           8.919e-01             244.423           1.922e-08              81.510           3.162e+02     
 100.000         315.000            8.535e-01           8.535e-01             240.893           7.559e-08              78.711           3.162e+02     
 105.000         315.000            7.947e-01           7.947e-01             235.002           1.629e-07              72.123           3.162e+02     
 110.000         315.000            7.219e-01           7.219e-01             226.720           2.812e-07              64.342           3.162e+02     
 115.000         315.000            6.423e-01           6.423e-01             215.934           4.319e-07              54.367           3.162e+02     
 120.000         315.000            5.636e-01           5.636e-01             202.401           6.233e-07              42.354           3.162e+02     
 125.000         315.000            4.942e-01           4.942e-01             185.744           8.678e-07              28.455           3.162e+02     
 130.000         315.000            4.443e-01           4.443e-01             165.671           1.180e-06              12.802           3.162e+02     
 135.000         315.000            4.227e-01           4.227e-01             142.457           1.545e-06             354.825           3.162e+02     
 140.000         315.000            4.319e-01           4.319e-01             117.231           2.003e-06             335.657           3.162e+02     
 145.000         315.000            4.618e-01           4.618e-01              91.371           2.512e-06             315.070           3.162e+02     
 150.000         315.000            4.900e-01           4.900e-01              65.682           3.010e-06             293.241           3.162e+02     
 155.000         315.000            4.872e-01           4.872e-01              40.399           3.279e-06             268.396           3.162e+02     
 160.000         315.000            4.275e-01           4.275e-01              15.552           3.518e-06             240.970           3.162e+02     
 165.000         315.000            3.058e-01           3.058e-01             350.995           3.880e-06             211.039           3.162e+02     
 170.000         315.000            1.565e-01           1.565e-01             326.241           4.417e-06             179.623           3.162e+02     
 175.000         315.000            4.073e-02           4.073e-02             300.555           4.988e-06             150.163           1.829e+02     
 180.000         315.000            1.249e-05           7.502e-06             303.349           4.984e-06             120.704           4.423e+01     
   0.000         320.000            1.249e-05           8.545e-06             303.173           3.943e-06             300.388           4.425e+01     
   5.000         320.000            4.065e-02           4.065e-02             301.727           3.918e-06             331.333           2.062e+02     
  10.000         320.000            1.574e-01           1.574e-01             328.512           3.420e-06               2.522           3.162e+02     
  15.000         320.000            3.120e-01           3.120e-01             354.308           2.960e-06              35.819           3.162e+02     
  20.000         320.000            4.439e-01           4.439e-01              19.939           2.802e-06              67.569           3.162e+02     
  25.000         320.000            5.171e-01           5.171e-01              45.984           2.703e-06              95.496           3.162e+02     
  30.000         320.000            5.356e-01           5.356e-01              72.581           2.463e-06             119.645           3.162e+02     
  35.000         320.000            5.249e-01           5.249e-01              99.538           2.041e-06             140.751           3.162e+02     
  40.000         320.000            5.134e-01           5.134e-01             126.336           1.544e-06             160.180           3.162e+02     
  45.000         320.000            5.221e-01           5.221e-01             151.965           1.112e-06             178.607           3.162e+02     
  50.000         320.000            5.589e-01           5.589e-01             175.155           7.671e-07             195.243           3.162e+02     
  55.000         320.000            6.190e-01           6.190e-01             195.059           5.329e-07             210.908           3.162e+02     
  60.000         320.000            6.921e-01           6.921e-01             211.561           3.704e-07             224.103           3.162e+02     
  65.000         320.000            7.677e-01           7.677e-01             224.970           2.574e-07             235.624           3.162e+02     
  70.000         320.000            8.386e-01           8.386e-01             235.639           1.702e-07             244.459           3.162e+02     
  75.000         320.000            8.995e-01           8.995e-01             243.807           1.013e-07             251.241           3.162e+02     
  80.000         320.000            9.465e-01           9.465e-01             249.597           4.765e-08             255.928           3.162e+02     
  85.000         320.000            9.762e-01           9.762e-01             253.059           1.233e-08             258.297           3.162e+02     
  90.000         320.000            9.864e-01           9.864e-01             254.212           5.519e-12             322.092           3.162e+02     
  95.000         320.000            9.762e-01           9.762e-01             253.059           1.233e-08              78.308           3.162e+02     
 100.000         320.000            9.465e-01           9.465e-01             249.597           4.764e-08              75.933           3.162e+02     
 105.000         320.000            8.995e-01           8.995e-01             243.807           1.013e-07              71.245           3.162e+02     
 110.000         320.000            8.386e-01           8.386e-01             235.639           1.702e-07              64.462           3.162e+02     
 115.000         320.000            7.677e-01           7.677e-01             224.970           2.573e-07              55.626           3.162e+02     
 120.000         320.000            6.921e-01           6.921e-01             211.561           3.704e-07              44.104           3.162e+02     
 125.000         320.000            6.190e-01           6.190e-01             195.059           5.328e-07              30.908           3.162e+02     
 130.000         320.000            5.589e-01           5.589e-01             175.155           7.671e-07              15.242           3.162e+02     
 135.000         320.000            5.221e-01           5.221e-01             151.965           1.112e-06             358.606           3.162e+02     
 140.000         320.000            5.134e-01           5.134e-01             126.336           1.544e-06             340.179           3.162e+02     
 145.000         320.000            5.249e-01           5.249e-01              99.538           2.041e-06             320.751           3.162e+02     
 150.000         320.000            5.356e-01           5.356e-01              72.581           2.463e-06             299.644           3.162e+02     
 155.000         320.000            5.171e-01           5.171e-01              45.984           2.703e-06             275.495           3.162e+02     
 160.000         320.000            4.439e-01           4.439e-01              19.939           2.802e-06             247.568           3.162e+02     
 165.000         320.000            3.120e-01           3.120e-01             354.308           2.960e-06             215.818           3.162e+02     
 170.000         320.000            1.574e-01           1.574e-01             328.512           3.419e-06             182.521           3.162e+02     
 175.000         320.000            4.065e-02           4.065e-02             301.727           3.918e-06             151.332           2.062e+02     
 180.000         320.000            1.249e-05           8.544e-06             303.173           3.943e-06             120.386           4.423e+01     
   0.000         325.000            1.249e-05           9.516e-06             303.017           2.971e-06             299.976           4.425e+01     
   5.000         325.000            4.054e-02           4.053e-02             302.670           2.933e-06             332.246           2.382e+02     
  10.000         325.000            1.580e-01           1.580e-01             330.323           2.523e-06               5.054           3.162e+02     
  15.000         325.000            3.165e-01           3.165e-01             356.950           2.195e-06              40.263           3.162e+02     
  20.000         325.000            4.556e-01           4.556e-01              23.539           2.156e-06              73.513           3.162e+02     
  25.000         325.000            5.395e-01           5.395e-01              50.849           2.186e-06             102.048           3.162e+02     
  30.000         325.000            5.761e-01           5.761e-01              79.019           1.963e-06             124.527           3.162e+02     
  35.000         325.000            5.954e-01           5.954e-01             107.516           1.550e-06             144.077           3.162e+02     
  40.000         325.000            6.245e-01           6.245e-01             135.255           1.118e-06             162.255           3.162e+02     
  45.000         325.000            6.780e-01           6.780e-01             160.910           7.078e-07             178.107           3.162e+02     
  50.000         325.000            7.551e-01           7.551e-01             183.441           4.354e-07             192.920           3.162e+02     
  55.000         325.000            8.445e-01           8.445e-01             202.466           2.740e-07             206.117           3.162e+02     
  60.000         325.000            9.318e-01           9.318e-01             218.157           1.839e-07             217.646           3.162e+02     
  65.000         325.000            1.007e+00           1.007e+00             230.897           1.286e-07             227.638           3.162e+02     
  70.000         325.000            1.067e+00           1.067e+00             241.030           9.095e-08             234.306           3.162e+02     
  75.000         325.000            1.110e+00           1.110e+00             248.783           5.847e-08             239.398           3.162e+02     
  80.000         325.000            1.140e+00           1.140e+00             254.276           2.939e-08             242.941           3.162e+02     
  85.000         325.000            1.157e+00           1.157e+00             257.560           7.969e-09             244.579           3.162e+02     
  90.000         325.000            1.162e+00           1.162e+00             258.654           4.654e-12             326.252           3.162e+02     
  95.000         325.000            1.157e+00           1.157e+00             257.560           7.961e-09              64.597           3.162e+02     
 100.000         325.000            1.140e+00           1.140e+00             254.276           2.937e-08              62.951           3.162e+02     
 105.000         325.000            1.110e+00           1.110e+00             248.782           5.845e-08              59.405           3.162e+02     
 110.000         325.000            1.067e+00           1.067e+00             241.030           9.092e-08              54.312           3.162e+02     
 115.000         325.000            1.007e+00           1.007e+00             230.897           1.285e-07              47.643           3.162e+02     
 120.000         325.000            9.318e-01           9.318e-01             218.157           1.839e-07              37.650           3.162e+02     
 125.000         325.000            8.445e-01           8.445e-01             202.466           2.740e-07              26.119           3.162e+02     
 130.000         325.000            7.551e-01           7.551e-01             183.441           4.353e-07              12.921           3.162e+02     
 135.000         325.000            6.780e-01           6.780e-01             160.910           7.078e-07             358.108           3.162e+02     
 140.000         325.000            6.245e-01           6.245e-01             135.255           1.118e-06             342.255           3.162e+02     
 145.000         325.000            5.954e-01           5.954e-01             107.516           1.550e-06             324.077           3.162e+02     
 150.000         325.000            5.761e-01           5.761e-01              79.019           1.963e-06             304.526           3.162e+02     
 155.000         325.000            5.395e-01           5.395e-01              50.849           2.186e-06             282.048           3.162e+02     
 160.000         325.000            4.556e-01           4.556e-01              23.539           2.156e-06             253.512           3.162e+02     
 165.000         325.000            3.165e-01           3.165e-01             356.950           2.195e-06             220.262           3.162e+02     
 170.000         325.000            1.580e-01           1.580e-01             330.323           2.523e-06             185.053           3.162e+02     
 175.000         325.000            4.054e-02           4.053e-02             302.670           2.932e-06             152.244           2.382e+02     
 180.000         325.000            1.249e-05           9.516e-06             303.017           2.971e-06             119.975           4.423e+01     
   0.000         330.000            1.249e-05           1.039e-05             302.875           2.099e-06             299.412           4.425e+01     
   5.000         330.000            4.038e-02           4.038e-02             303.376           2.059e-06             332.873           2.844e+02     
  10.000         330.000            1.581e-01           1.581e-01             331.663           1.747e-06               7.229           3.162e+02     
  15.000         330.000            3.190e-01           3.190e-01             358.908           1.537e-06              44.362           3.162e+02     
  20.000         330.000            4.620e-01           4.620e-01              26.331           1.552e-06              78.845           3.162e+02     
  25.000         330.000            5.538e-01           5.538e-01              54.941           1.659e-06             106.651           3.162e+02     
  30.000         330.000            6.122e-01           6.122e-01              84.819           1.494e-06             127.828           3.162e+02     
  35.000         330.000            6.763e-01           6.763e-01             114.811           1.136e-06             145.164           3.162e+02     
  40.000         330.000            7.710e-01           7.710e-01             143.089           7.330e-07             160.009           3.162e+02     
  45.000         330.000            8.961e-01           8.961e-01             168.239           4.170e-07             172.336           3.162e+02     
  50.000         330.000            1.034e+00           1.034e+00             189.749           2.249e-07             181.944           3.162e+02     
  55.000         330.000            1.160e+00           1.160e+00             207.761           1.321e-07             189.987           3.162e+02     
  60.000         330.000            1.258e+00           1.258e+00             222.668           9.169e-08             195.445           3.162e+02     
  65.000         330.000            1.321e+00           1.321e+00             234.863           7.509e-08             201.174           3.162e+02     
  70.000         330.000            1.354e+00           1.354e+00             244.638           6.343e-08             207.147           3.162e+02     
  75.000         330.000            1.365e+00           1.365e+00             252.166           4.740e-08             212.584           3.162e+02     
  80.000         330.000            1.365e+00           1.365e+00             257.527           2.650e-08             216.736           3.162e+02     
  85.000         330.000            1.362e+00           1.362e+00             260.745           7.651e-09             219.338           3.162e+02     
  90.000         330.000            1.360e+00           1.360e+00             261.818           4.173e-12             333.486           3.162e+02     
  95.000         330.000            1.362e+00           1.362e+00             260.745           7.638e-09              39.346           3.162e+02     
 100.000         330.000            1.365e+00           1.365e+00             257.527           2.647e-08              36.741           3.162e+02     
 105.000         330.000            1.365e+00           1.365e+00             252.166           4.737e-08              32.589           3.162e+02     
 110.000         330.000            1.354e+00           1.354e+00             244.638           6.340e-08              27.151           3.162e+02     
 115.000         330.000            1.321e+00           1.321e+00             234.863           7.505e-08              21.179           3.162e+02     
 120.000         330.000            1.258e+00           1.258e+00             222.668           9.166e-08              15.450           3.162e+02     
 125.000         330.000            1.160e+00           1.160e+00             207.761           1.321e-07               9.991           3.162e+02     
 130.000         330.000            1.034e+00           1.034e+00             189.749           2.249e-07               1.947           3.162e+02     
 135.000         330.000            8.961e-01           8.961e-01             168.239           4.170e-07             352.338           3.162e+02     
 140.000         330.000            7.710e-01           7.710e-01             143.089           7.330e-07             340.010           3.162e+02     
 145.000         330.000            6.763e-01           6.763e-01             114.811           1.136e-06             325.165           3.162e+02     
 150.000         330.000            6.122e-01           6.122e-01              84.819           1.494e-06             307.828           3.162e+02     
 155.000         330.000            5.538e-01           5.538e-01              54.941           1.659e-06             286.651           3.162e+02     
 160.000         330.000            4.620e-01           4.620e-01              26.331           1.551e-06             258.845           3.162e+02     
 165.000         330.000            3.190e-01           3.190e-01             358.908           1.537e-06             224.361           3.162e+02     
 170.000         330.000            1.581e-01           1.581e-01             331.663           1.747e-06             187.228           3.162e+02     
 175.000         330.000            4.038e-02           4.038e-02             303.376           2.059e-06             152.872           2.844e+02     
 180.000         330.000            1.249e-05           1.039e-05             302.875           2.099e-06             119.411           4.423e+01     
   0.000         335.000            1.249e-05           1.114e-05             302.744           1.353e-06             298.576           4.425e+01     
   5.000         335.000            4.018e-02           4.018e-02             303.840           1.321e-06             333.167           3.162e+02     
  10.000         335.000            1.578e-01           1.578e-01             332.525           1.106e-06               9.091           3.162e+02     
  15.000         335.000            3.195e-01           3.195e-01               0.169           9.942e-07              48.248           3.162e+02     
  20.000         335.000            4.632e-01           4.632e-01              28.274           1.073e-06              83.478           3.162e+02     
  25.000         335.000            5.604e-01           5.604e-01              58.147           1.191e-06             110.437           3.162e+02     
  30.000         335.000            6.440e-01           6.440e-01              89.691           1.077e-06             129.740           3.162e+02     
  35.000         335.000            7.664e-01           7.664e-01             120.844           8.079e-07             144.963           3.162e+02     
  40.000         335.000            9.467e-01           9.467e-01             149.094           4.783e-07             154.620           3.162e+02     
  45.000         335.000            1.160e+00           1.160e+00             173.360           2.512e-07             159.789           3.162e+02     
  50.000         335.000            1.362e+00           1.362e+00             193.833           1.375e-07             161.336           3.162e+02     
  55.000         335.000            1.513e+00           1.513e+00             211.085           9.631e-08             159.414           3.162e+02     
  60.000         335.000            1.598e+00           1.598e+00             225.622           8.639e-08             164.369           3.162e+02     
  65.000         335.000            1.620e+00           1.620e+00             237.781           8.733e-08             172.741           3.162e+02     
  70.000         335.000            1.599e+00           1.599e+00             247.750           8.362e-08             182.364           3.162e+02     
  75.000         335.000            1.557e+00           1.557e+00             255.588           6.624e-08             191.035           3.162e+02     
  80.000         335.000            1.514e+00           1.514e+00             261.266           3.858e-08             196.984           3.162e+02     
  85.000         335.000            1.484e+00           1.484e+00             264.716           1.150e-08             200.369           3.162e+02     
  90.000         335.000            1.473e+00           1.473e+00             265.875           4.034e-12             343.189           3.162e+02     
  95.000         335.000            1.484e+00           1.484e+00             264.716           1.148e-08              20.363           3.162e+02     
 100.000         335.000            1.514e+00           1.514e+00             261.266           3.854e-08              16.981           3.162e+02     
 105.000         335.000            1.557e+00           1.557e+00             255.588           6.620e-08              11.034           3.162e+02     
 110.000         335.000            1.599e+00           1.599e+00             247.750           8.357e-08               2.363           3.162e+02     
 115.000         335.000            1.620e+00           1.620e+00             237.781           8.728e-08             352.740           3.162e+02     
 120.000         335.000            1.598e+00           1.598e+00             225.622           8.635e-08             344.368           3.162e+02     
 125.000         335.000            1.513e+00           1.513e+00             211.085           9.627e-08             339.415           3.162e+02     
 130.000         335.000            1.362e+00           1.362e+00             193.833           1.375e-07             341.339           3.162e+02     
 135.000         335.000            1.160e+00           1.160e+00             173.360           2.511e-07             339.791           3.162e+02     
 140.000         335.000            9.467e-01           9.467e-01             149.094           4.783e-07             334.622           3.162e+02     
 145.000         335.000            7.664e-01           7.664e-01             120.844           8.079e-07             324.964           3.162e+02     
 150.000         335.000            6.440e-01           6.440e-01              89.691           1.077e-06             309.740           3.162e+02     
 155.000         335.000            5.604e-01           5.604e-01              58.147           1.191e-06             290.438           3.162e+02     
 160.000         335.000            4.632e-01           4.632e-01              28.274           1.073e-06             263.478           3.162e+02     
 165.000         335.000            3.195e-01           3.195e-01               0.169           9.940e-07             228.247           3.162e+02     
 170.000         335.000            1.578e-01           1.578e-01             332.525           1.106e-06             189.089           3.162e+02     
 175.000         335.000            4.018e-02           4.018e-02             303.840           1.321e-06             153.165           3.162e+02     
 180.000         335.000            1.249e-05           1.113e-05             302.744           1.352e-06             118.574           4.423e+01     
   0.000         340.000            1.249e-05           1.173e-05             302.621           7.547e-07             297.182           4.425e+01     
   5.000         340.000            3.993e-02           3.993e-02             304.057           7.354e-07             333.021           3.162e+02     
  10.000         340.000            1.569e-01           1.569e-01             332.903           6.083e-07              10.780           3.162e+02     
  15.000         340.000            3.179e-01           3.179e-01               0.718           5.696e-07              52.315           3.162e+02     
  20.000         340.000            4.596e-01           4.596e-01              29.310           6.737e-07              87.955           3.162e+02     
  25.000         340.000            5.596e-01           5.596e-01              60.306           7.722e-07             113.448           3.162e+02     
  30.000         340.000            6.697e-01           6.697e-01              93.301           7.060e-07             130.643           3.162e+02     
  35.000         340.000            8.575e-01           8.575e-01             125.136           5.373e-07             142.365           3.162e+02     
  40.000         340.000            1.132e+00           1.132e+00             152.884           3.185e-07             147.197           3.162e+02     
  45.000         340.000            1.433e+00           1.433e+00             176.120           1.816e-07             145.537           3.162e+02     
  50.000         340.000            1.681e+00           1.681e+00             195.714           1.251e-07             141.134           3.162e+02     
  55.000         340.000            1.825e+00           1.825e+00             212.548           1.154e-07             140.519           3.162e+02     
  60.000         340.000            1.858e+00           1.858e+00             227.185           1.205e-07             148.225           3.162e+02     
  65.000         340.000            1.806e+00           1.806e+00             239.896           1.259e-07             160.168           3.162e+02     
  70.000         340.000            1.711e+00           1.711e+00             250.729           1.193e-07             172.303           3.162e+02     
  75.000         340.000            1.607e+00           1.607e+00             259.562           9.567e-08             181.879           3.162e+02     
  80.000         340.000            1.520e+00           1.520e+00             266.160           5.551e-08             188.736           3.162e+02     
  85.000         340.000            1.465e+00           1.465e+00             270.260           1.651e-08             192.687           3.162e+02     
  90.000         340.000            1.445e+00           1.445e+00             271.652           4.018e-12             351.965           3.162e+02     
  95.000         340.000            1.465e+00           1.465e+00             270.260           1.649e-08              12.680           3.162e+02     
 100.000         340.000            1.520e+00           1.520e+00             266.160           5.546e-08               8.732           3.162e+02     
 105.000         340.000            1.607e+00           1.607e+00             259.562           9.560e-08               1.876           3.162e+02     
 110.000         340.000            1.711e+00           1.711e+00             250.729           1.193e-07             352.300           3.162e+02     
 115.000         340.000            1.806e+00           1.806e+00             239.896           1.259e-07             340.166           3.162e+02     
 120.000         340.000            1.858e+00           1.858e+00             227.185           1.204e-07             328.223           3.162e+02     
 125.000         340.000            1.825e+00           1.825e+00             212.548           1.153e-07             320.518           3.162e+02     
 130.000         340.000            1.681e+00           1.681e+00             195.714           1.251e-07             321.136           3.162e+02     
 135.000         340.000            1.433e+00           1.433e+00             176.120           1.815e-07             325.540           3.162e+02     
 140.000         340.000            1.132e+00           1.132e+00             152.884           3.185e-07             327.200           3.162e+02     
 145.000         340.000            8.575e-01           8.575e-01             125.136           5.372e-07             322.366           3.162e+02     
 150.000         340.000            6.697e-01           6.697e-01              93.301           7.059e-07             310.644           3.162e+02     
 155.000         340.000            5.596e-01           5.596e-01              60.306           7.721e-07             293.449           3.162e+02     
 160.000         340.000            4.596e-01           4.596e-01              29.310           6.736e-07             267.956           3.162e+02     
 165.000         340.000            3.179e-01           3.179e-01               0.718           5.694e-07             232.314           3.162e+02     
 170.000         340.000            1.569e-01           1.569e-01             332.903           6.082e-07             190.778           3.162e+02     
 175.000         340.000            3.993e-02           3.993e-02             304.057           7.352e-07             153.018           3.162e+02     
 180.000         340.000            1.249e-05           1.173e-05             302.621           7.546e-07             117.179           4.423e+01     
   0.000         345.000            1.249e-05           1.216e-05             302.503           3.237e-07             294.331           4.425e+01     
   5.000         345.000            3.964e-02           3.964e-02             304.025           3.157e-07             332.118           3.162e+02     
  10.000         345.000            1.556e-01           1.556e-01             332.795           2.586e-07              12.786           3.162e+02     
  15.000         345.000            3.144e-01           3.144e-01               0.541           2.652e-07              57.776           3.162e+02     
  20.000         345.000            4.518e-01           4.518e-01              29.373           3.632e-07              93.219           3.162e+02     
  25.000         345.000            5.519e-01           5.519e-01              61.236           4.534e-07             116.367           3.162e+02     
  30.000         345.000            6.858e-01           6.858e-01              95.337           4.363e-07             130.669           3.162e+02     
  35.000         345.000            9.358e-01           9.358e-01             127.395           3.326e-07             138.919           3.162e+02     
  40.000         345.000            1.296e+00           1.296e+00             154.358           2.124e-07             139.736           3.162e+02     
  45.000         345.000            1.667e+00           1.667e+00             176.557           1.473e-07             136.303           3.162e+02     
  50.000         345.000            1.931e+00           1.931e+00             195.413           1.215e-07             132.933           3.162e+02     
  55.000         345.000            2.031e+00           2.031e+00             212.052           1.207e-07             136.211           3.162e+02     
  60.000         345.000            1.982e+00           1.982e+00             227.111           1.266e-07             146.753           3.162e+02     
  65.000         345.000            1.843e+00           1.843e+00             240.828           1.294e-07             160.498           3.162e+02     
  70.000         345.000            1.677e+00           1.677e+00             253.107           1.246e-07             172.748           3.162e+02     
  75.000         345.000            1.529e+00           1.529e+00             263.574           9.969e-08             182.545           3.162e+02     
  80.000         345.000            1.419e+00           1.419e+00             271.670           5.783e-08             189.404           3.162e+02     
  85.000         345.000            1.355e+00           1.355e+00             276.815           1.720e-08             193.333           3.162e+02     
  90.000         345.000            1.334e+00           1.334e+00             278.582           3.662e-12             357.134           3.162e+02     
  95.000         345.000            1.355e+00           1.355e+00             276.815           1.717e-08              13.333           3.162e+02     
 100.000         345.000            1.419e+00           1.419e+00             271.670           5.777e-08               9.404           3.162e+02     
 105.000         345.000            1.529e+00           1.529e+00             263.574           9.962e-08               2.545           3.162e+02     
 110.000         345.000            1.677e+00           1.677e+00             253.107           1.246e-07             352.748           3.162e+02     
 115.000         345.000            1.843e+00           1.843e+00             240.828           1.293e-07             340.498           3.162e+02     
 120.000         345.000            1.982e+00           1.982e+00             227.111           1.266e-07             326.752           3.162e+02     
 125.000         345.000            2.031e+00           2.031e+00             212.052           1.207e-07             316.211           3.162e+02     
 130.000         345.000            1.931e+00           1.931e+00             195.413           1.214e-07             312.936           3.162e+02     
 135.000         345.000            1.667e+00           1.667e+00             176.557           1.473e-07             316.308           3.162e+02     
 140.000         345.000            1.296e+00           1.296e+00             154.358           2.123e-07             319.740           3.162e+02     
 145.000         345.000            9.358e-01           9.358e-01             127.395           3.325e-07             318.923           3.162e+02     
 150.000         345.000            6.858e-01           6.858e-01              95.337           4.362e-07             310.671           3.162e+02     
 155.000         345.000            5.519e-01           5.519e-01              61.236           4.533e-07             296.369           3.162e+02     
 160.000         345.000            4.518e-01           4.518e-01              29.373           3.632e-07             273.221           3.162e+02     
 165.000         345.000            3.144e-01           3.144e-01               0.541           2.652e-07             237.776           3.162e+02     
 170.000         345.000            1.556e-01           1.556e-01             332.794           2.585e-07             192.784           3.162e+02     
 175.000         345.000            3.964e-02           3.964e-02             304.025           3.157e-07             152.115           3.162e+02     
 180.000         345.000            1.249e-05           1.216e-05             302.503           3.236e-07             114.327           4.423e+01     
   0.000         350.000            1.249e-05           1.242e-05             302.389           7.257e-08             285.102           4.425e+01     
   5.000         350.000            3.930e-02           3.930e-02             303.745           7.020e-08             328.741           3.162e+02     
  10.000         350.000            1.537e-01           1.537e-01             332.201           5.749e-08              17.859           3.162e+02     
  15.000         350.000            3.094e-01           3.094e-01             359.628           8.124e-08              69.852           3.162e+02     
  20.000         350.000            4.409e-01           4.409e-01              28.393           1.502e-07             102.328           3.162e+02     
  25.000         350.000            5.378e-01           5.378e-01              60.752           2.157e-07             120.891           3.162e+02     
  30.000         350.000            6.880e-01           6.880e-01              95.546           2.284e-07             131.234           3.162e+02     
  35.000         350.000            9.862e-01           9.862e-01             127.485           1.950e-07             136.417           3.162e+02     
  40.000         350.000            1.412e+00           1.412e+00             153.549           1.471e-07             136.433           3.162e+02     
  45.000         350.000            1.826e+00           1.826e+00             174.731           1.143e-07             135.734           3.162e+02     
  50.000         350.000            2.080e+00           2.080e+00             192.873           9.889e-08             136.276           3.162e+02     
  55.000         350.000            2.117e+00           2.117e+00             209.311           9.361e-08             143.604           3.162e+02     
  60.000         350.000            1.980e+00           1.980e+00             224.809           9.421e-08             156.090           3.162e+02     
  65.000         350.000            1.764e+00           1.764e+00             239.645           9.504e-08             170.167           3.162e+02     
  70.000         350.000            1.553e+00           1.553e+00             253.600           9.083e-08             181.986           3.162e+02     
  75.000         350.000            1.391e+00           1.391e+00             265.979           7.237e-08             191.045           3.162e+02     
  80.000         350.000            1.289e+00           1.289e+00             275.793           4.183e-08             197.231           3.162e+02     
  85.000         350.000            1.237e+00           1.237e+00             282.096           1.240e-08             200.684           3.162e+02     
  90.000         350.000            1.221e+00           1.221e+00             284.268           2.652e-12             358.261           3.162e+02     
  95.000         350.000            1.237e+00           1.237e+00             282.096           1.238e-08              20.703           3.162e+02     
 100.000         350.000            1.289e+00           1.289e+00             275.793           4.178e-08              17.242           3.162e+02     
 105.000         350.000            1.391e+00           1.391e+00             265.979           7.231e-08              11.054           3.162e+02     
 110.000         350.000            1.553e+00           1.553e+00             253.600           9.077e-08               1.994           3.162e+02     
 115.000         350.000            1.764e+00           1.764e+00             239.645           9.497e-08             350.174           3.162e+02     
 120.000         350.000            1.980e+00           1.980e+00             224.809           9.415e-08             336.097           3.162e+02     
 125.000         350.000            2.117e+00           2.117e+00             209.311           9.355e-08             323.610           3.162e+02     
 130.000         350.000            2.080e+00           2.080e+00             192.873           9.884e-08             316.282           3.162e+02     
 135.000         350.000            1.826e+00           1.826e+00             174.731           1.142e-07             315.741           3.162e+02     
 140.000         350.000            1.412e+00           1.412e+00             153.549           1.470e-07             316.440           3.162e+02     
 145.000         350.000            9.862e-01           9.862e-01             127.485           1.950e-07             316.422           3.162e+02     
 150.000         350.000            6.880e-01           6.880e-01              95.546           2.283e-07             311.238           3.162e+02     
 155.000         350.000            5.378e-01           5.378e-01              60.752           2.157e-07             300.894           3.162e+02     
 160.000         350.000            4.409e-01           4.409e-01              28.393           1.501e-07             282.332           3.162e+02     
 165.000         350.000            3.094e-01           3.094e-01             359.628           8.121e-08             249.855           3.162e+02     
 170.000         350.000            1.537e-01           1.537e-01             332.201           5.747e-08             197.856           3.162e+02     
 175.000         350.000            3.930e-02           3.930e-02             303.745           7.017e-08             148.734           3.162e+02     
 180.000         350.000            1.249e-05           1.241e-05             302.388           7.254e-08             105.091           4.423e+01     
   0.000         355.000            1.249e-05           1.248e-05             302.275           8.945e-09             179.866           4.425e+01     
   5.000         355.000            3.891e-02           3.891e-02             303.217           1.954e-09             193.740           3.162e+02     
  10.000         355.000            1.514e-01           1.514e-01             331.129           2.856e-09             132.923           3.162e+02     
  15.000         355.000            3.031e-01           3.031e-01             357.976           1.581e-08             126.260           3.162e+02     
  20.000         355.000            4.277e-01           4.277e-01              26.317           4.079e-08             129.702           3.162e+02     
  25.000         355.000            5.182e-01           5.181e-01              58.694           6.838e-08             133.314           3.162e+02     
  30.000         355.000            6.735e-01           6.735e-01              93.737           8.620e-08             135.032           3.162e+02     
  35.000         355.000            9.973e-01           9.973e-01             125.351           9.321e-08             136.601           3.162e+02     
  40.000         355.000            1.460e+00           1.460e+00             150.517           9.022e-08             138.733           3.162e+02     
  45.000         355.000            1.895e+00           1.895e+00             170.694           8.214e-08             144.958           3.162e+02     
  50.000         355.000            2.130e+00           2.130e+00             188.014           7.238e-08             154.664           3.162e+02     
  55.000         355.000            2.111e+00           2.111e+00             203.991           6.613e-08             168.982           3.162e+02     
  60.000         355.000            1.907e+00           1.907e+00             219.546           6.433e-08             185.669           3.162e+02     
  65.000         355.000            1.638e+00           1.638e+00             235.071           6.403e-08             199.172           3.162e+02     
  70.000         355.000            1.404e+00           1.404e+00             250.294           5.836e-08             209.779           3.162e+02     
  75.000         355.000            1.247e+00           1.247e+00             264.208           4.412e-08             217.371           3.162e+02     
  80.000         355.000            1.165e+00           1.165e+00             275.376           2.436e-08             222.363           3.162e+02     
  85.000         355.000            1.131e+00           1.131e+00             282.545           6.985e-09             224.973           3.162e+02     
  90.000         355.000            1.123e+00           1.123e+00             285.004           1.248e-12             356.594           3.162e+02     
  95.000         355.000            1.131e+00           1.131e+00             282.545           6.974e-09              45.041           3.162e+02     
 100.000         355.000            1.165e+00           1.165e+00             275.376           2.434e-08              42.400           3.162e+02     
 105.000         355.000            1.247e+00           1.247e+00             264.208           4.410e-08              37.399           3.162e+02     
 110.000         355.000            1.404e+00           1.404e+00             250.294           5.833e-08              29.804           3.162e+02     
 115.000         355.000            1.638e+00           1.638e+00             235.071           6.400e-08              19.195           3.162e+02     
 120.000         355.000            1.907e+00           1.907e+00             219.546           6.430e-08               5.690           3.162e+02     
 125.000         355.000            2.111e+00           2.111e+00             203.991           6.609e-08             349.001           3.162e+02     
 130.000         355.000            2.130e+00           2.130e+00             188.014           7.235e-08             334.680           3.162e+02     
 135.000         355.000            1.895e+00           1.895e+00             170.694           8.211e-08             324.971           3.162e+02     
 140.000         355.000            1.460e+00           1.460e+00             150.517           9.019e-08             318.743           3.162e+02     
 145.000         355.000            9.973e-01           9.973e-01             125.351           9.319e-08             316.609           3.162e+02     
 150.000         355.000            6.735e-01           6.735e-01              93.737           8.619e-08             315.039           3.162e+02     
 155.000         355.000            5.181e-01           5.181e-01              58.694           6.837e-08             313.321           3.162e+02     
 160.000         355.000            4.277e-01           4.277e-01              26.317           4.078e-08             309.711           3.162e+02     
 165.000         355.000            3.031e-01           3.031e-01             357.976           1.581e-08             306.277           3.162e+02     
 170.000         355.000            1.514e-01           1.514e-01             331.129           2.858e-09             312.968           3.162e+02     
 175.000         355.000            3.891e-02           3.891e-02             303.217           1.958e-09              13.724           3.162e+02     
 180.000         355.000            1.249e-05           1.248e-05             302.275           8.955e-09             359.849           4.423e+01     
