Theta [deg.]  Phi   [deg.]  Abs(Grlz)[      ]   Abs(Theta)[      ]  Phase(Theta)[deg.]  Abs(Phi  )[      ]  Phase(Phi  )[deg.]  Ax.Ratio[      ]    
------------------------------------------------------------------------------------------------------------------------------------------------------
   0.000           0.000            8.202e-06           4.609e-06             130.887           3.593e-06             316.899           1.919e+01     
   5.000           0.000            1.546e-02           1.546e-02             238.609           3.452e-06             285.458           9.173e+01     
  10.000           0.000            6.330e-02           6.330e-02             206.572           3.550e-06             253.655           1.823e+02     
  15.000           0.000            1.440e-01           1.440e-01             176.039           3.828e-06             223.296           2.641e+02     
  20.000           0.000            2.525e-01           2.525e-01             146.190           4.095e-06             194.755           3.162e+02     
  25.000           0.000            3.925e-01           3.925e-01             116.880           4.145e-06             167.513           3.162e+02     
  30.000           0.000            5.774e-01           5.774e-01              89.503           3.918e-06             141.035           3.162e+02     
  35.000           0.000            7.913e-01           7.913e-01              65.383           3.355e-06             114.621           3.162e+02     
  40.000           0.000            9.640e-01           9.640e-01              44.417           2.600e-06              87.089           3.162e+02     
  45.000           0.000            1.012e+00           1.012e+00              25.405           1.857e-06              56.343           3.162e+02     
  50.000           0.000            9.098e-01           9.098e-01               6.628           1.412e-06              21.419           3.162e+02     
  55.000           0.000            7.191e-01           7.191e-01             345.961           1.323e-06             345.977           3.162e+02     
  60.000           0.000            5.471e-01           5.471e-01             321.220           1.440e-06             316.305           3.162e+02     
  65.000           0.000            4.795e-01           4.795e-01             292.767           1.522e-06             294.648           3.162e+02     
  70.000           0.000            5.402e-01           5.402e-01             266.373           1.384e-06             278.895           3.162e+02     
  75.000           0.000            6.937e-01           6.937e-01             247.179           1.013e-06             267.566           3.162e+02     
  80.000           0.000            8.734e-01           8.734e-01             235.166           5.393e-07             259.802           3.162e+02     
  85.000           0.000            1.012e+00           1.012e+00             228.689           1.497e-07             255.109           3.162e+02     
  90.000           0.000            1.064e+00           1.064e+00             226.645           5.974e-12             340.328           3.162e+02     
  95.000           0.000            1.012e+00           1.012e+00             228.689           1.496e-07              75.127           3.162e+02     
 100.000           0.000            8.734e-01           8.734e-01             235.166           5.392e-07              79.812           3.162e+02     
 105.000           0.000            6.937e-01           6.937e-01             247.179           1.013e-06              87.572           3.162e+02     
 110.000           0.000            5.402e-01           5.402e-01             266.373           1.384e-06              98.900           3.162e+02     
 115.000           0.000            4.795e-01           4.795e-01             292.767           1.522e-06             114.652           3.162e+02     
 120.000           0.000            5.471e-01           5.471e-01             321.220           1.440e-06             136.308           3.162e+02     
 125.000           0.000            7.191e-01           7.191e-01             345.961           1.323e-06             165.978           3.162e+02     
 130.000           0.000            9.098e-01           9.098e-01               6.628           1.412e-06             201.419           3.162e+02     
 135.000           0.000            1.012e+00           1.012e+00              25.405           1.857e-06             236.343           3.162e+02     
 140.000           0.000            9.640e-01           9.640e-01              44.417           2.600e-06             267.089           3.162e+02     
 145.000           0.000            7.913e-01           7.913e-01              65.383           3.355e-06             294.622           3.162e+02     
 150.000           0.000            5.774e-01           5.774e-01              89.503           3.918e-06             321.035           3.162e+02     
 155.000           0.000            3.925e-01           3.925e-01             116.880           4.145e-06             347.513           3.162e+02     
 160.000           0.000            2.525e-01           2.525e-01             146.190           4.095e-06              14.754           3.162e+02     
 165.000           0.000            1.440e-01           1.440e-01             176.039           3.828e-06              43.295           2.641e+02     
 170.000           0.000            6.330e-02           6.330e-02             206.572           3.550e-06              73.654           1.823e+02     
 175.000           0.000            1.546e-02           1.546e-02             238.609           3.452e-06             105.456           9.174e+01     
 180.000           0.000            8.202e-06           4.609e-06             130.888           3.593e-06             136.897           1.920e+01     
   0.000           5.000            8.202e-06           3.899e-06             130.385           4.304e-06             316.358           1.919e+01     
   5.000           5.000            1.571e-02           1.571e-02             241.605           4.204e-06             287.917           8.455e+01     
  10.000           5.000            6.501e-02           6.501e-02             212.647           4.360e-06             258.482           1.702e+02     
  15.000           5.000            1.485e-01           1.485e-01             185.267           4.748e-06             230.423           2.495e+02     
  20.000           5.000            2.590e-01           2.590e-01             158.473           5.111e-06             204.246           3.141e+02     
  25.000           5.000            3.967e-01           3.967e-01             131.857           5.172e-06             179.262           3.162e+02     
  30.000           5.000            5.749e-01           5.749e-01             106.595           4.859e-06             154.690           3.162e+02     
  35.000           5.000            7.843e-01           7.843e-01              84.097           4.186e-06             129.723           3.162e+02     
  40.000           5.000            9.653e-01           9.653e-01              64.490           3.362e-06             103.590           3.162e+02     
  45.000           5.000            1.038e+00           1.038e+00              46.724           2.578e-06              75.415           3.162e+02     
  50.000           5.000            9.713e-01           9.712e-01              29.213           2.052e-06              45.384           3.162e+02     
  55.000           5.000            8.124e-01           8.124e-01              10.121           1.797e-06              15.543           3.162e+02     
  60.000           5.000            6.587e-01           6.587e-01             347.856           1.690e-06             348.964           3.162e+02     
  65.000           5.000            5.937e-01           5.937e-01             322.955           1.578e-06             327.807           3.162e+02     
  70.000           5.000            6.458e-01           6.458e-01             299.638           1.325e-06             311.569           3.162e+02     
  75.000           5.000            7.864e-01           7.864e-01             281.959           9.280e-07             299.591           3.162e+02     
  80.000           5.000            9.543e-01           9.543e-01             270.487           4.824e-07             291.305           3.162e+02     
  85.000           5.000            1.086e+00           1.086e+00             264.182           1.323e-07             286.268           3.162e+02     
  90.000           5.000            1.135e+00           1.135e+00             262.178           7.733e-12               6.211           3.162e+02     
  95.000           5.000            1.086e+00           1.086e+00             264.182           1.323e-07             106.289           3.162e+02     
 100.000           5.000            9.543e-01           9.543e-01             270.487           4.823e-07             111.316           3.162e+02     
 105.000           5.000            7.864e-01           7.864e-01             281.959           9.279e-07             119.599           3.162e+02     
 110.000           5.000            6.458e-01           6.458e-01             299.638           1.325e-06             131.574           3.162e+02     
 115.000           5.000            5.937e-01           5.937e-01             322.955           1.578e-06             147.811           3.162e+02     
 120.000           5.000            6.587e-01           6.587e-01             347.856           1.690e-06             168.967           3.162e+02     
 125.000           5.000            8.124e-01           8.124e-01              10.121           1.797e-06             195.545           3.162e+02     
 130.000           5.000            9.713e-01           9.712e-01              29.213           2.052e-06             225.385           3.162e+02     
 135.000           5.000            1.038e+00           1.038e+00              46.724           2.578e-06             255.415           3.162e+02     
 140.000           5.000            9.653e-01           9.653e-01              64.490           3.362e-06             283.590           3.162e+02     
 145.000           5.000            7.843e-01           7.843e-01              84.097           4.186e-06             309.723           3.162e+02     
 150.000           5.000            5.749e-01           5.749e-01             106.595           4.859e-06             334.690           3.162e+02     
 155.000           5.000            3.967e-01           3.967e-01             131.857           5.172e-06             359.262           3.162e+02     
 160.000           5.000            2.590e-01           2.590e-01             158.473           5.110e-06              24.245           3.142e+02     
 165.000           5.000            1.485e-01           1.485e-01             185.267           4.747e-06              50.423           2.495e+02     
 170.000           5.000            6.501e-02           6.501e-02             212.647           4.360e-06              78.481           1.702e+02     
 175.000           5.000            1.571e-02           1.571e-02             241.605           4.203e-06             107.916           8.455e+01     
 180.000           5.000            8.202e-06           3.898e-06             130.386           4.303e-06             136.356           1.920e+01     
   0.000          10.000            8.202e-06           3.194e-06             129.782           5.008e-06             315.899           1.919e+01     
   5.000          10.000            1.599e-02           1.599e-02             244.799           4.933e-06             290.122           8.007e+01     
  10.000          10.000            6.716e-02           6.716e-02             219.016           5.161e-06             263.309           1.634e+02     
  15.000          10.000            1.558e-01           1.557e-01             194.869           5.676e-06             237.552           2.444e+02     
  20.000          10.000            2.743e-01           2.743e-01             171.342           6.178e-06             213.778           3.123e+02     
  25.000          10.000            4.193e-01           4.193e-01             147.835           6.309e-06             191.173           3.162e+02     
  30.000          10.000            5.999e-01           5.999e-01             125.143           5.952e-06             168.835           3.162e+02     
  35.000          10.000            8.101e-01           8.101e-01             104.521           5.185e-06             145.878           3.162e+02     
  40.000          10.000            9.997e-01           9.997e-01              86.281           4.283e-06             121.799           3.162e+02     
  45.000          10.000            1.096e+00           1.096e+00              69.640           3.448e-06              96.502           3.162e+02     
  50.000          10.000            1.062e+00           1.062e+00              53.258           2.840e-06              70.832           3.162e+02     
  55.000          10.000            9.352e-01           9.352e-01              35.644           2.412e-06              46.218           3.162e+02     
  60.000          10.000            8.001e-01           8.001e-01              15.691           2.071e-06              24.180           3.162e+02     
  65.000          10.000            7.366e-01           7.366e-01             353.959           1.701e-06               5.392           3.162e+02     
  70.000          10.000            7.764e-01           7.764e-01             333.452           1.284e-06             350.274           3.162e+02     
  75.000          10.000            8.983e-01           8.983e-01             317.301           8.300e-07             338.615           3.162e+02     
  80.000          10.000            1.048e+00           1.048e+00             306.417           4.092e-07             330.305           3.162e+02     
  85.000          10.000            1.167e+00           1.167e+00             300.294           1.088e-07             325.150           3.162e+02     
  90.000          10.000            1.211e+00           1.211e+00             298.328           8.414e-12              35.377           3.162e+02     
  95.000          10.000            1.167e+00           1.167e+00             300.294           1.088e-07             145.173           3.162e+02     
 100.000          10.000            1.048e+00           1.048e+00             306.417           4.091e-07             150.316           3.162e+02     
 105.000          10.000            8.983e-01           8.983e-01             317.301           8.299e-07             158.623           3.162e+02     
 110.000          10.000            7.764e-01           7.764e-01             333.452           1.284e-06             170.279           3.162e+02     
 115.000          10.000            7.366e-01           7.366e-01             353.959           1.701e-06             185.396           3.162e+02     
 120.000          10.000            8.001e-01           8.001e-01              15.691           2.071e-06             204.182           3.162e+02     
 125.000          10.000            9.352e-01           9.352e-01              35.644           2.412e-06             226.219           3.162e+02     
 130.000          10.000            1.062e+00           1.062e+00              53.258           2.840e-06             250.832           3.162e+02     
 135.000          10.000            1.096e+00           1.096e+00              69.640           3.448e-06             276.502           3.162e+02     
 140.000          10.000            9.997e-01           9.997e-01              86.281           4.283e-06             301.799           3.162e+02     
 145.000          10.000            8.101e-01           8.101e-01             104.521           5.185e-06             325.878           3.162e+02     
 150.000          10.000            5.999e-01           5.999e-01             125.143           5.952e-06             348.834           3.162e+02     
 155.000          10.000            4.193e-01           4.193e-01             147.835           6.309e-06              11.172           3.162e+02     
 160.000          10.000            2.743e-01           2.743e-01             171.342           6.177e-06              33.777           3.123e+02     
 165.000          10.000            1.558e-01           1.557e-01             194.869           5.675e-06              57.552           2.444e+02     
 170.000          10.000            6.716e-02           6.716e-02             219.016           5.160e-06              83.309           1.634e+02     
 175.000          10.000            1.599e-02           1.599e-02             244.799           4.933e-06             110.121           8.007e+01     
 180.000          10.000            8.202e-06           3.194e-06             129.783           5.008e-06             135.898           1.920e+01     
   0.000          15.000            8.202e-06           2.517e-06             129.031           5.685e-06             315.500           1.919e+01     
   5.000          15.000            1.629e-02           1.628e-02             248.162           5.649e-06             292.554           7.676e+01     
  10.000          15.000            6.966e-02           6.966e-02             225.591           5.955e-06             268.474           1.589e+02     
  15.000          15.000            1.654e-01           1.654e-01             204.612           6.618e-06             245.236           2.428e+02     
  20.000          15.000            2.981e-01           2.981e-01             184.288           7.286e-06             223.948           3.162e+02     
  25.000          15.000            4.615e-01           4.615e-01             163.957           7.522e-06             203.826           3.162e+02     
  30.000          15.000            6.584e-01           6.583e-01             144.087           7.146e-06             183.940           3.162e+02     
  35.000          15.000            8.795e-01           8.795e-01             125.653           6.278e-06             163.362           3.162e+02     
  40.000          15.000            1.078e+00           1.078e+00             109.030           5.266e-06             141.695           3.162e+02     
  45.000          15.000            1.187e+00           1.187e+00              93.701           4.304e-06             119.549           3.162e+02     
  50.000          15.000            1.170e+00           1.170e+00              78.630           3.613e-06              97.100           3.162e+02     
  55.000          15.000            1.057e+00           1.057e+00              62.649           3.081e-06              76.438           3.162e+02     
  60.000          15.000            9.244e-01           9.244e-01              44.953           2.572e-06              58.447           3.162e+02     
  65.000          15.000            8.460e-01           8.460e-01              25.957           2.010e-06              43.300           3.162e+02     
  70.000          15.000            8.547e-01           8.547e-01               7.799           1.425e-06              31.034           3.162e+02     
  75.000          15.000            9.360e-01           9.360e-01             352.984           8.664e-07              21.437           3.162e+02     
  80.000          15.000            1.046e+00           1.046e+00             342.645           4.063e-07              14.473           3.162e+02     
  85.000          15.000            1.136e+00           1.136e+00             336.699           1.045e-07              10.076           3.162e+02     
  90.000          15.000            1.170e+00           1.170e+00             334.772           8.104e-12              68.710           3.162e+02     
  95.000          15.000            1.136e+00           1.136e+00             336.699           1.045e-07             190.099           3.162e+02     
 100.000          15.000            1.046e+00           1.046e+00             342.645           4.063e-07             194.484           3.162e+02     
 105.000          15.000            9.360e-01           9.360e-01             352.984           8.664e-07             201.444           3.162e+02     
 110.000          15.000            8.547e-01           8.547e-01               7.799           1.425e-06             211.038           3.162e+02     
 115.000          15.000            8.460e-01           8.460e-01              25.957           2.011e-06             223.302           3.162e+02     
 120.000          15.000            9.244e-01           9.244e-01              44.953           2.573e-06             238.448           3.162e+02     
 125.000          15.000            1.057e+00           1.057e+00              62.649           3.081e-06             256.438           3.162e+02     
 130.000          15.000            1.170e+00           1.170e+00              78.630           3.613e-06             277.100           3.162e+02     
 135.000          15.000            1.187e+00           1.187e+00              93.701           4.304e-06             299.548           3.162e+02     
 140.000          15.000            1.078e+00           1.078e+00             109.030           5.266e-06             321.695           3.162e+02     
 145.000          15.000            8.795e-01           8.795e-01             125.653           6.278e-06             343.361           3.162e+02     
 150.000          15.000            6.584e-01           6.583e-01             144.087           7.146e-06               3.940           3.162e+02     
 155.000          15.000            4.615e-01           4.615e-01             163.957           7.522e-06              23.826           3.162e+02     
 160.000          15.000            2.981e-01           2.981e-01             184.288           7.285e-06              43.947           3.162e+02     
 165.000          15.000            1.654e-01           1.654e-01             204.612           6.618e-06              65.235           2.428e+02     
 170.000          15.000            6.966e-02           6.966e-02             225.591           5.955e-06              88.474           1.589e+02     
 175.000          15.000            1.629e-02           1.628e-02             248.162           5.649e-06             112.553           7.676e+01     
 180.000          15.000            8.202e-06           2.517e-06             129.033           5.684e-06             135.499           1.920e+01     
   0.000          20.000            8.202e-06           1.889e-06             128.055           6.313e-06             315.145           1.919e+01     
   5.000          20.000            1.660e-02           1.660e-02             251.665           6.331e-06             295.177           7.438e+01     
  10.000          20.000            7.243e-02           7.242e-02             232.299           6.720e-06             273.964           1.562e+02     
  15.000          20.000            1.767e-01           1.767e-01             214.327           7.531e-06             253.332           2.434e+02     
  20.000          20.000            3.283e-01           3.282e-01             196.949           8.380e-06             234.534           3.162e+02     
  25.000          20.000            5.197e-01           5.197e-01             179.565           8.759e-06             216.906           3.162e+02     
  30.000          20.000            7.463e-01           7.463e-01             162.470           8.406e-06             199.580           3.162e+02     
  35.000          20.000            9.905e-01           9.905e-01             146.420           7.422e-06             181.928           3.162e+02     
  40.000          20.000            1.202e+00           1.202e+00             131.789           6.239e-06             162.874           3.162e+02     
  45.000          20.000            1.316e+00           1.316e+00             118.274           5.189e-06             143.164           3.162e+02     
  50.000          20.000            1.297e+00           1.297e+00             105.118           4.369e-06             123.857           3.162e+02     
  55.000          20.000            1.173e+00           1.173e+00              91.434           3.718e-06             106.356           3.162e+02     
  60.000          20.000            1.016e+00           1.016e+00              76.575           3.087e-06              91.456           3.162e+02     
  65.000          20.000            8.959e-01           8.959e-01              60.677           2.405e-06              79.311           3.162e+02     
  70.000          20.000            8.450e-01           8.450e-01              45.088           1.686e-06              69.632           3.162e+02     
  75.000          20.000            8.575e-01           8.575e-01              31.773           1.014e-06              62.293           3.162e+02     
  80.000          20.000            9.033e-01           9.033e-01              22.069           4.708e-07              57.053           3.162e+02     
  85.000          20.000            9.477e-01           9.477e-01              16.330           1.202e-07              53.765           3.162e+02     
  90.000          20.000            9.656e-01           9.656e-01              14.447           7.297e-12             106.030           3.162e+02     
  95.000          20.000            9.477e-01           9.477e-01              16.330           1.202e-07             233.784           3.162e+02     
 100.000          20.000            9.033e-01           9.033e-01              22.069           4.709e-07             237.062           3.162e+02     
 105.000          20.000            8.575e-01           8.575e-01              31.772           1.014e-06             242.298           3.162e+02     
 110.000          20.000            8.450e-01           8.450e-01              45.088           1.686e-06             249.635           3.162e+02     
 115.000          20.000            8.959e-01           8.959e-01              60.677           2.406e-06             259.313           3.162e+02     
 120.000          20.000            1.016e+00           1.016e+00              76.575           3.087e-06             271.457           3.162e+02     
 125.000          20.000            1.173e+00           1.173e+00              91.434           3.718e-06             286.356           3.162e+02     
 130.000          20.000            1.297e+00           1.297e+00             105.118           4.369e-06             303.856           3.162e+02     
 135.000          20.000            1.316e+00           1.316e+00             118.274           5.189e-06             323.163           3.162e+02     
 140.000          20.000            1.202e+00           1.202e+00             131.789           6.238e-06             342.874           3.162e+02     
 145.000          20.000            9.905e-01           9.905e-01             146.420           7.422e-06               1.928           3.162e+02     
 150.000          20.000            7.463e-01           7.463e-01             162.470           8.406e-06              19.580           3.162e+02     
 155.000          20.000            5.197e-01           5.197e-01             179.565           8.758e-06              36.905           3.162e+02     
 160.000          20.000            3.283e-01           3.282e-01             196.949           8.380e-06              54.534           3.162e+02     
 165.000          20.000            1.767e-01           1.767e-01             214.327           7.531e-06              73.332           2.434e+02     
 170.000          20.000            7.243e-02           7.242e-02             232.299           6.719e-06              93.964           1.562e+02     
 175.000          20.000            1.660e-02           1.660e-02             251.665           6.331e-06             115.177           7.438e+01     
 180.000          20.000            8.202e-06           1.889e-06             128.057           6.313e-06             135.144           1.920e+01     
   0.000          25.000            8.202e-06           1.327e-06             126.711           6.875e-06             314.822           1.919e+01     
   5.000          25.000            1.693e-02           1.692e-02             255.280           6.955e-06             297.958           7.279e+01     
  10.000          25.000            7.533e-02           7.532e-02             239.085           7.423e-06             279.718           1.547e+02     
  15.000          25.000            1.888e-01           1.888e-01             223.921           8.362e-06             261.742           2.450e+02     
  20.000          25.000            3.611e-01           3.611e-01             209.165           9.380e-06             245.387           3.162e+02     
  25.000          25.000            5.850e-01           5.850e-01             194.365           9.937e-06             230.446           3.162e+02     
  30.000          25.000            8.477e-01           8.477e-01             179.798           9.604e-06             215.544           3.162e+02     
  35.000          25.000            1.122e+00           1.122e+00             166.121           8.562e-06             200.287           3.162e+02     
  40.000          25.000            1.350e+00           1.350e+00             153.732           7.221e-06             184.290           3.162e+02     
  45.000          25.000            1.468e+00           1.468e+00             142.503           5.970e-06             167.756           3.162e+02     
  50.000          25.000            1.443e+00           1.443e+00             131.928           4.962e-06             151.525           3.162e+02     
  55.000          25.000            1.303e+00           1.303e+00             121.372           4.150e-06             136.827           3.162e+02     
  60.000          25.000            1.116e+00           1.116e+00             110.317           3.350e-06             124.424           3.162e+02     
  65.000          25.000            9.455e-01           9.455e-01              98.662           2.596e-06             114.271           3.162e+02     
  70.000          25.000            8.283e-01           8.283e-01              86.999           1.824e-06             106.411           3.162e+02     
  75.000          25.000            7.671e-01           7.671e-01              76.521           1.101e-06             100.443           3.162e+02     
  80.000          25.000            7.458e-01           7.458e-01              68.425           5.128e-07              96.336           3.162e+02     
  85.000          25.000            7.436e-01           7.436e-01              63.420           1.313e-07              93.777           3.162e+02     
  90.000          25.000            7.447e-01           7.447e-01              61.739           6.203e-12             146.495           3.162e+02     
  95.000          25.000            7.436e-01           7.436e-01              63.420           1.313e-07             273.793           3.162e+02     
 100.000          25.000            7.458e-01           7.458e-01              68.425           5.129e-07             276.344           3.162e+02     
 105.000          25.000            7.671e-01           7.671e-01              76.521           1.101e-06             280.447           3.162e+02     
 110.000          25.000            8.283e-01           8.283e-01              86.999           1.824e-06             286.414           3.162e+02     
 115.000          25.000            9.455e-01           9.455e-01              98.662           2.596e-06             294.272           3.162e+02     
 120.000          25.000            1.116e+00           1.116e+00             110.317           3.350e-06             304.424           3.162e+02     
 125.000          25.000            1.303e+00           1.303e+00             121.372           4.150e-06             316.827           3.162e+02     
 130.000          25.000            1.443e+00           1.443e+00             131.928           4.962e-06             331.524           3.162e+02     
 135.000          25.000            1.468e+00           1.468e+00             142.503           5.970e-06             347.756           3.162e+02     
 140.000          25.000            1.350e+00           1.350e+00             153.732           7.221e-06               4.289           3.162e+02     
 145.000          25.000            1.122e+00           1.122e+00             166.121           8.562e-06              20.286           3.162e+02     
 150.000          25.000            8.477e-01           8.477e-01             179.798           9.604e-06              35.543           3.162e+02     
 155.000          25.000            5.850e-01           5.850e-01             194.365           9.937e-06              50.445           3.162e+02     
 160.000          25.000            3.611e-01           3.611e-01             209.165           9.379e-06              65.386           3.162e+02     
 165.000          25.000            1.888e-01           1.888e-01             223.921           8.362e-06              81.741           2.450e+02     
 170.000          25.000            7.533e-02           7.532e-02             239.085           7.422e-06              99.717           1.547e+02     
 175.000          25.000            1.693e-02           1.692e-02             255.280           6.955e-06             117.957           7.279e+01     
 180.000          25.000            8.202e-06           1.327e-06             126.713           6.874e-06             134.821           1.920e+01     
   0.000          30.000            8.202e-06           8.501e-07             124.707           7.352e-06             314.523           1.919e+01     
   5.000          30.000            1.727e-02           1.726e-02             258.982           7.501e-06             300.863           7.187e+01     
  10.000          30.000            7.821e-02           7.820e-02             245.910           8.032e-06             285.682           1.543e+02     
  15.000          30.000            2.004e-01           2.004e-01             233.368           9.053e-06             270.395           2.471e+02     
  20.000          30.000            3.921e-01           3.921e-01             220.941           1.018e-05             256.417           3.162e+02     
  25.000          30.000            6.446e-01           6.446e-01             208.386           1.083e-05             243.619           3.162e+02     
  30.000          30.000            9.373e-01           9.373e-01             196.046           1.056e-05             231.194           3.162e+02     
  35.000          30.000            1.233e+00           1.233e+00             184.576           9.490e-06             218.658           3.162e+02     
  40.000          30.000            1.472e+00           1.472e+00             174.440           8.036e-06             205.608           3.162e+02     
  45.000          30.000            1.593e+00           1.593e+00             165.669           6.569e-06             192.534           3.162e+02     
  50.000          30.000            1.570e+00           1.570e+00             157.961           5.378e-06             179.430           3.162e+02     
  55.000          30.000            1.434e+00           1.434e+00             150.875           4.389e-06             167.518           3.162e+02     
  60.000          30.000            1.244e+00           1.244e+00             144.010           3.504e-06             157.564           3.162e+02     
  65.000          30.000            1.058e+00           1.058e+00             137.163           2.655e-06             149.623           3.162e+02     
  70.000          30.000            9.106e-01           9.106e-01             130.461           1.837e-06             143.546           3.162e+02     
  75.000          30.000            8.108e-01           8.108e-01             124.364           1.100e-06             139.084           3.162e+02     
  80.000          30.000            7.522e-01           7.522e-01             119.489           5.106e-07             136.007           3.162e+02     
  85.000          30.000            7.233e-01           7.233e-01             116.364           1.307e-07             133.913           3.162e+02     
  90.000          30.000            7.149e-01           7.149e-01             115.290           4.797e-12             191.257           3.162e+02     
  95.000          30.000            7.233e-01           7.233e-01             116.364           1.307e-07             313.928           3.162e+02     
 100.000          30.000            7.522e-01           7.522e-01             119.489           5.106e-07             316.014           3.162e+02     
 105.000          30.000            8.108e-01           8.108e-01             124.364           1.100e-06             319.088           3.162e+02     
 110.000          30.000            9.106e-01           9.106e-01             130.461           1.837e-06             323.549           3.162e+02     
 115.000          30.000            1.058e+00           1.058e+00             137.163           2.655e-06             329.624           3.162e+02     
 120.000          30.000            1.244e+00           1.244e+00             144.010           3.504e-06             337.565           3.162e+02     
 125.000          30.000            1.434e+00           1.434e+00             150.875           4.389e-06             347.518           3.162e+02     
 130.000          30.000            1.570e+00           1.570e+00             157.961           5.378e-06             359.430           3.162e+02     
 135.000          30.000            1.593e+00           1.593e+00             165.669           6.569e-06              12.534           3.162e+02     
 140.000          30.000            1.472e+00           1.472e+00             174.440           8.036e-06              25.608           3.162e+02     
 145.000          30.000            1.233e+00           1.233e+00             184.576           9.490e-06              38.657           3.162e+02     
 150.000          30.000            9.373e-01           9.373e-01             196.046           1.056e-05              51.193           3.162e+02     
 155.000          30.000            6.446e-01           6.446e-01             208.386           1.083e-05              63.618           3.162e+02     
 160.000          30.000            3.921e-01           3.921e-01             220.941           1.018e-05              76.416           3.162e+02     
 165.000          30.000            2.004e-01           2.004e-01             233.368           9.053e-06              90.394           2.471e+02     
 170.000          30.000            7.821e-02           7.820e-02             245.910           8.031e-06             105.681           1.543e+02     
 175.000          30.000            1.727e-02           1.726e-02             258.982           7.500e-06             120.863           7.187e+01     
 180.000          30.000            8.202e-06           8.501e-07             124.710           7.351e-06             134.522           1.920e+01     
   0.000          35.000            8.202e-06           4.718e-07             121.345           7.730e-06             314.240           1.919e+01     
   5.000          35.000            1.760e-02           1.759e-02             262.745           7.948e-06             303.864           7.156e+01     
  10.000          35.000            8.093e-02           8.092e-02             252.753           8.517e-06             291.814           1.547e+02     
  15.000          35.000            2.106e-01           2.106e-01             242.688           9.550e-06             279.249           2.493e+02     
  20.000          35.000            4.163e-01           4.163e-01             232.381           1.069e-05             267.697           3.162e+02     
  25.000          35.000            6.854e-01           6.854e-01             221.827           1.133e-05             256.897           3.162e+02     
  30.000          35.000            9.871e-01           9.871e-01             211.470           1.105e-05             246.728           3.162e+02     
  35.000          35.000            1.277e+00           1.277e+00             202.007           9.936e-06             236.606           3.162e+02     
  40.000          35.000            1.498e+00           1.498e+00             193.986           8.381e-06             226.323           3.162e+02     
  45.000          35.000            1.604e+00           1.604e+00             187.584           6.848e-06             215.785           3.162e+02     
  50.000          35.000            1.583e+00           1.583e+00             182.640           5.545e-06             205.755           3.162e+02     
  55.000          35.000            1.467e+00           1.467e+00             178.801           4.469e-06             196.952           3.162e+02     
  60.000          35.000            1.309e+00           1.309e+00             175.659           3.528e-06             189.658           3.162e+02     
  65.000          35.000            1.155e+00           1.155e+00             172.866           2.615e-06             184.486           3.162e+02     
  70.000          35.000            1.031e+00           1.031e+00             170.246           1.806e-06             180.391           3.162e+02     
  75.000          35.000            9.428e-01           9.428e-01             167.837           1.081e-06             177.531           3.162e+02     
  80.000          35.000            8.886e-01           8.886e-01             165.843           5.021e-07             175.629           3.162e+02     
  85.000          35.000            8.604e-01           8.604e-01             164.518           1.287e-07             174.433           3.162e+02     
  90.000          35.000            8.518e-01           8.518e-01             164.054           3.748e-12             245.043           3.162e+02     
  95.000          35.000            8.604e-01           8.604e-01             164.518           1.287e-07             354.449           3.162e+02     
 100.000          35.000            8.886e-01           8.886e-01             165.843           5.021e-07             355.637           3.162e+02     
 105.000          35.000            9.428e-01           9.428e-01             167.837           1.081e-06             357.536           3.162e+02     
 110.000          35.000            1.031e+00           1.031e+00             170.246           1.806e-06               0.394           3.162e+02     
 115.000          35.000            1.155e+00           1.155e+00             172.866           2.615e-06               4.487           3.162e+02     
 120.000          35.000            1.309e+00           1.309e+00             175.659           3.528e-06               9.659           3.162e+02     
 125.000          35.000            1.467e+00           1.467e+00             178.801           4.469e-06              16.953           3.162e+02     
 130.000          35.000            1.583e+00           1.583e+00             182.640           5.545e-06              25.755           3.162e+02     
 135.000          35.000            1.604e+00           1.604e+00             187.584           6.848e-06              35.784           3.162e+02     
 140.000          35.000            1.498e+00           1.498e+00             193.986           8.381e-06              46.323           3.162e+02     
 145.000          35.000            1.277e+00           1.277e+00             202.007           9.936e-06              56.605           3.162e+02     
 150.000          35.000            9.871e-01           9.871e-01             211.470           1.105e-05              66.727           3.162e+02     
 155.000          35.000            6.854e-01           6.854e-01             221.827           1.133e-05              76.896           3.162e+02     
 160.000          35.000            4.163e-01           4.163e-01             232.381           1.069e-05              87.697           3.162e+02     
 165.000          35.000            2.106e-01           2.106e-01             242.688           9.549e-06              99.248           2.493e+02     
 170.000          35.000            8.093e-02           8.092e-02             252.753           8.516e-06             111.813           1.547e+02     
 175.000          35.000            1.760e-02           1.759e-02             262.745           7.948e-06             123.863           7.156e+01     
 180.000          35.000            8.202e-06           4.717e-07             121.348           7.730e-06             134.240           1.920e+01     
   0.000          40.000            8.202e-06           2.037e-07             114.462           7.998e-06             313.970           1.919e+01     
   5.000          40.000            1.793e-02           1.792e-02             266.546           8.281e-06             306.929           7.182e+01     
  10.000          40.000            8.337e-02           8.336e-02             259.601           8.853e-06             298.073           1.560e+02     
  15.000          40.000            2.182e-01           2.182e-01             251.930           9.810e-06             288.279           2.516e+02     
  20.000          40.000            4.301e-01           4.301e-01             243.635           1.080e-05             278.970           3.162e+02     
  25.000          40.000            6.973e-01           6.973e-01             234.958           1.127e-05             270.336           3.162e+02     
  30.000          40.000            9.766e-01           9.765e-01             226.452           1.088e-05             262.119           3.162e+02     
  35.000          40.000            1.218e+00           1.218e+00             218.858           9.608e-06             254.204           3.162e+02     
  40.000          40.000            1.376e+00           1.376e+00             212.827           7.982e-06             246.006           3.162e+02     
  45.000          40.000            1.428e+00           1.428e+00             208.684           6.421e-06             237.717           3.162e+02     
  50.000          40.000            1.381e+00           1.381e+00             206.389           5.127e-06             230.026           3.162e+02     
  55.000          40.000            1.276e+00           1.276e+00             205.600           4.080e-06             223.718           3.162e+02     
  60.000          40.000            1.154e+00           1.154e+00             205.778           3.240e-06             218.628           3.162e+02     
  65.000          40.000            1.045e+00           1.045e+00             206.325           2.466e-06             214.941           3.162e+02     
  70.000          40.000            9.635e-01           9.635e-01             206.775           1.724e-06             212.748           3.162e+02     
  75.000          40.000            9.088e-01           9.088e-01             206.919           1.047e-06             211.415           3.162e+02     
  80.000          40.000            8.761e-01           8.761e-01             206.806           4.931e-07             210.625           3.162e+02     
  85.000          40.000            8.596e-01           8.596e-01             206.620           1.278e-07             210.088           3.162e+02     
  90.000          40.000            8.547e-01           8.547e-01             206.535           4.435e-12             304.032           3.162e+02     
  95.000          40.000            8.596e-01           8.596e-01             206.620           1.278e-07              30.105           3.162e+02     
 100.000          40.000            8.761e-01           8.761e-01             206.806           4.931e-07              30.633           3.162e+02     
 105.000          40.000            9.088e-01           9.088e-01             206.919           1.047e-06              31.420           3.162e+02     
 110.000          40.000            9.635e-01           9.635e-01             206.775           1.724e-06              32.751           3.162e+02     
 115.000          40.000            1.045e+00           1.045e+00             206.325           2.466e-06              34.943           3.162e+02     
 120.000          40.000            1.154e+00           1.154e+00             205.778           3.240e-06              38.629           3.162e+02     
 125.000          40.000            1.276e+00           1.276e+00             205.600           4.080e-06              43.719           3.162e+02     
 130.000          40.000            1.381e+00           1.381e+00             206.389           5.126e-06              50.026           3.162e+02     
 135.000          40.000            1.428e+00           1.428e+00             208.684           6.421e-06              57.717           3.162e+02     
 140.000          40.000            1.376e+00           1.376e+00             212.827           7.981e-06              66.005           3.162e+02     
 145.000          40.000            1.218e+00           1.218e+00             218.858           9.608e-06              74.203           3.162e+02     
 150.000          40.000            9.766e-01           9.765e-01             226.452           1.088e-05              82.119           3.162e+02     
 155.000          40.000            6.973e-01           6.973e-01             234.958           1.127e-05              90.336           3.162e+02     
 160.000          40.000            4.301e-01           4.301e-01             243.635           1.080e-05              98.969           3.162e+02     
 165.000          40.000            2.182e-01           2.182e-01             251.930           9.810e-06             108.278           2.517e+02     
 170.000          40.000            8.337e-02           8.336e-02             259.601           8.852e-06             118.073           1.560e+02     
 175.000          40.000            1.793e-02           1.792e-02             266.546           8.281e-06             126.929           7.183e+01     
 180.000          40.000            8.202e-06           2.036e-07             114.467           7.998e-06             133.969           1.920e+01     
   0.000          45.000            8.202e-06           5.396e-08              93.709           8.148e-06             313.706           1.919e+01     
   5.000          45.000            1.825e-02           1.824e-02             270.363           8.487e-06             310.030           7.265e+01     
  10.000          45.000            8.545e-02           8.544e-02             266.446           9.023e-06             304.424           1.581e+02     
  15.000          45.000            2.229e-01           2.228e-01             261.150           9.818e-06             297.581           2.537e+02     
  20.000          45.000            4.317e-01           4.317e-01             254.860           1.051e-05             290.464           3.162e+02     
  25.000          45.000            6.767e-01           6.767e-01             248.065           1.066e-05             283.823           3.162e+02     
  30.000          45.000            9.010e-01           9.010e-01             241.418           9.950e-06             277.605           3.162e+02     
  35.000          45.000            1.054e+00           1.054e+00             235.716           8.489e-06             271.384           3.162e+02     
  40.000          45.000            1.109e+00           1.109e+00             231.738           6.746e-06             265.024           3.162e+02     
  45.000          45.000            1.072e+00           1.072e+00             230.033           5.175e-06             258.524           3.162e+02     
  50.000          45.000            9.739e-01           9.739e-01             230.776           3.971e-06             252.226           3.162e+02     
  55.000          45.000            8.593e-01           8.593e-01             233.678           3.119e-06             246.784           3.162e+02     
  60.000          45.000            7.603e-01           7.603e-01             237.975           2.470e-06             242.855           3.162e+02     
  65.000          45.000            6.896e-01           6.896e-01             242.625           1.906e-06             240.466           3.162e+02     
  70.000          45.000            6.449e-01           6.449e-01             246.713           1.366e-06             239.267           3.162e+02     
  75.000          45.000            6.185e-01           6.185e-01             249.755           8.508e-07             238.801           3.162e+02     
  80.000          45.000            6.037e-01           6.037e-01             251.704           4.078e-07             238.617           3.162e+02     
  85.000          45.000            5.962e-01           5.962e-01             252.738           1.075e-07             238.401           3.162e+02     
  90.000          45.000            5.939e-01           5.939e-01             253.056           6.995e-12             352.282           3.162e+02     
  95.000          45.000            5.962e-01           5.962e-01             252.738           1.075e-07              58.419           3.162e+02     
 100.000          45.000            6.037e-01           6.037e-01             251.704           4.077e-07              58.626           3.162e+02     
 105.000          45.000            6.185e-01           6.185e-01             249.755           8.508e-07              58.807           3.162e+02     
 110.000          45.000            6.449e-01           6.449e-01             246.713           1.366e-06              59.271           3.162e+02     
 115.000          45.000            6.896e-01           6.896e-01             242.625           1.906e-06              60.469           3.162e+02     
 120.000          45.000            7.603e-01           7.603e-01             237.975           2.470e-06              62.857           3.162e+02     
 125.000          45.000            8.593e-01           8.593e-01             233.678           3.119e-06              66.786           3.162e+02     
 130.000          45.000            9.739e-01           9.739e-01             230.776           3.971e-06              72.226           3.162e+02     
 135.000          45.000            1.072e+00           1.072e+00             230.033           5.175e-06              78.525           3.162e+02     
 140.000          45.000            1.109e+00           1.109e+00             231.738           6.746e-06              85.024           3.162e+02     
 145.000          45.000            1.054e+00           1.054e+00             235.716           8.489e-06              91.384           3.162e+02     
 150.000          45.000            9.010e-01           9.010e-01             241.418           9.950e-06              97.604           3.162e+02     
 155.000          45.000            6.767e-01           6.767e-01             248.065           1.066e-05             103.822           3.162e+02     
 160.000          45.000            4.317e-01           4.317e-01             254.860           1.051e-05             110.463           3.162e+02     
 165.000          45.000            2.229e-01           2.228e-01             261.150           9.818e-06             117.580           2.537e+02     
 170.000          45.000            8.545e-02           8.544e-02             266.446           9.023e-06             124.423           1.582e+02     
 175.000          45.000            1.825e-02           1.824e-02             270.363           8.487e-06             130.029           7.266e+01     
 180.000          45.000            8.202e-06           5.394e-08              93.715           8.148e-06             133.706           1.920e+01     
   0.000          50.000            8.202e-06           2.724e-08              18.029           8.175e-06             313.445           1.919e+01     
   5.000          50.000            1.856e-02           1.855e-02             274.174           8.558e-06             313.135           7.407e+01     
  10.000          50.000            8.710e-02           8.709e-02             273.283           9.021e-06             310.826           1.613e+02     
  15.000          50.000            2.243e-01           2.243e-01             270.399           9.531e-06             307.116           2.566e+02     
  20.000          50.000            4.213e-01           4.213e-01             266.203           9.845e-06             302.223           3.162e+02     
  25.000          50.000            6.270e-01           6.270e-01             261.422           9.546e-06             297.597           3.162e+02     
  30.000          50.000            7.742e-01           7.742e-01             256.829           8.423e-06             293.271           3.162e+02     
  35.000          50.000            8.196e-01           8.196e-01             253.324           6.754e-06             288.677           3.162e+02     
  40.000          50.000            7.641e-01           7.641e-01             251.930           4.939e-06             283.880           3.162e+02     
  45.000          50.000            6.452e-01           6.452e-01             253.703           3.435e-06             278.561           3.162e+02     
  50.000          50.000            5.153e-01           5.153e-01             259.490           2.419e-06             272.549           3.162e+02     
  55.000          50.000            4.168e-01           4.168e-01             269.332           1.799e-06             266.678           3.162e+02     
  60.000          50.000            3.672e-01           3.672e-01             281.663           1.397e-06             262.404           3.162e+02     
  65.000          50.000            3.599e-01           3.599e-01             293.718           1.089e-06             260.112           3.162e+02     
  70.000          50.000            3.770e-01           3.770e-01             303.469           8.076e-07             258.830           3.162e+02     
  75.000          50.000            4.015e-01           4.015e-01             310.434           5.211e-07             258.473           3.162e+02     
  80.000          50.000            4.228e-01           4.228e-01             314.953           2.582e-07             258.496           3.162e+02     
  85.000          50.000            4.363e-01           4.363e-01             317.470           6.951e-08             258.433           3.162e+02     
  90.000          50.000            4.408e-01           4.408e-01             318.276           9.202e-12              30.780           3.162e+02     
  95.000          50.000            4.363e-01           4.363e-01             317.470           6.948e-08              78.453           3.162e+02     
 100.000          50.000            4.228e-01           4.228e-01             314.953           2.581e-07              78.505           3.162e+02     
 105.000          50.000            4.015e-01           4.015e-01             310.434           5.210e-07              78.480           3.162e+02     
 110.000          50.000            3.770e-01           3.770e-01             303.469           8.076e-07              78.834           3.162e+02     
 115.000          50.000            3.599e-01           3.599e-01             293.718           1.089e-06              80.116           3.162e+02     
 120.000          50.000            3.672e-01           3.672e-01             281.663           1.397e-06              82.407           3.162e+02     
 125.000          50.000            4.168e-01           4.168e-01             269.332           1.799e-06              86.680           3.162e+02     
 130.000          50.000            5.153e-01           5.153e-01             259.490           2.419e-06              92.550           3.162e+02     
 135.000          50.000            6.452e-01           6.452e-01             253.703           3.435e-06              98.562           3.162e+02     
 140.000          50.000            7.641e-01           7.641e-01             251.930           4.939e-06             103.879           3.162e+02     
 145.000          50.000            8.196e-01           8.196e-01             253.324           6.754e-06             108.676           3.162e+02     
 150.000          50.000            7.742e-01           7.742e-01             256.829           8.423e-06             113.270           3.162e+02     
 155.000          50.000            6.270e-01           6.270e-01             261.422           9.545e-06             117.596           3.162e+02     
 160.000          50.000            4.213e-01           4.213e-01             266.203           9.844e-06             122.222           3.162e+02     
 165.000          50.000            2.243e-01           2.243e-01             270.399           9.531e-06             127.116           2.566e+02     
 170.000          50.000            8.710e-02           8.709e-02             273.283           9.021e-06             130.826           1.613e+02     
 175.000          50.000            1.856e-02           1.855e-02             274.174           8.557e-06             133.135           7.407e+01     
 180.000          50.000            8.202e-06           2.722e-08              18.017           8.174e-06             133.445           1.920e+01     
   0.000          55.000            8.202e-06           1.243e-07             338.355           8.078e-06             313.183           1.919e+01     
   5.000          55.000            1.886e-02           1.885e-02             277.956           8.489e-06             316.216           7.611e+01     
  10.000          55.000            8.834e-02           8.833e-02             280.102           8.850e-06             317.240           1.655e+02     
  15.000          55.000            2.229e-01           2.229e-01             279.724           9.059e-06             316.525           2.618e+02     
  20.000          55.000            4.012e-01           4.011e-01             277.786           8.901e-06             314.306           3.162e+02     
  25.000          55.000            5.577e-01           5.577e-01             275.280           8.097e-06             311.844           3.162e+02     
  30.000          55.000            6.226e-01           6.226e-01             273.183           6.609e-06             309.354           3.162e+02     
  35.000          55.000            5.719e-01           5.719e-01             272.683           4.769e-06             306.711           3.162e+02     
  40.000          55.000            4.416e-01           4.416e-01             275.534           3.056e-06             303.330           3.162e+02     
  45.000          55.000            2.998e-01           2.998e-01             284.477           1.802e-06             298.303           3.162e+02     
  50.000          55.000            2.081e-01           2.081e-01             302.589           1.058e-06             291.041           3.162e+02     
  55.000          55.000            1.962e-01           1.962e-01             327.260           6.926e-07             282.236           3.162e+02     
  60.000          55.000            2.592e-01           2.592e-01             348.127           5.305e-07             274.758           3.162e+02     
  65.000          55.000            3.694e-01           3.694e-01               1.483           4.510e-07             269.714           3.162e+02     
  70.000          55.000            4.949e-01           4.949e-01               9.728           3.628e-07             267.799           3.162e+02     
  75.000          55.000            6.100e-01           6.100e-01              15.011           2.522e-07             267.507           3.162e+02     
  80.000          55.000            6.992e-01           6.992e-01              18.385           1.322e-07             267.827           3.162e+02     
  85.000          55.000            7.547e-01           7.547e-01              20.298           3.700e-08             268.084           3.162e+02     
  90.000          55.000            7.735e-01           7.735e-01              20.921           9.048e-12              67.581           3.162e+02     
  95.000          55.000            7.547e-01           7.547e-01              20.298           3.697e-08              88.099           3.162e+02     
 100.000          55.000            6.992e-01           6.992e-01              18.385           1.321e-07              87.835           3.162e+02     
 105.000          55.000            6.100e-01           6.100e-01              15.011           2.521e-07              87.513           3.162e+02     
 110.000          55.000            4.949e-01           4.949e-01               9.728           3.628e-07              87.804           3.162e+02     
 115.000          55.000            3.694e-01           3.694e-01               1.483           4.510e-07              89.719           3.162e+02     
 120.000          55.000            2.592e-01           2.592e-01             348.127           5.305e-07              94.762           3.162e+02     
 125.000          55.000            1.962e-01           1.962e-01             327.260           6.926e-07             102.239           3.162e+02     
 130.000          55.000            2.081e-01           2.081e-01             302.589           1.058e-06             111.042           3.162e+02     
 135.000          55.000            2.998e-01           2.998e-01             284.477           1.802e-06             118.303           3.162e+02     
 140.000          55.000            4.416e-01           4.416e-01             275.534           3.056e-06             123.330           3.162e+02     
 145.000          55.000            5.719e-01           5.719e-01             272.683           4.769e-06             126.711           3.162e+02     
 150.000          55.000            6.226e-01           6.226e-01             273.183           6.609e-06             129.353           3.162e+02     
 155.000          55.000            5.577e-01           5.577e-01             275.280           8.097e-06             131.843           3.162e+02     
 160.000          55.000            4.012e-01           4.011e-01             277.786           8.901e-06             134.305           3.162e+02     
 165.000          55.000            2.229e-01           2.229e-01             279.724           9.059e-06             136.524           2.618e+02     
 170.000          55.000            8.834e-02           8.833e-02             280.102           8.850e-06             137.239           1.655e+02     
 175.000          55.000            1.886e-02           1.885e-02             277.956           8.489e-06             136.215           7.612e+01     
 180.000          55.000            8.202e-06           1.243e-07             338.347           8.077e-06             133.183           1.920e+01     
   0.000          60.000            8.202e-06           3.422e-07             327.979           7.860e-06             312.916           1.919e+01     
   5.000          60.000            1.913e-02           1.912e-02             281.689           8.284e-06             319.239           7.886e+01     
  10.000          60.000            8.920e-02           8.920e-02             286.890           8.522e-06             323.617           1.711e+02     
  15.000          60.000            2.192e-01           2.192e-01             289.143           8.415e-06             326.064           2.687e+02     
  20.000          60.000            3.749e-01           3.749e-01             289.692           7.764e-06             327.088           3.162e+02     
  25.000          60.000            4.808e-01           4.808e-01             289.847           6.521e-06             326.835           3.162e+02     
  30.000          60.000            4.750e-01           4.749e-01             290.988           4.800e-06             326.395           3.162e+02     
  35.000          60.000            3.639e-01           3.639e-01             295.181           3.003e-06             325.669           3.162e+02     
  40.000          60.000            2.204e-01           2.204e-01             306.644           1.559e-06             324.062           3.162e+02     
  45.000          60.000            1.316e-01           1.316e-01             333.069           6.849e-07             318.547           3.162e+02     
  50.000          60.000            1.491e-01           1.491e-01               9.308           2.770e-07             305.522           3.162e+02     
  55.000          60.000            2.739e-01           2.739e-01              32.573           1.603e-07             283.767           3.162e+02     
  60.000          60.000            4.715e-01           4.715e-01              44.379           1.638e-07             266.893           3.162e+02     
  65.000          60.000            6.974e-01           6.974e-01              51.246           1.886e-07             261.663           3.162e+02     
  70.000          60.000            9.143e-01           9.143e-01              55.913           1.887e-07             262.272           3.162e+02     
  75.000          60.000            1.098e+00           1.098e+00              59.325           1.501e-07             264.621           3.162e+02     
  80.000          60.000            1.236e+00           1.236e+00              61.754           8.528e-08             266.947           3.162e+02     
  85.000          60.000            1.320e+00           1.320e+00              63.232           2.496e-08             268.632           3.162e+02     
  90.000          60.000            1.349e+00           1.349e+00              63.729           7.547e-12             108.555           3.162e+02     
  95.000          60.000            1.320e+00           1.320e+00              63.232           2.493e-08              88.630           3.162e+02     
 100.000          60.000            1.236e+00           1.236e+00              61.754           8.523e-08              86.947           3.162e+02     
 105.000          60.000            1.098e+00           1.098e+00              59.325           1.500e-07              84.622           3.162e+02     
 110.000          60.000            9.143e-01           9.143e-01              55.913           1.886e-07              82.273           3.162e+02     
 115.000          60.000            6.974e-01           6.974e-01              51.246           1.886e-07              81.665           3.162e+02     
 120.000          60.000            4.715e-01           4.715e-01              44.379           1.638e-07              86.897           3.162e+02     
 125.000          60.000            2.739e-01           2.739e-01              32.573           1.603e-07             103.772           3.162e+02     
 130.000          60.000            1.491e-01           1.491e-01               9.308           2.770e-07             125.524           3.162e+02     
 135.000          60.000            1.316e-01           1.316e-01             333.069           6.849e-07             138.547           3.162e+02     
 140.000          60.000            2.204e-01           2.204e-01             306.644           1.559e-06             144.061           3.162e+02     
 145.000          60.000            3.639e-01           3.639e-01             295.181           3.003e-06             145.668           3.162e+02     
 150.000          60.000            4.750e-01           4.749e-01             290.988           4.800e-06             146.394           3.162e+02     
 155.000          60.000            4.808e-01           4.808e-01             289.847           6.521e-06             146.834           3.162e+02     
 160.000          60.000            3.749e-01           3.749e-01             289.692           7.763e-06             147.087           3.162e+02     
 165.000          60.000            2.192e-01           2.192e-01             289.143           8.414e-06             146.064           2.687e+02     
 170.000          60.000            8.920e-02           8.920e-02             286.890           8.521e-06             143.616           1.711e+02     
 175.000          60.000            1.913e-02           1.912e-02             281.688           8.283e-06             139.239           7.886e+01     
 180.000          60.000            8.202e-06           3.422e-07             327.974           7.859e-06             132.916           1.920e+01     
   0.000          65.000            8.202e-06           6.743e-07             323.544           7.528e-06             312.640           1.919e+01     
   5.000          65.000            1.939e-02           1.938e-02             285.349           7.947e-06             322.174           8.242e+01     
  10.000          65.000            8.976e-02           8.975e-02             293.623           8.054e-06             329.903           1.784e+02     
  15.000          65.000            2.141e-01           2.141e-01             298.651           7.657e-06             335.678           2.777e+02     
  20.000          65.000            3.465e-01           3.465e-01             301.958           6.629e-06             339.850           3.162e+02     
  25.000          65.000            4.075e-01           4.075e-01             305.247           5.066e-06             342.591           3.162e+02     
  30.000          65.000            3.528e-01           3.528e-01             310.664           3.260e-06             344.878           3.162e+02     
  35.000          65.000            2.240e-01           2.240e-01             322.405           1.674e-06             346.894           3.162e+02     
  40.000          65.000            1.219e-01           1.219e-01             350.207           6.317e-07             347.207           3.162e+02     
  45.000          65.000            1.325e-01           1.325e-01              33.707           1.445e-07             340.275           3.162e+02     
  50.000          65.000            2.764e-01           2.764e-01              61.146           2.785e-08             292.239           3.162e+02     
  55.000          65.000            5.149e-01           5.149e-01              74.227           7.005e-08             248.815           3.162e+02     
  60.000          65.000            7.876e-01           7.876e-01              81.899           1.416e-07             247.585           3.162e+02     
  65.000          65.000            1.046e+00           1.046e+00              87.466           1.945e-07             254.894           3.162e+02     
  70.000          65.000            1.265e+00           1.265e+00              91.978           2.064e-07             262.957           3.162e+02     
  75.000          65.000            1.435e+00           1.435e+00              95.666           1.688e-07             270.073           3.162e+02     
  80.000          65.000            1.557e+00           1.557e+00              98.463           9.783e-08             274.897           3.162e+02     
  85.000          65.000            1.630e+00           1.630e+00             100.221           2.878e-08             278.035           3.162e+02     
  90.000          65.000            1.655e+00           1.655e+00             100.821           6.921e-12             152.780           3.162e+02     
  95.000          65.000            1.630e+00           1.630e+00             100.221           2.876e-08              98.025           3.162e+02     
 100.000          65.000            1.557e+00           1.557e+00              98.463           9.780e-08              94.892           3.162e+02     
 105.000          65.000            1.435e+00           1.435e+00              95.666           1.688e-07              90.070           3.162e+02     
 110.000          65.000            1.265e+00           1.265e+00              91.978           2.063e-07              82.955           3.162e+02     
 115.000          65.000            1.046e+00           1.046e+00              87.466           1.945e-07              74.893           3.162e+02     
 120.000          65.000            7.876e-01           7.876e-01              81.899           1.416e-07              67.585           3.162e+02     
 125.000          65.000            5.149e-01           5.149e-01              74.226           7.004e-08              68.818           3.162e+02     
 130.000          65.000            2.764e-01           2.764e-01              61.146           2.785e-08             112.244           3.162e+02     
 135.000          65.000            1.325e-01           1.325e-01              33.707           1.445e-07             160.273           3.162e+02     
 140.000          65.000            1.219e-01           1.219e-01             350.207           6.317e-07             167.205           3.162e+02     
 145.000          65.000            2.240e-01           2.240e-01             322.405           1.674e-06             166.893           3.162e+02     
 150.000          65.000            3.528e-01           3.528e-01             310.664           3.260e-06             164.877           3.162e+02     
 155.000          65.000            4.075e-01           4.075e-01             305.247           5.066e-06             162.590           3.162e+02     
 160.000          65.000            3.465e-01           3.465e-01             301.958           6.629e-06             159.849           3.162e+02     
 165.000          65.000            2.141e-01           2.141e-01             298.651           7.656e-06             155.678           2.777e+02     
 170.000          65.000            8.976e-02           8.975e-02             293.623           8.054e-06             149.902           1.784e+02     
 175.000          65.000            1.939e-02           1.938e-02             285.349           7.946e-06             142.174           8.242e+01     
 180.000          65.000            8.202e-06           6.742e-07             323.540           7.527e-06             132.639           1.920e+01     
   0.000          70.000            8.202e-06           1.110e-06             321.084           7.092e-06             312.348           1.919e+01     
   5.000          70.000            1.963e-02           1.962e-02             288.914           7.490e-06             324.986           8.695e+01     
  10.000          70.000            9.011e-02           9.010e-02             300.271           7.472e-06             336.034           1.879e+02     
  15.000          70.000            2.085e-01           2.085e-01             308.214           6.840e-06             345.278           2.897e+02     
  20.000          70.000            3.195e-01           3.195e-01             314.549           5.554e-06             353.003           3.162e+02     
  25.000          70.000            3.456e-01           3.456e-01             321.456           3.824e-06             359.701           3.162e+02     
  30.000          70.000            2.654e-01           2.654e-01             332.279           2.105e-06               5.984           3.162e+02     
  35.000          70.000            1.512e-01           1.512e-01             354.660           8.466e-07              11.371           3.162e+02     
  40.000          70.000            1.158e-01           1.158e-01              38.249           1.857e-07              16.901           3.162e+02     
  45.000          70.000            2.237e-01           2.237e-01              76.098           3.037e-09             355.895           3.162e+02     
  50.000          70.000            4.549e-01           4.549e-01              94.905           4.601e-08             232.877           3.162e+02     
  55.000          70.000            7.377e-01           7.377e-01             105.841           1.406e-07             244.424           3.162e+02     
  60.000          70.000            1.004e+00           1.004e+00             113.990           2.246e-07             259.491           3.162e+02     
  65.000          70.000            1.220e+00           1.220e+00             120.985           2.813e-07             273.509           3.162e+02     
  70.000          70.000            1.383e+00           1.383e+00             127.202           2.886e-07             285.153           3.162e+02     
  75.000          70.000            1.503e+00           1.503e+00             132.509           2.345e-07             293.321           3.162e+02     
  80.000          70.000            1.589e+00           1.589e+00             136.595           1.349e-07             298.886           3.162e+02     
  85.000          70.000            1.642e+00           1.642e+00             139.171           3.939e-08             302.354           3.162e+02     
  90.000          70.000            1.661e+00           1.661e+00             140.050           7.083e-12             192.168           3.162e+02     
  95.000          70.000            1.642e+00           1.642e+00             139.171           3.938e-08             122.344           3.162e+02     
 100.000          70.000            1.589e+00           1.589e+00             136.595           1.349e-07             118.881           3.162e+02     
 105.000          70.000            1.503e+00           1.503e+00             132.509           2.345e-07             113.318           3.162e+02     
 110.000          70.000            1.383e+00           1.383e+00             127.202           2.886e-07             105.151           3.162e+02     
 115.000          70.000            1.220e+00           1.220e+00             120.985           2.813e-07              93.508           3.162e+02     
 120.000          70.000            1.004e+00           1.004e+00             113.990           2.246e-07              79.491           3.162e+02     
 125.000          70.000            7.377e-01           7.377e-01             105.841           1.406e-07              64.426           3.162e+02     
 130.000          70.000            4.549e-01           4.549e-01              94.905           4.601e-08              52.883           3.162e+02     
 135.000          70.000            2.237e-01           2.237e-01              76.098           3.040e-09             175.874           3.162e+02     
 140.000          70.000            1.158e-01           1.158e-01              38.249           1.857e-07             196.897           3.162e+02     
 145.000          70.000            1.512e-01           1.512e-01             354.659           8.466e-07             191.369           3.162e+02     
 150.000          70.000            2.654e-01           2.654e-01             332.279           2.105e-06             185.983           3.162e+02     
 155.000          70.000            3.456e-01           3.456e-01             321.456           3.824e-06             179.701           3.162e+02     
 160.000          70.000            3.195e-01           3.195e-01             314.549           5.553e-06             173.002           3.162e+02     
 165.000          70.000            2.085e-01           2.085e-01             308.214           6.840e-06             165.278           2.897e+02     
 170.000          70.000            9.011e-02           9.010e-02             300.271           7.471e-06             156.034           1.879e+02     
 175.000          70.000            1.963e-02           1.962e-02             288.914           7.489e-06             144.986           8.695e+01     
 180.000          70.000            8.202e-06           1.110e-06             321.081           7.091e-06             132.348           1.920e+01     
   0.000          75.000            8.202e-06           1.638e-06             319.505           6.564e-06             312.036           1.919e+01     
   5.000          75.000            1.985e-02           1.984e-02             292.361           6.929e-06             327.639           9.268e+01     
  10.000          75.000            9.035e-02           9.034e-02             306.792           6.799e-06             341.940           2.002e+02     
  15.000          75.000            2.033e-01           2.033e-01             317.763           6.011e-06             354.740           3.058e+02     
  20.000          75.000            2.967e-01           2.967e-01             327.350           4.606e-06               6.380           3.162e+02     
  25.000          75.000            2.989e-01           2.989e-01             338.256           2.897e-06              17.341           3.162e+02     
  30.000          75.000            2.111e-01           2.111e-01             355.245           1.375e-06              28.651           3.162e+02     
  35.000          75.000            1.265e-01           1.265e-01              28.552           4.140e-07              42.405           3.162e+02     
  40.000          75.000            1.529e-01           1.529e-01              75.907           4.037e-08              70.802           3.162e+02     
  45.000          75.000            3.248e-01           3.248e-01             106.298           2.450e-08             215.920           3.162e+02     
  50.000          75.000            5.896e-01           5.896e-01             123.152           1.238e-07             248.924           3.162e+02     
  55.000          75.000            8.641e-01           8.641e-01             135.163           2.357e-07             271.403           3.162e+02     
  60.000          75.000            1.094e+00           1.094e+00             145.500           3.425e-07             291.058           3.162e+02     
  65.000          75.000            1.270e+00           1.270e+00             155.058           4.210e-07             307.063           3.162e+02     
  70.000          75.000            1.409e+00           1.409e+00             163.769           4.307e-07             318.372           3.162e+02     
  75.000          75.000            1.526e+00           1.526e+00             171.173           3.445e-07             326.362           3.162e+02     
  80.000          75.000            1.621e+00           1.621e+00             176.779           1.950e-07             331.709           3.162e+02     
  85.000          75.000            1.686e+00           1.686e+00             180.252           5.625e-08             334.985           3.162e+02     
  90.000          75.000            1.710e+00           1.710e+00             181.425           6.280e-12             224.997           3.162e+02     
  95.000          75.000            1.686e+00           1.686e+00             180.252           5.626e-08             154.976           3.162e+02     
 100.000          75.000            1.621e+00           1.621e+00             176.779           1.950e-07             151.704           3.162e+02     
 105.000          75.000            1.526e+00           1.526e+00             171.173           3.445e-07             146.359           3.162e+02     
 110.000          75.000            1.409e+00           1.409e+00             163.769           4.307e-07             138.369           3.162e+02     
 115.000          75.000            1.270e+00           1.270e+00             155.058           4.210e-07             127.062           3.162e+02     
 120.000          75.000            1.094e+00           1.094e+00             145.500           3.425e-07             111.057           3.162e+02     
 125.000          75.000            8.641e-01           8.641e-01             135.163           2.357e-07              91.404           3.162e+02     
 130.000          75.000            5.896e-01           5.896e-01             123.152           1.238e-07              68.927           3.162e+02     
 135.000          75.000            3.248e-01           3.248e-01             106.297           2.450e-08              35.930           3.162e+02     
 140.000          75.000            1.529e-01           1.529e-01              75.907           4.036e-08             250.795           3.162e+02     
 145.000          75.000            1.265e-01           1.265e-01              28.552           4.140e-07             222.402           3.162e+02     
 150.000          75.000            2.111e-01           2.111e-01             355.245           1.375e-06             208.650           3.162e+02     
 155.000          75.000            2.989e-01           2.989e-01             338.256           2.896e-06             197.340           3.162e+02     
 160.000          75.000            2.967e-01           2.967e-01             327.350           4.606e-06             186.380           3.162e+02     
 165.000          75.000            2.033e-01           2.033e-01             317.763           6.010e-06             174.740           3.058e+02     
 170.000          75.000            9.035e-02           9.034e-02             306.792           6.799e-06             161.940           2.003e+02     
 175.000          75.000            1.985e-02           1.984e-02             292.361           6.928e-06             147.639           9.268e+01     
 180.000          75.000            8.202e-06           1.637e-06             319.503           6.564e-06             132.036           1.920e+01     
   0.000          80.000            8.202e-06           2.240e-06             318.394           5.963e-06             311.696           1.919e+01     
   5.000          80.000            2.005e-02           2.004e-02             295.667           6.282e-06             330.094           9.993e+01     
  10.000          80.000            9.057e-02           9.057e-02             313.136           6.062e-06             347.538           2.163e+02     
  15.000          80.000            1.992e-01           1.991e-01             327.201           5.199e-06               3.904           3.162e+02     
  20.000          80.000            2.798e-01           2.798e-01             340.168           3.809e-06              19.679           3.162e+02     
  25.000          80.000            2.679e-01           2.679e-01             355.219           2.245e-06              35.463           3.162e+02     
  30.000          80.000            1.828e-01           1.828e-01              18.305           9.624e-07              53.118           3.162e+02     
  35.000          80.000            1.272e-01           1.272e-01              59.284           2.422e-07              77.692           3.162e+02     
  40.000          80.000            1.959e-01           1.959e-01             104.765           2.811e-08             146.921           3.162e+02     
  45.000          80.000            3.971e-01           3.971e-01             132.394           7.733e-08             242.713           3.162e+02     
  50.000          80.000            6.629e-01           6.629e-01             150.014           2.124e-07             278.521           3.162e+02     
  55.000          80.000            9.179e-01           9.179e-01             164.113           3.771e-07             304.726           3.162e+02     
  60.000          80.000            1.129e+00           1.129e+00             176.932           5.541e-07             325.052           3.162e+02     
  65.000          80.000            1.307e+00           1.307e+00             188.876           6.756e-07             340.448           3.162e+02     
  70.000          80.000            1.470e+00           1.470e+00             199.544           6.699e-07             351.247           3.162e+02     
  75.000          80.000            1.627e+00           1.627e+00             208.326           5.176e-07             358.948           3.162e+02     
  80.000          80.000            1.764e+00           1.764e+00             214.771           2.847e-07               4.175           3.162e+02     
  85.000          80.000            1.859e+00           1.859e+00             218.675           8.046e-08               7.791           3.162e+02     
  90.000          80.000            1.893e+00           1.893e+00             219.977           4.212e-12             256.476           3.162e+02     
  95.000          80.000            1.859e+00           1.859e+00             218.675           8.047e-08             187.780           3.162e+02     
 100.000          80.000            1.764e+00           1.764e+00             214.771           2.847e-07             184.170           3.162e+02     
 105.000          80.000            1.627e+00           1.627e+00             208.325           5.177e-07             178.944           3.162e+02     
 110.000          80.000            1.470e+00           1.470e+00             199.544           6.699e-07             171.243           3.162e+02     
 115.000          80.000            1.307e+00           1.307e+00             188.876           6.757e-07             160.446           3.162e+02     
 120.000          80.000            1.129e+00           1.129e+00             176.932           5.542e-07             145.050           3.162e+02     
 125.000          80.000            9.179e-01           9.179e-01             164.113           3.772e-07             124.725           3.162e+02     
 130.000          80.000            6.629e-01           6.629e-01             150.014           2.124e-07              98.522           3.162e+02     
 135.000          80.000            3.971e-01           3.971e-01             132.394           7.733e-08              62.717           3.162e+02     
 140.000          80.000            1.959e-01           1.959e-01             104.765           2.810e-08             326.923           3.162e+02     
 145.000          80.000            1.272e-01           1.272e-01              59.284           2.422e-07             257.690           3.162e+02     
 150.000          80.000            1.828e-01           1.828e-01              18.305           9.624e-07             233.117           3.162e+02     
 155.000          80.000            2.679e-01           2.679e-01             355.219           2.245e-06             215.463           3.162e+02     
 160.000          80.000            2.798e-01           2.798e-01             340.168           3.809e-06             199.679           3.162e+02     
 165.000          80.000            1.992e-01           1.991e-01             327.201           5.199e-06             183.904           3.162e+02     
 170.000          80.000            9.057e-02           9.057e-02             313.136           6.062e-06             167.538           2.164e+02     
 175.000          80.000            2.005e-02           2.004e-02             295.667           6.281e-06             150.094           9.994e+01     
 180.000          80.000            8.202e-06           2.239e-06             318.392           5.962e-06             131.696           1.920e+01     
   0.000          85.000            8.202e-06           2.898e-06             317.558           5.304e-06             311.318           1.919e+01     
   5.000          85.000            2.023e-02           2.023e-02             298.807           5.571e-06             332.308           1.092e+02     
  10.000          85.000            9.086e-02           9.085e-02             319.247           5.286e-06             352.737           2.376e+02     
  15.000          85.000            1.965e-01           1.965e-01             336.404           4.421e-06              12.578           3.162e+02     
  20.000          85.000            2.693e-01           2.693e-01             352.752           3.150e-06              32.472           3.162e+02     
  25.000          85.000            2.511e-01           2.511e-01              11.804           1.806e-06              53.066           3.162e+02     
  30.000          85.000            1.725e-01           1.725e-01              40.103           7.555e-07              76.870           3.162e+02     
  35.000          85.000            1.381e-01           1.381e-01              85.280           1.910e-07             110.901           3.162e+02     
  40.000          85.000            2.301e-01           2.301e-01             129.260           4.217e-08             193.162           3.162e+02     
  45.000          85.000            4.414e-01           4.414e-01             156.938           1.221e-07             273.304           3.162e+02     
  50.000          85.000            7.015e-01           7.015e-01             176.278           3.210e-07             310.117           3.162e+02     
  55.000          85.000            9.460e-01           9.460e-01             192.501           5.912e-07             335.892           3.162e+02     
  60.000          85.000            1.156e+00           1.156e+00             207.325           8.659e-07             355.054           3.162e+02     
  65.000          85.000            1.345e+00           1.345e+00             220.884           1.019e-06               9.712           3.162e+02     
  70.000          85.000            1.530e+00           1.530e+00             232.681           9.682e-07              20.385           3.162e+02     
  75.000          85.000            1.710e+00           1.710e+00             242.165           7.203e-07              28.268           3.162e+02     
  80.000          85.000            1.864e+00           1.864e+00             249.012           3.851e-07              33.762           3.162e+02     
  85.000          85.000            1.970e+00           1.970e+00             253.120           1.070e-07              37.115           3.162e+02     
  90.000          85.000            2.008e+00           2.008e+00             254.485           2.325e-12             293.302           3.162e+02     
  95.000          85.000            1.970e+00           1.970e+00             253.120           1.070e-07             217.103           3.162e+02     
 100.000          85.000            1.864e+00           1.864e+00             249.012           3.852e-07             213.755           3.162e+02     
 105.000          85.000            1.710e+00           1.710e+00             242.165           7.204e-07             208.264           3.162e+02     
 110.000          85.000            1.530e+00           1.530e+00             232.681           9.682e-07             200.382           3.162e+02     
 115.000          85.000            1.345e+00           1.345e+00             220.884           1.020e-06             189.708           3.162e+02     
 120.000          85.000            1.156e+00           1.156e+00             207.325           8.659e-07             175.051           3.162e+02     
 125.000          85.000            9.460e-01           9.460e-01             192.501           5.913e-07             155.889           3.162e+02     
 130.000          85.000            7.015e-01           7.015e-01             176.278           3.211e-07             130.116           3.162e+02     
 135.000          85.000            4.414e-01           4.414e-01             156.938           1.221e-07              93.305           3.162e+02     
 140.000          85.000            2.301e-01           2.301e-01             129.259           4.217e-08              13.165           3.162e+02     
 145.000          85.000            1.381e-01           1.381e-01              85.280           1.910e-07             290.900           3.162e+02     
 150.000          85.000            1.725e-01           1.725e-01              40.103           7.555e-07             256.870           3.162e+02     
 155.000          85.000            2.511e-01           2.511e-01              11.804           1.806e-06             233.066           3.162e+02     
 160.000          85.000            2.693e-01           2.693e-01             352.752           3.150e-06             212.472           3.162e+02     
 165.000          85.000            1.965e-01           1.965e-01             336.404           4.421e-06             192.578           3.162e+02     
 170.000          85.000            9.086e-02           9.085e-02             319.247           5.286e-06             172.737           2.376e+02     
 175.000          85.000            2.023e-02           2.023e-02             298.807           5.570e-06             152.308           1.092e+02     
 180.000          85.000            8.202e-06           2.898e-06             317.557           5.304e-06             131.318           1.920e+01     
   0.000          90.000            8.202e-06           3.593e-06             316.899           4.609e-06             310.887           1.919e+01     
   5.000          90.000            2.040e-02           2.039e-02             301.757           4.810e-06             334.771           1.195e+02     
  10.000          90.000            9.125e-02           9.124e-02             325.064           4.483e-06             357.958           2.627e+02     
  15.000          90.000            1.957e-01           1.957e-01             345.236           3.683e-06              21.238           3.162e+02     
  20.000          90.000            2.656e-01           2.655e-01               4.824           2.599e-06              45.093           3.162e+02     
  25.000          90.000            2.467e-01           2.467e-01              27.475           1.504e-06              70.001           3.162e+02     
  30.000          90.000            1.745e-01           1.745e-01              59.738           6.534e-07              98.382           3.162e+02     
  35.000          90.000            1.527e-01           1.527e-01             107.125           1.765e-07             136.937           3.162e+02     
  40.000          90.000            2.566e-01           2.566e-01             151.073           4.702e-08             224.150           3.162e+02     
  45.000          90.000            4.738e-01           4.738e-01             180.105           1.631e-07             302.451           3.162e+02     
  50.000          90.000            7.342e-01           7.342e-01             201.397           4.534e-07             337.084           3.162e+02     
  55.000          90.000            9.775e-01           9.775e-01             219.512           8.323e-07               0.980           3.162e+02     
  60.000          90.000            1.186e+00           1.186e+00             235.957           1.171e-06              19.155           3.162e+02     
  65.000          90.000            1.374e+00           1.374e+00             250.824           1.311e-06              33.670           3.162e+02     
  70.000          90.000            1.555e+00           1.555e+00             263.646           1.192e-06              44.719           3.162e+02     
  75.000          90.000            1.726e+00           1.726e+00             273.921           8.579e-07              53.154           3.162e+02     
  80.000          90.000            1.871e+00           1.871e+00             281.345           4.483e-07              59.163           3.162e+02     
  85.000          90.000            1.969e+00           1.969e+00             285.808           1.228e-07              62.850           3.162e+02     
  90.000          90.000            2.004e+00           2.004e+00             287.295           1.493e-12             335.826           3.162e+02     
  95.000          90.000            1.969e+00           1.969e+00             285.808           1.228e-07             242.838           3.162e+02     
 100.000          90.000            1.871e+00           1.871e+00             281.345           4.483e-07             239.156           3.162e+02     
 105.000          90.000            1.726e+00           1.726e+00             273.921           8.579e-07             233.150           3.162e+02     
 110.000          90.000            1.555e+00           1.555e+00             263.646           1.192e-06             224.715           3.162e+02     
 115.000          90.000            1.374e+00           1.374e+00             250.824           1.311e-06             213.667           3.162e+02     
 120.000          90.000            1.186e+00           1.186e+00             235.957           1.171e-06             199.152           3.162e+02     
 125.000          90.000            9.775e-01           9.775e-01             219.512           8.323e-07             180.977           3.162e+02     
 130.000          90.000            7.342e-01           7.342e-01             201.397           4.534e-07             157.081           3.162e+02     
 135.000          90.000            4.738e-01           4.738e-01             180.105           1.631e-07             122.450           3.162e+02     
 140.000          90.000            2.566e-01           2.566e-01             151.073           4.702e-08              44.151           3.162e+02     
 145.000          90.000            1.527e-01           1.527e-01             107.125           1.765e-07             316.936           3.162e+02     
 150.000          90.000            1.745e-01           1.745e-01              59.738           6.534e-07             278.381           3.162e+02     
 155.000          90.000            2.467e-01           2.467e-01              27.475           1.504e-06             250.001           3.162e+02     
 160.000          90.000            2.656e-01           2.655e-01               4.824           2.598e-06             225.093           3.162e+02     
 165.000          90.000            1.957e-01           1.957e-01             345.236           3.683e-06             201.238           3.162e+02     
 170.000          90.000            9.125e-02           9.124e-02             325.064           4.483e-06             177.958           2.627e+02     
 175.000          90.000            2.040e-02           2.039e-02             301.757           4.809e-06             154.771           1.195e+02     
 180.000          90.000            8.202e-06           3.593e-06             316.897           4.609e-06             130.888           1.920e+01     
   0.000          95.000            8.202e-06           4.304e-06             316.358           3.899e-06             310.385           1.919e+01     
   5.000          95.000            2.054e-02           2.054e-02             304.497           4.037e-06             336.297           1.354e+02     
  10.000          95.000            9.178e-02           9.178e-02             330.522           3.693e-06               2.007           3.019e+02     
  15.000          95.000            1.967e-01           1.967e-01             353.562           2.973e-06              28.145           3.162e+02     
  20.000          95.000            2.679e-01           2.679e-01              16.132           2.089e-06              55.290           3.162e+02     
  25.000          95.000            2.527e-01           2.527e-01              41.823           1.230e-06              83.140           3.162e+02     
  30.000          95.000            1.860e-01           1.860e-01              76.816           5.441e-07             113.278           3.162e+02     
  35.000          95.000            1.699e-01           1.699e-01             125.349           1.307e-07             151.486           3.162e+02     
  40.000          95.000            2.801e-01           2.801e-01             170.193           2.909e-08             261.957           3.162e+02     
  45.000          95.000            5.049e-01           5.049e-01             201.106           2.066e-07             333.401           3.162e+02     
  50.000          95.000            7.740e-01           7.740e-01             224.360           5.834e-07               1.838           3.162e+02     
  55.000          95.000            1.024e+00           1.024e+00             244.244           1.015e-06              23.205           3.162e+02     
  60.000          95.000            1.237e+00           1.237e+00             262.259           1.339e-06              40.596           3.162e+02     
  65.000          95.000            1.426e+00           1.426e+00             278.524           1.416e-06              55.282           3.162e+02     
  70.000          95.000            1.606e+00           1.606e+00             292.576           1.232e-06              66.927           3.162e+02     
  75.000          95.000            1.779e+00           1.779e+00             303.873           8.602e-07              76.072           3.162e+02     
  80.000          95.000            1.927e+00           1.927e+00             312.063           4.410e-07              82.694           3.162e+02     
  85.000          95.000            2.028e+00           2.028e+00             316.999           1.196e-07              86.776           3.162e+02     
  90.000          95.000            2.064e+00           2.064e+00             318.645           1.175e-12              11.463           3.162e+02     
  95.000          95.000            2.028e+00           2.028e+00             316.999           1.196e-07             266.765           3.162e+02     
 100.000          95.000            1.927e+00           1.927e+00             312.063           4.410e-07             262.688           3.162e+02     
 105.000          95.000            1.779e+00           1.779e+00             303.873           8.602e-07             256.068           3.162e+02     
 110.000          95.000            1.606e+00           1.606e+00             292.576           1.232e-06             246.924           3.162e+02     
 115.000          95.000            1.426e+00           1.426e+00             278.524           1.416e-06             235.279           3.162e+02     
 120.000          95.000            1.237e+00           1.237e+00             262.259           1.339e-06             220.594           3.162e+02     
 125.000          95.000            1.024e+00           1.024e+00             244.244           1.015e-06             203.202           3.162e+02     
 130.000          95.000            7.740e-01           7.740e-01             224.360           5.834e-07             181.835           3.162e+02     
 135.000          95.000            5.049e-01           5.049e-01             201.106           2.066e-07             153.398           3.162e+02     
 140.000          95.000            2.801e-01           2.801e-01             170.193           2.910e-08              81.954           3.162e+02     
 145.000          95.000            1.699e-01           1.699e-01             125.349           1.307e-07             331.486           3.162e+02     
 150.000          95.000            1.860e-01           1.860e-01              76.816           5.442e-07             293.278           3.162e+02     
 155.000          95.000            2.527e-01           2.527e-01              41.823           1.230e-06             263.140           3.162e+02     
 160.000          95.000            2.679e-01           2.679e-01              16.132           2.089e-06             235.291           3.162e+02     
 165.000          95.000            1.967e-01           1.967e-01             353.562           2.973e-06             208.145           3.162e+02     
 170.000          95.000            9.178e-02           9.178e-02             330.522           3.693e-06             182.007           3.019e+02     
 175.000          95.000            2.054e-02           2.054e-02             304.497           4.037e-06             156.297           1.354e+02     
 180.000          95.000            8.202e-06           4.303e-06             316.356           3.898e-06             130.386           1.920e+01     
   0.000         100.000            8.202e-06           5.008e-06             315.899           3.194e-06             309.782           1.919e+01     
   5.000         100.000            2.067e-02           2.067e-02             307.002           3.276e-06             337.406           1.570e+02     
  10.000         100.000            9.244e-02           9.243e-02             335.563           2.927e-06               5.279           3.162e+02     
  15.000         100.000            1.993e-01           1.993e-01               1.254           2.308e-06              34.045           3.162e+02     
  20.000         100.000            2.758e-01           2.758e-01              26.465           1.618e-06              63.986           3.162e+02     
  25.000         100.000            2.679e-01           2.679e-01              54.582           9.639e-07              93.801           3.162e+02     
  30.000         100.000            2.061e-01           2.061e-01              91.219           4.174e-07             124.122           3.162e+02     
  35.000         100.000            1.908e-01           1.908e-01             140.016           7.375e-08             159.727           3.162e+02     
  40.000         100.000            3.018e-01           3.018e-01             186.024           2.681e-08             314.043           3.162e+02     
  45.000         100.000            5.326e-01           5.326e-01             219.030           2.694e-07             359.066           3.162e+02     
  50.000         100.000            8.140e-01           8.140e-01             244.241           6.795e-07              22.081           3.162e+02     
  55.000         100.000            1.081e+00           1.081e+00             265.811           1.073e-06              41.877           3.162e+02     
  60.000         100.000            1.313e+00           1.313e+00             285.274           1.302e-06              59.254           3.162e+02     
  65.000         100.000            1.525e+00           1.525e+00             302.762           1.292e-06              74.719           3.162e+02     
  70.000         100.000            1.732e+00           1.732e+00             317.797           1.076e-06              87.367           3.162e+02     
  75.000         100.000            1.933e+00           1.933e+00             329.835           7.310e-07              97.509           3.162e+02     
  80.000         100.000            2.108e+00           2.108e+00             338.533           3.691e-07             104.922           3.162e+02     
  85.000         100.000            2.227e+00           2.227e+00             343.761           9.961e-08             109.212           3.162e+02     
  90.000         100.000            2.270e+00           2.270e+00             345.503           7.151e-13              37.360           3.162e+02     
  95.000         100.000            2.227e+00           2.227e+00             343.761           9.960e-08             289.203           3.162e+02     
 100.000         100.000            2.108e+00           2.108e+00             338.533           3.691e-07             284.917           3.162e+02     
 105.000         100.000            1.933e+00           1.933e+00             329.835           7.310e-07             277.506           3.162e+02     
 110.000         100.000            1.732e+00           1.732e+00             317.797           1.076e-06             267.364           3.162e+02     
 115.000         100.000            1.525e+00           1.525e+00             302.762           1.292e-06             254.716           3.162e+02     
 120.000         100.000            1.313e+00           1.313e+00             285.274           1.302e-06             239.252           3.162e+02     
 125.000         100.000            1.081e+00           1.081e+00             265.811           1.073e-06             221.875           3.162e+02     
 130.000         100.000            8.140e-01           8.140e-01             244.241           6.795e-07             202.079           3.162e+02     
 135.000         100.000            5.326e-01           5.326e-01             219.030           2.694e-07             179.064           3.162e+02     
 140.000         100.000            3.018e-01           3.018e-01             186.024           2.681e-08             134.037           3.162e+02     
 145.000         100.000            1.908e-01           1.908e-01             140.016           7.376e-08             339.727           3.162e+02     
 150.000         100.000            2.061e-01           2.061e-01              91.219           4.174e-07             304.122           3.162e+02     
 155.000         100.000            2.679e-01           2.679e-01              54.582           9.640e-07             273.801           3.162e+02     
 160.000         100.000            2.758e-01           2.758e-01              26.465           1.618e-06             243.986           3.162e+02     
 165.000         100.000            1.993e-01           1.993e-01               1.254           2.308e-06             214.045           3.162e+02     
 170.000         100.000            9.244e-02           9.243e-02             335.563           2.927e-06             185.279           3.162e+02     
 175.000         100.000            2.067e-02           2.067e-02             307.002           3.275e-06             157.406           1.570e+02     
 180.000         100.000            8.202e-06           5.008e-06             315.898           3.194e-06             129.783           1.920e+01     
   0.000         105.000            8.202e-06           5.685e-06             315.500           2.517e-06             309.031           1.919e+01     
   5.000         105.000            2.078e-02           2.077e-02             309.252           2.550e-06             337.990           1.877e+02     
  10.000         105.000            9.319e-02           9.319e-02             340.129           2.215e-06               7.663           3.162e+02     
  15.000         105.000            2.033e-01           2.033e-01               8.208           1.701e-06              38.667           3.162e+02     
  20.000         105.000            2.882e-01           2.882e-01              35.679           1.179e-06              70.846           3.162e+02     
  25.000         105.000            2.911e-01           2.911e-01              65.635           6.951e-07             101.712           3.162e+02     
  30.000         105.000            2.349e-01           2.349e-01             103.000           2.754e-07             130.944           3.162e+02     
  35.000         105.000            2.163e-01           2.163e-01             151.126           2.430e-08             158.819           3.162e+02     
  40.000         105.000            3.194e-01           3.194e-01             198.081           5.426e-08             353.939           3.162e+02     
  45.000         105.000            5.463e-01           5.463e-01             233.327           3.376e-07              16.049           3.162e+02     
  50.000         105.000            8.338e-01           8.338e-01             260.544           7.151e-07              37.986           3.162e+02     
  55.000         105.000            1.119e+00           1.119e+00             283.674           1.006e-06              57.501           3.162e+02     
  60.000         105.000            1.381e+00           1.381e+00             304.260           1.118e-06              75.728           3.162e+02     
  65.000         105.000            1.627e+00           1.627e+00             322.472           1.043e-06              92.710           3.162e+02     
  70.000         105.000            1.867e+00           1.867e+00             337.926           8.382e-07             106.792           3.162e+02     
  75.000         105.000            2.095e+00           2.095e+00             350.189           5.594e-07             118.215           3.162e+02     
  80.000         105.000            2.287e+00           2.287e+00             359.010           2.807e-07             126.566           3.162e+02     
  85.000         105.000            2.417e+00           2.417e+00               4.304           7.543e-08             131.666           3.162e+02     
  90.000         105.000            2.463e+00           2.463e+00               6.067           2.222e-13              65.038           3.162e+02     
  95.000         105.000            2.417e+00           2.417e+00               4.304           7.542e-08             311.660           3.162e+02     
 100.000         105.000            2.287e+00           2.287e+00             359.010           2.807e-07             306.562           3.162e+02     
 105.000         105.000            2.095e+00           2.095e+00             350.189           5.594e-07             298.213           3.162e+02     
 110.000         105.000            1.867e+00           1.867e+00             337.926           8.382e-07             286.790           3.162e+02     
 115.000         105.000            1.627e+00           1.627e+00             322.472           1.043e-06             272.708           3.162e+02     
 120.000         105.000            1.381e+00           1.381e+00             304.260           1.118e-06             255.727           3.162e+02     
 125.000         105.000            1.119e+00           1.119e+00             283.674           1.006e-06             237.499           3.162e+02     
 130.000         105.000            8.338e-01           8.338e-01             260.544           7.151e-07             217.985           3.162e+02     
 135.000         105.000            5.463e-01           5.463e-01             233.327           3.376e-07             196.048           3.162e+02     
 140.000         105.000            3.194e-01           3.194e-01             198.081           5.425e-08             173.937           3.162e+02     
 145.000         105.000            2.163e-01           2.163e-01             151.126           2.431e-08             338.820           3.162e+02     
 150.000         105.000            2.349e-01           2.349e-01             103.000           2.755e-07             310.944           3.162e+02     
 155.000         105.000            2.911e-01           2.911e-01              65.635           6.952e-07             281.713           3.162e+02     
 160.000         105.000            2.882e-01           2.882e-01              35.679           1.179e-06             250.846           3.162e+02     
 165.000         105.000            2.033e-01           2.033e-01               8.208           1.701e-06             218.667           3.162e+02     
 170.000         105.000            9.319e-02           9.319e-02             340.129           2.215e-06             187.664           3.162e+02     
 175.000         105.000            2.078e-02           2.077e-02             309.252           2.550e-06             157.990           1.878e+02     
 180.000         105.000            8.202e-06           5.684e-06             315.499           2.517e-06             129.033           1.920e+01     
   0.000         110.000            8.202e-06           6.313e-06             315.145           1.889e-06             308.055           1.919e+01     
   5.000         110.000            2.086e-02           2.086e-02             311.226           1.884e-06             337.877           2.346e+02     
  10.000         110.000            9.399e-02           9.399e-02             344.168           1.578e-06               8.882           3.162e+02     
  15.000         110.000            2.082e-01           2.082e-01              14.340           1.166e-06              41.634           3.162e+02     
  20.000         110.000            3.040e-01           3.040e-01              43.693           7.846e-07              75.471           3.162e+02     
  25.000         110.000            3.211e-01           3.211e-01              74.982           4.397e-07             106.477           3.162e+02     
  30.000         110.000            2.725e-01           2.725e-01             112.367           1.434e-07             132.836           3.162e+02     
  35.000         110.000            2.474e-01           2.474e-01             158.923           1.768e-09             122.348           3.162e+02     
  40.000         110.000            3.315e-01           3.315e-01             206.222           1.086e-07              10.719           3.162e+02     
  45.000         110.000            5.367e-01           5.367e-01             243.815           4.008e-07              29.883           3.162e+02     
  50.000         110.000            8.130e-01           8.130e-01             273.216           6.924e-07              50.574           3.162e+02     
  55.000         110.000            1.105e+00           1.105e+00             297.878           8.532e-07              70.473           3.162e+02     
  60.000         110.000            1.386e+00           1.386e+00             319.347           8.648e-07              90.181           3.162e+02     
  65.000         110.000            1.653e+00           1.653e+00             337.930           7.692e-07             108.608           3.162e+02     
  70.000         110.000            1.903e+00           1.903e+00             353.452           6.015e-07             125.175           3.162e+02     
  75.000         110.000            2.126e+00           2.126e+00               5.678           4.007e-07             137.935           3.162e+02     
  80.000         110.000            2.306e+00           2.306e+00              14.461           2.022e-07             147.168           3.162e+02     
  85.000         110.000            2.422e+00           2.422e+00              19.739           5.463e-08             152.716           3.162e+02     
  90.000         110.000            2.462e+00           2.462e+00              21.499           5.114e-14             145.919           3.162e+02     
  95.000         110.000            2.422e+00           2.422e+00              19.739           5.462e-08             332.714           3.162e+02     
 100.000         110.000            2.306e+00           2.306e+00              14.461           2.022e-07             327.167           3.162e+02     
 105.000         110.000            2.126e+00           2.126e+00               5.678           4.007e-07             317.934           3.162e+02     
 110.000         110.000            1.903e+00           1.903e+00             353.452           6.015e-07             305.174           3.162e+02     
 115.000         110.000            1.653e+00           1.653e+00             337.930           7.691e-07             288.607           3.162e+02     
 120.000         110.000            1.386e+00           1.386e+00             319.347           8.647e-07             270.180           3.162e+02     
 125.000         110.000            1.105e+00           1.105e+00             297.878           8.531e-07             250.472           3.162e+02     
 130.000         110.000            8.130e-01           8.130e-01             273.216           6.923e-07             230.574           3.162e+02     
 135.000         110.000            5.367e-01           5.367e-01             243.815           4.008e-07             209.883           3.162e+02     
 140.000         110.000            3.315e-01           3.315e-01             206.222           1.085e-07             190.720           3.162e+02     
 145.000         110.000            2.474e-01           2.474e-01             158.922           1.770e-09             302.379           3.162e+02     
 150.000         110.000            2.725e-01           2.725e-01             112.367           1.434e-07             312.837           3.162e+02     
 155.000         110.000            3.211e-01           3.211e-01              74.982           4.397e-07             286.477           3.162e+02     
 160.000         110.000            3.040e-01           3.040e-01              43.693           7.846e-07             255.472           3.162e+02     
 165.000         110.000            2.082e-01           2.082e-01              14.340           1.166e-06             221.635           3.162e+02     
 170.000         110.000            9.399e-02           9.399e-02             344.168           1.578e-06             188.883           3.162e+02     
 175.000         110.000            2.086e-02           2.086e-02             311.226           1.884e-06             157.878           2.346e+02     
 180.000         110.000            8.202e-06           6.313e-06             315.144           1.889e-06             128.057           1.920e+01     
   0.000         115.000            8.202e-06           6.875e-06             314.822           1.327e-06             306.711           1.919e+01     
   5.000         115.000            2.093e-02           2.093e-02             312.907           1.299e-06             336.769           3.138e+02     
  10.000         115.000            9.477e-02           9.477e-02             347.637           1.036e-06               8.445           3.162e+02     
  15.000         115.000            2.136e-01           2.136e-01              19.591           7.202e-07              42.260           3.162e+02     
  20.000         115.000            3.219e-01           3.219e-01              50.473           4.550e-07              77.034           3.162e+02     
  25.000         115.000            3.563e-01           3.563e-01              82.696           2.291e-07             109.589           3.162e+02     
  30.000         115.000            3.186e-01           3.186e-01             119.647           4.680e-08             129.853           3.162e+02     
  35.000         115.000            2.861e-01           2.861e-01             163.976           1.650e-08              21.515           3.162e+02     
  40.000         115.000            3.411e-01           3.411e-01             210.666           1.742e-07              19.571           3.162e+02     
  45.000         115.000            5.056e-01           5.056e-01             250.483           4.192e-07              37.800           3.162e+02     
  50.000         115.000            7.479e-01           7.479e-01             282.367           5.946e-07              59.119           3.162e+02     
  55.000         115.000            1.024e+00           1.024e+00             308.774           6.418e-07              79.742           3.162e+02     
  60.000         115.000            1.304e+00           1.304e+00             331.197           6.065e-07             101.637           3.162e+02     
  65.000         115.000            1.569e+00           1.569e+00             350.159           5.251e-07             122.356           3.162e+02     
  70.000         115.000            1.805e+00           1.805e+00               5.759           4.158e-07             140.146           3.162e+02     
  75.000         115.000            2.002e+00           2.002e+00              17.972           2.812e-07             154.668           3.162e+02     
  80.000         115.000            2.150e+00           2.150e+00              26.748           1.445e-07             164.267           3.162e+02     
  85.000         115.000            2.241e+00           2.241e+00              32.036           3.945e-08             169.913           3.162e+02     
  90.000         115.000            2.272e+00           2.272e+00              33.803           2.281e-13             209.460           3.162e+02     
  95.000         115.000            2.241e+00           2.241e+00              32.036           3.945e-08             349.915           3.162e+02     
 100.000         115.000            2.150e+00           2.150e+00              26.748           1.445e-07             344.268           3.162e+02     
 105.000         115.000            2.002e+00           2.002e+00              17.972           2.812e-07             334.668           3.162e+02     
 110.000         115.000            1.805e+00           1.805e+00               5.759           4.158e-07             320.147           3.162e+02     
 115.000         115.000            1.569e+00           1.569e+00             350.159           5.251e-07             302.357           3.162e+02     
 120.000         115.000            1.304e+00           1.304e+00             331.197           6.065e-07             281.637           3.162e+02     
 125.000         115.000            1.024e+00           1.024e+00             308.774           6.418e-07             259.742           3.162e+02     
 130.000         115.000            7.479e-01           7.479e-01             282.367           5.946e-07             239.120           3.162e+02     
 135.000         115.000            5.056e-01           5.056e-01             250.483           4.192e-07             217.801           3.162e+02     
 140.000         115.000            3.411e-01           3.411e-01             210.666           1.742e-07             199.572           3.162e+02     
 145.000         115.000            2.861e-01           2.861e-01             163.976           1.649e-08             201.523           3.162e+02     
 150.000         115.000            3.186e-01           3.186e-01             119.647           4.681e-08             309.856           3.162e+02     
 155.000         115.000            3.563e-01           3.563e-01              82.696           2.291e-07             289.590           3.162e+02     
 160.000         115.000            3.219e-01           3.219e-01              50.473           4.550e-07             257.035           3.162e+02     
 165.000         115.000            2.136e-01           2.136e-01              19.591           7.202e-07             222.261           3.162e+02     
 170.000         115.000            9.477e-02           9.477e-02             347.636           1.036e-06             188.446           3.162e+02     
 175.000         115.000            2.093e-02           2.093e-02             312.907           1.299e-06             156.771           3.138e+02     
 180.000         115.000            8.202e-06           6.874e-06             314.821           1.327e-06             126.713           1.920e+01     
   0.000         120.000            8.202e-06           7.352e-06             314.523           8.501e-07             304.707           1.919e+01     
   5.000         120.000            2.097e-02           2.097e-02             314.280           8.136e-07             334.063           3.162e+02     
  10.000         120.000            9.545e-02           9.545e-02             350.497           6.065e-07               5.319           3.162e+02     
  15.000         120.000            2.190e-01           2.190e-01              23.919           3.814e-07              38.925           3.162e+02     
  20.000         120.000            3.403e-01           3.403e-01              56.020           2.130e-07              73.121           3.162e+02     
  25.000         120.000            3.944e-01           3.944e-01              88.897           8.012e-08             100.536           3.162e+02     
  30.000         120.000            3.718e-01           3.718e-01             125.218           8.294e-09              79.749           3.162e+02     
  35.000         120.000            3.346e-01           3.346e-01             167.061           5.986e-08              10.287           3.162e+02     
  40.000         120.000            3.566e-01           3.566e-01             212.032           2.241e-07              23.640           3.162e+02     
  45.000         120.000            4.682e-01           4.682e-01             253.379           3.785e-07              40.700           3.162e+02     
  50.000         120.000            6.578e-01           6.578e-01             287.939           4.570e-07              62.099           3.162e+02     
  55.000         120.000            8.973e-01           8.973e-01             316.482           4.361e-07              86.200           3.162e+02     
  60.000         120.000            1.156e+00           1.156e+00             340.201           3.851e-07             110.202           3.162e+02     
  65.000         120.000            1.406e+00           1.406e+00             359.818           3.313e-07             132.930           3.162e+02     
  70.000         120.000            1.623e+00           1.623e+00              15.719           2.689e-07             151.776           3.162e+02     
  75.000         120.000            1.796e+00           1.796e+00              28.083           1.876e-07             165.844           3.162e+02     
  80.000         120.000            1.919e+00           1.919e+00              36.953           9.798e-08             175.374           3.162e+02     
  85.000         120.000            1.992e+00           1.992e+00              42.304           2.695e-08             180.794           3.162e+02     
  90.000         120.000            2.016e+00           2.016e+00              44.094           5.833e-13             230.508           3.162e+02     
  95.000         120.000            1.992e+00           1.992e+00              42.304           2.695e-08               0.800           3.162e+02     
 100.000         120.000            1.919e+00           1.919e+00              36.953           9.798e-08             355.377           3.162e+02     
 105.000         120.000            1.796e+00           1.796e+00              28.083           1.876e-07             345.847           3.162e+02     
 110.000         120.000            1.623e+00           1.623e+00              15.719           2.689e-07             331.778           3.162e+02     
 115.000         120.000            1.406e+00           1.406e+00             359.818           3.313e-07             312.932           3.162e+02     
 120.000         120.000            1.156e+00           1.156e+00             340.201           3.851e-07             290.203           3.162e+02     
 125.000         120.000            8.973e-01           8.973e-01             316.482           4.361e-07             266.202           3.162e+02     
 130.000         120.000            6.578e-01           6.578e-01             287.939           4.570e-07             242.101           3.162e+02     
 135.000         120.000            4.682e-01           4.682e-01             253.379           3.784e-07             220.701           3.162e+02     
 140.000         120.000            3.566e-01           3.566e-01             212.032           2.241e-07             203.642           3.162e+02     
 145.000         120.000            3.346e-01           3.346e-01             167.061           5.985e-08             190.289           3.162e+02     
 150.000         120.000            3.718e-01           3.718e-01             125.218           8.295e-09             259.768           3.162e+02     
 155.000         120.000            3.944e-01           3.944e-01              88.897           8.013e-08             280.540           3.162e+02     
 160.000         120.000            3.403e-01           3.403e-01              56.020           2.130e-07             253.124           3.162e+02     
 165.000         120.000            2.190e-01           2.190e-01              23.919           3.814e-07             218.927           3.162e+02     
 170.000         120.000            9.545e-02           9.545e-02             350.497           6.065e-07             185.321           3.162e+02     
 175.000         120.000            2.097e-02           2.097e-02             314.280           8.135e-07             154.064           3.162e+02     
 180.000         120.000            8.202e-06           7.351e-06             314.522           8.501e-07             124.710           1.920e+01     
   0.000         125.000            8.202e-06           7.730e-06             314.240           4.718e-07             301.345           1.919e+01     
   5.000         125.000            2.098e-02           2.098e-02             315.331           4.422e-07             328.328           3.162e+02     
  10.000         125.000            9.596e-02           9.596e-02             352.720           3.010e-07             356.877           3.162e+02     
  15.000         125.000            2.237e-01           2.237e-01              27.297           1.620e-07              26.775           3.162e+02     
  20.000         125.000            3.576e-01           3.576e-01              60.347           6.666e-08              58.251           3.162e+02     
  25.000         125.000            4.326e-01           4.326e-01              93.701           1.789e-08              60.788           3.162e+02     
  30.000         125.000            4.297e-01           4.297e-01             129.416           3.021e-08              12.827           3.162e+02     
  35.000         125.000            3.946e-01           3.946e-01             168.942           1.189e-07              10.929           3.162e+02     
  40.000         125.000            3.888e-01           3.888e-01             211.358           2.392e-07              24.970           3.162e+02     
  45.000         125.000            4.470e-01           4.470e-01             252.802           3.177e-07              42.371           3.162e+02     
  50.000         125.000            5.762e-01           5.762e-01             289.583           3.096e-07              63.601           3.162e+02     
  55.000         125.000            7.656e-01           7.656e-01             320.479           2.602e-07              88.557           3.162e+02     
  60.000         125.000            9.904e-01           9.904e-01             345.850           2.154e-07             116.498           3.162e+02     
  65.000         125.000            1.218e+00           1.218e+00               6.445           1.941e-07             140.016           3.162e+02     
  70.000         125.000            1.419e+00           1.419e+00              22.890           1.653e-07             158.532           3.162e+02     
  75.000         125.000            1.579e+00           1.579e+00              35.553           1.186e-07             171.562           3.162e+02     
  80.000         125.000            1.691e+00           1.691e+00              44.591           6.263e-08             180.055           3.162e+02     
  85.000         125.000            1.757e+00           1.757e+00              50.028           1.725e-08             184.714           3.162e+02     
  90.000         125.000            1.778e+00           1.778e+00              51.844           1.049e-12             244.805           3.162e+02     
  95.000         125.000            1.757e+00           1.757e+00              50.028           1.726e-08               4.724           3.162e+02     
 100.000         125.000            1.691e+00           1.691e+00              44.591           6.264e-08               0.060           3.162e+02     
 105.000         125.000            1.579e+00           1.579e+00              35.553           1.186e-07             351.566           3.162e+02     
 110.000         125.000            1.419e+00           1.419e+00              22.890           1.653e-07             338.535           3.162e+02     
 115.000         125.000            1.218e+00           1.218e+00               6.445           1.941e-07             320.020           3.162e+02     
 120.000         125.000            9.904e-01           9.904e-01             345.850           2.154e-07             296.501           3.162e+02     
 125.000         125.000            7.656e-01           7.656e-01             320.479           2.602e-07             268.560           3.162e+02     
 130.000         125.000            5.762e-01           5.762e-01             289.583           3.095e-07             243.604           3.162e+02     
 135.000         125.000            4.470e-01           4.470e-01             252.802           3.177e-07             222.372           3.162e+02     
 140.000         125.000            3.888e-01           3.888e-01             211.357           2.392e-07             204.971           3.162e+02     
 145.000         125.000            3.946e-01           3.946e-01             168.942           1.189e-07             190.931           3.162e+02     
 150.000         125.000            4.297e-01           4.297e-01             129.416           3.020e-08             192.831           3.162e+02     
 155.000         125.000            4.326e-01           4.326e-01              93.701           1.789e-08             240.798           3.162e+02     
 160.000         125.000            3.576e-01           3.576e-01              60.347           6.666e-08             238.256           3.162e+02     
 165.000         125.000            2.237e-01           2.237e-01              27.297           1.620e-07             206.778           3.162e+02     
 170.000         125.000            9.596e-02           9.596e-02             352.720           3.009e-07             176.879           3.162e+02     
 175.000         125.000            2.098e-02           2.098e-02             315.331           4.422e-07             148.331           3.162e+02     
 180.000         125.000            8.202e-06           7.730e-06             314.240           4.717e-07             121.348           1.920e+01     
   0.000         130.000            8.202e-06           7.998e-06             313.970           2.037e-07             294.462           1.919e+01     
   5.000         130.000            2.097e-02           2.097e-02             316.051           1.954e-07             315.404           3.162e+02     
  10.000         130.000            9.624e-02           9.624e-02             354.283           1.268e-07             335.396           3.162e+02     
  15.000         130.000            2.273e-01           2.273e-01              29.706           6.777e-08             351.396           3.162e+02     
  20.000         130.000            3.724e-01           3.724e-01              63.470           3.317e-08             359.403           3.162e+02     
  25.000         130.000            4.680e-01           4.680e-01              97.200           4.228e-08             355.754           3.162e+02     
  30.000         130.000            4.888e-01           4.888e-01             132.473           9.604e-08               2.774           3.162e+02     
  35.000         130.000            4.657e-01           4.657e-01             170.155           1.664e-07              11.530           3.162e+02     
  40.000         130.000            4.460e-01           4.460e-01             209.819           2.328e-07              26.019           3.162e+02     
  45.000         130.000            4.635e-01           4.635e-01             249.682           2.291e-07              44.249           3.162e+02     
  50.000         130.000            5.370e-01           5.370e-01             287.099           1.778e-07              64.805           3.162e+02     
  55.000         130.000            6.711e-01           6.711e-01             319.737           1.291e-07              91.093           3.162e+02     
  60.000         130.000            8.498e-01           8.498e-01             346.737           1.114e-07             120.396           3.162e+02     
  65.000         130.000            1.043e+00           1.043e+00               8.465           1.073e-07             146.073           3.162e+02     
  70.000         130.000            1.220e+00           1.220e+00              25.610           9.817e-08             161.543           3.162e+02     
  75.000         130.000            1.362e+00           1.362e+00              38.679           7.271e-08             171.625           3.162e+02     
  80.000         130.000            1.463e+00           1.463e+00              47.937           3.880e-08             177.842           3.162e+02     
  85.000         130.000            1.523e+00           1.523e+00              53.480           1.071e-08             180.996           3.162e+02     
  90.000         130.000            1.543e+00           1.543e+00              55.327           1.597e-12             254.679           3.162e+02     
  95.000         130.000            1.523e+00           1.523e+00              53.480           1.072e-08               1.013           3.162e+02     
 100.000         130.000            1.463e+00           1.463e+00              47.937           3.881e-08             357.851           3.162e+02     
 105.000         130.000            1.362e+00           1.362e+00              38.679           7.272e-08             351.631           3.162e+02     
 110.000         130.000            1.220e+00           1.220e+00              25.610           9.818e-08             341.548           3.162e+02     
 115.000         130.000            1.043e+00           1.043e+00               8.465           1.073e-07             326.078           3.162e+02     
 120.000         130.000            8.498e-01           8.498e-01             346.737           1.114e-07             300.402           3.162e+02     
 125.000         130.000            6.711e-01           6.711e-01             319.737           1.291e-07             271.098           3.162e+02     
 130.000         130.000            5.370e-01           5.370e-01             287.099           1.778e-07             244.809           3.162e+02     
 135.000         130.000            4.635e-01           4.635e-01             249.682           2.291e-07             224.251           3.162e+02     
 140.000         130.000            4.460e-01           4.460e-01             209.819           2.328e-07             206.021           3.162e+02     
 145.000         130.000            4.657e-01           4.657e-01             170.155           1.664e-07             191.532           3.162e+02     
 150.000         130.000            4.888e-01           4.888e-01             132.473           9.603e-08             182.775           3.162e+02     
 155.000         130.000            4.680e-01           4.680e-01              97.200           4.227e-08             175.755           3.162e+02     
 160.000         130.000            3.724e-01           3.724e-01              63.470           3.316e-08             179.405           3.162e+02     
 165.000         130.000            2.273e-01           2.273e-01              29.706           6.776e-08             171.399           3.162e+02     
 170.000         130.000            9.624e-02           9.624e-02             354.283           1.267e-07             155.399           3.162e+02     
 175.000         130.000            2.097e-02           2.097e-02             316.051           1.953e-07             135.408           3.162e+02     
 180.000         130.000            8.202e-06           7.998e-06             313.969           2.036e-07             114.467           1.920e+01     
   0.000         135.000            8.202e-06           8.148e-06             313.706           5.396e-08             273.709           1.919e+01     
   5.000         135.000            2.093e-02           2.093e-02             316.431           7.897e-08             282.380           3.162e+02     
  10.000         135.000            9.625e-02           9.625e-02             355.168           8.553e-08             290.384           3.162e+02     
  15.000         135.000            2.295e-01           2.295e-01              31.131           8.792e-08             300.528           3.162e+02     
  20.000         135.000            3.833e-01           3.833e-01              65.394           1.014e-07             317.667           3.162e+02     
  25.000         135.000            4.975e-01           4.975e-01              99.440           1.322e-07             339.488           3.162e+02     
  30.000         135.000            5.446e-01           5.446e-01             134.483           1.725e-07               0.192           3.162e+02     
  35.000         135.000            5.446e-01           5.446e-01             170.898           2.087e-07              16.967           3.162e+02     
  40.000         135.000            5.313e-01           5.313e-01             208.188           1.952e-07              32.066           3.162e+02     
  45.000         135.000            5.309e-01           5.309e-01             245.461           1.403e-07              48.425           3.162e+02     
  50.000         135.000            5.655e-01           5.655e-01             281.358           8.077e-08              71.435           3.162e+02     
  55.000         135.000            6.479e-01           6.479e-01             313.928           5.430e-08             101.316           3.162e+02     
  60.000         135.000            7.714e-01           7.714e-01             341.650           5.319e-08             130.788           3.162e+02     
  65.000         135.000            9.118e-01           9.118e-01               4.217           6.048e-08             149.787           3.162e+02     
  70.000         135.000            1.043e+00           1.043e+00              22.041           5.993e-08             160.231           3.162e+02     
  75.000         135.000            1.150e+00           1.150e+00              35.590           4.656e-08             165.924           3.162e+02     
  80.000         135.000            1.224e+00           1.224e+00              45.154           2.568e-08             170.030           3.162e+02     
  85.000         135.000            1.268e+00           1.268e+00              50.868           7.251e-09             171.006           3.162e+02     
  90.000         135.000            1.282e+00           1.282e+00              52.770           1.958e-12             259.254           3.162e+02     
  95.000         135.000            1.268e+00           1.268e+00              50.868           7.256e-09             351.036           3.162e+02     
 100.000         135.000            1.224e+00           1.224e+00              45.154           2.569e-08             350.045           3.162e+02     
 105.000         135.000            1.150e+00           1.150e+00              35.590           4.657e-08             345.934           3.162e+02     
 110.000         135.000            1.043e+00           1.043e+00              22.041           5.995e-08             340.240           3.162e+02     
 115.000         135.000            9.118e-01           9.118e-01               4.217           6.049e-08             329.796           3.162e+02     
 120.000         135.000            7.714e-01           7.714e-01             341.650           5.320e-08             310.797           3.162e+02     
 125.000         135.000            6.479e-01           6.479e-01             313.928           5.430e-08             281.326           3.162e+02     
 130.000         135.000            5.655e-01           5.655e-01             281.358           8.076e-08             251.442           3.162e+02     
 135.000         135.000            5.309e-01           5.309e-01             245.461           1.403e-07             228.429           3.162e+02     
 140.000         135.000            5.313e-01           5.313e-01             208.188           1.952e-07             212.069           3.162e+02     
 145.000         135.000            5.446e-01           5.446e-01             170.898           2.087e-07             196.968           3.162e+02     
 150.000         135.000            5.446e-01           5.446e-01             134.483           1.725e-07             180.192           3.162e+02     
 155.000         135.000            4.975e-01           4.975e-01              99.440           1.321e-07             159.487           3.162e+02     
 160.000         135.000            3.833e-01           3.833e-01              65.394           1.014e-07             137.666           3.162e+02     
 165.000         135.000            2.295e-01           2.295e-01              31.131           8.791e-08             120.527           3.162e+02     
 170.000         135.000            9.625e-02           9.625e-02             355.168           8.551e-08             110.383           3.162e+02     
 175.000         135.000            2.093e-02           2.093e-02             316.431           7.894e-08             102.382           3.162e+02     
 180.000         135.000            8.202e-06           8.148e-06             313.706           5.394e-08              93.715           1.920e+01     
   0.000         140.000            8.202e-06           8.175e-06             313.445           2.724e-08             198.029           1.919e+01     
   5.000         140.000            2.086e-02           2.086e-02             316.468           9.454e-08             230.695           3.162e+02     
  10.000         140.000            9.596e-02           9.596e-02             355.366           1.736e-07             253.321           3.162e+02     
  15.000         140.000            2.301e-01           2.301e-01              31.557           2.217e-07             275.743           3.162e+02     
  20.000         140.000            3.893e-01           3.893e-01              66.107           2.548e-07             304.204           3.162e+02     
  25.000         140.000            5.187e-01           5.187e-01             100.408           2.654e-07             334.035           3.162e+02     
  30.000         140.000            5.924e-01           5.924e-01             135.406           2.613e-07               0.082           3.162e+02     
  35.000         140.000            6.254e-01           6.254e-01             171.049           2.362e-07              24.748           3.162e+02     
  40.000         140.000            6.400e-01           6.400e-01             206.550           1.545e-07              44.713           3.162e+02     
  45.000         140.000            6.504e-01           6.504e-01             241.180           7.218e-08              65.457           3.162e+02     
  50.000         140.000            6.719e-01           6.719e-01             274.289           3.283e-08              96.763           3.162e+02     
  55.000         140.000            7.184e-01           7.184e-01             304.817           2.628e-08             138.048           3.162e+02     
  60.000         140.000            7.896e-01           7.896e-01             331.585           3.048e-08             156.964           3.162e+02     
  65.000         140.000            8.707e-01           8.707e-01             353.971           3.508e-08             161.070           3.162e+02     
  70.000         140.000            9.441e-01           9.441e-01              11.974           3.559e-08             161.189           3.162e+02     
  75.000         140.000            9.999e-01           9.999e-01              25.806           2.910e-08             159.862           3.162e+02     
  80.000         140.000            1.036e+00           1.036e+00              35.635           1.703e-08             158.654           3.162e+02     
  85.000         140.000            1.056e+00           1.056e+00              41.529           5.044e-09             157.591           3.162e+02     
  90.000         140.000            1.062e+00           1.062e+00              43.495           1.699e-12             257.620           3.162e+02     
  95.000         140.000            1.056e+00           1.056e+00              41.529           5.048e-09             337.639           3.162e+02     
 100.000         140.000            1.036e+00           1.036e+00              35.635           1.704e-08             338.678           3.162e+02     
 105.000         140.000            9.999e-01           9.999e-01              25.806           2.911e-08             339.878           3.162e+02     
 110.000         140.000            9.441e-01           9.441e-01              11.974           3.560e-08             341.202           3.162e+02     
 115.000         140.000            8.707e-01           8.707e-01             353.971           3.510e-08             341.080           3.162e+02     
 120.000         140.000            7.896e-01           7.896e-01             331.585           3.050e-08             336.973           3.162e+02     
 125.000         140.000            7.184e-01           7.184e-01             304.817           2.629e-08             318.058           3.162e+02     
 130.000         140.000            6.719e-01           6.719e-01             274.289           3.283e-08             276.774           3.162e+02     
 135.000         140.000            6.504e-01           6.504e-01             241.180           7.218e-08             245.463           3.162e+02     
 140.000         140.000            6.400e-01           6.400e-01             206.550           1.545e-07             224.716           3.162e+02     
 145.000         140.000            6.254e-01           6.254e-01             171.049           2.362e-07             204.749           3.162e+02     
 150.000         140.000            5.924e-01           5.924e-01             135.406           2.612e-07             180.083           3.162e+02     
 155.000         140.000            5.187e-01           5.187e-01             100.408           2.654e-07             154.034           3.162e+02     
 160.000         140.000            3.893e-01           3.893e-01              66.107           2.548e-07             124.202           3.162e+02     
 165.000         140.000            2.301e-01           2.301e-01              31.557           2.217e-07              95.740           3.162e+02     
 170.000         140.000            9.596e-02           9.596e-02             355.366           1.735e-07              73.318           3.162e+02     
 175.000         140.000            2.086e-02           2.086e-02             316.468           9.452e-08              50.690           3.162e+02     
 180.000         140.000            8.202e-06           8.174e-06             313.445           2.722e-08              18.017           1.920e+01     
   0.000         145.000            8.202e-06           8.078e-06             313.183           1.243e-07             158.355           1.919e+01     
   5.000         145.000            2.076e-02           2.076e-02             316.160           2.392e-07             203.752           3.162e+02     
  10.000         145.000            9.536e-02           9.536e-02             354.869           3.824e-07             236.363           3.162e+02     
  15.000         145.000            2.290e-01           2.290e-01              30.973           4.643e-07             265.355           3.162e+02     
  20.000         145.000            3.902e-01           3.902e-01              65.579           4.755e-07             297.342           3.162e+02     
  25.000         145.000            5.299e-01           5.299e-01             100.040           4.068e-07             329.130           3.162e+02     
  30.000         145.000            6.279e-01           6.279e-01             135.085           3.524e-07               2.029           3.162e+02     
  35.000         145.000            6.994e-01           6.994e-01             170.269           2.553e-07              31.855           3.162e+02     
  40.000         145.000            7.587e-01           7.587e-01             204.464           1.364e-07              63.497           3.162e+02     
  45.000         145.000            8.054e-01           8.054e-01             236.901           6.406e-08             102.123           3.162e+02     
  50.000         145.000            8.410e-01           8.410e-01             267.273           4.229e-08             148.617           3.162e+02     
  55.000         145.000            8.745e-01           8.745e-01             295.182           4.232e-08             180.683           3.162e+02     
  60.000         145.000            9.105e-01           9.105e-01             320.013           3.406e-08             192.430           3.162e+02     
  65.000         145.000            9.445e-01           9.445e-01             341.266           2.545e-08             193.047           3.162e+02     
  70.000         145.000            9.694e-01           9.694e-01             358.735           1.526e-08             178.795           3.162e+02     
  75.000         145.000            9.825e-01           9.825e-01              12.385           1.075e-08             161.802           3.162e+02     
  80.000         145.000            9.866e-01           9.866e-01              22.202           6.778e-09             150.813           3.162e+02     
  85.000         145.000            9.864e-01           9.864e-01              28.135           2.192e-09             145.308           3.162e+02     
  90.000         145.000            9.859e-01           9.859e-01              30.121           8.770e-13             245.304           3.162e+02     
  95.000         145.000            9.864e-01           9.864e-01              28.135           2.195e-09             325.393           3.162e+02     
 100.000         145.000            9.866e-01           9.866e-01              22.202           6.784e-09             330.857           3.162e+02     
 105.000         145.000            9.825e-01           9.825e-01              12.385           1.076e-08             341.830           3.162e+02     
 110.000         145.000            9.694e-01           9.694e-01             358.735           1.528e-08             358.806           3.162e+02     
 115.000         145.000            9.445e-01           9.445e-01             341.266           2.547e-08              13.046           3.162e+02     
 120.000         145.000            9.105e-01           9.105e-01             320.013           3.408e-08              12.426           3.162e+02     
 125.000         145.000            8.745e-01           8.745e-01             295.182           4.234e-08               0.680           3.162e+02     
 130.000         145.000            8.410e-01           8.410e-01             267.273           4.230e-08             328.618           3.162e+02     
 135.000         145.000            8.054e-01           8.054e-01             236.901           6.407e-08             282.127           3.162e+02     
 140.000         145.000            7.587e-01           7.587e-01             204.464           1.364e-07             243.499           3.162e+02     
 145.000         145.000            6.994e-01           6.994e-01             170.269           2.553e-07             211.856           3.162e+02     
 150.000         145.000            6.279e-01           6.279e-01             135.085           3.524e-07             182.029           3.162e+02     
 155.000         145.000            5.299e-01           5.299e-01             100.040           4.068e-07             149.129           3.162e+02     
 160.000         145.000            3.902e-01           3.902e-01              65.579           4.755e-07             117.341           3.162e+02     
 165.000         145.000            2.290e-01           2.290e-01              30.973           4.643e-07              85.353           3.162e+02     
 170.000         145.000            9.536e-02           9.536e-02             354.869           3.823e-07              56.360           3.162e+02     
 175.000         145.000            2.076e-02           2.076e-02             316.160           2.391e-07              23.747           3.162e+02     
 180.000         145.000            8.202e-06           8.077e-06             313.183           1.243e-07             338.347           1.920e+01     
   0.000         150.000            8.202e-06           7.860e-06             312.916           3.422e-07             147.979           1.919e+01     
   5.000         150.000            2.064e-02           2.064e-02             315.508           5.058e-07             192.023           2.422e+02     
  10.000         150.000            9.448e-02           9.447e-02             353.679           6.996e-07             227.181           3.162e+02     
  15.000         150.000            2.263e-01           2.263e-01              29.365           7.902e-07             258.600           3.162e+02     
  20.000         150.000            3.862e-01           3.862e-01              63.768           7.303e-07             290.962           3.162e+02     
  25.000         150.000            5.308e-01           5.308e-01              98.229           5.860e-07             326.054           3.162e+02     
  30.000         150.000            6.480e-01           6.480e-01             133.287           4.420e-07               2.617           3.162e+02     
  35.000         150.000            7.571e-01           7.571e-01             168.118           2.971e-07              39.915           3.162e+02     
  40.000         150.000            8.669e-01           8.669e-01             201.283           1.692e-07              80.442           3.162e+02     
  45.000         150.000            9.617e-01           9.617e-01             232.017           1.272e-07             128.916           3.162e+02     
  50.000         150.000            1.026e+00           1.026e+00             260.314           1.214e-07             171.427           3.162e+02     
  55.000         150.000            1.061e+00           1.061e+00             286.230           1.134e-07             201.255           3.162e+02     
  60.000         150.000            1.078e+00           1.078e+00             309.561           8.294e-08             220.971           3.162e+02     
  65.000         150.000            1.085e+00           1.085e+00             329.941           4.126e-08             235.840           3.162e+02     
  70.000         150.000            1.084e+00           1.084e+00             347.046           1.275e-08             248.403           3.162e+02     
  75.000         150.000            1.078e+00           1.078e+00               0.638           1.864e-09             262.889           3.162e+02     
  80.000         150.000            1.071e+00           1.071e+00              10.524           5.866e-11             319.814           3.162e+02     
  85.000         150.000            1.065e+00           1.065e+00              16.537           7.576e-11              56.462           3.162e+02     
  90.000         150.000            1.063e+00           1.063e+00              18.557           3.044e-13             198.856           3.162e+02     
  95.000         150.000            1.065e+00           1.065e+00              16.537           7.462e-11             236.711           3.162e+02     
 100.000         150.000            1.071e+00           1.071e+00              10.524           5.816e-11             139.310           3.162e+02     
 105.000         150.000            1.078e+00           1.078e+00               0.638           1.866e-09              82.801           3.162e+02     
 110.000         150.000            1.084e+00           1.084e+00             347.046           1.276e-08              68.373           3.162e+02     
 115.000         150.000            1.085e+00           1.085e+00             329.941           4.128e-08              55.825           3.162e+02     
 120.000         150.000            1.078e+00           1.078e+00             309.561           8.296e-08              40.962           3.162e+02     
 125.000         150.000            1.061e+00           1.061e+00             286.230           1.134e-07              21.248           3.162e+02     
 130.000         150.000            1.026e+00           1.026e+00             260.314           1.214e-07             351.424           3.162e+02     
 135.000         150.000            9.617e-01           9.617e-01             232.017           1.272e-07             308.915           3.162e+02     
 140.000         150.000            8.669e-01           8.669e-01             201.283           1.692e-07             260.443           3.162e+02     
 145.000         150.000            7.571e-01           7.571e-01             168.118           2.971e-07             219.916           3.162e+02     
 150.000         150.000            6.480e-01           6.480e-01             133.287           4.420e-07             182.617           3.162e+02     
 155.000         150.000            5.308e-01           5.308e-01              98.229           5.860e-07             146.054           3.162e+02     
 160.000         150.000            3.862e-01           3.862e-01              63.768           7.302e-07             110.960           3.162e+02     
 165.000         150.000            2.263e-01           2.263e-01              29.365           7.901e-07              78.599           3.162e+02     
 170.000         150.000            9.447e-02           9.447e-02             353.679           6.995e-07              47.179           3.162e+02     
 175.000         150.000            2.064e-02           2.064e-02             315.508           5.057e-07              12.019           2.422e+02     
 180.000         150.000            8.202e-06           7.859e-06             312.916           3.422e-07             327.974           1.920e+01     
   0.000         155.000            8.202e-06           7.528e-06             312.640           6.743e-07             143.544           1.919e+01     
   5.000         155.000            2.049e-02           2.049e-02             314.517           8.835e-07             185.388           1.963e+02     
  10.000         155.000            9.335e-02           9.335e-02             351.802           1.110e-06             220.757           3.162e+02     
  15.000         155.000            2.222e-01           2.222e-01              26.728           1.182e-06             252.859           3.162e+02     
  20.000         155.000            3.779e-01           3.779e-01              60.623           1.033e-06             285.687           3.162e+02     
  25.000         155.000            5.222e-01           5.222e-01              94.841           7.788e-07             321.843           3.162e+02     
  30.000         155.000            6.515e-01           6.515e-01             129.741           5.370e-07               1.006           3.162e+02     
  35.000         155.000            7.902e-01           7.902e-01             164.138           3.410e-07              43.207           3.162e+02     
  40.000         155.000            9.427e-01           9.427e-01             196.357           2.464e-07              90.167           3.162e+02     
  45.000         155.000            1.078e+00           1.078e+00             225.737           2.201e-07             138.112           3.162e+02     
  50.000         155.000            1.163e+00           1.163e+00             252.598           2.319e-07             179.359           3.162e+02     
  55.000         155.000            1.195e+00           1.195e+00             277.391           2.381e-07             210.080           3.162e+02     
  60.000         155.000            1.194e+00           1.194e+00             300.199           2.115e-07             235.058           3.162e+02     
  65.000         155.000            1.185e+00           1.185e+00             320.704           1.481e-07             258.317           3.162e+02     
  70.000         155.000            1.180e+00           1.180e+00             338.371           9.173e-08             280.166           3.162e+02     
  75.000         155.000            1.185e+00           1.185e+00             352.658           4.974e-08             300.382           3.162e+02     
  80.000         155.000            1.194e+00           1.194e+00               3.138           2.282e-08             315.498           3.162e+02     
  85.000         155.000            1.203e+00           1.203e+00               9.527           5.997e-09             324.895           3.162e+02     
  90.000         155.000            1.206e+00           1.206e+00              11.672           6.167e-13             135.645           3.162e+02     
  95.000         155.000            1.203e+00           1.203e+00               9.527           5.990e-09             144.854           3.162e+02     
 100.000         155.000            1.194e+00           1.194e+00               3.138           2.281e-08             135.476           3.162e+02     
 105.000         155.000            1.185e+00           1.185e+00             352.658           4.973e-08             120.365           3.162e+02     
 110.000         155.000            1.180e+00           1.180e+00             338.371           9.173e-08             100.154           3.162e+02     
 115.000         155.000            1.185e+00           1.185e+00             320.704           1.481e-07              78.307           3.162e+02     
 120.000         155.000            1.194e+00           1.194e+00             300.199           2.115e-07              55.050           3.162e+02     
 125.000         155.000            1.195e+00           1.195e+00             277.391           2.381e-07              30.075           3.162e+02     
 130.000         155.000            1.163e+00           1.163e+00             252.598           2.320e-07             359.354           3.162e+02     
 135.000         155.000            1.078e+00           1.078e+00             225.737           2.201e-07             318.110           3.162e+02     
 140.000         155.000            9.427e-01           9.427e-01             196.357           2.464e-07             270.167           3.162e+02     
 145.000         155.000            7.902e-01           7.902e-01             164.138           3.410e-07             223.207           3.162e+02     
 150.000         155.000            6.515e-01           6.515e-01             129.741           5.370e-07             181.006           3.162e+02     
 155.000         155.000            5.222e-01           5.222e-01              94.841           7.788e-07             141.842           3.162e+02     
 160.000         155.000            3.779e-01           3.779e-01              60.623           1.033e-06             105.686           3.162e+02     
 165.000         155.000            2.222e-01           2.222e-01              26.728           1.182e-06              72.858           3.162e+02     
 170.000         155.000            9.335e-02           9.335e-02             351.802           1.110e-06              40.755           3.162e+02     
 175.000         155.000            2.049e-02           2.049e-02             314.517           8.835e-07               5.385           1.963e+02     
 180.000         155.000            8.202e-06           7.527e-06             312.639           6.742e-07             323.540           1.920e+01     
   0.000         160.000            8.202e-06           7.092e-06             312.348           1.110e-06             141.084           1.919e+01     
   5.000         160.000            2.032e-02           2.032e-02             313.195           1.358e-06             180.724           1.658e+02     
  10.000         160.000            9.204e-02           9.203e-02             349.254           1.597e-06             215.351           3.162e+02     
  15.000         160.000            2.173e-01           2.173e-01              23.064           1.625e-06             247.227           3.162e+02     
  20.000         160.000            3.667e-01           3.667e-01              56.100           1.365e-06             279.750           3.162e+02     
  25.000         160.000            5.064e-01           5.064e-01              89.745           9.612e-07             314.960           3.162e+02     
  30.000         160.000            6.400e-01           6.400e-01             124.184           6.232e-07             355.469           3.162e+02     
  35.000         160.000            7.955e-01           7.955e-01             157.915           4.204e-07              41.824           3.162e+02     
  40.000         160.000            9.723e-01           9.723e-01             189.114           3.298e-07              90.863           3.162e+02     
  45.000         160.000            1.125e+00           1.125e+00             217.290           3.265e-07             138.974           3.162e+02     
  50.000         160.000            1.209e+00           1.209e+00             243.097           3.713e-07             180.561           3.162e+02     
  55.000         160.000            1.218e+00           1.218e+00             267.351           4.246e-07             213.733           3.162e+02     
  60.000         160.000            1.189e+00           1.189e+00             290.413           4.373e-07             241.218           3.162e+02     
  65.000         160.000            1.166e+00           1.166e+00             311.939           4.016e-07             264.190           3.162e+02     
  70.000         160.000            1.173e+00           1.173e+00             331.012           3.199e-07             283.387           3.162e+02     
  75.000         160.000            1.212e+00           1.212e+00             346.603           2.168e-07             297.804           3.162e+02     
  80.000         160.000            1.265e+00           1.265e+00             357.999           1.107e-07             308.007           3.162e+02     
  85.000         160.000            1.308e+00           1.308e+00               4.886           3.030e-08             313.998           3.162e+02     
  90.000         160.000            1.325e+00           1.325e+00               7.183           1.405e-12             111.671           3.162e+02     
  95.000         160.000            1.308e+00           1.308e+00               4.886           3.028e-08             133.981           3.162e+02     
 100.000         160.000            1.265e+00           1.265e+00             357.999           1.107e-07             127.998           3.162e+02     
 105.000         160.000            1.212e+00           1.212e+00             346.603           2.168e-07             117.797           3.162e+02     
 110.000         160.000            1.173e+00           1.173e+00             331.012           3.198e-07             103.381           3.162e+02     
 115.000         160.000            1.166e+00           1.166e+00             311.939           4.016e-07              84.185           3.162e+02     
 120.000         160.000            1.189e+00           1.189e+00             290.413           4.373e-07              61.213           3.162e+02     
 125.000         160.000            1.218e+00           1.218e+00             267.351           4.246e-07              33.728           3.162e+02     
 130.000         160.000            1.209e+00           1.209e+00             243.097           3.713e-07               0.556           3.162e+02     
 135.000         160.000            1.125e+00           1.125e+00             217.290           3.265e-07             318.971           3.162e+02     
 140.000         160.000            9.723e-01           9.723e-01             189.114           3.299e-07             270.862           3.162e+02     
 145.000         160.000            7.955e-01           7.955e-01             157.915           4.204e-07             221.824           3.162e+02     
 150.000         160.000            6.400e-01           6.400e-01             124.184           6.231e-07             175.469           3.162e+02     
 155.000         160.000            5.064e-01           5.064e-01              89.745           9.611e-07             134.959           3.162e+02     
 160.000         160.000            3.667e-01           3.667e-01              56.100           1.365e-06              99.749           3.162e+02     
 165.000         160.000            2.173e-01           2.173e-01              23.064           1.625e-06              67.226           3.162e+02     
 170.000         160.000            9.204e-02           9.203e-02             349.254           1.597e-06              35.350           3.162e+02     
 175.000         160.000            2.032e-02           2.032e-02             313.195           1.358e-06               0.722           1.658e+02     
 180.000         160.000            8.202e-06           7.091e-06             312.348           1.110e-06             321.081           1.920e+01     
   0.000         165.000            8.202e-06           6.564e-06             312.036           1.638e-06             139.505           1.919e+01     
   5.000         165.000            2.013e-02           2.013e-02             311.551           1.914e-06             176.916           1.441e+02     
  10.000         165.000            9.060e-02           9.060e-02             346.055           2.142e-06             210.262           2.950e+02     
  15.000         165.000            2.120e-01           2.120e-01              18.390           2.104e-06             241.330           3.162e+02     
  20.000         165.000            3.541e-01           3.541e-01              50.177           1.724e-06             272.994           3.162e+02     
  25.000         165.000            4.864e-01           4.864e-01              82.836           1.182e-06             307.415           3.162e+02     
  30.000         165.000            6.176e-01           6.176e-01             116.403           7.385e-07             347.749           3.162e+02     
  35.000         165.000            7.768e-01           7.768e-01             149.120           4.712e-07              33.928           3.162e+02     
  40.000         165.000            9.577e-01           9.577e-01             179.090           3.663e-07              84.378           3.162e+02     
  45.000         165.000            1.105e+00           1.105e+00             206.001           3.911e-07             134.050           3.162e+02     
  50.000         165.000            1.163e+00           1.163e+00             230.800           4.737e-07             178.016           3.162e+02     
  55.000         165.000            1.134e+00           1.134e+00             254.655           6.221e-07             212.946           3.162e+02     
  60.000         165.000            1.069e+00           1.069e+00             278.245           7.566e-07             240.151           3.162e+02     
  65.000         165.000            1.030e+00           1.030e+00             301.198           7.952e-07             261.697           3.162e+02     
  70.000         165.000            1.054e+00           1.054e+00             322.029           7.094e-07             277.845           3.162e+02     
  75.000         165.000            1.134e+00           1.134e+00             339.020           5.115e-07             289.964           3.162e+02     
  80.000         165.000            1.236e+00           1.236e+00             351.213           2.701e-07             298.380           3.162e+02     
  85.000         165.000            1.318e+00           1.318e+00             358.437           7.495e-08             303.293           3.162e+02     
  90.000         165.000            1.350e+00           1.350e+00               0.820           1.819e-12              97.389           3.162e+02     
  95.000         165.000            1.318e+00           1.318e+00             358.437           7.492e-08             123.283           3.162e+02     
 100.000         165.000            1.236e+00           1.236e+00             351.213           2.701e-07             118.374           3.162e+02     
 105.000         165.000            1.134e+00           1.134e+00             339.020           5.114e-07             109.960           3.162e+02     
 110.000         165.000            1.054e+00           1.054e+00             322.029           7.093e-07              97.841           3.162e+02     
 115.000         165.000            1.030e+00           1.030e+00             301.198           7.951e-07              81.693           3.162e+02     
 120.000         165.000            1.069e+00           1.069e+00             278.245           7.565e-07              60.147           3.162e+02     
 125.000         165.000            1.134e+00           1.134e+00             254.655           6.221e-07              32.942           3.162e+02     
 130.000         165.000            1.163e+00           1.163e+00             230.800           4.737e-07             358.012           3.162e+02     
 135.000         165.000            1.105e+00           1.105e+00             206.001           3.911e-07             314.047           3.162e+02     
 140.000         165.000            9.577e-01           9.577e-01             179.090           3.663e-07             264.376           3.162e+02     
 145.000         165.000            7.768e-01           7.768e-01             149.120           4.712e-07             213.928           3.162e+02     
 150.000         165.000            6.176e-01           6.176e-01             116.403           7.385e-07             167.749           3.162e+02     
 155.000         165.000            4.864e-01           4.864e-01              82.836           1.182e-06             127.415           3.162e+02     
 160.000         165.000            3.541e-01           3.541e-01              50.177           1.724e-06              92.993           3.162e+02     
 165.000         165.000            2.120e-01           2.120e-01              18.390           2.104e-06              61.329           3.162e+02     
 170.000         165.000            9.060e-02           9.060e-02             346.055           2.142e-06              30.260           2.950e+02     
 175.000         165.000            2.013e-02           2.013e-02             311.551           1.914e-06             356.914           1.441e+02     
 180.000         165.000            8.202e-06           6.564e-06             312.036           1.637e-06             319.503           1.920e+01     
   0.000         170.000            8.202e-06           5.963e-06             311.696           2.240e-06             138.394           1.919e+01     
   5.000         170.000            1.992e-02           1.992e-02             309.600           2.531e-06             173.488           1.280e+02     
  10.000         170.000            8.911e-02           8.911e-02             342.237           2.727e-06             205.171           2.654e+02     
  15.000         170.000            2.067e-01           2.067e-01              12.743           2.606e-06             234.999           3.162e+02     
  20.000         170.000            3.417e-01           3.417e-01              42.867           2.106e-06             265.377           3.162e+02     
  25.000         170.000            4.658e-01           4.658e-01              74.076           1.434e-06             298.271           3.162e+02     
  30.000         170.000            5.905e-01           5.905e-01             106.292           8.774e-07             336.760           3.162e+02     
  35.000         170.000            7.445e-01           7.445e-01             137.574           5.344e-07              21.292           3.162e+02     
  40.000         170.000            9.160e-01           9.160e-01             165.995           3.790e-07              71.630           3.162e+02     
  45.000         170.000            1.043e+00           1.043e+00             191.391           3.504e-07             125.283           3.162e+02     
  50.000         170.000            1.070e+00           1.070e+00             214.915           4.873e-07             172.635           3.162e+02     
  55.000         170.000            1.002e+00           1.002e+00             238.031           7.531e-07             208.366           3.162e+02     
  60.000         170.000            9.031e-01           9.031e-01             261.783           1.043e-06             234.210           3.162e+02     
  65.000         170.000            8.474e-01           8.474e-01             285.884           1.191e-06             253.728           3.162e+02     
  70.000         170.000            8.744e-01           8.744e-01             308.231           1.115e-06             268.153           3.162e+02     
  75.000         170.000            9.744e-01           9.744e-01             326.306           8.255e-07             278.889           3.162e+02     
  80.000         170.000            1.103e+00           1.103e+00             338.973           4.418e-07             286.353           3.162e+02     
  85.000         170.000            1.207e+00           1.207e+00             346.315           1.233e-07             290.735           3.162e+02     
  90.000         170.000            1.247e+00           1.247e+00             348.707           1.646e-12              84.143           3.162e+02     
  95.000         170.000            1.207e+00           1.207e+00             346.315           1.232e-07             110.726           3.162e+02     
 100.000         170.000            1.103e+00           1.103e+00             338.973           4.418e-07             106.349           3.162e+02     
 105.000         170.000            9.744e-01           9.744e-01             326.306           8.254e-07              98.885           3.162e+02     
 110.000         170.000            8.744e-01           8.744e-01             308.231           1.115e-06              88.150           3.162e+02     
 115.000         170.000            8.474e-01           8.474e-01             285.884           1.191e-06              73.725           3.162e+02     
 120.000         170.000            9.031e-01           9.031e-01             261.783           1.043e-06              54.207           3.162e+02     
 125.000         170.000            1.002e+00           1.002e+00             238.031           7.531e-07              28.363           3.162e+02     
 130.000         170.000            1.070e+00           1.070e+00             214.915           4.873e-07             352.631           3.162e+02     
 135.000         170.000            1.043e+00           1.043e+00             191.391           3.504e-07             305.280           3.162e+02     
 140.000         170.000            9.160e-01           9.160e-01             165.995           3.790e-07             251.629           3.162e+02     
 145.000         170.000            7.445e-01           7.445e-01             137.574           5.344e-07             201.293           3.162e+02     
 150.000         170.000            5.905e-01           5.905e-01             106.292           8.774e-07             156.760           3.162e+02     
 155.000         170.000            4.658e-01           4.658e-01              74.076           1.434e-06             118.271           3.162e+02     
 160.000         170.000            3.417e-01           3.417e-01              42.867           2.106e-06              85.376           3.162e+02     
 165.000         170.000            2.067e-01           2.067e-01              12.743           2.605e-06              54.998           3.162e+02     
 170.000         170.000            8.911e-02           8.911e-02             342.237           2.727e-06              25.170           2.654e+02     
 175.000         170.000            1.992e-02           1.992e-02             309.600           2.531e-06             353.486           1.280e+02     
 180.000         170.000            8.202e-06           5.962e-06             311.696           2.239e-06             318.392           1.920e+01     
   0.000         175.000            8.202e-06           5.304e-06             311.318           2.898e-06             137.558           1.919e+01     
   5.000         175.000            1.969e-02           1.969e-02             307.356           3.191e-06             170.213           1.155e+02     
  10.000         175.000            8.762e-02           8.761e-02             337.841           3.327e-06             199.806           2.427e+02     
  15.000         175.000            2.020e-01           2.019e-01               6.184           3.116e-06             228.164           3.162e+02     
  20.000         175.000            3.311e-01           3.311e-01              34.237           2.506e-06             256.916           3.162e+02     
  25.000         175.000            4.478e-01           4.478e-01              63.520           1.722e-06             287.791           3.162e+02     
  30.000         175.000            5.654e-01           5.654e-01              93.904           1.055e-06             323.305           3.162e+02     
  35.000         175.000            7.114e-01           7.114e-01             123.331           6.113e-07               4.064           3.162e+02     
  40.000         175.000            8.708e-01           8.708e-01             149.855           3.684e-07              51.976           3.162e+02     
  45.000         175.000            9.800e-01           9.800e-01             173.389           2.853e-07             108.977           3.162e+02     
  50.000         175.000            9.842e-01           9.842e-01             195.193           4.240e-07             162.166           3.162e+02     
  55.000         175.000            8.915e-01           8.915e-01             216.915           7.682e-07             198.787           3.162e+02     
  60.000         175.000            7.696e-01           7.696e-01             239.913           1.173e-06             223.722           3.162e+02     
  65.000         175.000            6.958e-01           6.958e-01             264.167           1.423e-06             241.053           3.162e+02     
  70.000         175.000            7.107e-01           7.107e-01             287.234           1.370e-06             254.105           3.162e+02     
  75.000         175.000            8.035e-01           8.035e-01             305.885           1.030e-06             263.807           3.162e+02     
  80.000         175.000            9.285e-01           9.285e-01             318.746           5.549e-07             270.579           3.162e+02     
  85.000         175.000            1.031e+00           1.031e+00             326.081           1.552e-07             274.579           3.162e+02     
  90.000         175.000            1.070e+00           1.070e+00             328.450           1.297e-12              70.340           3.162e+02     
  95.000         175.000            1.031e+00           1.031e+00             326.081           1.552e-07              94.569           3.162e+02     
 100.000         175.000            9.285e-01           9.285e-01             318.746           5.548e-07              90.574           3.162e+02     
 105.000         175.000            8.035e-01           8.035e-01             305.885           1.029e-06              83.804           3.162e+02     
 110.000         175.000            7.107e-01           7.107e-01             287.234           1.370e-06              74.102           3.162e+02     
 115.000         175.000            6.958e-01           6.958e-01             264.167           1.423e-06              61.050           3.162e+02     
 120.000         175.000            7.696e-01           7.696e-01             239.913           1.172e-06              43.719           3.162e+02     
 125.000         175.000            8.915e-01           8.915e-01             216.915           7.682e-07              18.784           3.162e+02     
 130.000         175.000            9.842e-01           9.842e-01             195.193           4.240e-07             342.162           3.162e+02     
 135.000         175.000            9.800e-01           9.800e-01             173.389           2.853e-07             288.973           3.162e+02     
 140.000         175.000            8.708e-01           8.708e-01             149.855           3.685e-07             231.975           3.162e+02     
 145.000         175.000            7.114e-01           7.114e-01             123.331           6.113e-07             184.064           3.162e+02     
 150.000         175.000            5.654e-01           5.654e-01              93.904           1.055e-06             143.305           3.162e+02     
 155.000         175.000            4.478e-01           4.478e-01              63.520           1.722e-06             107.790           3.162e+02     
 160.000         175.000            3.311e-01           3.311e-01              34.237           2.506e-06              76.915           3.162e+02     
 165.000         175.000            2.020e-01           2.019e-01               6.184           3.116e-06              48.164           3.162e+02     
 170.000         175.000            8.762e-02           8.761e-02             337.841           3.327e-06              19.805           2.427e+02     
 175.000         175.000            1.969e-02           1.969e-02             307.356           3.190e-06             350.212           1.155e+02     
 180.000         175.000            8.202e-06           5.304e-06             311.318           2.898e-06             317.557           1.920e+01     
   0.000         180.000            8.202e-06           4.609e-06             310.887           3.593e-06             136.899           1.919e+01     
   5.000         180.000            1.946e-02           1.945e-02             304.840           3.835e-06             166.396           1.074e+02     
  10.000         180.000            8.618e-02           8.617e-02             332.912           3.896e-06             193.806           2.272e+02     
  15.000         180.000            1.980e-01           1.980e-01             358.801           3.577e-06             220.208           3.162e+02     
  20.000         180.000            3.233e-01           3.233e-01              24.413           2.872e-06             247.032           3.162e+02     
  25.000         180.000            4.353e-01           4.353e-01              51.333           2.005e-06             275.539           3.162e+02     
  30.000         180.000            5.474e-01           5.474e-01              79.468           1.246e-06             307.504           3.162e+02     
  35.000         180.000            6.875e-01           6.875e-01             106.728           7.006e-07             343.300           3.162e+02     
  40.000         180.000            8.408e-01           8.408e-01             131.112           3.562e-07              25.942           3.162e+02     
  45.000         180.000            9.443e-01           9.443e-01             152.524           1.956e-07              84.392           3.162e+02     
  50.000         180.000            9.423e-01           9.423e-01             172.242           2.936e-07             147.223           3.162e+02     
  55.000         180.000            8.414e-01           8.414e-01             191.972           6.456e-07             185.451           3.162e+02     
  60.000         180.000            7.074e-01           7.074e-01             213.260           1.096e-06             208.913           3.162e+02     
  65.000         180.000            6.171e-01           6.171e-01             236.438           1.399e-06             224.651           3.162e+02     
  70.000         180.000            6.128e-01           6.128e-01             259.206           1.383e-06             236.367           3.162e+02     
  75.000         180.000            6.865e-01           6.865e-01             277.917           1.053e-06             245.056           3.162e+02     
  80.000         180.000            7.956e-01           7.956e-01             290.811           5.711e-07             251.131           3.162e+02     
  85.000         180.000            8.878e-01           8.878e-01             298.113           1.602e-07             254.734           3.162e+02     
  90.000         180.000            9.233e-01           9.233e-01             300.459           1.154e-12              56.933           3.162e+02     
  95.000         180.000            8.878e-01           8.878e-01             298.113           1.601e-07              74.721           3.162e+02     
 100.000         180.000            7.956e-01           7.956e-01             290.811           5.710e-07              71.125           3.162e+02     
 105.000         180.000            6.865e-01           6.865e-01             277.917           1.053e-06              65.052           3.162e+02     
 110.000         180.000            6.128e-01           6.128e-01             259.206           1.383e-06              56.363           3.162e+02     
 115.000         180.000            6.171e-01           6.171e-01             236.438           1.399e-06              44.648           3.162e+02     
 120.000         180.000            7.074e-01           7.074e-01             213.260           1.095e-06              28.909           3.162e+02     
 125.000         180.000            8.414e-01           8.414e-01             191.972           6.456e-07               5.447           3.162e+02     
 130.000         180.000            9.423e-01           9.423e-01             172.242           2.936e-07             327.217           3.162e+02     
 135.000         180.000            9.443e-01           9.443e-01             152.524           1.956e-07             264.389           3.162e+02     
 140.000         180.000            8.408e-01           8.408e-01             131.112           3.562e-07             205.942           3.162e+02     
 145.000         180.000            6.875e-01           6.875e-01             106.728           7.006e-07             163.301           3.162e+02     
 150.000         180.000            5.474e-01           5.474e-01              79.468           1.246e-06             127.504           3.162e+02     
 155.000         180.000            4.353e-01           4.353e-01              51.333           2.005e-06              95.539           3.162e+02     
 160.000         180.000            3.233e-01           3.233e-01              24.413           2.872e-06              67.031           3.162e+02     
 165.000         180.000            1.980e-01           1.980e-01             358.801           3.576e-06              40.207           3.162e+02     
 170.000         180.000            8.618e-02           8.617e-02             332.912           3.896e-06              13.805           2.272e+02     
 175.000         180.000            1.946e-02           1.945e-02             304.840           3.834e-06             346.395           1.074e+02     
 180.000         180.000            8.202e-06           4.609e-06             310.888           3.593e-06             316.897           1.920e+01     
   0.000         185.000            8.202e-06           3.899e-06             310.385           4.304e-06             136.358           1.919e+01     
   5.000         185.000            1.921e-02           1.920e-02             302.070           4.510e-06             163.112           9.939e+01     
  10.000         185.000            8.482e-02           8.481e-02             327.503           4.489e-06             188.048           2.115e+02     
  15.000         185.000            1.951e-01           1.951e-01             350.700           4.054e-06             212.161           3.162e+02     
  20.000         185.000            3.192e-01           3.192e-01              13.571           3.257e-06             236.768           3.162e+02     
  25.000         185.000            4.297e-01           4.297e-01              37.771           2.322e-06             262.748           3.162e+02     
  30.000         185.000            5.390e-01           5.390e-01              63.349           1.489e-06             291.120           3.162e+02     
  35.000         185.000            6.765e-01           6.765e-01              88.292           8.517e-07             321.754           3.162e+02     
  40.000         185.000            8.319e-01           8.319e-01             110.506           4.050e-07             356.763           3.162e+02     
  45.000         185.000            9.434e-01           9.434e-01             129.758           1.483e-07              47.564           3.162e+02     
  50.000         185.000            9.512e-01           9.512e-01             147.248           1.592e-07             123.791           3.162e+02     
  55.000         185.000            8.532e-01           8.532e-01             164.647           4.437e-07             167.370           3.162e+02     
  60.000         185.000            7.098e-01           7.098e-01             183.579           8.619e-07             190.123           3.162e+02     
  65.000         185.000            5.984e-01           5.984e-01             204.777           1.176e-06             204.474           3.162e+02     
  70.000         185.000            5.669e-01           5.669e-01             226.542           1.206e-06             214.937           3.162e+02     
  75.000         185.000            6.142e-01           6.142e-01             245.161           9.384e-07             222.623           3.162e+02     
  80.000         185.000            7.025e-01           7.025e-01             258.247           5.157e-07             227.972           3.162e+02     
  85.000         185.000            7.819e-01           7.819e-01             265.690           1.457e-07             231.145           3.162e+02     
  90.000         185.000            8.133e-01           8.133e-01             268.079           1.356e-12              43.983           3.162e+02     
  95.000         185.000            7.819e-01           7.819e-01             265.690           1.457e-07              51.129           3.162e+02     
 100.000         185.000            7.025e-01           7.025e-01             258.247           5.156e-07              47.964           3.162e+02     
 105.000         185.000            6.142e-01           6.142e-01             245.161           9.383e-07              42.618           3.162e+02     
 110.000         185.000            5.669e-01           5.669e-01             226.542           1.206e-06              34.933           3.162e+02     
 115.000         185.000            5.984e-01           5.984e-01             204.777           1.176e-06              24.470           3.162e+02     
 120.000         185.000            7.098e-01           7.098e-01             183.579           8.618e-07              10.119           3.162e+02     
 125.000         185.000            8.532e-01           8.532e-01             164.647           4.437e-07             347.365           3.162e+02     
 130.000         185.000            9.512e-01           9.512e-01             147.248           1.592e-07             303.783           3.162e+02     
 135.000         185.000            9.434e-01           9.434e-01             129.758           1.484e-07             227.562           3.162e+02     
 140.000         185.000            8.319e-01           8.319e-01             110.506           4.050e-07             176.764           3.162e+02     
 145.000         185.000            6.765e-01           6.765e-01              88.292           8.517e-07             141.755           3.162e+02     
 150.000         185.000            5.390e-01           5.390e-01              63.349           1.489e-06             111.120           3.162e+02     
 155.000         185.000            4.297e-01           4.297e-01              37.771           2.321e-06              82.747           3.162e+02     
 160.000         185.000            3.192e-01           3.192e-01              13.571           3.257e-06              56.767           3.162e+02     
 165.000         185.000            1.951e-01           1.951e-01             350.700           4.053e-06              32.160           3.162e+02     
 170.000         185.000            8.482e-02           8.481e-02             327.503           4.488e-06               8.047           2.115e+02     
 175.000         185.000            1.921e-02           1.920e-02             302.070           4.510e-06             343.111           9.939e+01     
 180.000         185.000            8.202e-06           3.898e-06             310.386           4.303e-06             316.356           1.920e+01     
   0.000         190.000            8.202e-06           3.194e-06             309.782           5.008e-06             135.899           1.919e+01     
   5.000         190.000            1.895e-02           1.894e-02             299.067           5.165e-06             159.762           9.289e+01     
  10.000         190.000            8.354e-02           8.354e-02             321.672           5.056e-06             181.961           1.988e+02     
  15.000         190.000            1.932e-01           1.932e-01             342.006           4.500e-06             203.499           3.128e+02     
  20.000         190.000            3.188e-01           3.188e-01               1.927           3.615e-06             225.559           3.162e+02     
  25.000         190.000            4.314e-01           4.314e-01              23.145           2.623e-06             248.754           3.162e+02     
  30.000         190.000            5.400e-01           5.400e-01              45.940           1.735e-06             273.516           3.162e+02     
  35.000         190.000            6.755e-01           6.755e-01              68.527           1.026e-06             299.375           3.162e+02     
  40.000         190.000            8.356e-01           8.356e-01              88.706           4.963e-07             327.171           3.162e+02     
  45.000         190.000            9.632e-01           9.632e-01             105.945           1.539e-07               3.721           3.162e+02     
  50.000         190.000            9.921e-01           9.921e-01             121.220           6.311e-08              86.233           3.162e+02     
  55.000         190.000            9.060e-01           9.060e-01             136.044           2.356e-07             145.332           3.162e+02     
  60.000         190.000            7.532e-01           7.532e-01             151.973           5.653e-07             167.972           3.162e+02     
  65.000         190.000            6.096e-01           6.096e-01             170.110           8.486e-07             181.742           3.162e+02     
  70.000         190.000            5.310e-01           5.310e-01             189.864           9.199e-07             191.106           3.162e+02     
  75.000         190.000            5.284e-01           5.284e-01             208.186           7.417e-07             197.892           3.162e+02     
  80.000         190.000            5.746e-01           5.746e-01             221.883           4.171e-07             202.579           3.162e+02     
  85.000         190.000            6.265e-01           6.265e-01             229.904           1.195e-07             205.358           3.162e+02     
  90.000         190.000            6.483e-01           6.483e-01             232.506           1.892e-12              28.295           3.162e+02     
  95.000         190.000            6.265e-01           6.265e-01             229.904           1.194e-07              25.340           3.162e+02     
 100.000         190.000            5.746e-01           5.746e-01             221.883           4.170e-07              22.570           3.162e+02     
 105.000         190.000            5.284e-01           5.284e-01             208.186           7.416e-07              17.886           3.162e+02     
 110.000         190.000            5.310e-01           5.310e-01             189.864           9.199e-07              11.101           3.162e+02     
 115.000         190.000            6.096e-01           6.096e-01             170.110           8.486e-07               1.737           3.162e+02     
 120.000         190.000            7.532e-01           7.532e-01             151.973           5.653e-07             347.967           3.162e+02     
 125.000         190.000            9.060e-01           9.060e-01             136.044           2.355e-07             325.325           3.162e+02     
 130.000         190.000            9.921e-01           9.921e-01             121.220           6.313e-08             266.225           3.162e+02     
 135.000         190.000            9.632e-01           9.632e-01             105.945           1.539e-07             183.723           3.162e+02     
 140.000         190.000            8.356e-01           8.356e-01              88.706           4.963e-07             147.172           3.162e+02     
 145.000         190.000            6.755e-01           6.755e-01              68.527           1.026e-06             119.375           3.162e+02     
 150.000         190.000            5.400e-01           5.400e-01              45.940           1.735e-06              93.516           3.162e+02     
 155.000         190.000            4.314e-01           4.314e-01              23.145           2.622e-06              68.754           3.162e+02     
 160.000         190.000            3.188e-01           3.188e-01               1.926           3.615e-06              45.558           3.162e+02     
 165.000         190.000            1.932e-01           1.932e-01             342.006           4.499e-06              23.498           3.128e+02     
 170.000         190.000            8.354e-02           8.354e-02             321.672           5.055e-06               1.960           1.988e+02     
 175.000         190.000            1.895e-02           1.894e-02             299.067           5.165e-06             339.761           9.290e+01     
 180.000         190.000            8.202e-06           3.194e-06             309.783           5.008e-06             315.898           1.920e+01     
   0.000         195.000            8.202e-06           2.517e-06             309.031           5.685e-06             135.500           1.919e+01     
   5.000         195.000            1.868e-02           1.868e-02             295.856           5.781e-06             156.336           8.758e+01     
  10.000         195.000            8.233e-02           8.233e-02             315.482           5.576e-06             175.583           1.887e+02     
  15.000         195.000            1.922e-01           1.922e-01             332.846           4.909e-06             194.278           2.990e+02     
  20.000         195.000            3.218e-01           3.218e-01             349.703           3.941e-06             213.466           3.162e+02     
  25.000         195.000            4.397e-01           4.397e-01               7.768           2.897e-06             233.606           3.162e+02     
  30.000         195.000            5.484e-01           5.484e-01              27.573           1.963e-06             254.729           3.162e+02     
  35.000         195.000            6.783e-01           6.783e-01              47.718           1.202e-06             276.259           3.162e+02     
  40.000         195.000            8.367e-01           8.367e-01              65.975           6.126e-07             298.255           3.162e+02     
  45.000         195.000            9.777e-01           9.777e-01              81.387           1.979e-07             322.162           3.162e+02     
  50.000         195.000            1.034e+00           1.034e+00              94.524           2.479e-08              20.174           3.162e+02     
  55.000         195.000            9.737e-01           9.737e-01             106.594           8.618e-08             121.569           3.162e+02     
  60.000         195.000            8.259e-01           8.259e-01             118.879           3.025e-07             145.589           3.162e+02     
  65.000         195.000            6.556e-01           6.556e-01             132.480           5.235e-07             158.309           3.162e+02     
  70.000         195.000            5.214e-01           5.214e-01             147.773           6.106e-07             166.705           3.162e+02     
  75.000         195.000            4.483e-01           4.483e-01             163.483           5.152e-07             172.785           3.162e+02     
  80.000         195.000            4.275e-01           4.275e-01             176.812           2.984e-07             176.985           3.162e+02     
  85.000         195.000            4.320e-01           4.320e-01             185.378           8.701e-08             179.486           3.162e+02     
  90.000         195.000            4.369e-01           4.369e-01             188.275           2.567e-12               6.601           3.162e+02     
  95.000         195.000            4.320e-01           4.320e-01             185.378           8.700e-08             359.467           3.162e+02     
 100.000         195.000            4.275e-01           4.275e-01             176.812           2.984e-07             356.976           3.162e+02     
 105.000         195.000            4.483e-01           4.483e-01             163.483           5.152e-07             352.778           3.162e+02     
 110.000         195.000            5.214e-01           5.214e-01             147.773           6.106e-07             346.700           3.162e+02     
 115.000         195.000            6.556e-01           6.556e-01             132.480           5.235e-07             338.304           3.162e+02     
 120.000         195.000            8.259e-01           8.259e-01             118.879           3.025e-07             325.583           3.162e+02     
 125.000         195.000            9.737e-01           9.737e-01             106.594           8.619e-08             301.560           3.162e+02     
 130.000         195.000            1.034e+00           1.034e+00              94.524           2.480e-08             200.178           3.162e+02     
 135.000         195.000            9.777e-01           9.777e-01              81.387           1.979e-07             142.166           3.162e+02     
 140.000         195.000            8.367e-01           8.367e-01              65.975           6.126e-07             118.257           3.162e+02     
 145.000         195.000            6.783e-01           6.783e-01              47.718           1.202e-06              96.260           3.162e+02     
 150.000         195.000            5.484e-01           5.484e-01              27.573           1.963e-06              74.729           3.162e+02     
 155.000         195.000            4.397e-01           4.397e-01               7.768           2.897e-06              53.606           3.162e+02     
 160.000         195.000            3.218e-01           3.218e-01             349.703           3.941e-06              33.466           3.162e+02     
 165.000         195.000            1.922e-01           1.922e-01             332.846           4.909e-06              14.278           2.990e+02     
 170.000         195.000            8.233e-02           8.233e-02             315.482           5.575e-06             355.582           1.887e+02     
 175.000         195.000            1.868e-02           1.868e-02             295.856           5.780e-06             336.335           8.758e+01     
 180.000         195.000            8.202e-06           2.517e-06             309.033           5.684e-06             315.499           1.920e+01     
   0.000         200.000            8.202e-06           1.889e-06             308.055           6.313e-06             135.145           1.919e+01     
   5.000         200.000            1.841e-02           1.841e-02             292.461           6.339e-06             152.837           8.320e+01     
  10.000         200.000            8.116e-02           8.116e-02             308.991           6.042e-06             168.970           1.804e+02     
  15.000         200.000            1.918e-01           1.918e-01             323.341           5.279e-06             184.575           2.892e+02     
  20.000         200.000            3.273e-01           3.273e-01             337.108           4.236e-06             200.585           3.162e+02     
  25.000         200.000            4.531e-01           4.531e-01             351.919           3.144e-06             217.381           3.162e+02     
  30.000         200.000            5.624e-01           5.624e-01               8.498           2.170e-06             234.747           3.162e+02     
  35.000         200.000            6.804e-01           6.804e-01              25.927           1.340e-06             251.095           3.162e+02     
  40.000         200.000            8.238e-01           8.238e-01              42.151           7.054e-07             267.466           3.162e+02     
  45.000         200.000            9.644e-01           9.644e-01              55.796           2.637e-07             283.624           3.162e+02     
  50.000         200.000            1.045e+00           1.045e+00              66.912           3.661e-08             304.265           3.162e+02     
  55.000         200.000            1.028e+00           1.028e+00              76.315           1.522e-08             100.265           3.162e+02     
  60.000         200.000            9.186e-01           9.186e-01              84.942           1.322e-07             123.777           3.162e+02     
  65.000         200.000            7.617e-01           7.617e-01              93.577           2.777e-07             133.890           3.162e+02     
  70.000         200.000            6.071e-01           6.071e-01             102.670           3.515e-07             141.480           3.162e+02     
  75.000         200.000            4.873e-01           4.873e-01             112.039           3.099e-07             146.881           3.162e+02     
  80.000         200.000            4.113e-01           4.113e-01             120.622           1.844e-07             150.704           3.162e+02     
  85.000         200.000            3.728e-01           3.728e-01             126.746           5.466e-08             153.007           3.162e+02     
  90.000         200.000            3.614e-01           3.614e-01             128.968           3.159e-12             336.956           3.162e+02     
  95.000         200.000            3.728e-01           3.728e-01             126.746           5.465e-08             332.989           3.162e+02     
 100.000         200.000            4.113e-01           4.113e-01             120.622           1.844e-07             330.695           3.162e+02     
 105.000         200.000            4.873e-01           4.873e-01             112.039           3.099e-07             326.874           3.162e+02     
 110.000         200.000            6.071e-01           6.071e-01             102.670           3.515e-07             321.474           3.162e+02     
 115.000         200.000            7.617e-01           7.617e-01              93.577           2.777e-07             313.884           3.162e+02     
 120.000         200.000            9.186e-01           9.186e-01              84.942           1.322e-07             303.770           3.162e+02     
 125.000         200.000            1.028e+00           1.028e+00              76.315           1.522e-08             280.250           3.162e+02     
 130.000         200.000            1.045e+00           1.045e+00              66.912           3.661e-08             124.276           3.162e+02     
 135.000         200.000            9.644e-01           9.644e-01              55.796           2.637e-07             103.627           3.162e+02     
 140.000         200.000            8.238e-01           8.238e-01              42.151           7.053e-07              87.468           3.162e+02     
 145.000         200.000            6.804e-01           6.804e-01              25.927           1.340e-06              71.095           3.162e+02     
 150.000         200.000            5.624e-01           5.624e-01               8.497           2.170e-06              54.748           3.162e+02     
 155.000         200.000            4.531e-01           4.531e-01             351.919           3.144e-06              37.381           3.162e+02     
 160.000         200.000            3.273e-01           3.273e-01             337.108           4.235e-06              20.584           3.162e+02     
 165.000         200.000            1.918e-01           1.918e-01             323.341           5.278e-06               4.575           2.892e+02     
 170.000         200.000            8.116e-02           8.116e-02             308.991           6.042e-06             348.969           1.804e+02     
 175.000         200.000            1.841e-02           1.841e-02             292.461           6.338e-06             332.836           8.321e+01     
 180.000         200.000            8.202e-06           1.889e-06             308.057           6.313e-06             315.144           1.920e+01     
   0.000         205.000            8.202e-06           1.327e-06             306.711           6.875e-06             134.822           1.919e+01     
   5.000         205.000            1.814e-02           1.813e-02             288.905           6.822e-06             149.273           7.961e+01     
  10.000         205.000            7.998e-02           7.998e-02             302.252           6.443e-06             162.167           1.736e+02     
  15.000         205.000            1.916e-01           1.916e-01             313.595           5.605e-06             174.488           2.825e+02     
  20.000         205.000            3.337e-01           3.337e-01             324.312           4.503e-06             187.062           3.162e+02     
  25.000         205.000            4.694e-01           4.694e-01             335.834           3.350e-06             199.598           3.162e+02     
  30.000         205.000            5.803e-01           5.803e-01             348.934           2.341e-06             212.588           3.162e+02     
  35.000         205.000            6.823e-01           6.823e-01               3.157           1.499e-06             224.957           3.162e+02     
  40.000         205.000            7.979e-01           7.979e-01              16.879           8.194e-07             235.515           3.162e+02     
  45.000         205.000            9.199e-01           9.199e-01              28.547           3.389e-07             243.619           3.162e+02     
  50.000         205.000            1.013e+00           1.013e+00              37.706           7.555e-08             244.825           3.162e+02     
  55.000         205.000            1.042e+00           1.042e+00              44.788           5.830e-09             166.470           3.162e+02     
  60.000         205.000            1.000e+00           1.000e+00              50.498           6.470e-08             115.602           3.162e+02     
  65.000         205.000            9.073e-01           9.073e-01              55.443           1.548e-07             115.027           3.162e+02     
  70.000         205.000            7.943e-01           7.943e-01              59.993           2.033e-07             118.385           3.162e+02     
  75.000         205.000            6.893e-01           6.893e-01              64.206           1.823e-07             122.318           3.162e+02     
  80.000         205.000            6.091e-01           6.091e-01              67.811           1.090e-07             125.254           3.162e+02     
  85.000         205.000            5.603e-01           5.603e-01              70.308           3.248e-08             127.107           3.162e+02     
  90.000         205.000            5.442e-01           5.442e-01              71.207           3.880e-12             299.455           3.162e+02     
  95.000         205.000            5.603e-01           5.603e-01              70.308           3.247e-08             307.093           3.162e+02     
 100.000         205.000            6.091e-01           6.091e-01              67.811           1.090e-07             305.247           3.162e+02     
 105.000         205.000            6.893e-01           6.893e-01              64.206           1.823e-07             302.313           3.162e+02     
 110.000         205.000            7.943e-01           7.943e-01              59.993           2.033e-07             298.380           3.162e+02     
 115.000         205.000            9.073e-01           9.073e-01              55.443           1.548e-07             295.023           3.162e+02     
 120.000         205.000            1.000e+00           1.000e+00              50.498           6.470e-08             295.596           3.162e+02     
 125.000         205.000            1.042e+00           1.042e+00              44.788           5.827e-09             346.456           3.162e+02     
 130.000         205.000            1.013e+00           1.013e+00              37.706           7.554e-08              64.828           3.162e+02     
 135.000         205.000            9.199e-01           9.199e-01              28.547           3.388e-07              63.621           3.162e+02     
 140.000         205.000            7.979e-01           7.979e-01              16.879           8.193e-07              55.516           3.162e+02     
 145.000         205.000            6.823e-01           6.823e-01               3.157           1.499e-06              44.957           3.162e+02     
 150.000         205.000            5.803e-01           5.803e-01             348.934           2.341e-06              32.588           3.162e+02     
 155.000         205.000            4.694e-01           4.694e-01             335.834           3.349e-06              19.598           3.162e+02     
 160.000         205.000            3.337e-01           3.337e-01             324.312           4.503e-06               7.061           3.162e+02     
 165.000         205.000            1.916e-01           1.916e-01             313.595           5.604e-06             354.487           2.825e+02     
 170.000         205.000            7.998e-02           7.998e-02             302.252           6.443e-06             342.166           1.737e+02     
 175.000         205.000            1.814e-02           1.813e-02             288.905           6.822e-06             329.272           7.961e+01     
 180.000         205.000            8.202e-06           1.327e-06             306.713           6.874e-06             314.821           1.920e+01     
   0.000         210.000            8.202e-06           8.501e-07             304.707           7.352e-06             134.523           1.919e+01     
   5.000         210.000            1.786e-02           1.785e-02             285.215           7.217e-06             145.659           7.668e+01     
  10.000         210.000            7.875e-02           7.874e-02             295.317           6.768e-06             155.224           1.681e+02     
  15.000         210.000            1.911e-01           1.911e-01             303.690           5.883e-06             164.132           2.779e+02     
  20.000         210.000            3.396e-01           3.396e-01             311.438           4.748e-06             173.101           3.162e+02     
  25.000         210.000            4.858e-01           4.858e-01             319.692           3.586e-06             181.634           3.162e+02     
  30.000         210.000            6.006e-01           6.006e-01             329.117           2.560e-06             190.101           3.162e+02     
  35.000         210.000            6.885e-01           6.885e-01             339.578           1.700e-06             197.304           3.162e+02     
  40.000         210.000            7.733e-01           7.733e-01             350.022           9.984e-07             202.055           3.162e+02     
  45.000         210.000            8.658e-01           8.658e-01             359.115           4.838e-07             201.283           3.162e+02     
  50.000         210.000            9.541e-01           9.541e-01               6.142           1.825e-07             191.229           3.162e+02     
  55.000         210.000            1.017e+00           1.017e+00              11.223           7.618e-08             158.071           3.162e+02     
  60.000         210.000            1.042e+00           1.042e+00              14.895           9.456e-08             120.744           3.162e+02     
  65.000         210.000            1.029e+00           1.029e+00              17.714           1.477e-07             106.514           3.162e+02     
  70.000         210.000            9.906e-01           9.906e-01              20.056           1.705e-07             102.784           3.162e+02     
  75.000         210.000            9.422e-01           9.422e-01              22.065           1.426e-07             102.545           3.162e+02     
  80.000         210.000            8.982e-01           8.982e-01              23.693           8.195e-08             103.303           3.162e+02     
  85.000         210.000            8.684e-01           8.684e-01              24.778           2.399e-08             104.180           3.162e+02     
  90.000         210.000            8.579e-01           8.579e-01              25.162           5.270e-12             258.653           3.162e+02     
  95.000         210.000            8.684e-01           8.684e-01              24.778           2.398e-08             284.173           3.162e+02     
 100.000         210.000            8.982e-01           8.982e-01              23.693           8.193e-08             283.300           3.162e+02     
 105.000         210.000            9.422e-01           9.422e-01              22.065           1.426e-07             282.543           3.162e+02     
 110.000         210.000            9.906e-01           9.906e-01              20.056           1.705e-07             282.783           3.162e+02     
 115.000         210.000            1.029e+00           1.029e+00              17.714           1.477e-07             286.514           3.162e+02     
 120.000         210.000            1.042e+00           1.042e+00              14.895           9.455e-08             300.743           3.162e+02     
 125.000         210.000            1.017e+00           1.017e+00              11.223           7.618e-08             338.070           3.162e+02     
 130.000         210.000            9.541e-01           9.541e-01               6.142           1.825e-07              11.228           3.162e+02     
 135.000         210.000            8.658e-01           8.658e-01             359.115           4.838e-07              21.283           3.162e+02     
 140.000         210.000            7.733e-01           7.733e-01             350.022           9.983e-07              22.055           3.162e+02     
 145.000         210.000            6.885e-01           6.885e-01             339.578           1.699e-06              17.304           3.162e+02     
 150.000         210.000            6.006e-01           6.006e-01             329.117           2.559e-06              10.101           3.162e+02     
 155.000         210.000            4.858e-01           4.858e-01             319.692           3.585e-06               1.634           3.162e+02     
 160.000         210.000            3.396e-01           3.396e-01             311.438           4.747e-06             353.101           3.162e+02     
 165.000         210.000            1.911e-01           1.911e-01             303.690           5.882e-06             344.131           2.779e+02     
 170.000         210.000            7.875e-02           7.874e-02             295.317           6.767e-06             335.224           1.681e+02     
 175.000         210.000            1.786e-02           1.785e-02             285.215           7.217e-06             325.659           7.668e+01     
 180.000         210.000            8.202e-06           8.501e-07             304.710           7.351e-06             314.522           1.920e+01     
   0.000         215.000            8.202e-06           4.718e-07             301.345           7.730e-06             134.240           1.919e+01     
   5.000         215.000            1.757e-02           1.757e-02             281.417           7.513e-06             142.012           7.433e+01     
  10.000         215.000            7.741e-02           7.741e-02             288.227           7.006e-06             148.195           1.636e+02     
  15.000         215.000            1.898e-01           1.898e-01             293.682           6.106e-06             153.632           2.746e+02     
  20.000         215.000            3.431e-01           3.431e-01             298.565           4.954e-06             158.254           3.162e+02     
  25.000         215.000            4.987e-01           4.987e-01             303.621           3.829e-06             163.302           3.162e+02     
  30.000         215.000            6.201e-01           6.200e-01             309.301           2.823e-06             167.288           3.162e+02     
  35.000         215.000            7.021e-01           7.021e-01             315.611           1.986e-06             169.772           3.162e+02     
  40.000         215.000            7.666e-01           7.666e-01             322.028           1.302e-06             168.912           3.162e+02     
  45.000         215.000            8.357e-01           8.357e-01             327.740           7.854e-07             163.255           3.162e+02     
  50.000         215.000            9.152e-01           9.152e-01             332.178           4.607e-07             150.539           3.162e+02     
  55.000         215.000            9.960e-01           9.960e-01             335.298           3.157e-07             131.001           3.162e+02     
  60.000         215.000            1.064e+00           1.064e+00             337.428           2.876e-07             111.777           3.162e+02     
  65.000         215.000            1.110e+00           1.110e+00             338.963           2.940e-07              99.152           3.162e+02     
  70.000         215.000            1.131e+00           1.131e+00             340.177           2.662e-07              92.594           3.162e+02     
  75.000         215.000            1.133e+00           1.133e+00             341.190           1.954e-07              89.538           3.162e+02     
  80.000         215.000            1.126e+00           1.126e+00             341.996           1.042e-07              88.240           3.162e+02     
  85.000         215.000            1.118e+00           1.118e+00             342.529           2.916e-08              87.545           3.162e+02     
  90.000         215.000            1.114e+00           1.114e+00             342.716           7.273e-12             219.207           3.162e+02     
  95.000         215.000            1.118e+00           1.118e+00             342.529           2.914e-08             267.549           3.162e+02     
 100.000         215.000            1.126e+00           1.126e+00             341.996           1.042e-07             268.243           3.162e+02     
 105.000         215.000            1.133e+00           1.133e+00             341.190           1.953e-07             269.540           3.162e+02     
 110.000         215.000            1.131e+00           1.131e+00             340.177           2.662e-07             272.597           3.162e+02     
 115.000         215.000            1.110e+00           1.110e+00             338.963           2.940e-07             279.155           3.162e+02     
 120.000         215.000            1.064e+00           1.064e+00             337.428           2.876e-07             291.779           3.162e+02     
 125.000         215.000            9.960e-01           9.960e-01             335.298           3.157e-07             311.001           3.162e+02     
 130.000         215.000            9.152e-01           9.152e-01             332.178           4.607e-07             330.538           3.162e+02     
 135.000         215.000            8.357e-01           8.357e-01             327.740           7.854e-07             343.254           3.162e+02     
 140.000         215.000            7.666e-01           7.666e-01             322.028           1.302e-06             348.912           3.162e+02     
 145.000         215.000            7.021e-01           7.021e-01             315.611           1.986e-06             349.772           3.162e+02     
 150.000         215.000            6.201e-01           6.200e-01             309.301           2.822e-06             347.288           3.162e+02     
 155.000         215.000            4.987e-01           4.987e-01             303.621           3.829e-06             343.302           3.162e+02     
 160.000         215.000            3.431e-01           3.431e-01             298.565           4.953e-06             338.254           3.162e+02     
 165.000         215.000            1.898e-01           1.898e-01             293.682           6.105e-06             333.632           2.746e+02     
 170.000         215.000            7.741e-02           7.741e-02             288.227           7.006e-06             328.195           1.636e+02     
 175.000         215.000            1.757e-02           1.757e-02             281.417           7.512e-06             322.012           7.433e+01     
 180.000         215.000            8.202e-06           4.717e-07             301.348           7.730e-06             314.240           1.920e+01     
   0.000         220.000            8.202e-06           2.037e-07             294.462           7.998e-06             133.970           1.919e+01     
   5.000         220.000            1.729e-02           1.728e-02             277.535           7.700e-06             138.351           7.250e+01     
  10.000         220.000            7.595e-02           7.594e-02             281.020           7.149e-06             141.133           1.600e+02     
  15.000         220.000            1.874e-01           1.873e-01             283.603           6.262e-06             143.115           2.719e+02     
  20.000         220.000            3.426e-01           3.426e-01             285.718           5.146e-06             143.868           3.162e+02     
  25.000         220.000            5.044e-01           5.044e-01             287.683           4.067e-06             144.690           3.162e+02     
  30.000         220.000            6.335e-01           6.335e-01             289.684           3.113e-06             144.845           3.162e+02     
  35.000         220.000            7.197e-01           7.197e-01             291.773           2.339e-06             142.867           3.162e+02     
  40.000         220.000            7.826e-01           7.826e-01             293.853           1.716e-06             138.635           3.162e+02     
  45.000         220.000            8.478e-01           8.478e-01             295.725           1.243e-06             130.611           3.162e+02     
  50.000         220.000            9.287e-01           9.287e-01             297.208           9.413e-07             118.576           3.162e+02     
  55.000         220.000            1.022e+00           1.022e+00             298.250           7.871e-07             104.561           3.162e+02     
  60.000         220.000            1.113e+00           1.113e+00             298.913           7.101e-07              92.333           3.162e+02     
  65.000         220.000            1.189e+00           1.189e+00             299.310           6.354e-07              83.529           3.162e+02     
  70.000         220.000            1.241e+00           1.241e+00             299.545           5.164e-07              77.890           3.162e+02     
  75.000         220.000            1.271e+00           1.271e+00             299.688           3.504e-07              74.611           3.162e+02     
  80.000         220.000            1.285e+00           1.285e+00             299.777           1.776e-07              72.792           3.162e+02     
  85.000         220.000            1.289e+00           1.289e+00             299.828           4.807e-08              71.646           3.162e+02     
  90.000         220.000            1.290e+00           1.290e+00             299.845           9.054e-12             180.592           3.162e+02     
  95.000         220.000            1.289e+00           1.289e+00             299.828           4.804e-08             251.657           3.162e+02     
 100.000         220.000            1.285e+00           1.285e+00             299.777           1.775e-07             252.798           3.162e+02     
 105.000         220.000            1.271e+00           1.271e+00             299.688           3.503e-07             254.615           3.162e+02     
 110.000         220.000            1.241e+00           1.241e+00             299.545           5.163e-07             257.894           3.162e+02     
 115.000         220.000            1.189e+00           1.189e+00             299.310           6.353e-07             263.532           3.162e+02     
 120.000         220.000            1.113e+00           1.113e+00             298.913           7.100e-07             272.336           3.162e+02     
 125.000         220.000            1.022e+00           1.022e+00             298.250           7.871e-07             284.563           3.162e+02     
 130.000         220.000            9.287e-01           9.287e-01             297.208           9.413e-07             298.576           3.162e+02     
 135.000         220.000            8.478e-01           8.478e-01             295.725           1.243e-06             310.610           3.162e+02     
 140.000         220.000            7.826e-01           7.826e-01             293.853           1.716e-06             318.634           3.162e+02     
 145.000         220.000            7.197e-01           7.197e-01             291.773           2.338e-06             322.867           3.162e+02     
 150.000         220.000            6.335e-01           6.335e-01             289.684           3.113e-06             324.845           3.162e+02     
 155.000         220.000            5.044e-01           5.044e-01             287.683           4.066e-06             324.690           3.162e+02     
 160.000         220.000            3.426e-01           3.426e-01             285.718           5.145e-06             323.868           3.162e+02     
 165.000         220.000            1.874e-01           1.873e-01             283.603           6.262e-06             323.114           2.719e+02     
 170.000         220.000            7.595e-02           7.594e-02             281.020           7.149e-06             321.132           1.600e+02     
 175.000         220.000            1.729e-02           1.728e-02             277.535           7.699e-06             318.351           7.250e+01     
 180.000         220.000            8.202e-06           2.036e-07             294.467           7.998e-06             313.969           1.920e+01     
   0.000         225.000            8.202e-06           5.396e-08             273.709           8.148e-06             133.706           1.919e+01     
   5.000         225.000            1.701e-02           1.700e-02             273.597           7.773e-06             134.696           7.116e+01     
  10.000         225.000            7.434e-02           7.434e-02             273.726           7.188e-06             134.086           1.570e+02     
  15.000         225.000            1.835e-01           1.835e-01             273.471           6.329e-06             132.246           2.719e+02     
  20.000         225.000            3.371e-01           3.371e-01             272.888           5.282e-06             129.601           3.162e+02     
  25.000         225.000            4.999e-01           4.999e-01             271.869           4.264e-06             126.551           3.162e+02     
  30.000         225.000            6.345e-01           6.345e-01             270.341           3.387e-06             122.752           3.162e+02     
  35.000         225.000            7.312e-01           7.312e-01             268.400           2.667e-06             117.730           3.162e+02     
  40.000         225.000            8.079e-01           8.079e-01             266.341           2.113e-06             110.772           3.162e+02     
  45.000         225.000            8.875e-01           8.875e-01             264.513           1.716e-06             101.429           3.162e+02     
  50.000         225.000            9.807e-01           9.807e-01             263.100           1.465e-06              89.918           3.162e+02     
  55.000         225.000            1.083e+00           1.083e+00             262.037           1.328e-06              78.418           3.162e+02     
  60.000         225.000            1.182e+00           1.182e+00             261.142           1.226e-06              68.732           3.162e+02     
  65.000         225.000            1.264e+00           1.264e+00             260.265           1.078e-06              61.630           3.162e+02     
  70.000         225.000            1.325e+00           1.325e+00             259.364           8.469e-07              56.888           3.162e+02     
  75.000         225.000            1.364e+00           1.364e+00             258.492           5.584e-07              53.920           3.162e+02     
  80.000         225.000            1.386e+00           1.386e+00             257.755           2.767e-07              52.036           3.162e+02     
  85.000         225.000            1.397e+00           1.397e+00             257.260           7.380e-08              50.838           3.162e+02     
  90.000         225.000            1.400e+00           1.400e+00             257.085           1.018e-11             140.531           3.162e+02     
  95.000         225.000            1.397e+00           1.397e+00             257.260           7.376e-08             230.851           3.162e+02     
 100.000         225.000            1.386e+00           1.386e+00             257.755           2.766e-07             232.043           3.162e+02     
 105.000         225.000            1.364e+00           1.364e+00             258.492           5.583e-07             233.925           3.162e+02     
 110.000         225.000            1.325e+00           1.325e+00             259.364           8.468e-07             236.892           3.162e+02     
 115.000         225.000            1.264e+00           1.264e+00             260.265           1.078e-06             241.633           3.162e+02     
 120.000         225.000            1.182e+00           1.182e+00             261.142           1.226e-06             248.735           3.162e+02     
 125.000         225.000            1.083e+00           1.083e+00             262.037           1.328e-06             258.420           3.162e+02     
 130.000         225.000            9.807e-01           9.807e-01             263.100           1.465e-06             269.919           3.162e+02     
 135.000         225.000            8.875e-01           8.875e-01             264.513           1.716e-06             281.429           3.162e+02     
 140.000         225.000            8.079e-01           8.079e-01             266.341           2.113e-06             290.772           3.162e+02     
 145.000         225.000            7.312e-01           7.312e-01             268.400           2.667e-06             297.730           3.162e+02     
 150.000         225.000            6.345e-01           6.345e-01             270.341           3.387e-06             302.751           3.162e+02     
 155.000         225.000            4.999e-01           4.999e-01             271.869           4.264e-06             306.550           3.162e+02     
 160.000         225.000            3.371e-01           3.371e-01             272.888           5.282e-06             309.601           3.162e+02     
 165.000         225.000            1.835e-01           1.835e-01             273.471           6.329e-06             312.246           2.719e+02     
 170.000         225.000            7.434e-02           7.434e-02             273.726           7.188e-06             314.086           1.570e+02     
 175.000         225.000            1.701e-02           1.700e-02             273.597           7.772e-06             314.696           7.117e+01     
 180.000         225.000            8.202e-06           5.394e-08             273.715           8.148e-06             313.706           1.920e+01     
   0.000         230.000            8.202e-06           2.724e-08             198.029           8.175e-06             133.445           1.919e+01     
   5.000         230.000            1.673e-02           1.672e-02             269.629           7.729e-06             131.068           7.030e+01     
  10.000         230.000            7.261e-02           7.260e-02             266.372           7.118e-06             127.102           1.548e+02     
  15.000         230.000            1.783e-01           1.783e-01             263.278           6.309e-06             121.665           2.707e+02     
  20.000         230.000            3.262e-01           3.262e-01             260.034           5.339e-06             115.605           3.162e+02     
  25.000         230.000            4.835e-01           4.835e-01             256.107           4.388e-06             108.843           3.162e+02     
  30.000         230.000            6.183e-01           6.183e-01             251.200           3.571e-06             101.402           3.162e+02     
  35.000         230.000            7.254e-01           7.254e-01             245.505           2.883e-06              93.433           3.162e+02     
  40.000         230.000            8.214e-01           8.214e-01             239.706           2.363e-06              83.903           3.162e+02     
  45.000         230.000            9.209e-01           9.209e-01             234.572           2.007e-06              72.777           3.162e+02     
  50.000         230.000            1.025e+00           1.025e+00             230.468           1.799e-06              61.030           3.162e+02     
  55.000         230.000            1.123e+00           1.123e+00             227.257           1.686e-06              50.104           3.162e+02     
  60.000         230.000            1.206e+00           1.206e+00             224.572           1.576e-06              40.970           3.162e+02     
  65.000         230.000            1.268e+00           1.268e+00             222.116           1.377e-06              34.068           3.162e+02     
  70.000         230.000            1.311e+00           1.311e+00             219.784           1.072e-06              29.445           3.162e+02     
  75.000         230.000            1.340e+00           1.340e+00             217.662           6.989e-07              26.382           3.162e+02     
  80.000         230.000            1.359e+00           1.359e+00             215.938           3.435e-07              24.433           3.162e+02     
  85.000         230.000            1.370e+00           1.370e+00             214.809           9.079e-08              23.144           3.162e+02     
  90.000         230.000            1.373e+00           1.373e+00             214.416           1.104e-11              98.707           3.162e+02     
  95.000         230.000            1.370e+00           1.370e+00             214.809           9.075e-08             203.155           3.162e+02     
 100.000         230.000            1.359e+00           1.359e+00             215.938           3.434e-07             204.439           3.162e+02     
 105.000         230.000            1.340e+00           1.340e+00             217.662           6.988e-07             206.386           3.162e+02     
 110.000         230.000            1.311e+00           1.311e+00             219.784           1.072e-06             209.448           3.162e+02     
 115.000         230.000            1.268e+00           1.268e+00             222.116           1.377e-06             214.071           3.162e+02     
 120.000         230.000            1.206e+00           1.206e+00             224.572           1.576e-06             220.972           3.162e+02     
 125.000         230.000            1.123e+00           1.123e+00             227.257           1.686e-06             230.105           3.162e+02     
 130.000         230.000            1.025e+00           1.025e+00             230.468           1.799e-06             241.031           3.162e+02     
 135.000         230.000            9.209e-01           9.209e-01             234.572           2.007e-06             252.777           3.162e+02     
 140.000         230.000            8.214e-01           8.214e-01             239.706           2.363e-06             263.902           3.162e+02     
 145.000         230.000            7.254e-01           7.254e-01             245.505           2.883e-06             273.432           3.162e+02     
 150.000         230.000            6.183e-01           6.183e-01             251.200           3.571e-06             281.401           3.162e+02     
 155.000         230.000            4.835e-01           4.835e-01             256.107           4.388e-06             288.842           3.162e+02     
 160.000         230.000            3.262e-01           3.262e-01             260.034           5.338e-06             295.605           3.162e+02     
 165.000         230.000            1.783e-01           1.783e-01             263.277           6.308e-06             301.664           2.707e+02     
 170.000         230.000            7.261e-02           7.260e-02             266.372           7.118e-06             307.102           1.548e+02     
 175.000         230.000            1.673e-02           1.672e-02             269.629           7.729e-06             311.067           7.030e+01     
 180.000         230.000            8.202e-06           2.722e-08             198.017           8.174e-06             313.445           1.920e+01     
   0.000         235.000            8.202e-06           1.243e-07             158.355           8.078e-06             133.183           1.919e+01     
   5.000         235.000            1.646e-02           1.645e-02             265.658           7.570e-06             127.486           6.991e+01     
  10.000         235.000            7.077e-02           7.076e-02             258.987           6.938e-06             120.221           1.532e+02     
  15.000         235.000            1.719e-01           1.719e-01             253.018           6.164e-06             111.423           2.688e+02     
  20.000         235.000            3.105e-01           3.105e-01             247.095           5.292e-06             101.988           3.162e+02     
  25.000         235.000            4.562e-01           4.562e-01             240.279           4.408e-06              91.604           3.162e+02     
  30.000         235.000            5.844e-01           5.844e-01             232.086           3.624e-06              80.559           3.162e+02     
  35.000         235.000            6.973e-01           6.973e-01             222.859           2.957e-06              69.158           3.162e+02     
  40.000         235.000            8.098e-01           8.098e-01             213.662           2.436e-06              56.626           3.162e+02     
  45.000         235.000            9.250e-01           9.250e-01             205.521           2.088e-06              42.999           3.162e+02     
  50.000         235.000            1.030e+00           1.030e+00             198.784           1.905e-06              29.361           3.162e+02     
  55.000         235.000            1.108e+00           1.108e+00             193.169           1.815e-06              17.251           3.162e+02     
  60.000         235.000            1.156e+00           1.156e+00             188.204           1.702e-06               7.432           3.162e+02     
  65.000         235.000            1.180e+00           1.180e+00             183.559           1.480e-06               0.541           3.162e+02     
  70.000         235.000            1.192e+00           1.192e+00             179.196           1.146e-06             355.270           3.162e+02     
  75.000         235.000            1.201e+00           1.201e+00             175.316           7.429e-07             351.627           3.162e+02     
  80.000         235.000            1.211e+00           1.211e+00             172.239           3.627e-07             349.202           3.162e+02     
  85.000         235.000            1.219e+00           1.219e+00             170.264           9.537e-08             347.601           3.162e+02     
  90.000         235.000            1.222e+00           1.222e+00             169.584           1.187e-11              56.441           3.162e+02     
  95.000         235.000            1.219e+00           1.219e+00             170.264           9.532e-08             167.610           3.162e+02     
 100.000         235.000            1.211e+00           1.211e+00             172.239           3.627e-07             169.207           3.162e+02     
 105.000         235.000            1.201e+00           1.201e+00             175.316           7.427e-07             171.630           3.162e+02     
 110.000         235.000            1.192e+00           1.192e+00             179.196           1.146e-06             175.272           3.162e+02     
 115.000         235.000            1.180e+00           1.180e+00             183.559           1.480e-06             180.543           3.162e+02     
 120.000         235.000            1.156e+00           1.156e+00             188.204           1.702e-06             187.433           3.162e+02     
 125.000         235.000            1.108e+00           1.108e+00             193.169           1.814e-06             197.252           3.162e+02     
 130.000         235.000            1.030e+00           1.030e+00             198.784           1.905e-06             209.361           3.162e+02     
 135.000         235.000            9.250e-01           9.250e-01             205.521           2.088e-06             223.000           3.162e+02     
 140.000         235.000            8.098e-01           8.098e-01             213.662           2.436e-06             236.626           3.162e+02     
 145.000         235.000            6.973e-01           6.973e-01             222.859           2.956e-06             249.157           3.162e+02     
 150.000         235.000            5.844e-01           5.844e-01             232.086           3.623e-06             260.558           3.162e+02     
 155.000         235.000            4.562e-01           4.562e-01             240.279           4.407e-06             271.604           3.162e+02     
 160.000         235.000            3.105e-01           3.105e-01             247.095           5.292e-06             281.987           3.162e+02     
 165.000         235.000            1.719e-01           1.719e-01             253.018           6.164e-06             291.423           2.688e+02     
 170.000         235.000            7.077e-02           7.076e-02             258.987           6.937e-06             300.221           1.532e+02     
 175.000         235.000            1.646e-02           1.645e-02             265.658           7.570e-06             307.486           6.992e+01     
 180.000         235.000            8.202e-06           1.243e-07             158.347           8.077e-06             313.183           1.920e+01     
   0.000         240.000            8.202e-06           3.422e-07             147.979           7.860e-06             132.916           1.919e+01     
   5.000         240.000            1.619e-02           1.618e-02             261.711           7.302e-06             123.973           7.002e+01     
  10.000         240.000            6.890e-02           6.889e-02             251.599           6.649e-06             113.478           1.525e+02     
  15.000         240.000            1.647e-01           1.647e-01             242.688           5.909e-06             101.403           2.669e+02     
  20.000         240.000            2.916e-01           2.916e-01             234.013           5.135e-06              88.505           3.162e+02     
  25.000         240.000            4.212e-01           4.212e-01             224.259           4.324e-06              74.595           3.162e+02     
  30.000         240.000            5.377e-01           5.377e-01             212.794           3.570e-06              60.029           3.162e+02     
  35.000         240.000            6.514e-01           6.514e-01             200.185           2.919e-06              44.704           3.162e+02     
  40.000         240.000            7.758e-01           7.757e-01             187.865           2.417e-06              28.320           3.162e+02     
  45.000         240.000            9.014e-01           9.014e-01             176.948           2.103e-06              11.540           3.162e+02     
  50.000         240.000            1.001e+00           1.001e+00             167.577           1.975e-06             354.970           3.162e+02     
  55.000         240.000            1.057e+00           1.057e+00             159.256           1.927e-06             340.745           3.162e+02     
  60.000         240.000            1.072e+00           1.072e+00             151.430           1.842e-06             329.786           3.162e+02     
  65.000         240.000            1.066e+00           1.066e+00             143.855           1.621e-06             321.614           3.162e+02     
  70.000         240.000            1.060e+00           1.060e+00             136.701           1.254e-06             315.628           3.162e+02     
  75.000         240.000            1.065e+00           1.065e+00             130.441           8.106e-07             311.320           3.162e+02     
  80.000         240.000            1.080e+00           1.080e+00             125.601           3.949e-07             308.343           3.162e+02     
  85.000         240.000            1.095e+00           1.095e+00             122.566           1.037e-07             306.379           3.162e+02     
  90.000         240.000            1.101e+00           1.101e+00             121.536           1.253e-11              14.169           3.162e+02     
  95.000         240.000            1.095e+00           1.095e+00             122.566           1.036e-07             126.385           3.162e+02     
 100.000         240.000            1.080e+00           1.080e+00             125.601           3.948e-07             128.346           3.162e+02     
 105.000         240.000            1.065e+00           1.065e+00             130.441           8.105e-07             131.322           3.162e+02     
 110.000         240.000            1.060e+00           1.060e+00             136.701           1.254e-06             135.630           3.162e+02     
 115.000         240.000            1.066e+00           1.066e+00             143.855           1.621e-06             141.615           3.162e+02     
 120.000         240.000            1.072e+00           1.072e+00             151.430           1.842e-06             149.787           3.162e+02     
 125.000         240.000            1.057e+00           1.057e+00             159.256           1.927e-06             160.745           3.162e+02     
 130.000         240.000            1.001e+00           1.001e+00             167.577           1.975e-06             174.970           3.162e+02     
 135.000         240.000            9.014e-01           9.014e-01             176.948           2.103e-06             191.540           3.162e+02     
 140.000         240.000            7.758e-01           7.757e-01             187.865           2.416e-06             208.320           3.162e+02     
 145.000         240.000            6.514e-01           6.514e-01             200.185           2.918e-06             224.703           3.162e+02     
 150.000         240.000            5.377e-01           5.377e-01             212.794           3.569e-06             240.028           3.162e+02     
 155.000         240.000            4.212e-01           4.212e-01             224.259           4.323e-06             254.595           3.162e+02     
 160.000         240.000            2.916e-01           2.916e-01             234.013           5.135e-06             268.505           3.162e+02     
 165.000         240.000            1.647e-01           1.647e-01             242.688           5.908e-06             281.403           2.669e+02     
 170.000         240.000            6.890e-02           6.889e-02             251.599           6.648e-06             293.478           1.525e+02     
 175.000         240.000            1.619e-02           1.618e-02             261.711           7.301e-06             303.973           7.003e+01     
 180.000         240.000            8.202e-06           3.422e-07             147.974           7.859e-06             312.916           1.920e+01     
   0.000         245.000            8.202e-06           6.743e-07             143.544           7.528e-06             132.640           1.919e+01     
   5.000         245.000            1.594e-02           1.593e-02             257.817           6.931e-06             120.547           7.067e+01     
  10.000         245.000            6.705e-02           6.704e-02             244.243           6.260e-06             106.902           1.527e+02     
  15.000         245.000            1.573e-01           1.573e-01             232.299           5.548e-06              91.632           2.656e+02     
  20.000         245.000            2.716e-01           2.716e-01             220.748           4.832e-06              75.409           3.162e+02     
  25.000         245.000            3.835e-01           3.835e-01             207.947           4.118e-06              58.388           3.162e+02     
  30.000         245.000            4.863e-01           4.863e-01             193.187           3.437e-06              39.920           3.162e+02     
  35.000         245.000            5.985e-01           5.985e-01             177.356           2.855e-06              20.394           3.162e+02     
  40.000         245.000            7.312e-01           7.312e-01             162.247           2.432e-06             359.892           3.162e+02     
  45.000         245.000            8.633e-01           8.633e-01             148.899           2.221e-06             339.200           3.162e+02     
  50.000         245.000            9.576e-01           9.576e-01             137.087           2.181e-06             320.172           3.162e+02     
  55.000         245.000            9.953e-01           9.953e-01             126.025           2.176e-06             304.952           3.162e+02     
  60.000         245.000            9.908e-01           9.908e-01             115.082           2.122e-06             292.713           3.162e+02     
  65.000         245.000            9.764e-01           9.764e-01             104.177           1.878e-06             283.539           3.162e+02     
  70.000         245.000            9.788e-01           9.788e-01              93.866           1.453e-06             276.692           3.162e+02     
  75.000         245.000            1.006e+00           1.006e+00              85.038           9.351e-07             271.498           3.162e+02     
  80.000         245.000            1.046e+00           1.046e+00              78.426           4.547e-07             267.939           3.162e+02     
  85.000         245.000            1.081e+00           1.081e+00              74.399           1.192e-07             265.602           3.162e+02     
  90.000         245.000            1.095e+00           1.095e+00              73.054           1.334e-11             332.002           3.162e+02     
  95.000         245.000            1.081e+00           1.081e+00              74.399           1.192e-07              85.606           3.162e+02     
 100.000         245.000            1.046e+00           1.046e+00              78.426           4.546e-07              87.941           3.162e+02     
 105.000         245.000            1.006e+00           1.006e+00              85.038           9.349e-07              91.499           3.162e+02     
 110.000         245.000            9.788e-01           9.788e-01              93.866           1.453e-06              96.693           3.162e+02     
 115.000         245.000            9.764e-01           9.764e-01             104.177           1.878e-06             103.540           3.162e+02     
 120.000         245.000            9.908e-01           9.908e-01             115.082           2.122e-06             112.713           3.162e+02     
 125.000         245.000            9.953e-01           9.953e-01             126.025           2.175e-06             124.952           3.162e+02     
 130.000         245.000            9.576e-01           9.576e-01             137.087           2.181e-06             140.172           3.162e+02     
 135.000         245.000            8.633e-01           8.633e-01             148.899           2.220e-06             159.199           3.162e+02     
 140.000         245.000            7.312e-01           7.312e-01             162.247           2.432e-06             179.892           3.162e+02     
 145.000         245.000            5.985e-01           5.985e-01             177.356           2.855e-06             200.393           3.162e+02     
 150.000         245.000            4.863e-01           4.863e-01             193.187           3.437e-06             219.919           3.162e+02     
 155.000         245.000            3.835e-01           3.835e-01             207.947           4.117e-06             238.388           3.162e+02     
 160.000         245.000            2.716e-01           2.716e-01             220.748           4.831e-06             255.409           3.162e+02     
 165.000         245.000            1.573e-01           1.573e-01             232.299           5.548e-06             271.632           2.657e+02     
 170.000         245.000            6.705e-02           6.704e-02             244.243           6.260e-06             286.902           1.527e+02     
 175.000         245.000            1.594e-02           1.593e-02             257.817           6.931e-06             300.547           7.067e+01     
 180.000         245.000            8.202e-06           6.742e-07             143.540           7.527e-06             312.639           1.920e+01     
   0.000         250.000            8.202e-06           1.110e-06             141.084           7.092e-06             132.348           1.919e+01     
   5.000         250.000            1.570e-02           1.569e-02             254.004           6.470e-06             117.229           7.192e+01     
  10.000         250.000            6.531e-02           6.531e-02             236.961           5.785e-06             100.522           1.542e+02     
  15.000         250.000            1.503e-01           1.503e-01             221.889           5.096e-06              82.125           2.658e+02     
  20.000         250.000            2.526e-01           2.526e-01             207.320           4.441e-06              62.634           3.162e+02     
  25.000         250.000            3.482e-01           3.482e-01             191.350           3.824e-06              41.896           3.162e+02     
  30.000         250.000            4.389e-01           4.389e-01             173.296           3.265e-06              20.188           3.162e+02     
  35.000         250.000            5.491e-01           5.491e-01             154.492           2.788e-06             357.208           3.162e+02     
  40.000         250.000            6.860e-01           6.860e-01             137.050           2.499e-06             333.159           3.162e+02     
  45.000         250.000            8.173e-01           8.173e-01             121.740           2.414e-06             309.762           3.162e+02     
  50.000         250.000            8.988e-01           8.988e-01             107.859           2.466e-06             288.903           3.162e+02     
  55.000         250.000            9.165e-01           9.165e-01              94.281           2.530e-06             271.962           3.162e+02     
  60.000         250.000            8.978e-01           8.978e-01              80.262           2.442e-06             258.706           3.162e+02     
  65.000         250.000            8.873e-01           8.873e-01              65.961           2.125e-06             248.470           3.162e+02     
  70.000         250.000            9.149e-01           9.149e-01              52.509           1.611e-06             240.468           3.162e+02     
  75.000         250.000            9.811e-01           9.811e-01              41.312           1.024e-06             234.517           3.162e+02     
  80.000         250.000            1.063e+00           1.063e+00              33.227           4.926e-07             230.246           3.162e+02     
  85.000         250.000            1.129e+00           1.129e+00              28.444           1.283e-07             227.464           3.162e+02     
  90.000         250.000            1.154e+00           1.154e+00              26.872           1.463e-11             291.587           3.162e+02     
  95.000         250.000            1.129e+00           1.129e+00              28.444           1.282e-07              47.467           3.162e+02     
 100.000         250.000            1.063e+00           1.063e+00              33.227           4.925e-07              50.247           3.162e+02     
 105.000         250.000            9.811e-01           9.811e-01              41.312           1.024e-06              54.518           3.162e+02     
 110.000         250.000            9.149e-01           9.149e-01              52.509           1.611e-06              60.469           3.162e+02     
 115.000         250.000            8.873e-01           8.873e-01              65.961           2.125e-06              68.470           3.162e+02     
 120.000         250.000            8.978e-01           8.978e-01              80.262           2.441e-06              78.706           3.162e+02     
 125.000         250.000            9.165e-01           9.165e-01              94.281           2.530e-06              91.962           3.162e+02     
 130.000         250.000            8.988e-01           8.988e-01             107.859           2.466e-06             108.903           3.162e+02     
 135.000         250.000            8.173e-01           8.173e-01             121.740           2.414e-06             129.762           3.162e+02     
 140.000         250.000            6.860e-01           6.860e-01             137.050           2.499e-06             153.158           3.162e+02     
 145.000         250.000            5.491e-01           5.491e-01             154.492           2.788e-06             177.207           3.162e+02     
 150.000         250.000            4.389e-01           4.389e-01             173.296           3.265e-06             200.187           3.162e+02     
 155.000         250.000            3.482e-01           3.482e-01             191.350           3.824e-06             221.895           3.162e+02     
 160.000         250.000            2.526e-01           2.526e-01             207.320           4.440e-06             242.634           3.162e+02     
 165.000         250.000            1.503e-01           1.503e-01             221.889           5.096e-06             262.125           2.659e+02     
 170.000         250.000            6.531e-02           6.531e-02             236.961           5.784e-06             280.522           1.542e+02     
 175.000         250.000            1.570e-02           1.569e-02             254.004           6.470e-06             297.229           7.192e+01     
 180.000         250.000            8.202e-06           1.110e-06             141.081           7.091e-06             312.348           1.920e+01     
   0.000         255.000            8.202e-06           1.638e-06             139.505           6.564e-06             132.036           1.919e+01     
   5.000         255.000            1.547e-02           1.547e-02             250.303           5.934e-06             114.037           7.387e+01     
  10.000         255.000            6.375e-02           6.375e-02             229.806           5.239e-06              94.363           1.572e+02     
  15.000         255.000            1.442e-01           1.442e-01             211.532           4.574e-06              72.892           2.687e+02     
  20.000         255.000            2.367e-01           2.367e-01             193.834           3.986e-06              50.170           3.162e+02     
  25.000         255.000            3.195e-01           3.195e-01             174.626           3.474e-06              26.086           3.162e+02     
  30.000         255.000            4.013e-01           4.013e-01             153.376           3.052e-06               0.999           3.162e+02     
  35.000         255.000            5.094e-01           5.094e-01             131.939           2.732e-06             335.031           3.162e+02     
  40.000         255.000            6.436e-01           6.436e-01             112.598           2.557e-06             308.894           3.162e+02     
  45.000         255.000            7.617e-01           7.617e-01              95.698           2.504e-06             283.989           3.162e+02     
  50.000         255.000            8.173e-01           8.173e-01              80.026           2.575e-06             261.376           3.162e+02     
  55.000         255.000            8.060e-01           8.060e-01              64.062           2.616e-06             242.573           3.162e+02     
  60.000         255.000            7.714e-01           7.714e-01              46.892           2.484e-06             227.338           3.162e+02     
  65.000         255.000            7.695e-01           7.695e-01              29.031           2.117e-06             214.990           3.162e+02     
  70.000         255.000            8.313e-01           8.313e-01              12.496           1.587e-06             205.307           3.162e+02     
  75.000         255.000            9.477e-01           9.477e-01             359.303           9.978e-07             197.793           3.162e+02     
  80.000         255.000            1.081e+00           1.081e+00             350.191           4.767e-07             192.330           3.162e+02     
  85.000         255.000            1.184e+00           1.184e+00             344.969           1.237e-07             188.789           3.162e+02     
  90.000         255.000            1.223e+00           1.223e+00             343.278           1.578e-11             254.564           3.162e+02     
  95.000         255.000            1.184e+00           1.184e+00             344.969           1.237e-07               8.789           3.162e+02     
 100.000         255.000            1.081e+00           1.081e+00             350.191           4.766e-07              12.330           3.162e+02     
 105.000         255.000            9.477e-01           9.477e-01             359.303           9.976e-07              17.793           3.162e+02     
 110.000         255.000            8.313e-01           8.313e-01              12.496           1.587e-06              25.307           3.162e+02     
 115.000         255.000            7.695e-01           7.695e-01              29.031           2.117e-06              34.990           3.162e+02     
 120.000         255.000            7.714e-01           7.714e-01              46.891           2.484e-06              47.338           3.162e+02     
 125.000         255.000            8.060e-01           8.060e-01              64.062           2.616e-06              62.573           3.162e+02     
 130.000         255.000            8.173e-01           8.173e-01              80.026           2.575e-06              81.375           3.162e+02     
 135.000         255.000            7.617e-01           7.617e-01              95.698           2.504e-06             103.988           3.162e+02     
 140.000         255.000            6.436e-01           6.436e-01             112.598           2.557e-06             128.893           3.162e+02     
 145.000         255.000            5.094e-01           5.094e-01             131.939           2.732e-06             155.030           3.162e+02     
 150.000         255.000            4.013e-01           4.013e-01             153.376           3.052e-06             180.999           3.162e+02     
 155.000         255.000            3.195e-01           3.195e-01             174.626           3.473e-06             206.085           3.162e+02     
 160.000         255.000            2.367e-01           2.367e-01             193.834           3.986e-06             230.171           3.162e+02     
 165.000         255.000            1.442e-01           1.442e-01             211.532           4.573e-06             252.893           2.687e+02     
 170.000         255.000            6.375e-02           6.375e-02             229.806           5.238e-06             274.364           1.572e+02     
 175.000         255.000            1.547e-02           1.547e-02             250.303           5.934e-06             294.038           7.387e+01     
 180.000         255.000            8.202e-06           1.637e-06             139.503           6.564e-06             312.036           1.920e+01     
   0.000         260.000            8.202e-06           2.240e-06             138.394           5.963e-06             131.696           1.919e+01     
   5.000         260.000            1.527e-02           1.526e-02             246.743           5.338e-06             110.991           7.664e+01     
  10.000         260.000            6.243e-02           6.243e-02             222.842           4.644e-06              88.454           1.623e+02     
  15.000         260.000            1.396e-01           1.396e-01             201.344           4.008e-06              63.946           2.757e+02     
  20.000         260.000            2.253e-01           2.253e-01             180.497           3.498e-06              38.020           3.162e+02     
  25.000         260.000            2.999e-01           2.999e-01             158.120           3.103e-06              10.801           3.162e+02     
  30.000         260.000            3.762e-01           3.762e-01             133.899           2.824e-06             342.956           3.162e+02     
  35.000         260.000            4.807e-01           4.807e-01             110.129           2.623e-06             314.890           3.162e+02     
  40.000         260.000            6.049e-01           6.049e-01              89.087           2.504e-06             287.210           3.162e+02     
  45.000         260.000            6.990e-01           6.990e-01              70.671           2.445e-06             260.484           3.162e+02     
  50.000         260.000            7.198e-01           7.198e-01              53.199           2.455e-06             236.049           3.162e+02     
  55.000         260.000            6.769e-01           6.769e-01              34.731           2.433e-06             214.639           3.162e+02     
  60.000         260.000            6.295e-01           6.295e-01              14.130           2.286e-06             196.591           3.162e+02     
  65.000         260.000            6.415e-01           6.415e-01             352.529           1.954e-06             181.547           3.162e+02     
  70.000         260.000            7.407e-01           7.407e-01             333.257           1.481e-06             169.527           3.162e+02     
  75.000         260.000            9.068e-01           9.068e-01             318.764           9.451e-07             160.141           3.162e+02     
  80.000         260.000            1.088e+00           1.088e+00             309.238           4.581e-07             153.325           3.162e+02     
  85.000         260.000            1.225e+00           1.225e+00             303.936           1.194e-07             148.549           3.162e+02     
  90.000         260.000            1.276e+00           1.276e+00             302.240           1.567e-11             220.622           3.162e+02     
  95.000         260.000            1.225e+00           1.225e+00             303.936           1.193e-07             328.546           3.162e+02     
 100.000         260.000            1.088e+00           1.088e+00             309.238           4.581e-07             333.323           3.162e+02     
 105.000         260.000            9.068e-01           9.068e-01             318.764           9.450e-07             340.140           3.162e+02     
 110.000         260.000            7.407e-01           7.407e-01             333.257           1.481e-06             349.526           3.162e+02     
 115.000         260.000            6.415e-01           6.415e-01             352.529           1.954e-06               1.546           3.162e+02     
 120.000         260.000            6.295e-01           6.295e-01              14.130           2.286e-06              16.590           3.162e+02     
 125.000         260.000            6.769e-01           6.769e-01              34.731           2.432e-06              34.638           3.162e+02     
 130.000         260.000            7.198e-01           7.198e-01              53.198           2.455e-06              56.048           3.162e+02     
 135.000         260.000            6.990e-01           6.990e-01              70.671           2.445e-06              80.483           3.162e+02     
 140.000         260.000            6.049e-01           6.049e-01              89.087           2.504e-06             107.210           3.162e+02     
 145.000         260.000            4.807e-01           4.807e-01             110.129           2.622e-06             134.889           3.162e+02     
 150.000         260.000            3.762e-01           3.762e-01             133.899           2.823e-06             162.955           3.162e+02     
 155.000         260.000            2.999e-01           2.999e-01             158.120           3.103e-06             190.800           3.162e+02     
 160.000         260.000            2.253e-01           2.253e-01             180.497           3.498e-06             218.020           3.162e+02     
 165.000         260.000            1.396e-01           1.396e-01             201.344           4.007e-06             243.946           2.757e+02     
 170.000         260.000            6.243e-02           6.243e-02             222.842           4.643e-06             268.454           1.623e+02     
 175.000         260.000            1.527e-02           1.526e-02             246.743           5.338e-06             290.992           7.665e+01     
 180.000         260.000            8.202e-06           2.239e-06             138.392           5.962e-06             311.696           1.920e+01     
   0.000         265.000            8.202e-06           2.898e-06             137.558           5.304e-06             131.318           1.919e+01     
   5.000         265.000            1.508e-02           1.508e-02             243.356           4.702e-06             108.108           8.045e+01     
  10.000         265.000            6.140e-02           6.140e-02             216.141           4.020e-06              82.827           1.699e+02     
  15.000         265.000            1.367e-01           1.366e-01             191.479           3.424e-06              55.315           2.884e+02     
  20.000         265.000            2.190e-01           2.190e-01             167.603           3.003e-06              26.227           3.162e+02     
  25.000         265.000            2.897e-01           2.897e-01             142.303           2.728e-06             356.172           3.162e+02     
  30.000         265.000            3.628e-01           3.628e-01             115.423           2.568e-06             326.228           3.162e+02     
  35.000         265.000            4.620e-01           4.620e-01              89.472           2.429e-06             296.827           3.162e+02     
  40.000         265.000            5.724e-01           5.724e-01              66.628           2.286e-06             268.001           3.162e+02     
  45.000         265.000            6.410e-01           6.410e-01              46.491           2.138e-06             239.376           3.162e+02     
  50.000         265.000            6.305e-01           6.305e-01              27.053           2.065e-06             211.893           3.162e+02     
  55.000         265.000            5.637e-01           5.637e-01               5.961           2.037e-06             186.814           3.162e+02     
  60.000         265.000            5.101e-01           5.101e-01             341.832           1.976e-06             165.391           3.162e+02     
  65.000         265.000            5.360e-01           5.360e-01             316.678           1.776e-06             147.664           3.162e+02     
  70.000         265.000            6.629e-01           6.629e-01             295.291           1.419e-06             133.774           3.162e+02     
  75.000         265.000            8.609e-01           8.609e-01             280.092           9.485e-07             123.161           3.162e+02     
  80.000         265.000            1.070e+00           1.070e+00             270.467           4.762e-07             115.602           3.162e+02     
  85.000         265.000            1.225e+00           1.225e+00             265.204           1.278e-07             110.861           3.162e+02     
  90.000         265.000            1.283e+00           1.283e+00             263.532           1.403e-11             188.464           3.162e+02     
  95.000         265.000            1.225e+00           1.225e+00             265.204           1.278e-07             290.858           3.162e+02     
 100.000         265.000            1.070e+00           1.070e+00             270.467           4.762e-07             295.600           3.162e+02     
 105.000         265.000            8.609e-01           8.609e-01             280.092           9.484e-07             303.159           3.162e+02     
 110.000         265.000            6.629e-01           6.629e-01             295.291           1.419e-06             313.773           3.162e+02     
 115.000         265.000            5.360e-01           5.360e-01             316.678           1.776e-06             327.662           3.162e+02     
 120.000         265.000            5.101e-01           5.101e-01             341.832           1.976e-06             345.389           3.162e+02     
 125.000         265.000            5.637e-01           5.637e-01               5.961           2.036e-06               6.813           3.162e+02     
 130.000         265.000            6.305e-01           6.305e-01              27.053           2.064e-06              31.891           3.162e+02     
 135.000         265.000            6.410e-01           6.410e-01              46.491           2.138e-06              59.375           3.162e+02     
 140.000         265.000            5.724e-01           5.724e-01              66.628           2.286e-06              88.000           3.162e+02     
 145.000         265.000            4.620e-01           4.620e-01              89.472           2.429e-06             116.826           3.162e+02     
 150.000         265.000            3.628e-01           3.628e-01             115.423           2.568e-06             146.227           3.162e+02     
 155.000         265.000            2.897e-01           2.897e-01             142.303           2.727e-06             176.172           3.162e+02     
 160.000         265.000            2.190e-01           2.190e-01             167.603           3.003e-06             206.227           3.162e+02     
 165.000         265.000            1.367e-01           1.366e-01             191.479           3.424e-06             235.316           2.885e+02     
 170.000         265.000            6.140e-02           6.140e-02             216.141           4.020e-06             262.828           1.699e+02     
 175.000         265.000            1.508e-02           1.508e-02             243.356           4.702e-06             288.109           8.045e+01     
 180.000         265.000            8.202e-06           2.898e-06             137.557           5.304e-06             311.318           1.920e+01     
   0.000         270.000            8.202e-06           3.593e-06             136.899           4.609e-06             130.887           1.919e+01     
   5.000         270.000            1.492e-02           1.492e-02             240.171           4.044e-06             105.405           8.556e+01     
  10.000         270.000            6.066e-02           6.066e-02             209.785           3.380e-06              77.482           1.811e+02     
  15.000         270.000            1.355e-01           1.355e-01             182.107           2.846e-06              47.062           3.088e+02     
  20.000         270.000            2.178e-01           2.178e-01             155.474           2.519e-06              14.912           3.162e+02     
  25.000         270.000            2.880e-01           2.880e-01             127.654           2.351e-06             342.414           3.162e+02     
  30.000         270.000            3.586e-01           3.586e-01              98.448           2.269e-06             310.972           3.162e+02     
  35.000         270.000            4.515e-01           4.515e-01              70.317           2.131e-06             280.667           3.162e+02     
  40.000         270.000            5.503e-01           5.503e-01              45.435           1.913e-06             250.638           3.162e+02     
  45.000         270.000            6.017e-01           6.017e-01              23.379           1.668e-06             219.391           3.162e+02     
  50.000         270.000            5.720e-01           5.720e-01               2.009           1.556e-06             187.716           3.162e+02     
  55.000         270.000            4.896e-01           4.896e-01             338.621           1.594e-06             158.329           3.162e+02     
  60.000         270.000            4.290e-01           4.290e-01             311.430           1.677e-06             134.013           3.162e+02     
  65.000         270.000            4.573e-01           4.573e-01             283.047           1.638e-06             114.828           3.162e+02     
  70.000         270.000            5.931e-01           5.931e-01             259.616           1.393e-06             100.406           3.162e+02     
  75.000         270.000            8.023e-01           8.023e-01             243.539           9.719e-07              89.675           3.162e+02     
  80.000         270.000            1.021e+00           1.021e+00             233.563           5.010e-07              82.155           3.162e+02     
  85.000         270.000            1.182e+00           1.182e+00             228.154           1.364e-07              77.500           3.162e+02     
  90.000         270.000            1.242e+00           1.242e+00             226.439           1.157e-11             157.248           3.162e+02     
  95.000         270.000            1.182e+00           1.182e+00             228.154           1.364e-07             257.497           3.162e+02     
 100.000         270.000            1.021e+00           1.021e+00             233.563           5.009e-07             262.153           3.162e+02     
 105.000         270.000            8.023e-01           8.023e-01             243.539           9.718e-07             269.673           3.162e+02     
 110.000         270.000            5.931e-01           5.931e-01             259.616           1.393e-06             280.405           3.162e+02     
 115.000         270.000            4.573e-01           4.573e-01             283.047           1.637e-06             294.827           3.162e+02     
 120.000         270.000            4.290e-01           4.290e-01             311.430           1.677e-06             314.012           3.162e+02     
 125.000         270.000            4.896e-01           4.896e-01             338.621           1.593e-06             338.327           3.162e+02     
 130.000         270.000            5.720e-01           5.720e-01               2.009           1.556e-06               7.714           3.162e+02     
 135.000         270.000            6.017e-01           6.017e-01              23.379           1.668e-06              39.390           3.162e+02     
 140.000         270.000            5.503e-01           5.503e-01              45.435           1.912e-06              70.637           3.162e+02     
 145.000         270.000            4.515e-01           4.515e-01              70.317           2.130e-06             100.666           3.162e+02     
 150.000         270.000            3.586e-01           3.586e-01              98.448           2.268e-06             130.971           3.162e+02     
 155.000         270.000            2.880e-01           2.880e-01             127.654           2.350e-06             162.414           3.162e+02     
 160.000         270.000            2.178e-01           2.178e-01             155.474           2.519e-06             194.912           3.162e+02     
 165.000         270.000            1.355e-01           1.355e-01             182.107           2.846e-06             227.063           3.088e+02     
 170.000         270.000            6.066e-02           6.066e-02             209.785           3.380e-06             257.483           1.811e+02     
 175.000         270.000            1.492e-02           1.492e-02             240.171           4.043e-06             285.406           8.556e+01     
 180.000         270.000            8.202e-06           3.593e-06             136.897           4.609e-06             310.888           1.920e+01     
   0.000         275.000            8.202e-06           4.304e-06             136.358           3.899e-06             130.385           1.919e+01     
   5.000         275.000            1.478e-02           1.478e-02             237.221           3.390e-06             102.181           9.344e+01     
  10.000         275.000            6.023e-02           6.022e-02             203.843           2.785e-06              71.597           1.987e+02     
  15.000         275.000            1.360e-01           1.360e-01             173.397           2.327e-06              37.932           3.162e+02     
  20.000         275.000            2.210e-01           2.210e-01             144.395           2.127e-06               2.729           3.162e+02     
  25.000         275.000            2.926e-01           2.926e-01             114.537           2.078e-06             328.389           3.162e+02     
  30.000         275.000            3.601e-01           3.601e-01              83.314           2.054e-06             296.293           3.162e+02     
  35.000         275.000            4.468e-01           4.468e-01              52.963           1.881e-06             265.670           3.162e+02     
  40.000         275.000            5.402e-01           5.402e-01              25.897           1.570e-06             234.550           3.162e+02     
  45.000         275.000            5.871e-01           5.871e-01               2.007           1.251e-06             200.109           3.162e+02     
  50.000         275.000            5.493e-01           5.493e-01             339.194           1.146e-06             163.362           3.162e+02     
  55.000         275.000            4.520e-01           4.520e-01             314.425           1.277e-06             129.910           3.162e+02     
  60.000         275.000            3.731e-01           3.731e-01             284.999           1.489e-06             104.065           3.162e+02     
  65.000         275.000            3.873e-01           3.873e-01             253.156           1.559e-06              84.762           3.162e+02     
  70.000         275.000            5.185e-01           5.185e-01             226.809           1.376e-06              70.645           3.162e+02     
  75.000         275.000            7.328e-01           7.328e-01             209.179           9.759e-07              60.224           3.162e+02     
  80.000         275.000            9.613e-01           9.613e-01             198.474           5.063e-07              52.927           3.162e+02     
  85.000         275.000            1.132e+00           1.132e+00             192.735           1.381e-07              48.418           3.162e+02     
  90.000         275.000            1.195e+00           1.195e+00             190.924           9.066e-12             127.251           3.162e+02     
  95.000         275.000            1.132e+00           1.132e+00             192.735           1.381e-07             228.416           3.162e+02     
 100.000         275.000            9.613e-01           9.613e-01             198.474           5.063e-07             232.925           3.162e+02     
 105.000         275.000            7.328e-01           7.328e-01             209.179           9.759e-07             240.223           3.162e+02     
 110.000         275.000            5.185e-01           5.185e-01             226.809           1.376e-06             250.644           3.162e+02     
 115.000         275.000            3.873e-01           3.873e-01             253.156           1.559e-06             264.760           3.162e+02     
 120.000         275.000            3.731e-01           3.731e-01             284.999           1.489e-06             284.063           3.162e+02     
 125.000         275.000            4.520e-01           4.520e-01             314.425           1.277e-06             309.908           3.162e+02     
 130.000         275.000            5.493e-01           5.493e-01             339.194           1.146e-06             343.359           3.162e+02     
 135.000         275.000            5.871e-01           5.871e-01               2.007           1.251e-06              20.107           3.162e+02     
 140.000         275.000            5.402e-01           5.402e-01              25.897           1.570e-06              54.549           3.162e+02     
 145.000         275.000            4.468e-01           4.468e-01              52.963           1.881e-06              85.669           3.162e+02     
 150.000         275.000            3.601e-01           3.601e-01              83.314           2.054e-06             116.292           3.162e+02     
 155.000         275.000            2.926e-01           2.926e-01             114.537           2.078e-06             148.388           3.162e+02     
 160.000         275.000            2.210e-01           2.210e-01             144.395           2.126e-06             182.728           3.162e+02     
 165.000         275.000            1.360e-01           1.360e-01             173.397           2.327e-06             217.933           3.162e+02     
 170.000         275.000            6.023e-02           6.022e-02             203.843           2.784e-06             251.598           1.987e+02     
 175.000         275.000            1.478e-02           1.478e-02             237.221           3.390e-06             282.182           9.344e+01     
 180.000         275.000            8.202e-06           4.303e-06             136.356           3.898e-06             310.386           1.920e+01     
   0.000         280.000            8.202e-06           5.008e-06             135.899           3.194e-06             129.782           1.919e+01     
   5.000         280.000            1.466e-02           1.466e-02             234.529           2.744e-06              99.626           1.032e+02     
  10.000         280.000            6.005e-02           6.005e-02             198.399           2.202e-06              66.467           2.220e+02     
  15.000         280.000            1.379e-01           1.379e-01             165.485           1.836e-06              29.611           3.162e+02     
  20.000         280.000            2.277e-01           2.277e-01             134.553           1.747e-06             351.587           3.162e+02     
  25.000         280.000            3.015e-01           3.015e-01             103.136           1.785e-06             315.924           3.162e+02     
  30.000         280.000            3.643e-01           3.643e-01              70.184           1.775e-06             283.479           3.162e+02     
  35.000         280.000            4.449e-01           4.449e-01              37.628           1.550e-06             252.400           3.162e+02     
  40.000         280.000            5.393e-01           5.393e-01               8.425           1.178e-06             219.543           3.162e+02     
  45.000         280.000            5.922e-01           5.922e-01             343.051           8.569e-07             180.405           3.162e+02     
  50.000         280.000            5.518e-01           5.518e-01             319.505           8.249e-07             137.527           3.162e+02     
  55.000         280.000            4.349e-01           4.349e-01             294.387           1.065e-06             101.330           3.162e+02     
  60.000         280.000            3.258e-01           3.258e-01             263.536           1.373e-06              75.614           3.162e+02     
  65.000         280.000            3.147e-01           3.147e-01             227.503           1.502e-06              56.965           3.162e+02     
  70.000         280.000            4.377e-01           4.377e-01             197.043           1.342e-06              43.337           3.162e+02     
  75.000         280.000            6.617e-01           6.617e-01             177.476           9.526e-07              33.160           3.162e+02     
  80.000         280.000            9.096e-01           9.096e-01             166.049           4.926e-07              25.958           3.162e+02     
  85.000         280.000            1.098e+00           1.098e+00             160.051           1.341e-07              21.718           3.162e+02     
  90.000         280.000            1.168e+00           1.168e+00             158.174           6.801e-12              99.976           3.162e+02     
  95.000         280.000            1.098e+00           1.098e+00             160.051           1.341e-07             201.716           3.162e+02     
 100.000         280.000            9.096e-01           9.096e-01             166.049           4.926e-07             205.957           3.162e+02     
 105.000         280.000            6.617e-01           6.617e-01             177.476           9.526e-07             213.159           3.162e+02     
 110.000         280.000            4.377e-01           4.377e-01             197.043           1.342e-06             223.336           3.162e+02     
 115.000         280.000            3.147e-01           3.147e-01             227.503           1.502e-06             236.963           3.162e+02     
 120.000         280.000            3.258e-01           3.258e-01             263.536           1.373e-06             255.612           3.162e+02     
 125.000         280.000            4.349e-01           4.349e-01             294.387           1.065e-06             281.327           3.162e+02     
 130.000         280.000            5.518e-01           5.518e-01             319.505           8.249e-07             317.524           3.162e+02     
 135.000         280.000            5.922e-01           5.922e-01             343.050           8.568e-07               0.403           3.162e+02     
 140.000         280.000            5.393e-01           5.393e-01               8.425           1.178e-06              39.542           3.162e+02     
 145.000         280.000            4.449e-01           4.449e-01              37.628           1.550e-06              72.399           3.162e+02     
 150.000         280.000            3.643e-01           3.643e-01              70.184           1.775e-06             103.477           3.162e+02     
 155.000         280.000            3.015e-01           3.015e-01             103.136           1.785e-06             135.922           3.162e+02     
 160.000         280.000            2.277e-01           2.277e-01             134.553           1.747e-06             171.586           3.162e+02     
 165.000         280.000            1.379e-01           1.379e-01             165.485           1.835e-06             209.612           3.162e+02     
 170.000         280.000            6.005e-02           6.005e-02             198.399           2.202e-06             246.469           2.220e+02     
 175.000         280.000            1.466e-02           1.466e-02             234.529           2.743e-06             279.628           1.032e+02     
 180.000         280.000            8.202e-06           5.008e-06             135.898           3.194e-06             309.783           1.920e+01     
   0.000         285.000            8.202e-06           5.685e-06             135.500           2.517e-06             129.031           1.919e+01     
   5.000         285.000            1.456e-02           1.456e-02             232.126           2.134e-06              97.204           1.166e+02     
  10.000         285.000            6.009e-02           6.009e-02             193.517           1.671e-06              61.564           2.550e+02     
  15.000         285.000            1.408e-01           1.408e-01             158.475           1.402e-06              21.506           3.162e+02     
  20.000         285.000            2.367e-01           2.367e-01             126.035           1.411e-06             341.067           3.162e+02     
  25.000         285.000            3.128e-01           3.128e-01              93.481           1.503e-06             304.743           3.162e+02     
  30.000         285.000            3.691e-01           3.691e-01              59.082           1.479e-06             272.250           3.162e+02     
  35.000         285.000            4.429e-01           4.429e-01              24.422           1.206e-06             240.488           3.162e+02     
  40.000         285.000            5.418e-01           5.418e-01             353.231           8.249e-07             204.956           3.162e+02     
  45.000         285.000            6.057e-01           6.057e-01             326.709           5.877e-07             160.780           3.162e+02     
  50.000         285.000            5.653e-01           5.653e-01             302.901           6.505e-07             111.853           3.162e+02     
  55.000         285.000            4.276e-01           4.276e-01             278.071           9.879e-07              75.715           3.162e+02     
  60.000         285.000            2.858e-01           2.858e-01             246.588           1.353e-06              51.321           3.162e+02     
  65.000         285.000            2.483e-01           2.483e-01             206.081           1.503e-06              33.437           3.162e+02     
  70.000         285.000            3.633e-01           3.633e-01             170.872           1.343e-06              20.197           3.162e+02     
  75.000         285.000            5.971e-01           5.971e-01             149.579           9.506e-07              10.134           3.162e+02     
  80.000         285.000            8.635e-01           8.635e-01             137.742           4.902e-07               2.940           3.162e+02     
  85.000         285.000            1.069e+00           1.069e+00             131.667           1.331e-07             358.477           3.162e+02     
  90.000         285.000            1.145e+00           1.145e+00             129.781           4.656e-12              77.710           3.162e+02     
  95.000         285.000            1.069e+00           1.069e+00             131.667           1.331e-07             178.478           3.162e+02     
 100.000         285.000            8.635e-01           8.635e-01             137.742           4.902e-07             182.940           3.162e+02     
 105.000         285.000            5.971e-01           5.971e-01             149.579           9.506e-07             190.134           3.162e+02     
 110.000         285.000            3.633e-01           3.633e-01             170.872           1.343e-06             200.197           3.162e+02     
 115.000         285.000            2.483e-01           2.483e-01             206.081           1.503e-06             213.437           3.162e+02     
 120.000         285.000            2.858e-01           2.858e-01             246.588           1.353e-06             231.320           3.162e+02     
 125.000         285.000            4.276e-01           4.276e-01             278.071           9.878e-07             255.714           3.162e+02     
 130.000         285.000            5.653e-01           5.653e-01             302.901           6.505e-07             291.851           3.162e+02     
 135.000         285.000            6.057e-01           6.057e-01             326.709           5.877e-07             340.778           3.162e+02     
 140.000         285.000            5.418e-01           5.418e-01             353.231           8.248e-07              24.954           3.162e+02     
 145.000         285.000            4.429e-01           4.429e-01              24.422           1.206e-06              60.486           3.162e+02     
 150.000         285.000            3.691e-01           3.691e-01              59.082           1.479e-06              92.248           3.162e+02     
 155.000         285.000            3.128e-01           3.128e-01              93.481           1.503e-06             124.741           3.162e+02     
 160.000         285.000            2.367e-01           2.367e-01             126.035           1.411e-06             161.066           3.162e+02     
 165.000         285.000            1.408e-01           1.408e-01             158.475           1.402e-06             201.506           3.162e+02     
 170.000         285.000            6.009e-02           6.009e-02             193.517           1.671e-06             241.566           2.550e+02     
 175.000         285.000            1.456e-02           1.456e-02             232.126           2.134e-06             277.206           1.167e+02     
 180.000         285.000            8.202e-06           5.684e-06             135.499           2.517e-06             309.033           1.920e+01     
   0.000         290.000            8.202e-06           6.313e-06             135.145           1.889e-06             128.055           1.919e+01     
   5.000         290.000            1.448e-02           1.448e-02             230.034           1.578e-06              94.879           1.358e+02     
  10.000         290.000            6.028e-02           6.027e-02             189.257           1.203e-06              56.843           3.032e+02     
  15.000         290.000            1.444e-01           1.444e-01             152.427           1.027e-06              13.576           3.162e+02     
  20.000         290.000            2.470e-01           2.470e-01             118.843           1.107e-06             331.267           3.162e+02     
  25.000         290.000            3.253e-01           3.253e-01              85.492           1.217e-06             294.895           3.162e+02     
  30.000         290.000            3.737e-01           3.737e-01              49.936           1.160e-06             262.421           3.162e+02     
  35.000         290.000            4.394e-01           4.394e-01              13.353           9.113e-07             229.990           3.162e+02     
  40.000         290.000            5.428e-01           5.428e-01             340.310           5.775e-07             191.025           3.162e+02     
  45.000         290.000            6.192e-01           6.192e-01             312.759           4.263e-07             139.538           3.162e+02     
  50.000         290.000            5.827e-01           5.827e-01             288.711           5.914e-07              89.027           3.162e+02     
  55.000         290.000            4.315e-01           4.315e-01             264.232           9.816e-07              55.502           3.162e+02     
  60.000         290.000            2.659e-01           2.659e-01             232.931           1.353e-06              32.642           3.162e+02     
  65.000         290.000            2.068e-01           2.068e-01             189.525           1.492e-06              15.676           3.162e+02     
  70.000         290.000            3.096e-01           3.096e-01             150.330           1.328e-06               2.269           3.162e+02     
  75.000         290.000            5.400e-01           5.400e-01             127.625           9.371e-07             352.309           3.162e+02     
  80.000         290.000            8.075e-01           8.075e-01             115.434           4.829e-07             345.161           3.162e+02     
  85.000         290.000            1.015e+00           1.015e+00             109.262           1.312e-07             340.752           3.162e+02     
  90.000         290.000            1.092e+00           1.092e+00             107.354           2.580e-12              62.894           3.162e+02     
  95.000         290.000            1.015e+00           1.015e+00             109.262           1.312e-07             160.756           3.162e+02     
 100.000         290.000            8.075e-01           8.075e-01             115.434           4.829e-07             165.162           3.162e+02     
 105.000         290.000            5.400e-01           5.400e-01             127.625           9.371e-07             172.310           3.162e+02     
 110.000         290.000            3.096e-01           3.096e-01             150.330           1.328e-06             182.269           3.162e+02     
 115.000         290.000            2.068e-01           2.068e-01             189.525           1.492e-06             195.676           3.162e+02     
 120.000         290.000            2.659e-01           2.659e-01             232.931           1.353e-06             212.642           3.162e+02     
 125.000         290.000            4.315e-01           4.315e-01             264.232           9.816e-07             235.501           3.162e+02     
 130.000         290.000            5.827e-01           5.827e-01             288.711           5.914e-07             269.026           3.162e+02     
 135.000         290.000            6.192e-01           6.192e-01             312.759           4.262e-07             319.536           3.162e+02     
 140.000         290.000            5.428e-01           5.428e-01             340.310           5.775e-07              11.023           3.162e+02     
 145.000         290.000            4.394e-01           4.394e-01              13.353           9.113e-07              49.987           3.162e+02     
 150.000         290.000            3.737e-01           3.737e-01              49.936           1.160e-06              82.418           3.162e+02     
 155.000         290.000            3.253e-01           3.253e-01              85.492           1.217e-06             114.893           3.162e+02     
 160.000         290.000            2.470e-01           2.470e-01             118.843           1.107e-06             151.266           3.162e+02     
 165.000         290.000            1.444e-01           1.444e-01             152.427           1.026e-06             193.577           3.162e+02     
 170.000         290.000            6.028e-02           6.027e-02             189.257           1.203e-06             236.845           3.032e+02     
 175.000         290.000            1.448e-02           1.448e-02             230.034           1.578e-06             274.881           1.358e+02     
 180.000         290.000            8.202e-06           6.313e-06             135.144           1.889e-06             308.057           1.920e+01     
   0.000         295.000            8.202e-06           6.875e-06             134.822           1.327e-06             126.711           1.919e+01     
   5.000         295.000            1.442e-02           1.442e-02             228.276           1.089e-06              92.571           1.648e+02     
  10.000         295.000            6.055e-02           6.054e-02             185.664           8.043e-07              52.184           3.162e+02     
  15.000         295.000            1.481e-01           1.481e-01             147.367           7.079e-07               5.666           3.162e+02     
  20.000         295.000            2.578e-01           2.578e-01             112.922           8.259e-07             322.136           3.162e+02     
  25.000         295.000            3.383e-01           3.383e-01              79.033           9.629e-07             286.459           3.162e+02     
  30.000         295.000            3.787e-01           3.787e-01              42.621           9.007e-07             254.055           3.162e+02     
  35.000         295.000            4.354e-01           4.354e-01               4.390           6.310e-07             219.560           3.162e+02     
  40.000         295.000            5.414e-01           5.414e-01             329.609           3.888e-07             175.781           3.162e+02     
  45.000         295.000            6.310e-01           6.310e-01             300.954           3.494e-07             119.670           3.162e+02     
  50.000         295.000            6.058e-01           6.058e-01             276.392           5.794e-07              72.256           3.162e+02     
  55.000         295.000            4.559e-01           4.559e-01             251.954           9.424e-07              42.404           3.162e+02     
  60.000         295.000            2.809e-01           2.809e-01             221.580           1.262e-06              20.698           3.162e+02     
  65.000         295.000            2.038e-01           2.038e-01             179.292           1.363e-06               4.059           3.162e+02     
  70.000         295.000            2.815e-01           2.815e-01             138.702           1.200e-06             351.071           3.162e+02     
  75.000         295.000            4.822e-01           4.822e-01             114.376           8.451e-07             340.795           3.162e+02     
  80.000         295.000            7.206e-01           7.206e-01             101.291           4.351e-07             333.803           3.162e+02     
  85.000         295.000            9.062e-01           9.062e-01              94.682           1.183e-07             329.534           3.162e+02     
  90.000         295.000            9.756e-01           9.756e-01              92.641           9.530e-13              59.332           3.162e+02     
  95.000         295.000            9.062e-01           9.062e-01              94.682           1.183e-07             149.541           3.162e+02     
 100.000         295.000            7.206e-01           7.206e-01             101.291           4.351e-07             153.806           3.162e+02     
 105.000         295.000            4.822e-01           4.822e-01             114.376           8.451e-07             160.797           3.162e+02     
 110.000         295.000            2.815e-01           2.815e-01             138.702           1.200e-06             171.072           3.162e+02     
 115.000         295.000            2.038e-01           2.038e-01             179.292           1.363e-06             184.060           3.162e+02     
 120.000         295.000            2.809e-01           2.809e-01             221.580           1.262e-06             200.698           3.162e+02     
 125.000         295.000            4.559e-01           4.559e-01             251.954           9.424e-07             222.404           3.162e+02     
 130.000         295.000            6.058e-01           6.058e-01             276.392           5.794e-07             252.255           3.162e+02     
 135.000         295.000            6.310e-01           6.310e-01             300.954           3.494e-07             299.669           3.162e+02     
 140.000         295.000            5.414e-01           5.414e-01             329.609           3.888e-07             355.779           3.162e+02     
 145.000         295.000            4.354e-01           4.354e-01               4.390           6.309e-07              39.558           3.162e+02     
 150.000         295.000            3.787e-01           3.787e-01              42.621           9.006e-07              74.053           3.162e+02     
 155.000         295.000            3.383e-01           3.383e-01              79.033           9.628e-07             106.456           3.162e+02     
 160.000         295.000            2.578e-01           2.578e-01             112.922           8.257e-07             142.134           3.162e+02     
 165.000         295.000            1.481e-01           1.481e-01             147.367           7.077e-07             185.666           3.162e+02     
 170.000         295.000            6.055e-02           6.054e-02             185.664           8.041e-07             232.186           3.162e+02     
 175.000         295.000            1.442e-02           1.442e-02             228.276           1.089e-06             272.573           1.648e+02     
 180.000         295.000            8.202e-06           6.874e-06             134.821           1.327e-06             306.713           1.920e+01     
   0.000         300.000            8.202e-06           7.352e-06             134.523           8.501e-07             124.707           1.919e+01     
   5.000         300.000            1.438e-02           1.438e-02             226.870           6.808e-07              90.095           2.122e+02     
  10.000         300.000            6.083e-02           6.083e-02             182.774           4.817e-07              47.264           3.162e+02     
  15.000         300.000            1.517e-01           1.517e-01             143.302           4.455e-07             357.302           3.162e+02     
  20.000         300.000            2.682e-01           2.682e-01             108.197           5.665e-07             313.269           3.162e+02     
  25.000         300.000            3.520e-01           3.520e-01              73.951           6.880e-07             278.405           3.162e+02     
  30.000         300.000            3.863e-01           3.863e-01              36.998           6.146e-07             246.119           3.162e+02     
  35.000         300.000            4.344e-01           4.344e-01             357.526           4.127e-07             209.307           3.162e+02     
  40.000         300.000            5.415e-01           5.415e-01             321.216           2.658e-07             158.708           3.162e+02     
  45.000         300.000            6.449e-01           6.449e-01             291.394           3.188e-07             104.734           3.162e+02     
  50.000         300.000            6.404e-01           6.404e-01             266.075           5.520e-07              64.423           3.162e+02     
  55.000         300.000            5.085e-01           5.085e-01             241.459           8.409e-07              36.050           3.162e+02     
  60.000         300.000            3.390e-01           3.390e-01             212.672           1.041e-06              15.216           3.162e+02     
  65.000         300.000            2.459e-01           2.459e-01             175.405           1.071e-06             358.599           3.162e+02     
  70.000         300.000            2.831e-01           2.831e-01             137.447           9.187e-07             345.451           3.162e+02     
  75.000         300.000            4.261e-01           4.261e-01             111.630           6.380e-07             335.437           3.162e+02     
  80.000         300.000            6.050e-01           6.050e-01              96.938           3.268e-07             328.378           3.162e+02     
  85.000         300.000            7.462e-01           7.462e-01              89.410           8.868e-08             324.151           3.162e+02     
  90.000         300.000            7.992e-01           7.992e-01              87.079           1.908e-13              82.310           3.162e+02     
  95.000         300.000            7.462e-01           7.462e-01              89.410           8.870e-08             144.162           3.162e+02     
 100.000         300.000            6.050e-01           6.050e-01              96.938           3.268e-07             148.383           3.162e+02     
 105.000         300.000            4.261e-01           4.261e-01             111.630           6.380e-07             155.440           3.162e+02     
 110.000         300.000            2.831e-01           2.831e-01             137.447           9.187e-07             165.453           3.162e+02     
 115.000         300.000            2.459e-01           2.459e-01             175.405           1.071e-06             178.600           3.162e+02     
 120.000         300.000            3.390e-01           3.390e-01             212.672           1.041e-06             195.216           3.162e+02     
 125.000         300.000            5.085e-01           5.085e-01             241.459           8.409e-07             216.050           3.162e+02     
 130.000         300.000            6.404e-01           6.404e-01             266.075           5.520e-07             244.423           3.162e+02     
 135.000         300.000            6.449e-01           6.449e-01             291.394           3.188e-07             284.733           3.162e+02     
 140.000         300.000            5.415e-01           5.415e-01             321.216           2.658e-07             338.706           3.162e+02     
 145.000         300.000            4.344e-01           4.344e-01             357.526           4.126e-07              29.304           3.162e+02     
 150.000         300.000            3.863e-01           3.863e-01              36.998           6.146e-07              66.117           3.162e+02     
 155.000         300.000            3.520e-01           3.520e-01              73.951           6.879e-07              98.403           3.162e+02     
 160.000         300.000            2.682e-01           2.682e-01             108.197           5.664e-07             133.267           3.162e+02     
 165.000         300.000            1.517e-01           1.517e-01             143.302           4.454e-07             177.302           3.162e+02     
 170.000         300.000            6.083e-02           6.083e-02             182.774           4.816e-07             227.266           3.162e+02     
 175.000         300.000            1.438e-02           1.438e-02             226.870           6.807e-07             270.097           2.122e+02     
 180.000         300.000            8.202e-06           7.351e-06             134.522           8.501e-07             304.710           1.920e+01     
   0.000         305.000            8.202e-06           7.730e-06             134.240           4.718e-07             121.345           1.919e+01     
   5.000         305.000            1.436e-02           1.436e-02             225.831           3.622e-07              86.963           3.027e+02     
  10.000         305.000            6.107e-02           6.107e-02             180.616           2.399e-07              41.138           3.162e+02     
  15.000         305.000            1.547e-01           1.547e-01             140.226           2.421e-07             347.091           3.162e+02     
  20.000         305.000            2.777e-01           2.777e-01             104.598           3.748e-07             303.663           3.162e+02     
  25.000         305.000            3.667e-01           3.667e-01              70.111           4.530e-07             270.603           3.162e+02     
  30.000         305.000            3.990e-01           3.990e-01              32.931           3.599e-07             237.741           3.162e+02     
  35.000         305.000            4.414e-01           4.414e-01             352.801           2.305e-07             195.845           3.162e+02     
  40.000         305.000            5.487e-01           5.487e-01             315.418           1.984e-07             140.894           3.162e+02     
  45.000         305.000            6.656e-01           6.656e-01             284.592           3.172e-07              94.333           3.162e+02     
  50.000         305.000            6.870e-01           6.870e-01             258.564           5.012e-07              62.032           3.162e+02     
  55.000         305.000            5.846e-01           5.846e-01             233.899           6.538e-07              37.518           3.162e+02     
  60.000         305.000            4.318e-01           4.318e-01             207.055           7.172e-07              16.641           3.162e+02     
  65.000         305.000            3.275e-01           3.275e-01             175.640           6.670e-07               0.350           3.162e+02     
  70.000         305.000            3.204e-01           3.204e-01             143.245           5.422e-07             346.704           3.162e+02     
  75.000         305.000            3.957e-01           3.957e-01             117.926           3.648e-07             336.208           3.162e+02     
  80.000         305.000            5.033e-01           5.033e-01             101.907           1.837e-07             328.814           3.162e+02     
  85.000         305.000            5.913e-01           5.913e-01              93.330           4.945e-08             324.434           3.162e+02     
  90.000         305.000            6.246e-01           6.246e-01              90.637           1.045e-13             153.861           3.162e+02     
  95.000         305.000            5.913e-01           5.913e-01              93.330           4.947e-08             144.452           3.162e+02     
 100.000         305.000            5.033e-01           5.033e-01             101.907           1.837e-07             148.823           3.162e+02     
 105.000         305.000            3.957e-01           3.957e-01             117.926           3.648e-07             156.213           3.162e+02     
 110.000         305.000            3.204e-01           3.204e-01             143.245           5.423e-07             166.708           3.162e+02     
 115.000         305.000            3.275e-01           3.275e-01             175.640           6.671e-07             180.353           3.162e+02     
 120.000         305.000            4.318e-01           4.318e-01             207.055           7.172e-07             196.642           3.162e+02     
 125.000         305.000            5.846e-01           5.846e-01             233.899           6.539e-07             217.519           3.162e+02     
 130.000         305.000            6.870e-01           6.870e-01             258.564           5.012e-07             242.032           3.162e+02     
 135.000         305.000            6.656e-01           6.656e-01             284.592           3.172e-07             274.332           3.162e+02     
 140.000         305.000            5.487e-01           5.487e-01             315.418           1.984e-07             320.892           3.162e+02     
 145.000         305.000            4.414e-01           4.414e-01             352.801           2.304e-07              15.842           3.162e+02     
 150.000         305.000            3.990e-01           3.990e-01              32.931           3.599e-07              57.738           3.162e+02     
 155.000         305.000            3.667e-01           3.667e-01              70.111           4.529e-07              90.601           3.162e+02     
 160.000         305.000            2.777e-01           2.777e-01             104.598           3.747e-07             123.661           3.162e+02     
 165.000         305.000            1.547e-01           1.547e-01             140.226           2.420e-07             167.090           3.162e+02     
 170.000         305.000            6.107e-02           6.107e-02             180.616           2.399e-07             221.141           3.162e+02     
 175.000         305.000            1.436e-02           1.436e-02             225.831           3.622e-07             266.967           3.027e+02     
 180.000         305.000            8.202e-06           7.730e-06             134.240           4.717e-07             301.348           1.920e+01     
   0.000         310.000            8.202e-06           7.998e-06             133.970           2.037e-07             114.462           1.919e+01     
   5.000         310.000            1.436e-02           1.436e-02             225.169           1.418e-07              81.487           3.162e+02     
  10.000         310.000            6.123e-02           6.123e-02             179.211           8.300e-08              30.062           3.162e+02     
  15.000         310.000            1.568e-01           1.568e-01             138.138           1.039e-07             330.373           3.162e+02     
  20.000         310.000            2.857e-01           2.857e-01             102.072           2.010e-07             290.574           3.162e+02     
  25.000         310.000            3.826e-01           3.826e-01              67.413           2.348e-07             260.297           3.162e+02     
  30.000         310.000            4.194e-01           4.194e-01              30.308           1.634e-07             225.226           3.162e+02     
  35.000         310.000            4.614e-01           4.614e-01             350.252           1.193e-07             176.619           3.162e+02     
  40.000         310.000            5.689e-01           5.689e-01             312.556           1.750e-07             123.745           3.162e+02     
  45.000         310.000            6.947e-01           6.947e-01             281.196           3.114e-07              88.284           3.162e+02     
  50.000         310.000            7.373e-01           7.373e-01             254.795           4.266e-07              65.252           3.162e+02     
  55.000         310.000            6.617e-01           6.617e-01             230.380           4.546e-07              46.797           3.162e+02     
  60.000         310.000            5.261e-01           5.261e-01             205.324           4.125e-07              29.643           3.162e+02     
  65.000         310.000            4.145e-01           4.145e-01             178.245           3.248e-07              12.993           3.162e+02     
  70.000         310.000            3.716e-01           3.716e-01             150.894           2.268e-07             359.704           3.162e+02     
  75.000         310.000            3.913e-01           3.913e-01             127.801           1.366e-07             348.713           3.162e+02     
  80.000         310.000            4.407e-01           4.407e-01             111.738           6.410e-08             340.625           3.162e+02     
  85.000         310.000            4.853e-01           4.853e-01             102.631           1.662e-08             335.758           3.162e+02     
  90.000         310.000            5.027e-01           5.027e-01              99.705           1.636e-13             198.290           3.162e+02     
  95.000         310.000            4.853e-01           4.853e-01             102.631           1.664e-08             155.785           3.162e+02     
 100.000         310.000            4.407e-01           4.407e-01             111.738           6.413e-08             160.637           3.162e+02     
 105.000         310.000            3.913e-01           3.913e-01             127.801           1.366e-07             168.720           3.162e+02     
 110.000         310.000            3.716e-01           3.716e-01             150.894           2.268e-07             179.708           3.162e+02     
 115.000         310.000            4.145e-01           4.145e-01             178.245           3.249e-07             192.996           3.162e+02     
 120.000         310.000            5.261e-01           5.261e-01             205.324           4.125e-07             209.644           3.162e+02     
 125.000         310.000            6.617e-01           6.617e-01             230.380           4.546e-07             226.798           3.162e+02     
 130.000         310.000            7.373e-01           7.373e-01             254.795           4.266e-07             245.251           3.162e+02     
 135.000         310.000            6.947e-01           6.947e-01             281.196           3.115e-07             268.283           3.162e+02     
 140.000         310.000            5.689e-01           5.689e-01             312.556           1.750e-07             303.743           3.162e+02     
 145.000         310.000            4.614e-01           4.614e-01             350.252           1.193e-07             356.615           3.162e+02     
 150.000         310.000            4.194e-01           4.194e-01              30.308           1.634e-07              45.224           3.162e+02     
 155.000         310.000            3.826e-01           3.826e-01              67.413           2.348e-07              80.295           3.162e+02     
 160.000         310.000            2.857e-01           2.857e-01             102.072           2.009e-07             110.571           3.162e+02     
 165.000         310.000            1.568e-01           1.568e-01             138.138           1.038e-07             150.370           3.162e+02     
 170.000         310.000            6.123e-02           6.123e-02             179.211           8.297e-08             210.064           3.162e+02     
 175.000         310.000            1.436e-02           1.436e-02             225.169           1.417e-07             261.492           3.162e+02     
 180.000         310.000            8.202e-06           7.998e-06             133.969           2.036e-07             294.467           1.920e+01     
   0.000         315.000            8.202e-06           8.148e-06             133.706           5.396e-08              93.709           1.919e+01     
   5.000         315.000            1.437e-02           1.437e-02             224.890           2.527e-08              62.498           3.162e+02     
  10.000         315.000            6.127e-02           6.127e-02             178.575           1.470e-08             347.191           3.162e+02     
  15.000         315.000            1.578e-01           1.578e-01             137.044           4.637e-08             294.472           3.162e+02     
  20.000         315.000            2.918e-01           2.918e-01             100.603           9.181e-08             266.261           3.162e+02     
  25.000         315.000            3.994e-01           3.994e-01              65.814           9.131e-08             239.594           3.162e+02     
  30.000         315.000            4.485e-01           4.485e-01              29.055           5.520e-08             197.900           3.162e+02     
  35.000         315.000            4.980e-01           4.980e-01             349.826           7.654e-08             141.012           3.162e+02     
  40.000         315.000            6.068e-01           6.068e-01             312.761           1.724e-07             105.720           3.162e+02     
  45.000         315.000            7.331e-01           7.331e-01             281.566           2.888e-07              86.497           3.162e+02     
  50.000         315.000            7.812e-01           7.812e-01             255.283           3.477e-07              73.409           3.162e+02     
  55.000         315.000            7.137e-01           7.137e-01             231.385           3.273e-07              64.293           3.162e+02     
  60.000         315.000            5.795e-01           5.795e-01             207.702           2.528e-07              56.908           3.162e+02     
  65.000         315.000            4.548e-01           4.548e-01             183.066           1.668e-07              50.852           3.162e+02     
  70.000         315.000            3.835e-01           3.835e-01             158.348           9.588e-08              45.916           3.162e+02     
  75.000         315.000            3.659e-01           3.659e-01             136.595           4.760e-08              42.014           3.162e+02     
  80.000         315.000            3.794e-01           3.794e-01             120.580           1.852e-08              38.747           3.162e+02     
  85.000         315.000            3.985e-01           3.985e-01             111.128           4.324e-09              37.112           3.162e+02     
  90.000         315.000            4.067e-01           4.067e-01             108.035           2.087e-13             239.052           3.162e+02     
  95.000         315.000            3.985e-01           3.985e-01             111.128           4.335e-09             217.074           3.162e+02     
 100.000         315.000            3.794e-01           3.794e-01             120.580           1.854e-08             218.729           3.162e+02     
 105.000         315.000            3.659e-01           3.659e-01             136.595           4.763e-08             222.004           3.162e+02     
 110.000         315.000            3.835e-01           3.835e-01             158.348           9.593e-08             225.910           3.162e+02     
 115.000         315.000            4.548e-01           4.548e-01             183.066           1.668e-07             230.848           3.162e+02     
 120.000         315.000            5.795e-01           5.795e-01             207.702           2.529e-07             236.905           3.162e+02     
 125.000         315.000            7.137e-01           7.137e-01             231.385           3.274e-07             244.292           3.162e+02     
 130.000         315.000            7.812e-01           7.812e-01             255.283           3.477e-07             253.408           3.162e+02     
 135.000         315.000            7.331e-01           7.331e-01             281.566           2.888e-07             266.495           3.162e+02     
 140.000         315.000            6.068e-01           6.068e-01             312.761           1.724e-07             285.717           3.162e+02     
 145.000         315.000            4.980e-01           4.980e-01             349.826           7.654e-08             321.007           3.162e+02     
 150.000         315.000            4.485e-01           4.485e-01              29.055           5.519e-08              17.895           3.162e+02     
 155.000         315.000            3.994e-01           3.994e-01              65.814           9.129e-08              59.591           3.162e+02     
 160.000         315.000            2.918e-01           2.918e-01             100.603           9.180e-08              86.257           3.162e+02     
 165.000         315.000            1.578e-01           1.578e-01             137.044           4.636e-08             114.463           3.162e+02     
 170.000         315.000            6.127e-02           6.127e-02             178.575           1.469e-08             167.179           3.162e+02     
 175.000         315.000            1.437e-02           1.437e-02             224.890           2.525e-08             242.504           3.162e+02     
 180.000         315.000            8.202e-06           8.148e-06             133.706           5.394e-08             273.715           1.920e+01     
   0.000         320.000            8.202e-06           8.175e-06             133.445           2.724e-08              18.029           1.919e+01     
   5.000         320.000            1.440e-02           1.440e-02             224.998           1.619e-08             313.936           3.162e+02     
  10.000         320.000            6.120e-02           6.120e-02             178.719           3.844e-08             264.618           3.162e+02     
  15.000         320.000            1.577e-01           1.577e-01             136.960           6.910e-08             244.552           3.162e+02     
  20.000         320.000            2.953e-01           2.953e-01             100.206           6.884e-08             220.657           3.162e+02     
  25.000         320.000            4.161e-01           4.161e-01              65.328           5.043e-08             188.070           3.162e+02     
  30.000         320.000            4.859e-01           4.859e-01              29.141           4.996e-08             141.962           3.162e+02     
  35.000         320.000            5.522e-01           5.522e-01             351.353           1.111e-07             103.915           3.162e+02     
  40.000         320.000            6.648e-01           6.648e-01             315.777           1.921e-07              89.261           3.162e+02     
  45.000         320.000            7.834e-01           7.834e-01             285.489           2.476e-07              84.830           3.162e+02     
  50.000         320.000            8.181e-01           8.181e-01             259.848           2.756e-07              85.233           3.162e+02     
  55.000         320.000            7.337e-01           7.337e-01             236.739           2.718e-07              87.285           3.162e+02     
  60.000         320.000            5.784e-01           5.784e-01             214.142           2.610e-07              92.147           3.162e+02     
  65.000         320.000            4.282e-01           4.282e-01             190.618           2.429e-07              95.617           3.162e+02     
  70.000         320.000            3.304e-01           3.304e-01             166.192           1.946e-07              96.707           3.162e+02     
  75.000         320.000            2.898e-01           2.898e-01             143.392           1.304e-07              96.718           3.162e+02     
  80.000         320.000            2.864e-01           2.864e-01             125.757           6.547e-08              96.225           3.162e+02     
  85.000         320.000            2.957e-01           2.957e-01             115.099           1.762e-08              95.727           3.162e+02     
  90.000         320.000            3.007e-01           3.007e-01             111.586           3.427e-13             271.477           3.162e+02     
  95.000         320.000            2.957e-01           2.957e-01             115.099           1.762e-08             275.692           3.162e+02     
 100.000         320.000            2.864e-01           2.864e-01             125.757           6.547e-08             276.207           3.162e+02     
 105.000         320.000            2.898e-01           2.898e-01             143.392           1.304e-07             276.706           3.162e+02     
 110.000         320.000            3.304e-01           3.304e-01             166.192           1.946e-07             276.698           3.162e+02     
 115.000         320.000            4.282e-01           4.282e-01             190.618           2.429e-07             275.610           3.162e+02     
 120.000         320.000            5.784e-01           5.784e-01             214.142           2.610e-07             272.141           3.162e+02     
 125.000         320.000            7.337e-01           7.337e-01             236.739           2.718e-07             267.281           3.162e+02     
 130.000         320.000            8.181e-01           8.181e-01             259.848           2.756e-07             265.230           3.162e+02     
 135.000         320.000            7.834e-01           7.834e-01             285.489           2.476e-07             264.828           3.162e+02     
 140.000         320.000            6.648e-01           6.648e-01             315.777           1.921e-07             269.259           3.162e+02     
 145.000         320.000            5.522e-01           5.522e-01             351.353           1.111e-07             283.912           3.162e+02     
 150.000         320.000            4.859e-01           4.859e-01              29.141           4.996e-08             321.957           3.162e+02     
 155.000         320.000            4.161e-01           4.161e-01              65.328           5.042e-08               8.066           3.162e+02     
 160.000         320.000            2.953e-01           2.953e-01             100.206           6.884e-08              40.653           3.162e+02     
 165.000         320.000            1.577e-01           1.577e-01             136.960           6.910e-08              64.546           3.162e+02     
 170.000         320.000            6.120e-02           6.120e-02             178.719           3.845e-08              84.607           3.162e+02     
 175.000         320.000            1.440e-02           1.440e-02             224.998           1.619e-08             133.913           3.162e+02     
 180.000         320.000            8.202e-06           8.174e-06             133.445           2.722e-08             198.017           1.920e+01     
   0.000         325.000            8.202e-06           8.078e-06             133.183           1.243e-07             338.355           1.919e+01     
   5.000         325.000            1.445e-02           1.445e-02             225.489           1.158e-07             287.787           3.162e+02     
  10.000         325.000            6.105e-02           6.105e-02             179.650           1.570e-07             247.071           3.162e+02     
  15.000         325.000            1.563e-01           1.563e-01             137.922           1.768e-07             218.608           3.162e+02     
  20.000         325.000            2.960e-01           2.960e-01             100.939           1.515e-07             185.853           3.162e+02     
  25.000         325.000            4.311e-01           4.311e-01              66.025           1.234e-07             147.501           3.162e+02     
  30.000         325.000            5.283e-01           5.283e-01              30.584           1.546e-07             109.649           3.162e+02     
  35.000         325.000            6.204e-01           6.204e-01             354.603           2.089e-07              86.120           3.162e+02     
  40.000         325.000            7.415e-01           7.415e-01             321.054           2.310e-07              75.335           3.162e+02     
  45.000         325.000            8.478e-01           8.478e-01             292.214           1.989e-07              79.952           3.162e+02     
  50.000         325.000            8.560e-01           8.560e-01             267.618           1.922e-07              96.700           3.162e+02     
  55.000         325.000            7.382e-01           7.382e-01             245.504           2.644e-07             112.771           3.162e+02     
  60.000         325.000            5.482e-01           5.482e-01             223.906           3.922e-07             119.640           3.162e+02     
  65.000         325.000            3.679e-01           3.679e-01             200.844           4.530e-07             119.954           3.162e+02     
  70.000         325.000            2.496e-01           2.496e-01             175.054           4.371e-07             118.161           3.162e+02     
  75.000         325.000            1.999e-01           1.999e-01             148.567           3.258e-07             115.560           3.162e+02     
  80.000         325.000            1.962e-01           1.962e-01             127.025           1.736e-07             113.184           3.162e+02     
  85.000         325.000            2.086e-01           2.086e-01             114.055           4.812e-08             111.577           3.162e+02     
  90.000         325.000            2.153e-01           2.153e-01             109.844           4.483e-13             286.773           3.162e+02     
  95.000         325.000            2.086e-01           2.086e-01             114.055           4.810e-08             291.564           3.162e+02     
 100.000         325.000            1.962e-01           1.962e-01             127.025           1.735e-07             293.177           3.162e+02     
 105.000         325.000            1.999e-01           1.999e-01             148.567           3.257e-07             295.554           3.162e+02     
 110.000         325.000            2.496e-01           2.496e-01             175.054           4.371e-07             298.156           3.162e+02     
 115.000         325.000            3.679e-01           3.679e-01             200.844           4.529e-07             299.949           3.162e+02     
 120.000         325.000            5.482e-01           5.482e-01             223.906           3.922e-07             299.635           3.162e+02     
 125.000         325.000            7.382e-01           7.382e-01             245.504           2.644e-07             292.766           3.162e+02     
 130.000         325.000            8.560e-01           8.560e-01             267.618           1.922e-07             276.696           3.162e+02     
 135.000         325.000            8.478e-01           8.478e-01             292.214           1.989e-07             259.951           3.162e+02     
 140.000         325.000            7.415e-01           7.415e-01             321.054           2.311e-07             255.334           3.162e+02     
 145.000         325.000            6.204e-01           6.204e-01             354.603           2.089e-07             266.118           3.162e+02     
 150.000         325.000            5.283e-01           5.283e-01              30.584           1.546e-07             289.647           3.162e+02     
 155.000         325.000            4.311e-01           4.311e-01              66.025           1.234e-07             327.499           3.162e+02     
 160.000         325.000            2.960e-01           2.960e-01             100.939           1.514e-07               5.852           3.162e+02     
 165.000         325.000            1.563e-01           1.563e-01             137.922           1.768e-07              38.606           3.162e+02     
 170.000         325.000            6.105e-02           6.105e-02             179.650           1.570e-07              67.067           3.162e+02     
 175.000         325.000            1.445e-02           1.445e-02             225.489           1.158e-07             107.779           3.162e+02     
 180.000         325.000            8.202e-06           8.077e-06             133.183           1.243e-07             158.347           1.920e+01     
   0.000         330.000            8.202e-06           7.860e-06             132.916           3.422e-07             327.979           1.919e+01     
   5.000         330.000            1.451e-02           1.451e-02             226.358           3.230e-07             282.592           2.550e+02     
  10.000         330.000            6.085e-02           6.085e-02             181.368           3.722e-07             242.333           3.162e+02     
  15.000         330.000            1.540e-01           1.540e-01             139.970           3.865e-07             209.031           3.162e+02     
  20.000         330.000            2.935e-01           2.935e-01             102.888           3.483e-07             175.424           3.162e+02     
  25.000         330.000            4.419e-01           4.419e-01              68.023           3.334e-07             135.134           3.162e+02     
  30.000         330.000            5.701e-01           5.701e-01              33.452           3.767e-07             101.274           3.162e+02     
  35.000         330.000            6.945e-01           6.945e-01             359.399           3.984e-07              77.364           3.162e+02     
  40.000         330.000            8.280e-01           8.280e-01             328.030           2.946e-07              65.132           3.162e+02     
  45.000         330.000            9.208e-01           9.208e-01             300.826           1.554e-07              68.041           3.162e+02     
  50.000         330.000            8.980e-01           8.980e-01             277.346           9.598e-08             107.590           3.162e+02     
  55.000         330.000            7.438e-01           7.438e-01             256.100           2.452e-07             136.953           3.162e+02     
  60.000         330.000            5.211e-01           5.211e-01             235.141           4.997e-07             140.405           3.162e+02     
  65.000         330.000            3.190e-01           3.190e-01             211.919           6.914e-07             137.222           3.162e+02     
  70.000         330.000            1.936e-01           1.936e-01             183.677           7.032e-07             132.509           3.162e+02     
  75.000         330.000            1.503e-01           1.503e-01             152.148           5.385e-07             127.970           3.162e+02     
  80.000         330.000            1.600e-01           1.600e-01             126.684           2.912e-07             124.354           3.162e+02     
  85.000         330.000            1.850e-01           1.850e-01             112.310           8.193e-08             121.732           3.162e+02     
  90.000         330.000            1.967e-01           1.967e-01             107.840           3.809e-13             288.730           3.162e+02     
  95.000         330.000            1.850e-01           1.850e-01             112.310           8.190e-08             301.728           3.162e+02     
 100.000         330.000            1.600e-01           1.600e-01             126.684           2.911e-07             304.352           3.162e+02     
 105.000         330.000            1.503e-01           1.503e-01             152.148           5.384e-07             307.968           3.162e+02     
 110.000         330.000            1.936e-01           1.936e-01             183.677           7.031e-07             312.507           3.162e+02     
 115.000         330.000            3.190e-01           3.190e-01             211.919           6.913e-07             317.219           3.162e+02     
 120.000         330.000            5.211e-01           5.211e-01             235.141           4.997e-07             320.402           3.162e+02     
 125.000         330.000            7.438e-01           7.438e-01             256.100           2.452e-07             316.948           3.162e+02     
 130.000         330.000            8.980e-01           8.980e-01             277.346           9.600e-08             287.585           3.162e+02     
 135.000         330.000            9.208e-01           9.208e-01             300.826           1.554e-07             248.042           3.162e+02     
 140.000         330.000            8.280e-01           8.280e-01             328.030           2.946e-07             245.132           3.162e+02     
 145.000         330.000            6.945e-01           6.945e-01             359.399           3.984e-07             257.363           3.162e+02     
 150.000         330.000            5.701e-01           5.701e-01              33.452           3.767e-07             281.272           3.162e+02     
 155.000         330.000            4.419e-01           4.419e-01              68.023           3.333e-07             315.133           3.162e+02     
 160.000         330.000            2.935e-01           2.935e-01             102.888           3.483e-07             355.424           3.162e+02     
 165.000         330.000            1.540e-01           1.540e-01             139.970           3.865e-07              29.031           3.162e+02     
 170.000         330.000            6.085e-02           6.085e-02             181.368           3.722e-07              62.331           3.162e+02     
 175.000         330.000            1.451e-02           1.451e-02             226.359           3.230e-07             102.588           2.550e+02     
 180.000         330.000            8.202e-06           7.859e-06             132.916           3.422e-07             147.974           1.920e+01     
   0.000         335.000            8.202e-06           7.528e-06             132.640           6.743e-07             323.544           1.919e+01     
   5.000         335.000            1.461e-02           1.461e-02             227.594           6.343e-07             280.967           1.891e+02     
  10.000         335.000            6.068e-02           6.068e-02             183.862           6.843e-07             241.209           3.162e+02     
  15.000         335.000            1.509e-01           1.509e-01             143.150           7.027e-07             205.972           3.162e+02     
  20.000         335.000            2.877e-01           2.877e-01             106.174           6.764e-07             170.738           3.162e+02     
  25.000         335.000            4.465e-01           4.465e-01              71.477           6.781e-07             132.974           3.162e+02     
  30.000         335.000            6.044e-01           6.044e-01              37.857           7.136e-07             100.757           3.162e+02     
  35.000         335.000            7.624e-01           7.624e-01               5.694           6.514e-07              75.136           3.162e+02     
  40.000         335.000            9.092e-01           9.092e-01             336.399           4.286e-07              57.161           3.162e+02     
  45.000         335.000            9.872e-01           9.872e-01             310.717           1.338e-07              49.521           3.162e+02     
  50.000         335.000            9.334e-01           9.334e-01             288.095           1.840e-08             127.111           3.162e+02     
  55.000         335.000            7.480e-01           7.480e-01             267.137           2.021e-07             166.531           3.162e+02     
  60.000         335.000            5.055e-01           5.055e-01             245.783           5.321e-07             162.507           3.162e+02     
  65.000         335.000            2.997e-01           2.997e-01             220.942           8.117e-07             155.204           3.162e+02     
  70.000         335.000            1.863e-01           1.863e-01             189.442           8.585e-07             148.049           3.162e+02     
  75.000         335.000            1.655e-01           1.655e-01             155.646           6.739e-07             141.634           3.162e+02     
  80.000         335.000            2.002e-01           2.002e-01             131.094           3.673e-07             136.997           3.162e+02     
  85.000         335.000            2.443e-01           2.443e-01             118.155           1.029e-07             134.080           3.162e+02     
  90.000         335.000            2.632e-01           2.632e-01             114.220           2.983e-13             276.552           3.162e+02     
  95.000         335.000            2.443e-01           2.443e-01             118.155           1.029e-07             314.081           3.162e+02     
 100.000         335.000            2.002e-01           2.002e-01             131.094           3.673e-07             316.997           3.162e+02     
 105.000         335.000            1.655e-01           1.655e-01             155.646           6.738e-07             321.634           3.162e+02     
 110.000         335.000            1.863e-01           1.863e-01             189.442           8.584e-07             328.049           3.162e+02     
 115.000         335.000            2.997e-01           2.997e-01             220.942           8.116e-07             335.202           3.162e+02     
 120.000         335.000            5.055e-01           5.055e-01             245.783           5.321e-07             342.505           3.162e+02     
 125.000         335.000            7.480e-01           7.480e-01             267.137           2.021e-07             346.527           3.162e+02     
 130.000         335.000            9.334e-01           9.334e-01             288.095           1.841e-08             307.103           3.162e+02     
 135.000         335.000            9.872e-01           9.872e-01             310.717           1.338e-07             229.523           3.162e+02     
 140.000         335.000            9.092e-01           9.092e-01             336.399           4.286e-07             237.162           3.162e+02     
 145.000         335.000            7.624e-01           7.624e-01               5.694           6.514e-07             255.136           3.162e+02     
 150.000         335.000            6.044e-01           6.044e-01              37.857           7.136e-07             280.756           3.162e+02     
 155.000         335.000            4.465e-01           4.465e-01              71.477           6.781e-07             312.973           3.162e+02     
 160.000         335.000            2.877e-01           2.877e-01             106.174           6.763e-07             350.738           3.162e+02     
 165.000         335.000            1.509e-01           1.509e-01             143.150           7.027e-07              25.972           3.162e+02     
 170.000         335.000            6.068e-02           6.068e-02             183.862           6.843e-07              61.208           3.162e+02     
 175.000         335.000            1.461e-02           1.461e-02             227.594           6.343e-07             100.964           1.891e+02     
 180.000         335.000            8.202e-06           7.527e-06             132.639           6.742e-07             143.540           1.920e+01     
   0.000         340.000            8.202e-06           7.092e-06             132.348           1.110e-06             321.084           1.919e+01     
   5.000         340.000            1.472e-02           1.472e-02             229.181           1.044e-06             280.712           1.517e+02     
  10.000         340.000            6.062e-02           6.062e-02             187.109           1.092e-06             241.857           2.885e+02     
  15.000         340.000            1.476e-01           1.476e-01             147.501           1.127e-06             206.219           3.162e+02     
  20.000         340.000            2.793e-01           2.793e-01             110.927           1.132e-06             171.164           3.162e+02     
  25.000         340.000            4.433e-01           4.433e-01              76.569           1.119e-06             136.779           3.162e+02     
  30.000         340.000            6.251e-01           6.251e-01              43.959           1.102e-06             105.321           3.162e+02     
  35.000         340.000            8.121e-01           8.121e-01              13.575           1.009e-06              77.237           3.162e+02     
  40.000         340.000            9.689e-01           9.689e-01             346.167           6.419e-07              54.136           3.162e+02     
  45.000         340.000            1.030e+00           1.030e+00             321.811           2.117e-07              30.182           3.162e+02     
  50.000         340.000            9.458e-01           9.458e-01             299.707           1.132e-08             304.785           3.162e+02     
  55.000         340.000            7.383e-01           7.383e-01             278.339           1.762e-07             209.007           3.162e+02     
  60.000         340.000            4.940e-01           4.940e-01             255.342           5.515e-07             190.426           3.162e+02     
  65.000         340.000            3.085e-01           3.085e-01             227.374           8.617e-07             177.940           3.162e+02     
  70.000         340.000            2.317e-01           2.317e-01             193.551           9.241e-07             167.774           3.162e+02     
  75.000         340.000            2.543e-01           2.543e-01             162.603           7.232e-07             160.058           3.162e+02     
  80.000         340.000            3.292e-01           3.292e-01             142.447           3.959e-07             154.408           3.162e+02     
  85.000         340.000            4.013e-01           4.013e-01             131.982           1.112e-07             150.911           3.162e+02     
  90.000         340.000            4.301e-01           4.301e-01             128.772           4.367e-13             265.227           3.162e+02     
  95.000         340.000            4.013e-01           4.013e-01             131.982           1.111e-07             330.915           3.162e+02     
 100.000         340.000            3.292e-01           3.292e-01             142.447           3.958e-07             334.410           3.162e+02     
 105.000         340.000            2.543e-01           2.543e-01             162.603           7.230e-07             340.059           3.162e+02     
 110.000         340.000            2.317e-01           2.317e-01             193.551           9.240e-07             347.775           3.162e+02     
 115.000         340.000            3.085e-01           3.085e-01             227.374           8.616e-07             357.940           3.162e+02     
 120.000         340.000            4.940e-01           4.940e-01             255.342           5.514e-07              10.426           3.162e+02     
 125.000         340.000            7.383e-01           7.383e-01             278.339           1.762e-07              29.005           3.162e+02     
 130.000         340.000            9.458e-01           9.458e-01             299.707           1.131e-08             124.789           3.162e+02     
 135.000         340.000            1.030e+00           1.030e+00             321.811           2.117e-07             210.185           3.162e+02     
 140.000         340.000            9.689e-01           9.689e-01             346.167           6.419e-07             234.137           3.162e+02     
 145.000         340.000            8.121e-01           8.121e-01              13.575           1.009e-06             257.237           3.162e+02     
 150.000         340.000            6.251e-01           6.251e-01              43.959           1.102e-06             285.321           3.162e+02     
 155.000         340.000            4.433e-01           4.433e-01              76.569           1.119e-06             316.778           3.162e+02     
 160.000         340.000            2.793e-01           2.793e-01             110.927           1.132e-06             351.164           3.162e+02     
 165.000         340.000            1.476e-01           1.476e-01             147.501           1.127e-06              26.219           3.162e+02     
 170.000         340.000            6.062e-02           6.062e-02             187.109           1.092e-06              61.856           2.886e+02     
 175.000         340.000            1.472e-02           1.472e-02             229.181           1.044e-06             100.710           1.517e+02     
 180.000         340.000            8.202e-06           7.091e-06             132.348           1.110e-06             141.081           1.920e+01     
   0.000         345.000            8.202e-06           6.564e-06             132.036           1.638e-06             319.505           1.919e+01     
   5.000         345.000            1.487e-02           1.486e-02             231.100           1.542e-06             281.221           1.279e+02     
  10.000         345.000            6.078e-02           6.077e-02             191.070           1.591e-06             243.662           2.461e+02     
  15.000         345.000            1.446e-01           1.446e-01             153.034           1.658e-06             208.550           3.162e+02     
  20.000         345.000            2.695e-01           2.695e-01             117.278           1.708e-06             174.526           3.162e+02     
  25.000         345.000            4.327e-01           4.327e-01              83.505           1.711e-06             141.656           3.162e+02     
  30.000         345.000            6.287e-01           6.287e-01              51.962           1.660e-06             111.022           3.162e+02     
  35.000         345.000            8.358e-01           8.358e-01              23.243           1.395e-06              83.159           3.162e+02     
  40.000         345.000            9.976e-01           9.976e-01             357.571           9.059e-07              56.467           3.162e+02     
  45.000         345.000            1.041e+00           1.041e+00             334.447           4.236e-07              24.356           3.162e+02     
  50.000         345.000            9.310e-01           9.310e-01             312.734           1.448e-07             324.051           3.162e+02     
  55.000         345.000            7.116e-01           7.116e-01             290.633           2.739e-07             254.497           3.162e+02     
  60.000         345.000            4.826e-01           4.826e-01             265.436           6.343e-07             223.649           3.162e+02     
  65.000         345.000            3.383e-01           3.383e-01             234.473           9.354e-07             205.737           3.162e+02     
  70.000         345.000            3.187e-01           3.187e-01             200.990           9.756e-07             193.426           3.162e+02     
  75.000         345.000            4.019e-01           4.019e-01             174.627           7.573e-07             184.264           3.162e+02     
  80.000         345.000            5.291e-01           5.291e-01             158.327           4.129e-07             177.767           3.162e+02     
  85.000         345.000            6.362e-01           6.362e-01             149.786           1.157e-07             173.794           3.162e+02     
  90.000         345.000            6.773e-01           6.773e-01             147.135           9.284e-13             273.673           3.162e+02     
  95.000         345.000            6.362e-01           6.362e-01             149.786           1.156e-07             353.802           3.162e+02     
 100.000         345.000            5.291e-01           5.291e-01             158.327           4.127e-07             357.771           3.162e+02     
 105.000         345.000            4.019e-01           4.019e-01             174.627           7.571e-07               4.267           3.162e+02     
 110.000         345.000            3.187e-01           3.187e-01             200.990           9.754e-07              13.428           3.162e+02     
 115.000         345.000            3.383e-01           3.383e-01             234.473           9.353e-07              25.739           3.162e+02     
 120.000         345.000            4.826e-01           4.826e-01             265.436           6.342e-07              43.650           3.162e+02     
 125.000         345.000            7.116e-01           7.116e-01             290.633           2.739e-07              74.498           3.162e+02     
 130.000         345.000            9.310e-01           9.310e-01             312.734           1.448e-07             144.052           3.162e+02     
 135.000         345.000            1.041e+00           1.041e+00             334.447           4.235e-07             204.357           3.162e+02     
 140.000         345.000            9.976e-01           9.976e-01             357.571           9.058e-07             236.468           3.162e+02     
 145.000         345.000            8.358e-01           8.358e-01              23.243           1.395e-06             263.159           3.162e+02     
 150.000         345.000            6.287e-01           6.287e-01              51.962           1.660e-06             291.021           3.162e+02     
 155.000         345.000            4.327e-01           4.327e-01              83.505           1.711e-06             321.656           3.162e+02     
 160.000         345.000            2.695e-01           2.695e-01             117.278           1.708e-06             354.526           3.162e+02     
 165.000         345.000            1.446e-01           1.446e-01             153.034           1.658e-06              28.549           3.162e+02     
 170.000         345.000            6.078e-02           6.077e-02             191.070           1.591e-06              63.661           2.461e+02     
 175.000         345.000            1.487e-02           1.486e-02             231.100           1.542e-06             101.219           1.279e+02     
 180.000         345.000            8.202e-06           6.564e-06             132.036           1.637e-06             139.503           1.920e+01     
   0.000         350.000            8.202e-06           5.963e-06             131.696           2.240e-06             318.394           1.919e+01     
   5.000         350.000            1.504e-02           1.503e-02             233.328           2.120e-06             282.254           1.117e+02     
  10.000         350.000            6.123e-02           6.122e-02             195.687           2.175e-06             246.337           2.169e+02     
  15.000         350.000            1.425e-01           1.425e-01             159.716           2.290e-06             212.382           3.137e+02     
  20.000         350.000            2.601e-01           2.601e-01             125.310           2.399e-06             179.885           3.162e+02     
  25.000         350.000            4.171e-01           4.171e-01              92.482           2.413e-06             148.724           3.162e+02     
  30.000         350.000            6.167e-01           6.167e-01              62.100           2.307e-06             119.193           3.162e+02     
  35.000         350.000            8.336e-01           8.336e-01              34.954           1.939e-06              91.158           3.162e+02     
  40.000         350.000            9.974e-01           9.974e-01              10.929           1.347e-06              62.805           3.162e+02     
  45.000         350.000            1.029e+00           1.029e+00             349.099           7.307e-07              28.507           3.162e+02     
  50.000         350.000            9.034e-01           9.034e-01             327.990           4.291e-07             339.734           3.162e+02     
  55.000         350.000            6.827e-01           6.827e-01             305.500           5.309e-07             288.340           3.162e+02     
  60.000         350.000            4.762e-01           4.762e-01             278.782           8.617e-07             255.849           3.162e+02     
  65.000         350.000            3.755e-01           3.755e-01             246.569           1.121e-06             235.383           3.162e+02     
  70.000         350.000            4.100e-01           4.100e-01             215.085           1.117e-06             221.451           3.162e+02     
  75.000         350.000            5.464e-01           5.464e-01             192.240           8.489e-07             211.364           3.162e+02     
  80.000         350.000            7.170e-01           7.170e-01             178.311           4.582e-07             204.341           3.162e+02     
  85.000         350.000            8.521e-01           8.521e-01             170.938           1.278e-07             200.073           3.162e+02     
  90.000         350.000            9.029e-01           9.029e-01             168.631           1.984e-12             293.545           3.162e+02     
  95.000         350.000            8.521e-01           8.521e-01             170.938           1.277e-07              20.087           3.162e+02     
 100.000         350.000            7.170e-01           7.170e-01             178.311           4.580e-07              24.348           3.162e+02     
 105.000         350.000            5.464e-01           5.464e-01             192.240           8.487e-07              31.369           3.162e+02     
 110.000         350.000            4.100e-01           4.100e-01             215.085           1.117e-06              41.455           3.162e+02     
 115.000         350.000            3.755e-01           3.755e-01             246.569           1.121e-06              55.386           3.162e+02     
 120.000         350.000            4.762e-01           4.762e-01             278.782           8.616e-07              75.851           3.162e+02     
 125.000         350.000            6.827e-01           6.827e-01             305.500           5.309e-07             108.342           3.162e+02     
 130.000         350.000            9.034e-01           9.034e-01             327.990           4.291e-07             159.735           3.162e+02     
 135.000         350.000            1.029e+00           1.029e+00             349.099           7.307e-07             208.508           3.162e+02     
 140.000         350.000            9.974e-01           9.974e-01              10.929           1.347e-06             242.806           3.162e+02     
 145.000         350.000            8.336e-01           8.336e-01              34.954           1.939e-06             271.159           3.162e+02     
 150.000         350.000            6.167e-01           6.167e-01              62.100           2.307e-06             299.193           3.162e+02     
 155.000         350.000            4.171e-01           4.171e-01              92.482           2.413e-06             328.724           3.162e+02     
 160.000         350.000            2.601e-01           2.601e-01             125.310           2.399e-06             359.885           3.162e+02     
 165.000         350.000            1.425e-01           1.425e-01             159.716           2.290e-06              32.382           3.138e+02     
 170.000         350.000            6.123e-02           6.122e-02             195.687           2.175e-06              66.337           2.170e+02     
 175.000         350.000            1.504e-02           1.503e-02             233.328           2.120e-06             102.252           1.117e+02     
 180.000         350.000            8.202e-06           5.962e-06             131.696           2.239e-06             138.392           1.920e+01     
   0.000         355.000            8.202e-06           5.304e-06             131.318           2.898e-06             317.558           1.919e+01     
   5.000         355.000            1.523e-02           1.523e-02             235.841           2.762e-06             283.690           1.002e+02     
  10.000         355.000            6.204e-02           6.204e-02             200.886           2.825e-06             249.728           1.968e+02     
  15.000         355.000            1.422e-01           1.422e-01             167.443           3.018e-06             217.376           2.836e+02     
  20.000         355.000            2.536e-01           2.536e-01             135.009           3.198e-06             186.739           3.162e+02     
  25.000         355.000            4.016e-01           4.016e-01             103.627           3.224e-06             157.459           3.162e+02     
  30.000         355.000            5.959e-01           5.959e-01              74.587           3.055e-06             129.319           3.162e+02     
  35.000         355.000            8.138e-01           8.138e-01              48.955           2.584e-06             101.803           3.162e+02     
  40.000         355.000            9.805e-01           9.805e-01              26.512           1.902e-06              73.310           3.162e+02     
  45.000         355.000            1.013e+00           1.012e+00               6.091           1.221e-06              40.132           3.162e+02     
  50.000         355.000            8.889e-01           8.889e-01             346.005           8.624e-07             359.185           3.162e+02     
  55.000         355.000            6.774e-01           6.774e-01             324.012           9.028e-07             317.357           3.162e+02     
  60.000         355.000            4.900e-01           4.900e-01             297.448           1.167e-06             285.794           3.162e+02     
  65.000         355.000            4.152e-01           4.152e-01             266.181           1.366e-06             264.739           3.162e+02     
  70.000         355.000            4.761e-01           4.761e-01             237.074           1.303e-06             249.862           3.162e+02     
  75.000         355.000            6.346e-01           6.346e-01             216.387           9.735e-07             239.194           3.162e+02     
  80.000         355.000            8.206e-01           8.206e-01             203.715           5.220e-07             231.847           3.162e+02     
  85.000         355.000            9.647e-01           9.647e-01             196.956           1.452e-07             227.399           3.162e+02     
  90.000         355.000            1.018e+00           1.018e+00             194.831           3.779e-12             316.403           3.162e+02     
  95.000         355.000            9.647e-01           9.647e-01             196.956           1.451e-07              47.416           3.162e+02     
 100.000         355.000            8.206e-01           8.206e-01             203.715           5.219e-07              51.856           3.162e+02     
 105.000         355.000            6.346e-01           6.346e-01             216.387           9.734e-07              59.200           3.162e+02     
 110.000         355.000            4.761e-01           4.761e-01             237.074           1.303e-06              69.867           3.162e+02     
 115.000         355.000            4.152e-01           4.152e-01             266.181           1.366e-06              84.743           3.162e+02     
 120.000         355.000            4.900e-01           4.900e-01             297.448           1.167e-06             105.796           3.162e+02     
 125.000         355.000            6.774e-01           6.774e-01             324.012           9.028e-07             137.358           3.162e+02     
 130.000         355.000            8.889e-01           8.889e-01             346.005           8.623e-07             179.186           3.162e+02     
 135.000         355.000            1.013e+00           1.012e+00               6.091           1.221e-06             220.133           3.162e+02     
 140.000         355.000            9.805e-01           9.805e-01              26.512           1.902e-06             253.311           3.162e+02     
 145.000         355.000            8.138e-01           8.138e-01              48.955           2.584e-06             281.804           3.162e+02     
 150.000         355.000            5.959e-01           5.959e-01              74.587           3.055e-06             309.319           3.162e+02     
 155.000         355.000            4.016e-01           4.016e-01             103.627           3.224e-06             337.458           3.162e+02     
 160.000         355.000            2.536e-01           2.536e-01             135.009           3.198e-06               6.738           3.162e+02     
 165.000         355.000            1.422e-01           1.422e-01             167.443           3.017e-06              37.376           2.836e+02     
 170.000         355.000            6.204e-02           6.204e-02             200.886           2.825e-06              69.727           1.969e+02     
 175.000         355.000            1.523e-02           1.523e-02             235.841           2.761e-06             103.689           1.002e+02     
 180.000         355.000            8.202e-06           5.304e-06             131.318           2.898e-06             137.557           1.920e+01     
