Theta [deg.]  Phi   [deg.]  Abs(Grlz)[      ]   Abs(Theta)[      ]  Phase(Theta)[deg.]  Abs(Phi  )[      ]  Phase(Phi  )[deg.]  Ax.Ratio[      ]    
------------------------------------------------------------------------------------------------------------------------------------------------------
   0.000           0.000            1.400e-05           1.397e-05             121.745           3.676e-08             150.953           4.002e+01     
   5.000           0.000            3.154e-02           3.154e-02             234.907           3.517e-08             111.862           3.162e+02     
  10.000           0.000            1.390e-01           1.390e-01             204.274           5.787e-08              72.441           3.162e+02     
  15.000           0.000            3.290e-01           3.290e-01             176.287           1.063e-07              45.137           3.162e+02     
  20.000           0.000            5.686e-01           5.686e-01             149.346           1.562e-07              24.905           3.162e+02     
  25.000           0.000            8.271e-01           8.271e-01             122.169           1.722e-07               7.462           3.162e+02     
  30.000           0.000            1.121e+00           1.121e+00              95.295           1.428e-07             350.740           3.162e+02     
  35.000           0.000            1.458e+00           1.458e+00              70.503           8.273e-08             334.508           3.162e+02     
  40.000           0.000            1.756e+00           1.756e+00              48.810           2.611e-08             318.424           3.162e+02     
  45.000           0.000            1.867e+00           1.867e+00              29.734           2.969e-10             305.878           3.162e+02     
  50.000           0.000            1.707e+00           1.707e+00              11.878           1.514e-08             108.513           3.162e+02     
  55.000           0.000            1.344e+00           1.344e+00             353.313           5.840e-08              95.444           3.162e+02     
  60.000           0.000            9.528e-01           9.528e-01             331.550           1.050e-07              83.231           3.162e+02     
  65.000           0.000            7.010e-01           7.010e-01             304.612           1.302e-07              72.721           3.162e+02     
  70.000           0.000            6.618e-01           6.618e-01             275.560           1.242e-07              63.661           3.162e+02     
  75.000           0.000            8.005e-01           8.005e-01             252.209           9.194e-08              56.299           3.162e+02     
  80.000           0.000            1.017e+00           1.017e+00             237.405           4.892e-08              50.850           3.162e+02     
  85.000           0.000            1.201e+00           1.201e+00             229.563           1.354e-08              47.488           3.162e+02     
  90.000           0.000            1.271e+00           1.271e+00             227.122           2.658e-14             167.001           3.162e+02     
  95.000           0.000            1.201e+00           1.201e+00             229.563           1.357e-08             227.454           3.162e+02     
 100.000           0.000            1.017e+00           1.017e+00             237.405           4.898e-08             230.833           3.162e+02     
 105.000           0.000            8.005e-01           8.005e-01             252.209           9.201e-08             236.287           3.162e+02     
 110.000           0.000            6.618e-01           6.618e-01             275.560           1.243e-07             243.652           3.162e+02     
 115.000           0.000            7.010e-01           7.010e-01             304.612           1.303e-07             252.714           3.162e+02     
 120.000           0.000            9.528e-01           9.528e-01             331.550           1.051e-07             263.224           3.162e+02     
 125.000           0.000            1.344e+00           1.344e+00             353.313           5.845e-08             275.436           3.162e+02     
 130.000           0.000            1.707e+00           1.707e+00              11.878           1.516e-08             288.500           3.162e+02     
 135.000           0.000            1.867e+00           1.867e+00              29.734           2.944e-10             125.982           3.162e+02     
 140.000           0.000            1.756e+00           1.756e+00              48.810           2.609e-08             138.433           3.162e+02     
 145.000           0.000            1.458e+00           1.458e+00              70.503           8.271e-08             154.513           3.162e+02     
 150.000           0.000            1.121e+00           1.121e+00              95.295           1.428e-07             170.744           3.162e+02     
 155.000           0.000            8.271e-01           8.271e-01             122.169           1.722e-07             187.465           3.162e+02     
 160.000           0.000            5.686e-01           5.686e-01             149.346           1.563e-07             204.907           3.162e+02     
 165.000           0.000            3.290e-01           3.290e-01             176.287           1.063e-07             225.139           3.162e+02     
 170.000           0.000            1.390e-01           1.390e-01             204.274           5.788e-08             252.443           3.162e+02     
 175.000           0.000            3.154e-02           3.154e-02             234.907           3.518e-08             291.861           3.162e+02     
 180.000           0.000            1.400e-05           1.396e-05             121.745           3.677e-08             330.952           4.002e+01     
   0.000           5.000            1.400e-05           1.397e-05             121.870           3.396e-08             271.363           4.002e+01     
   5.000           5.000            3.108e-02           3.108e-02             234.008           3.382e-08             232.085           3.162e+02     
  10.000           5.000            1.347e-01           1.347e-01             202.317           3.666e-08             181.229           3.162e+02     
  15.000           5.000            3.140e-01           3.140e-01             173.113           7.349e-08             132.913           3.162e+02     
  20.000           5.000            5.368e-01           5.368e-01             144.773           1.500e-07             100.300           3.162e+02     
  25.000           5.000            7.815e-01           7.815e-01             116.089           2.425e-07              76.386           3.162e+02     
  30.000           5.000            1.077e+00           1.077e+00              87.930           3.183e-07              55.986           3.162e+02     
  35.000           5.000            1.433e+00           1.433e+00              62.369           3.625e-07              39.419           3.162e+02     
  40.000           5.000            1.755e+00           1.755e+00              40.374           3.689e-07              27.010           3.162e+02     
  45.000           5.000            1.882e+00           1.882e+00              21.279           3.455e-07              20.159           3.162e+02     
  50.000           5.000            1.722e+00           1.722e+00               3.606           3.099e-07              18.406           3.162e+02     
  55.000           5.000            1.344e+00           1.344e+00             345.455           2.825e-07              20.857           3.162e+02     
  60.000           5.000            9.284e-01           9.284e-01             324.332           2.706e-07              24.697           3.162e+02     
  65.000           5.000            6.454e-01           6.454e-01             297.779           2.516e-07              27.393           3.162e+02     
  70.000           5.000            5.701e-01           5.701e-01             267.849           2.133e-07              28.500           3.162e+02     
  75.000           5.000            6.708e-01           6.708e-01             242.922           1.513e-07              28.423           3.162e+02     
  80.000           5.000            8.527e-01           8.527e-01             227.034           7.951e-08              27.845           3.162e+02     
  85.000           5.000            1.012e+00           1.012e+00             218.672           2.197e-08              27.355           3.162e+02     
  90.000           5.000            1.074e+00           1.074e+00             216.082           2.190e-13             280.664           3.162e+02     
  95.000           5.000            1.012e+00           1.012e+00             218.672           2.200e-08             207.330           3.162e+02     
 100.000           5.000            8.527e-01           8.527e-01             227.034           7.958e-08             207.834           3.162e+02     
 105.000           5.000            6.708e-01           6.708e-01             242.922           1.514e-07             208.418           3.162e+02     
 110.000           5.000            5.701e-01           5.701e-01             267.849           2.135e-07             208.499           3.162e+02     
 115.000           5.000            6.454e-01           6.454e-01             297.778           2.517e-07             207.395           3.162e+02     
 120.000           5.000            9.284e-01           9.284e-01             324.332           2.707e-07             204.703           3.162e+02     
 125.000           5.000            1.344e+00           1.344e+00             345.455           2.826e-07             200.864           3.162e+02     
 130.000           5.000            1.722e+00           1.722e+00               3.606           3.099e-07             198.413           3.162e+02     
 135.000           5.000            1.882e+00           1.882e+00              21.279           3.455e-07             200.165           3.162e+02     
 140.000           5.000            1.755e+00           1.755e+00              40.374           3.689e-07             207.014           3.162e+02     
 145.000           5.000            1.433e+00           1.433e+00              62.369           3.625e-07             219.421           3.162e+02     
 150.000           5.000            1.077e+00           1.077e+00              87.930           3.183e-07             235.986           3.162e+02     
 155.000           5.000            7.815e-01           7.815e-01             116.089           2.425e-07             256.383           3.162e+02     
 160.000           5.000            5.368e-01           5.368e-01             144.773           1.501e-07             280.294           3.162e+02     
 165.000           5.000            3.140e-01           3.140e-01             173.113           7.349e-08             312.902           3.162e+02     
 170.000           5.000            1.347e-01           1.347e-01             202.317           3.665e-08               1.213           3.162e+02     
 175.000           5.000            3.108e-02           3.108e-02             234.008           3.381e-08              52.073           3.162e+02     
 180.000           5.000            1.400e-05           1.397e-05             121.870           3.395e-08              91.355           4.002e+01     
   0.000          10.000            1.400e-05           1.376e-05             121.996           2.428e-07             290.969           4.002e+01     
   5.000          10.000            3.059e-02           3.059e-02             233.348           2.437e-07             252.017           3.162e+02     
  10.000          10.000            1.301e-01           1.301e-01             200.739           2.568e-07             207.742           3.162e+02     
  15.000          10.000            2.984e-01           2.984e-01             170.390           3.795e-07             163.831           3.162e+02     
  20.000          10.000            5.056e-01           5.056e-01             140.712           5.865e-07             128.339           3.162e+02     
  25.000          10.000            7.398e-01           7.398e-01             110.667           8.192e-07              98.962           3.162e+02     
  30.000          10.000            1.038e+00           1.038e+00              81.509           1.013e-06              72.345           3.162e+02     
  35.000          10.000            1.409e+00           1.409e+00              55.511           1.173e-06              48.874           3.162e+02     
  40.000          10.000            1.743e+00           1.743e+00              33.448           1.270e-06              29.300           3.162e+02     
  45.000          10.000            1.870e+00           1.870e+00              14.440           1.255e-06              14.769           3.162e+02     
  50.000          10.000            1.701e+00           1.701e+00             356.951           1.110e-06               4.766           3.162e+02     
  55.000          10.000            1.313e+00           1.313e+00             339.132           8.801e-07             359.439           3.162e+02     
  60.000          10.000            8.878e-01           8.878e-01             318.571           6.414e-07             358.243           3.162e+02     
  65.000          10.000            5.902e-01           5.902e-01             292.602           4.491e-07               0.267           3.162e+02     
  70.000          10.000            4.892e-01           4.892e-01             262.382           2.976e-07               3.800           3.162e+02     
  75.000          10.000            5.537e-01           5.537e-01             236.290           1.796e-07               7.438           3.162e+02     
  80.000          10.000            6.972e-01           6.972e-01             219.448           8.635e-08              10.238           3.162e+02     
  85.000          10.000            8.271e-01           8.271e-01             210.594           2.289e-08              12.032           3.162e+02     
  90.000          10.000            8.780e-01           8.780e-01             207.858           1.015e-12             279.363           3.162e+02     
  95.000          10.000            8.271e-01           8.271e-01             210.594           2.293e-08             192.005           3.162e+02     
 100.000          10.000            6.972e-01           6.972e-01             219.448           8.642e-08             190.227           3.162e+02     
 105.000          10.000            5.537e-01           5.537e-01             236.290           1.797e-07             187.435           3.162e+02     
 110.000          10.000            4.892e-01           4.892e-01             262.382           2.977e-07             183.801           3.162e+02     
 115.000          10.000            5.902e-01           5.902e-01             292.602           4.492e-07             180.271           3.162e+02     
 120.000          10.000            8.878e-01           8.878e-01             318.571           6.415e-07             178.248           3.162e+02     
 125.000          10.000            1.313e+00           1.313e+00             339.132           8.802e-07             179.443           3.162e+02     
 130.000          10.000            1.701e+00           1.701e+00             356.951           1.110e-06             184.770           3.162e+02     
 135.000          10.000            1.870e+00           1.870e+00              14.440           1.255e-06             194.772           3.162e+02     
 140.000          10.000            1.743e+00           1.743e+00              33.448           1.270e-06             209.301           3.162e+02     
 145.000          10.000            1.409e+00           1.409e+00              55.511           1.173e-06             228.874           3.162e+02     
 150.000          10.000            1.038e+00           1.038e+00              81.509           1.013e-06             252.345           3.162e+02     
 155.000          10.000            7.398e-01           7.398e-01             110.667           8.191e-07             278.960           3.162e+02     
 160.000          10.000            5.056e-01           5.056e-01             140.712           5.865e-07             308.335           3.162e+02     
 165.000          10.000            2.984e-01           2.984e-01             170.390           3.795e-07             343.825           3.162e+02     
 170.000          10.000            1.301e-01           1.301e-01             200.739           2.567e-07              27.736           3.162e+02     
 175.000          10.000            3.059e-02           3.059e-02             233.348           2.436e-07              72.014           3.162e+02     
 180.000          10.000            1.400e-05           1.376e-05             121.996           2.428e-07             110.967           4.002e+01     
   0.000          15.000            1.400e-05           1.334e-05             122.125           6.571e-07             295.344           4.002e+01     
   5.000          15.000            3.009e-02           3.009e-02             232.936           6.569e-07             256.423           3.162e+02     
  10.000          15.000            1.254e-01           1.254e-01             199.569           7.031e-07             213.415           3.162e+02     
  15.000          15.000            2.827e-01           2.827e-01             168.174           9.790e-07             171.360           3.162e+02     
  20.000          15.000            4.762e-01           4.762e-01             137.282           1.385e-06             136.320           3.162e+02     
  25.000          15.000            7.033e-01           7.033e-01             106.123           1.779e-06             105.926           3.162e+02     
  30.000          15.000            1.006e+00           1.006e+00              76.340           2.063e-06              77.258           3.162e+02     
  35.000          15.000            1.383e+00           1.383e+00              50.236           2.307e-06              50.818           3.162e+02     
  40.000          15.000            1.713e+00           1.713e+00              28.289           2.493e-06              27.875           3.162e+02     
  45.000          15.000            1.825e+00           1.825e+00               9.411           2.443e-06               9.925           3.162e+02     
  50.000          15.000            1.644e+00           1.644e+00             352.028           2.159e-06             356.387           3.162e+02     
  55.000          15.000            1.258e+00           1.258e+00             334.351           1.655e-06             346.742           3.162e+02     
  60.000          15.000            8.439e-01           8.439e-01             314.108           1.103e-06             340.855           3.162e+02     
  65.000          15.000            5.535e-01           5.535e-01             288.794           6.526e-07             338.766           3.162e+02     
  70.000          15.000            4.432e-01           4.432e-01             259.247           3.443e-07             339.755           3.162e+02     
  75.000          15.000            4.812e-01           4.812e-01             233.171           1.635e-07             343.302           3.162e+02     
  80.000          15.000            5.905e-01           5.905e-01             215.986           6.499e-08             347.806           3.162e+02     
  85.000          15.000            6.924e-01           6.924e-01             206.864           1.536e-08             351.606           3.162e+02     
  90.000          15.000            7.326e-01           7.326e-01             204.036           2.122e-12             277.240           3.162e+02     
  95.000          15.000            6.924e-01           6.924e-01             206.864           1.539e-08             171.579           3.162e+02     
 100.000          15.000            5.905e-01           5.905e-01             215.986           6.505e-08             167.799           3.162e+02     
 105.000          15.000            4.812e-01           4.812e-01             233.171           1.636e-07             163.302           3.162e+02     
 110.000          15.000            4.432e-01           4.432e-01             259.247           3.444e-07             159.758           3.162e+02     
 115.000          15.000            5.535e-01           5.535e-01             288.794           6.527e-07             158.770           3.162e+02     
 120.000          15.000            8.439e-01           8.439e-01             314.108           1.103e-06             160.859           3.162e+02     
 125.000          15.000            1.258e+00           1.258e+00             334.351           1.655e-06             166.745           3.162e+02     
 130.000          15.000            1.644e+00           1.644e+00             352.028           2.159e-06             176.389           3.162e+02     
 135.000          15.000            1.825e+00           1.825e+00               9.411           2.443e-06             189.927           3.162e+02     
 140.000          15.000            1.713e+00           1.713e+00              28.289           2.493e-06             207.876           3.162e+02     
 145.000          15.000            1.383e+00           1.383e+00              50.236           2.307e-06             230.819           3.162e+02     
 150.000          15.000            1.006e+00           1.006e+00              76.340           2.063e-06             257.257           3.162e+02     
 155.000          15.000            7.033e-01           7.033e-01             106.123           1.779e-06             285.924           3.162e+02     
 160.000          15.000            4.762e-01           4.762e-01             137.282           1.385e-06             316.317           3.162e+02     
 165.000          15.000            2.827e-01           2.827e-01             168.174           9.789e-07             351.355           3.162e+02     
 170.000          15.000            1.254e-01           1.254e-01             199.569           7.029e-07              33.411           3.162e+02     
 175.000          15.000            3.009e-02           3.009e-02             232.936           6.568e-07              76.421           3.162e+02     
 180.000          15.000            1.400e-05           1.334e-05             122.125           6.570e-07             115.343           4.002e+01     
   0.000          20.000            1.400e-05           1.274e-05             122.259           1.264e-06             297.260           4.002e+01     
   5.000          20.000            2.960e-02           2.960e-02             232.778           1.255e-06             258.609           3.162e+02     
  10.000          20.000            1.205e-01           1.205e-01             198.831           1.338e-06             216.329           3.162e+02     
  15.000          20.000            2.675e-01           2.675e-01             166.529           1.794e-06             175.146           3.162e+02     
  20.000          20.000            4.492e-01           4.492e-01             134.618           2.421e-06             140.362           3.162e+02     
  25.000          20.000            6.712e-01           6.712e-01             102.681           2.952e-06             109.564           3.162e+02     
  30.000          20.000            9.751e-01           9.751e-01              72.677           3.266e-06              79.823           3.162e+02     
  35.000          20.000            1.347e+00           1.347e+00              46.769           3.493e-06              52.134           3.162e+02     
  40.000          20.000            1.658e+00           1.658e+00              25.092           3.699e-06              27.082           3.162e+02     
  45.000          20.000            1.744e+00           1.744e+00               6.397           3.665e-06               6.400           3.162e+02     
  50.000          20.000            1.552e+00           1.552e+00             349.093           3.233e-06             349.996           3.162e+02     
  55.000          20.000            1.179e+00           1.179e+00             331.446           2.463e-06             336.836           3.162e+02     
  60.000          20.000            7.946e-01           7.946e-01             311.356           1.602e-06             326.474           3.162e+02     
  65.000          20.000            5.283e-01           5.283e-01             286.725           8.857e-07             318.496           3.162e+02     
  70.000          20.000            4.221e-01           4.221e-01             258.603           4.172e-07             313.027           3.162e+02     
  75.000          20.000            4.428e-01           4.428e-01             233.719           1.637e-07             309.472           3.162e+02     
  80.000          20.000            5.241e-01           5.241e-01             216.961           5.093e-08             307.964           3.162e+02     
  85.000          20.000            6.015e-01           6.015e-01             207.909           9.593e-09             307.988           3.162e+02     
  90.000          20.000            6.322e-01           6.322e-01             205.080           3.067e-12             279.160           3.162e+02     
  95.000          20.000            6.015e-01           6.015e-01             207.909           9.620e-09             128.009           3.162e+02     
 100.000          20.000            5.241e-01           5.241e-01             216.961           5.099e-08             127.976           3.162e+02     
 105.000          20.000            4.428e-01           4.428e-01             233.719           1.638e-07             129.480           3.162e+02     
 110.000          20.000            4.221e-01           4.221e-01             258.603           4.173e-07             133.033           3.162e+02     
 115.000          20.000            5.283e-01           5.283e-01             286.725           8.858e-07             138.500           3.162e+02     
 120.000          20.000            7.946e-01           7.946e-01             311.356           1.602e-06             146.477           3.162e+02     
 125.000          20.000            1.179e+00           1.179e+00             331.446           2.463e-06             156.838           3.162e+02     
 130.000          20.000            1.552e+00           1.552e+00             349.093           3.233e-06             169.998           3.162e+02     
 135.000          20.000            1.744e+00           1.744e+00               6.397           3.665e-06             186.401           3.162e+02     
 140.000          20.000            1.658e+00           1.658e+00              25.092           3.699e-06             207.083           3.162e+02     
 145.000          20.000            1.347e+00           1.347e+00              46.769           3.492e-06             232.134           3.162e+02     
 150.000          20.000            9.751e-01           9.751e-01              72.677           3.266e-06             259.822           3.162e+02     
 155.000          20.000            6.712e-01           6.712e-01             102.681           2.952e-06             289.562           3.162e+02     
 160.000          20.000            4.492e-01           4.492e-01             134.618           2.421e-06             320.359           3.162e+02     
 165.000          20.000            2.675e-01           2.675e-01             166.529           1.793e-06             355.143           3.162e+02     
 170.000          20.000            1.205e-01           1.205e-01             198.831           1.337e-06              36.327           3.162e+02     
 175.000          20.000            2.960e-02           2.960e-02             232.778           1.254e-06              78.607           3.162e+02     
 180.000          20.000            1.400e-05           1.274e-05             122.259           1.264e-06             117.260           4.002e+01     
   0.000          25.000            1.400e-05           1.196e-05             122.401           2.045e-06             298.346           4.002e+01     
   5.000          25.000            2.911e-02           2.911e-02             232.881           2.012e-06             260.248           2.616e+02     
  10.000          25.000            1.157e-01           1.157e-01             198.554           2.116e-06             218.761           3.162e+02     
  15.000          25.000            2.529e-01           2.529e-01             165.525           2.732e-06             178.226           3.162e+02     
  20.000          25.000            4.244e-01           4.244e-01             132.856           3.551e-06             143.577           3.162e+02     
  25.000          25.000            6.416e-01           6.416e-01             100.531           4.151e-06             112.807           3.162e+02     
  30.000          25.000            9.407e-01           9.407e-01              70.692           4.406e-06              82.857           3.162e+02     
  35.000          25.000            1.295e+00           1.295e+00              45.229           4.548e-06              53.753           3.162e+02     
  40.000          25.000            1.571e+00           1.571e+00              23.972           4.705e-06              26.886           3.162e+02     
  45.000          25.000            1.623e+00           1.623e+00               5.575           4.637e-06               4.115           3.162e+02     
  50.000          25.000            1.422e+00           1.422e+00             348.453           4.104e-06             345.314           3.162e+02     
  55.000          25.000            1.072e+00           1.072e+00             330.929           3.174e-06             329.126           3.162e+02     
  60.000          25.000            7.255e-01           7.255e-01             311.060           2.063e-06             315.153           3.162e+02     
  65.000          25.000            4.905e-01           4.905e-01             287.147           1.187e-06             302.175           3.162e+02     
  70.000          25.000            3.943e-01           3.943e-01             260.513           5.918e-07             289.995           3.162e+02     
  75.000          25.000            4.038e-01           4.038e-01             237.076           2.539e-07             278.933           3.162e+02     
  80.000          25.000            4.629e-01           4.629e-01             221.059           8.878e-08             269.050           3.162e+02     
  85.000          25.000            5.203e-01           5.203e-01             212.277           1.869e-08             261.929           3.162e+02     
  90.000          25.000            5.432e-01           5.432e-01             209.513           3.618e-12             286.345           3.162e+02     
  95.000          25.000            5.203e-01           5.203e-01             212.277           1.871e-08              81.978           3.162e+02     
 100.000          25.000            4.629e-01           4.629e-01             221.059           8.881e-08              89.071           3.162e+02     
 105.000          25.000            4.038e-01           4.038e-01             237.076           2.539e-07              98.944           3.162e+02     
 110.000          25.000            3.943e-01           3.943e-01             260.513           5.919e-07             110.001           3.162e+02     
 115.000          25.000            4.905e-01           4.905e-01             287.147           1.187e-06             122.179           3.162e+02     
 120.000          25.000            7.255e-01           7.255e-01             311.060           2.063e-06             135.155           3.162e+02     
 125.000          25.000            1.072e+00           1.072e+00             330.929           3.174e-06             149.128           3.162e+02     
 130.000          25.000            1.422e+00           1.422e+00             348.453           4.103e-06             165.315           3.162e+02     
 135.000          25.000            1.623e+00           1.623e+00               5.575           4.637e-06             184.116           3.162e+02     
 140.000          25.000            1.571e+00           1.571e+00              23.972           4.705e-06             206.886           3.162e+02     
 145.000          25.000            1.295e+00           1.295e+00              45.229           4.548e-06             233.753           3.162e+02     
 150.000          25.000            9.407e-01           9.407e-01              70.692           4.406e-06             262.856           3.162e+02     
 155.000          25.000            6.416e-01           6.416e-01             100.531           4.151e-06             292.805           3.162e+02     
 160.000          25.000            4.244e-01           4.244e-01             132.856           3.550e-06             323.575           3.162e+02     
 165.000          25.000            2.529e-01           2.529e-01             165.525           2.732e-06             358.223           3.162e+02     
 170.000          25.000            1.157e-01           1.157e-01             198.554           2.116e-06              38.759           3.162e+02     
 175.000          25.000            2.911e-02           2.911e-02             232.881           2.012e-06              80.247           2.617e+02     
 180.000          25.000            1.400e-05           1.196e-05             122.401           2.045e-06             118.346           4.002e+01     
   0.000          30.000            1.400e-05           1.102e-05             122.553           2.977e-06             299.054           4.002e+01     
   5.000          30.000            2.864e-02           2.863e-02             233.248           2.902e-06             261.798           2.079e+02     
  10.000          30.000            1.110e-01           1.110e-01             198.765           2.990e-06             221.319           3.162e+02     
  15.000          30.000            2.391e-01           2.391e-01             165.231           3.702e-06             181.465           3.162e+02     
  20.000          30.000            4.014e-01           4.014e-01             132.120           4.637e-06             146.920           3.162e+02     
  25.000          30.000            6.118e-01           6.118e-01              99.811           5.257e-06             116.406           3.162e+02     
  30.000          30.000            8.975e-01           8.975e-01              70.469           5.357e-06              86.147           3.162e+02     
  35.000          30.000            1.219e+00           1.219e+00              45.648           5.310e-06              55.995           3.162e+02     
  40.000          30.000            1.449e+00           1.449e+00              24.956           5.347e-06              27.912           3.162e+02     
  45.000          30.000            1.465e+00           1.465e+00               7.021           5.134e-06               3.626           3.162e+02     
  50.000          30.000            1.258e+00           1.258e+00             350.306           4.588e-06             342.646           3.162e+02     
  55.000          30.000            9.343e-01           9.343e-01             333.194           3.614e-06             324.351           3.162e+02     
  60.000          30.000            6.272e-01           6.271e-01             313.854           2.516e-06             307.417           3.162e+02     
  65.000          30.000            4.218e-01           4.218e-01             290.750           1.563e-06             291.343           3.162e+02     
  70.000          30.000            3.342e-01           3.342e-01             265.156           8.808e-07             276.071           3.162e+02     
  75.000          30.000            3.334e-01           3.334e-01             242.499           4.452e-07             262.288           3.162e+02     
  80.000          30.000            3.732e-01           3.732e-01             226.828           1.848e-07             251.185           3.162e+02     
  85.000          30.000            4.138e-01           4.138e-01             218.164           4.419e-08             243.949           3.162e+02     
  90.000          30.000            4.302e-01           4.302e-01             215.427           4.066e-12             298.294           3.162e+02     
  95.000          30.000            4.138e-01           4.138e-01             218.164           4.419e-08              63.977           3.162e+02     
 100.000          30.000            3.732e-01           3.732e-01             226.828           1.848e-07              71.198           3.162e+02     
 105.000          30.000            3.334e-01           3.334e-01             242.499           4.452e-07              82.295           3.162e+02     
 110.000          30.000            3.342e-01           3.342e-01             265.156           8.808e-07              96.076           3.162e+02     
 115.000          30.000            4.218e-01           4.218e-01             290.750           1.563e-06             111.346           3.162e+02     
 120.000          30.000            6.272e-01           6.271e-01             313.854           2.515e-06             127.418           3.162e+02     
 125.000          30.000            9.343e-01           9.343e-01             333.194           3.614e-06             144.353           3.162e+02     
 130.000          30.000            1.258e+00           1.258e+00             350.306           4.588e-06             162.647           3.162e+02     
 135.000          30.000            1.465e+00           1.465e+00               7.021           5.133e-06             183.627           3.162e+02     
 140.000          30.000            1.449e+00           1.449e+00              24.956           5.346e-06             207.912           3.162e+02     
 145.000          30.000            1.219e+00           1.219e+00              45.648           5.310e-06             235.995           3.162e+02     
 150.000          30.000            8.975e-01           8.975e-01              70.469           5.357e-06             266.147           3.162e+02     
 155.000          30.000            6.118e-01           6.118e-01              99.811           5.256e-06             296.405           3.162e+02     
 160.000          30.000            4.014e-01           4.014e-01             132.120           4.637e-06             326.918           3.162e+02     
 165.000          30.000            2.391e-01           2.391e-01             165.231           3.702e-06               1.463           3.162e+02     
 170.000          30.000            1.110e-01           1.110e-01             198.765           2.990e-06              41.317           3.162e+02     
 175.000          30.000            2.864e-02           2.863e-02             233.248           2.901e-06              81.797           2.079e+02     
 180.000          30.000            1.400e-05           1.102e-05             122.553           2.977e-06             119.053           4.002e+01     
   0.000          35.000            1.400e-05           9.970e-06             122.719           4.031e-06             299.558           4.002e+01     
   5.000          35.000            2.819e-02           2.818e-02             233.883           3.892e-06             263.429           1.726e+02     
  10.000          35.000            1.066e-01           1.066e-01             199.490           3.914e-06             224.228           3.162e+02     
  15.000          35.000            2.261e-01           2.261e-01             165.714           4.624e-06             185.215           3.162e+02     
  20.000          35.000            3.794e-01           3.794e-01             132.513           5.584e-06             151.179           3.162e+02     
  25.000          35.000            5.796e-01           5.796e-01             100.607           6.121e-06             120.664           3.162e+02     
  30.000          35.000            8.420e-01           8.420e-01              72.032           6.004e-06              90.325           3.162e+02     
  35.000          35.000            1.119e+00           1.119e+00              47.995           5.721e-06              59.643           3.162e+02     
  40.000          35.000            1.294e+00           1.294e+00              27.983           5.490e-06              30.833           3.162e+02     
  45.000          35.000            1.274e+00           1.274e+00              10.670           5.311e-06               4.808           3.162e+02     
  50.000          35.000            1.068e+00           1.068e+00             354.604           4.770e-06             342.397           3.162e+02     
  55.000          35.000            7.766e-01           7.766e-01             338.258           3.847e-06             322.502           3.162e+02     
  60.000          35.000            5.096e-01           5.096e-01             319.880           2.781e-06             304.133           3.162e+02     
  65.000          35.000            3.315e-01           3.315e-01             297.870           1.793e-06             286.771           3.162e+02     
  70.000          35.000            2.498e-01           2.498e-01             273.000           1.106e-06             270.562           3.162e+02     
  75.000          35.000            2.379e-01           2.379e-01             250.288           6.129e-07             256.637           3.162e+02     
  80.000          35.000            2.597e-01           2.597e-01             234.227           2.745e-07             246.000           3.162e+02     
  85.000          35.000            2.851e-01           2.851e-01             225.272           6.952e-08             239.235           3.162e+02     
  90.000          35.000            2.956e-01           2.956e-01             222.439           4.907e-12             311.850           3.162e+02     
  95.000          35.000            2.851e-01           2.851e-01             225.272           6.951e-08              59.249           3.162e+02     
 100.000          35.000            2.597e-01           2.597e-01             234.227           2.744e-07              66.006           3.162e+02     
 105.000          35.000            2.379e-01           2.379e-01             250.288           6.129e-07              76.640           3.162e+02     
 110.000          35.000            2.498e-01           2.498e-01             273.000           1.105e-06              90.564           3.162e+02     
 115.000          35.000            3.315e-01           3.315e-01             297.870           1.792e-06             106.772           3.162e+02     
 120.000          35.000            5.096e-01           5.096e-01             319.880           2.781e-06             124.134           3.162e+02     
 125.000          35.000            7.766e-01           7.766e-01             338.258           3.846e-06             142.502           3.162e+02     
 130.000          35.000            1.068e+00           1.068e+00             354.604           4.769e-06             162.397           3.162e+02     
 135.000          35.000            1.274e+00           1.274e+00              10.670           5.311e-06             184.808           3.162e+02     
 140.000          35.000            1.294e+00           1.294e+00              27.983           5.490e-06             210.833           3.162e+02     
 145.000          35.000            1.119e+00           1.119e+00              47.995           5.721e-06             239.643           3.162e+02     
 150.000          35.000            8.420e-01           8.420e-01              72.032           6.004e-06             270.325           3.162e+02     
 155.000          35.000            5.796e-01           5.796e-01             100.607           6.120e-06             300.663           3.162e+02     
 160.000          35.000            3.794e-01           3.794e-01             132.513           5.583e-06             331.178           3.162e+02     
 165.000          35.000            2.261e-01           2.261e-01             165.714           4.623e-06               5.213           3.162e+02     
 170.000          35.000            1.066e-01           1.066e-01             199.490           3.914e-06              44.227           3.162e+02     
 175.000          35.000            2.819e-02           2.818e-02             233.883           3.891e-06              83.428           1.726e+02     
 180.000          35.000            1.400e-05           9.969e-06             122.719           4.031e-06             119.557           4.002e+01     
   0.000          40.000            1.400e-05           8.826e-06             122.905           5.176e-06             299.940           4.002e+01     
   5.000          40.000            2.777e-02           2.776e-02             234.786           4.948e-06             265.211           1.479e+02     
  10.000          40.000            1.023e-01           1.023e-01             200.751           4.847e-06             227.584           3.162e+02     
  15.000          40.000            2.139e-01           2.139e-01             167.028           5.439e-06             189.656           3.162e+02     
  20.000          40.000            3.579e-01           3.579e-01             134.106           6.312e-06             156.077           3.162e+02     
  25.000          40.000            5.435e-01           5.435e-01             102.965           6.639e-06             125.589           3.162e+02     
  30.000          40.000            7.735e-01           7.735e-01              75.377           6.312e-06              95.630           3.162e+02     
  35.000          40.000            9.959e-01           9.959e-01              52.225           5.701e-06              65.160           3.162e+02     
  40.000          40.000            1.113e+00           1.113e+00              32.951           5.352e-06              35.128           3.162e+02     
  45.000          40.000            1.062e+00           1.062e+00              16.332           5.078e-06               8.277           3.162e+02     
  50.000          40.000            8.675e-01           8.675e-01               1.020           4.579e-06             344.968           3.162e+02     
  55.000          40.000            6.166e-01           6.166e-01             345.593           3.665e-06             324.634           3.162e+02     
  60.000          40.000            3.958e-01           3.958e-01             328.415           2.723e-06             305.711           3.162e+02     
  65.000          40.000            2.488e-01           2.488e-01             307.877           1.842e-06             288.030           3.162e+02     
  70.000          40.000            1.769e-01           1.769e-01             284.197           1.161e-06             271.927           3.162e+02     
  75.000          40.000            1.581e-01           1.581e-01             261.667           6.568e-07             258.268           3.162e+02     
  80.000          40.000            1.659e-01           1.659e-01             245.154           2.986e-07             247.949           3.162e+02     
  85.000          40.000            1.791e-01           1.791e-01             235.789           7.635e-08             241.415           3.162e+02     
  90.000          40.000            1.849e-01           1.849e-01             232.810           6.305e-12             323.847           3.162e+02     
  95.000          40.000            1.791e-01           1.791e-01             235.789           7.633e-08              61.418           3.162e+02     
 100.000          40.000            1.659e-01           1.659e-01             245.154           2.985e-07              67.951           3.162e+02     
 105.000          40.000            1.581e-01           1.581e-01             261.667           6.567e-07              78.269           3.162e+02     
 110.000          40.000            1.769e-01           1.769e-01             284.197           1.161e-06              91.927           3.162e+02     
 115.000          40.000            2.488e-01           2.488e-01             307.877           1.842e-06             108.030           3.162e+02     
 120.000          40.000            3.958e-01           3.958e-01             328.415           2.723e-06             125.711           3.162e+02     
 125.000          40.000            6.166e-01           6.166e-01             345.593           3.665e-06             144.634           3.162e+02     
 130.000          40.000            8.675e-01           8.675e-01               1.020           4.578e-06             164.968           3.162e+02     
 135.000          40.000            1.062e+00           1.062e+00              16.332           5.077e-06             188.277           3.162e+02     
 140.000          40.000            1.113e+00           1.113e+00              32.951           5.351e-06             215.128           3.162e+02     
 145.000          40.000            9.959e-01           9.959e-01              52.225           5.701e-06             245.160           3.162e+02     
 150.000          40.000            7.735e-01           7.735e-01              75.377           6.311e-06             275.630           3.162e+02     
 155.000          40.000            5.435e-01           5.435e-01             102.965           6.638e-06             305.589           3.162e+02     
 160.000          40.000            3.579e-01           3.579e-01             134.106           6.311e-06             336.076           3.162e+02     
 165.000          40.000            2.139e-01           2.139e-01             167.028           5.438e-06               9.654           3.162e+02     
 170.000          40.000            1.023e-01           1.023e-01             200.751           4.846e-06              47.583           3.162e+02     
 175.000          40.000            2.777e-02           2.776e-02             234.786           4.948e-06              85.210           1.479e+02     
 180.000          40.000            1.400e-05           8.825e-06             122.905           5.175e-06             119.940           4.002e+01     
   0.000          45.000            1.400e-05           7.626e-06             123.118           6.375e-06             300.244           4.002e+01     
   5.000          45.000            2.739e-02           2.738e-02             235.955           6.039e-06             267.174           1.299e+02     
  10.000          45.000            9.837e-02           9.836e-02             202.565           5.756e-06             231.421           2.709e+02     
  15.000          45.000            2.025e-01           2.024e-01             169.219           6.128e-06             195.054           3.162e+02     
  20.000          45.000            3.365e-01           3.365e-01             136.946           6.778e-06             161.937           3.162e+02     
  25.000          45.000            5.036e-01           5.036e-01             106.905           6.883e-06             131.842           3.162e+02     
  30.000          45.000            6.941e-01           6.941e-01              80.510           6.249e-06             102.696           3.162e+02     
  35.000          45.000            8.566e-01           8.566e-01              58.329           5.442e-06              72.070           3.162e+02     
  40.000          45.000            9.175e-01           9.175e-01              39.803           4.896e-06              41.722           3.162e+02     
  45.000          45.000            8.431e-01           8.431e-01              23.813           4.556e-06              14.210           3.162e+02     
  50.000          45.000            6.689e-01           6.689e-01               9.087           4.003e-06             350.933           3.162e+02     
  55.000          45.000            4.678e-01           4.678e-01             354.246           3.275e-06             330.539           3.162e+02     
  60.000          45.000            3.008e-01           3.008e-01             337.765           2.398e-06             312.250           3.162e+02     
  65.000          45.000            1.933e-01           1.933e-01             318.373           1.592e-06             295.312           3.162e+02     
  70.000          45.000            1.407e-01           1.407e-01             296.689           9.689e-07             279.770           3.162e+02     
  75.000          45.000            1.252e-01           1.252e-01             276.497           5.289e-07             266.353           3.162e+02     
  80.000          45.000            1.279e-01           1.279e-01             261.647           2.250e-07             255.839           3.162e+02     
  85.000          45.000            1.350e-01           1.350e-01             253.110           5.677e-08             249.075           3.162e+02     
  90.000          45.000            1.382e-01           1.382e-01             250.370           7.964e-12             334.615           3.162e+02     
  95.000          45.000            1.350e-01           1.350e-01             253.110           5.674e-08              69.070           3.162e+02     
 100.000          45.000            1.279e-01           1.279e-01             261.647           2.250e-07              75.836           3.162e+02     
 105.000          45.000            1.252e-01           1.252e-01             276.497           5.288e-07              86.351           3.162e+02     
 110.000          45.000            1.407e-01           1.407e-01             296.689           9.688e-07              99.768           3.162e+02     
 115.000          45.000            1.933e-01           1.933e-01             318.373           1.592e-06             115.311           3.162e+02     
 120.000          45.000            3.008e-01           3.008e-01             337.765           2.397e-06             132.250           3.162e+02     
 125.000          45.000            4.678e-01           4.678e-01             354.246           3.274e-06             150.538           3.162e+02     
 130.000          45.000            6.689e-01           6.689e-01               9.087           4.002e-06             170.933           3.162e+02     
 135.000          45.000            8.431e-01           8.431e-01              23.813           4.556e-06             194.210           3.162e+02     
 140.000          45.000            9.175e-01           9.175e-01              39.803           4.895e-06             221.721           3.162e+02     
 145.000          45.000            8.566e-01           8.566e-01              58.329           5.441e-06             252.070           3.162e+02     
 150.000          45.000            6.941e-01           6.941e-01              80.510           6.248e-06             282.696           3.162e+02     
 155.000          45.000            5.036e-01           5.036e-01             106.905           6.882e-06             311.842           3.162e+02     
 160.000          45.000            3.365e-01           3.365e-01             136.946           6.777e-06             341.936           3.162e+02     
 165.000          45.000            2.025e-01           2.024e-01             169.219           6.127e-06              15.053           3.162e+02     
 170.000          45.000            9.837e-02           9.836e-02             202.565           5.755e-06              51.420           2.709e+02     
 175.000          45.000            2.739e-02           2.738e-02             235.955           6.039e-06              87.173           1.299e+02     
 180.000          45.000            1.400e-05           7.626e-06             123.118           6.375e-06             120.244           4.002e+01     
   0.000          50.000            1.400e-05           6.407e-06             123.368           7.594e-06             300.495           4.002e+01     
   5.000          50.000            2.705e-02           2.705e-02             237.386           7.132e-06             269.326           1.164e+02     
  10.000          50.000            9.476e-02           9.475e-02             204.942           6.618e-06             235.736           2.337e+02     
  15.000          50.000            1.918e-01           1.918e-01             172.313           6.579e-06             201.312           3.162e+02     
  20.000          50.000            3.152e-01           3.152e-01             141.053           6.996e-06             168.898           3.162e+02     
  25.000          50.000            4.612e-01           4.612e-01             112.435           6.834e-06             139.358           3.162e+02     
  30.000          50.000            6.091e-01           6.091e-01              87.465           5.961e-06             110.778           3.162e+02     
  35.000          50.000            7.118e-01           7.118e-01              66.391           4.953e-06              81.002           3.162e+02     
  40.000          50.000            7.216e-01           7.216e-01              48.631           4.241e-06              50.757           3.162e+02     
  45.000          50.000            6.319e-01           6.318e-01              33.120           3.763e-06              23.473           3.162e+02     
  50.000          50.000            4.843e-01           4.843e-01              18.542           3.313e-06               0.205           3.162e+02     
  55.000          50.000            3.361e-01           3.361e-01               3.384           2.634e-06             340.843           3.162e+02     
  60.000          50.000            2.259e-01           2.259e-01             346.169           1.859e-06             324.189           3.162e+02     
  65.000          50.000            1.641e-01           1.641e-01             326.563           1.129e-06             309.586           3.162e+02     
  70.000          50.000            1.418e-01           1.418e-01             306.937           6.282e-07             295.551           3.162e+02     
  75.000          50.000            1.437e-01           1.437e-01             290.925           3.077e-07             282.992           3.162e+02     
  80.000          50.000            1.553e-01           1.553e-01             280.104           1.230e-07             272.698           3.162e+02     
  85.000          50.000            1.663e-01           1.663e-01             274.087           2.887e-08             265.536           3.162e+02     
  90.000          50.000            1.706e-01           1.706e-01             272.173           9.377e-12             346.928           3.162e+02     
  95.000          50.000            1.663e-01           1.663e-01             274.087           2.885e-08              85.520           3.162e+02     
 100.000          50.000            1.553e-01           1.553e-01             280.104           1.229e-07              92.690           3.162e+02     
 105.000          50.000            1.437e-01           1.437e-01             290.925           3.076e-07             102.988           3.162e+02     
 110.000          50.000            1.418e-01           1.418e-01             306.937           6.281e-07             115.549           3.162e+02     
 115.000          50.000            1.641e-01           1.641e-01             326.563           1.128e-06             129.585           3.162e+02     
 120.000          50.000            2.259e-01           2.259e-01             346.169           1.859e-06             144.188           3.162e+02     
 125.000          50.000            3.361e-01           3.361e-01               3.384           2.634e-06             160.842           3.162e+02     
 130.000          50.000            4.843e-01           4.843e-01              18.542           3.313e-06             180.204           3.162e+02     
 135.000          50.000            6.319e-01           6.318e-01              33.120           3.762e-06             203.472           3.162e+02     
 140.000          50.000            7.216e-01           7.216e-01              48.631           4.241e-06             230.756           3.162e+02     
 145.000          50.000            7.118e-01           7.118e-01              66.391           4.952e-06             261.002           3.162e+02     
 150.000          50.000            6.091e-01           6.091e-01              87.465           5.960e-06             290.778           3.162e+02     
 155.000          50.000            4.612e-01           4.612e-01             112.435           6.833e-06             319.357           3.162e+02     
 160.000          50.000            3.152e-01           3.152e-01             141.053           6.995e-06             348.897           3.162e+02     
 165.000          50.000            1.918e-01           1.918e-01             172.313           6.578e-06              21.311           3.162e+02     
 170.000          50.000            9.476e-02           9.475e-02             204.942           6.617e-06              55.736           2.338e+02     
 175.000          50.000            2.705e-02           2.705e-02             237.386           7.131e-06              89.326           1.164e+02     
 180.000          50.000            1.400e-05           6.407e-06             123.368           7.593e-06             120.495           4.002e+01     
   0.000          55.000            1.400e-05           5.207e-06             123.670           8.795e-06             300.709           4.002e+01     
   5.000          55.000            2.677e-02           2.676e-02             239.071           8.195e-06             271.665           1.061e+02     
  10.000          55.000            9.154e-02           9.153e-02             207.885           7.419e-06             240.507           2.061e+02     
  15.000          55.000            1.819e-01           1.819e-01             176.321           7.036e-06             208.152           3.049e+02     
  20.000          55.000            2.946e-01           2.946e-01             146.423           7.016e-06             177.059           3.162e+02     
  25.000          55.000            4.187e-01           4.187e-01             119.546           6.562e-06             148.298           3.162e+02     
  30.000          55.000            5.252e-01           5.252e-01              96.303           5.521e-06             120.815           3.162e+02     
  35.000          55.000            5.745e-01           5.745e-01              76.605           4.341e-06              92.049           3.162e+02     
  40.000          55.000            5.431e-01           5.431e-01              59.779           3.461e-06              63.110           3.162e+02     
  45.000          55.000            4.459e-01           4.459e-01              44.694           2.965e-06              35.858           3.162e+02     
  50.000          55.000            3.263e-01           3.263e-01              29.785           2.516e-06              13.574           3.162e+02     
  55.000          55.000            2.265e-01           2.265e-01              13.154           1.941e-06             356.165           3.162e+02     
  60.000          55.000            1.681e-01           1.681e-01             353.611           1.281e-06             342.975           3.162e+02     
  65.000          55.000            1.524e-01           1.524e-01             333.074           7.285e-07             331.659           3.162e+02     
  70.000          55.000            1.692e-01           1.692e-01             315.874           3.542e-07             322.705           3.162e+02     
  75.000          55.000            2.042e-01           2.042e-01             304.019           1.441e-07             315.321           3.162e+02     
  80.000          55.000            2.424e-01           2.424e-01             296.767           4.654e-08             309.344           3.162e+02     
  85.000          55.000            2.711e-01           2.711e-01             292.911           9.044e-09             304.649           3.162e+02     
  90.000          55.000            2.817e-01           2.817e-01             291.703           1.028e-11               3.469           3.162e+02     
  95.000          55.000            2.711e-01           2.711e-01             292.911           9.025e-09             124.634           3.162e+02     
 100.000          55.000            2.424e-01           2.424e-01             296.767           4.650e-08             129.338           3.162e+02     
 105.000          55.000            2.042e-01           2.042e-01             304.019           1.440e-07             135.318           3.162e+02     
 110.000          55.000            1.692e-01           1.692e-01             315.874           3.540e-07             142.703           3.162e+02     
 115.000          55.000            1.524e-01           1.524e-01             333.074           7.284e-07             151.657           3.162e+02     
 120.000          55.000            1.681e-01           1.681e-01             353.611           1.280e-06             162.973           3.162e+02     
 125.000          55.000            2.265e-01           2.265e-01              13.154           1.941e-06             176.164           3.162e+02     
 130.000          55.000            3.263e-01           3.263e-01              29.785           2.515e-06             193.573           3.162e+02     
 135.000          55.000            4.459e-01           4.459e-01              44.694           2.965e-06             215.856           3.162e+02     
 140.000          55.000            5.431e-01           5.431e-01              59.779           3.460e-06             243.108           3.162e+02     
 145.000          55.000            5.745e-01           5.745e-01              76.605           4.340e-06             272.048           3.162e+02     
 150.000          55.000            5.252e-01           5.252e-01              96.303           5.520e-06             300.814           3.162e+02     
 155.000          55.000            4.187e-01           4.187e-01             119.546           6.561e-06             328.298           3.162e+02     
 160.000          55.000            2.946e-01           2.946e-01             146.423           7.015e-06             357.058           3.162e+02     
 165.000          55.000            1.819e-01           1.819e-01             176.321           7.035e-06              28.152           3.049e+02     
 170.000          55.000            9.154e-02           9.153e-02             207.885           7.418e-06              60.506           2.061e+02     
 175.000          55.000            2.677e-02           2.676e-02             239.071           8.194e-06              91.665           1.061e+02     
 180.000          55.000            1.400e-05           5.206e-06             123.670           8.794e-06             120.708           4.002e+01     
   0.000          60.000            1.400e-05           4.060e-06             124.050           9.941e-06             300.895           4.002e+01     
   5.000          60.000            2.655e-02           2.654e-02             241.000           9.200e-06             274.179           9.816e+01     
  10.000          60.000            8.875e-02           8.875e-02             211.384           8.150e-06             245.688           1.852e+02     
  15.000          60.000            1.730e-01           1.730e-01             181.237           7.383e-06             215.774           2.700e+02     
  20.000          60.000            2.752e-01           2.752e-01             153.024           6.794e-06             186.588           3.162e+02     
  25.000          60.000            3.787e-01           3.787e-01             128.202           6.146e-06             159.161           3.162e+02     
  30.000          60.000            4.496e-01           4.496e-01             107.064           4.988e-06             132.742           3.162e+02     
  35.000          60.000            4.571e-01           4.571e-01              89.217           3.738e-06             105.693           3.162e+02     
  40.000          60.000            3.980e-01           3.980e-01              73.828           2.782e-06              78.245           3.162e+02     
  45.000          60.000            3.013e-01           3.013e-01              59.550           2.208e-06              52.386           3.162e+02     
  50.000          60.000            2.074e-01           2.074e-01              44.279           1.779e-06              31.722           3.162e+02     
  55.000          60.000            1.451e-01           1.451e-01              25.468           1.308e-06              17.676           3.162e+02     
  60.000          60.000            1.257e-01           1.257e-01               3.116           8.535e-07               8.623           3.162e+02     
  65.000          60.000            1.481e-01           1.481e-01             342.690           4.808e-07               4.750           3.162e+02     
  70.000          60.000            2.046e-01           2.046e-01             328.513           2.377e-07               5.526           3.162e+02     
  75.000          60.000            2.810e-01           2.810e-01             319.864           1.050e-07               9.983           3.162e+02     
  80.000          60.000            3.578e-01           3.578e-01             314.835           3.927e-08              16.026           3.162e+02     
  85.000          60.000            4.145e-01           4.145e-01             312.197           8.792e-09              20.916           3.162e+02     
  90.000          60.000            4.353e-01           4.353e-01             311.372           1.094e-11              25.154           3.162e+02     
  95.000          60.000            4.145e-01           4.145e-01             312.197           8.777e-09             200.968           3.162e+02     
 100.000          60.000            3.578e-01           3.578e-01             314.835           3.923e-08             196.046           3.162e+02     
 105.000          60.000            2.810e-01           2.810e-01             319.864           1.049e-07             189.992           3.162e+02     
 110.000          60.000            2.046e-01           2.046e-01             328.513           2.376e-07             185.529           3.162e+02     
 115.000          60.000            1.481e-01           1.481e-01             342.690           4.806e-07             184.751           3.162e+02     
 120.000          60.000            1.257e-01           1.257e-01               3.116           8.533e-07             188.622           3.162e+02     
 125.000          60.000            1.451e-01           1.451e-01              25.468           1.308e-06             197.674           3.162e+02     
 130.000          60.000            2.074e-01           2.074e-01              44.279           1.778e-06             211.720           3.162e+02     
 135.000          60.000            3.013e-01           3.013e-01              59.550           2.207e-06             232.384           3.162e+02     
 140.000          60.000            3.980e-01           3.980e-01              73.828           2.782e-06             258.243           3.162e+02     
 145.000          60.000            4.571e-01           4.571e-01              89.217           3.738e-06             285.692           3.162e+02     
 150.000          60.000            4.496e-01           4.496e-01             107.064           4.988e-06             312.742           3.162e+02     
 155.000          60.000            3.787e-01           3.787e-01             128.202           6.145e-06             339.161           3.162e+02     
 160.000          60.000            2.752e-01           2.752e-01             153.024           6.793e-06               6.588           3.162e+02     
 165.000          60.000            1.730e-01           1.730e-01             181.237           7.382e-06              35.774           2.701e+02     
 170.000          60.000            8.875e-02           8.875e-02             211.384           8.149e-06              65.688           1.852e+02     
 175.000          60.000            2.655e-02           2.654e-02             241.000           9.199e-06              94.179           9.817e+01     
 180.000          60.000            1.400e-05           4.060e-06             124.050           9.940e-06             120.895           4.002e+01     
   0.000          65.000            1.400e-05           3.004e-06             124.550           1.100e-05             301.062           4.002e+01     
   5.000          65.000            2.638e-02           2.637e-02             243.158           1.012e-05             276.852           9.205e+01     
  10.000          65.000            8.644e-02           8.643e-02             215.421           8.808e-06             251.225           1.693e+02     
  15.000          65.000            1.653e-01           1.653e-01             187.034           7.657e-06             224.097           2.438e+02     
  20.000          65.000            2.578e-01           2.578e-01             160.799           6.685e-06             197.035           3.162e+02     
  25.000          65.000            3.437e-01           3.437e-01             138.309           5.712e-06             171.352           3.162e+02     
  30.000          65.000            3.879e-01           3.879e-01             119.683           4.456e-06             146.657           3.162e+02     
  35.000          65.000            3.682e-01           3.682e-01             104.331           3.185e-06             122.288           3.162e+02     
  40.000          65.000            2.960e-01           2.960e-01              91.283           2.224e-06              97.093           3.162e+02     
  45.000          65.000            2.068e-01           2.068e-01              78.915           1.620e-06              73.797           3.162e+02     
  50.000          65.000            1.340e-01           1.340e-01              64.334           1.213e-06              56.458           3.162e+02     
  55.000          65.000            9.564e-02           9.564e-02              44.040           8.775e-07              45.247           3.162e+02     
  60.000          65.000            9.852e-02           9.851e-02              19.910           6.026e-07              41.985           3.162e+02     
  65.000          65.000            1.452e-01           1.452e-01               0.660           4.012e-07              44.913           3.162e+02     
  70.000          65.000            2.329e-01           2.329e-01             348.898           2.672e-07              51.149           3.162e+02     
  75.000          65.000            3.475e-01           3.475e-01             342.088           1.725e-07              57.848           3.162e+02     
  80.000          65.000            4.630e-01           4.630e-01             338.146           8.691e-08              62.153           3.162e+02     
  85.000          65.000            5.489e-01           5.489e-01             336.054           2.349e-08              64.666           3.162e+02     
  90.000          65.000            5.806e-01           5.806e-01             335.394           1.166e-11              50.714           3.162e+02     
  95.000          65.000            5.489e-01           5.489e-01             336.054           2.348e-08             244.711           3.162e+02     
 100.000          65.000            4.630e-01           4.630e-01             338.146           8.689e-08             242.175           3.162e+02     
 105.000          65.000            3.475e-01           3.475e-01             342.088           1.724e-07             237.862           3.162e+02     
 110.000          65.000            2.329e-01           2.329e-01             348.898           2.671e-07             231.157           3.162e+02     
 115.000          65.000            1.452e-01           1.452e-01               0.660           4.011e-07             224.917           3.162e+02     
 120.000          65.000            9.852e-02           9.851e-02              19.910           6.025e-07             221.986           3.162e+02     
 125.000          65.000            9.564e-02           9.564e-02              44.040           8.773e-07             225.245           3.162e+02     
 130.000          65.000            1.340e-01           1.340e-01              64.334           1.212e-06             236.456           3.162e+02     
 135.000          65.000            2.068e-01           2.068e-01              78.915           1.620e-06             253.795           3.162e+02     
 140.000          65.000            2.960e-01           2.960e-01              91.283           2.223e-06             277.091           3.162e+02     
 145.000          65.000            3.682e-01           3.682e-01             104.331           3.184e-06             302.287           3.162e+02     
 150.000          65.000            3.879e-01           3.879e-01             119.683           4.455e-06             326.657           3.162e+02     
 155.000          65.000            3.437e-01           3.437e-01             138.309           5.711e-06             351.352           3.162e+02     
 160.000          65.000            2.578e-01           2.578e-01             160.799           6.684e-06              17.035           3.162e+02     
 165.000          65.000            1.653e-01           1.653e-01             187.034           7.656e-06              44.097           2.438e+02     
 170.000          65.000            8.644e-02           8.643e-02             215.421           8.807e-06              71.225           1.694e+02     
 175.000          65.000            2.638e-02           2.637e-02             243.158           1.012e-05              96.852           9.206e+01     
 180.000          65.000            1.400e-05           3.003e-06             124.550           1.100e-05             121.062           4.002e+01     
   0.000          70.000            1.400e-05           2.068e-06             125.251           1.193e-05             301.215           4.002e+01     
   5.000          70.000            2.629e-02           2.628e-02             245.530           1.093e-05             279.667           8.741e+01     
  10.000          70.000            8.466e-02           8.465e-02             219.965           9.389e-06             257.051           1.575e+02     
  15.000          70.000            1.588e-01           1.588e-01             193.663           7.890e-06             232.994           2.238e+02     
  20.000          70.000            2.429e-01           2.429e-01             169.657           6.558e-06             208.529           3.067e+02     
  25.000          70.000            3.154e-01           3.154e-01             149.702           5.276e-06             185.084           3.162e+02     
  30.000          70.000            3.427e-01           3.426e-01             133.896           3.946e-06             162.639           3.162e+02     
  35.000          70.000            3.102e-01           3.102e-01             121.603           2.763e-06             140.843           3.162e+02     
  40.000          70.000            2.379e-01           2.379e-01             111.809           1.827e-06             119.372           3.162e+02     
  45.000          70.000            1.607e-01           1.607e-01             102.649           1.232e-06             100.045           3.162e+02     
  50.000          70.000            1.040e-01           1.040e-01              90.473           8.754e-07              86.509           3.162e+02     
  55.000          70.000            7.886e-02           7.886e-02              70.842           6.521e-07              80.091           3.162e+02     
  60.000          70.000            9.313e-02           9.313e-02              46.740           5.176e-07              80.752           3.162e+02     
  65.000          70.000            1.564e-01           1.564e-01              28.351           4.381e-07              84.890           3.162e+02     
  70.000          70.000            2.712e-01           2.712e-01              17.406           3.720e-07              89.135           3.162e+02     
  75.000          70.000            4.224e-01           4.224e-01              11.025           2.695e-07              91.545           3.162e+02     
  80.000          70.000            5.760e-01           5.760e-01               7.261           1.456e-07              92.722           3.162e+02     
  85.000          70.000            6.907e-01           6.907e-01               5.234           4.055e-08              93.248           3.162e+02     
  90.000          70.000            7.331e-01           7.331e-01               4.589           1.209e-11              78.746           3.162e+02     
  95.000          70.000            6.907e-01           6.907e-01               5.234           4.055e-08             273.283           3.162e+02     
 100.000          70.000            5.760e-01           5.760e-01               7.261           1.456e-07             272.740           3.162e+02     
 105.000          70.000            4.224e-01           4.224e-01              11.025           2.695e-07             271.558           3.162e+02     
 110.000          70.000            2.712e-01           2.712e-01              17.406           3.720e-07             269.145           3.162e+02     
 115.000          70.000            1.564e-01           1.564e-01              28.351           4.380e-07             264.897           3.162e+02     
 120.000          70.000            9.313e-02           9.313e-02              46.740           5.175e-07             260.756           3.162e+02     
 125.000          70.000            7.886e-02           7.886e-02              70.842           6.519e-07             260.092           3.162e+02     
 130.000          70.000            1.040e-01           1.040e-01              90.473           8.751e-07             266.508           3.162e+02     
 135.000          70.000            1.607e-01           1.607e-01             102.649           1.232e-06             280.043           3.162e+02     
 140.000          70.000            2.379e-01           2.379e-01             111.809           1.826e-06             299.370           3.162e+02     
 145.000          70.000            3.102e-01           3.102e-01             121.603           2.762e-06             320.842           3.162e+02     
 150.000          70.000            3.427e-01           3.426e-01             133.896           3.946e-06             342.639           3.162e+02     
 155.000          70.000            3.154e-01           3.154e-01             149.702           5.275e-06               5.084           3.162e+02     
 160.000          70.000            2.429e-01           2.429e-01             169.657           6.557e-06              28.529           3.067e+02     
 165.000          70.000            1.588e-01           1.588e-01             193.663           7.889e-06              52.994           2.239e+02     
 170.000          70.000            8.466e-02           8.465e-02             219.965           9.387e-06              77.051           1.575e+02     
 175.000          70.000            2.629e-02           2.628e-02             245.530           1.093e-05              99.667           8.741e+01     
 180.000          70.000            1.400e-05           2.068e-06             125.251           1.193e-05             121.214           4.002e+01     
   0.000          75.000            1.400e-05           1.282e-06             126.323           1.272e-05             301.356           4.002e+01     
   5.000          75.000            2.627e-02           2.625e-02             248.094           1.161e-05             282.601           8.398e+01     
  10.000          75.000            8.344e-02           8.343e-02             224.971           9.884e-06             263.099           1.488e+02     
  15.000          75.000            1.539e-01           1.538e-01             201.056           8.103e-06             242.308           2.090e+02     
  20.000          75.000            2.312e-01           2.312e-01             179.482           6.471e-06             220.855           2.860e+02     
  25.000          75.000            2.945e-01           2.945e-01             162.155           4.999e-06             199.991           3.162e+02     
  30.000          75.000            3.135e-01           3.135e-01             149.246           3.640e-06             180.115           3.162e+02     
  35.000          75.000            2.796e-01           2.796e-01             140.134           2.465e-06             161.641           3.162e+02     
  40.000          75.000            2.155e-01           2.155e-01             133.717           1.589e-06             144.550           3.162e+02     
  45.000          75.000            1.522e-01           1.522e-01             127.750           1.037e-06             130.134           3.162e+02     
  50.000          75.000            1.080e-01           1.080e-01             118.010           7.322e-07             121.544           3.162e+02     
  55.000          75.000            9.222e-02           9.222e-02             100.203           5.870e-07             118.916           3.162e+02     
  60.000          75.000            1.180e-01           1.180e-01              77.805           5.400e-07             120.299           3.162e+02     
  65.000          75.000            2.024e-01           2.024e-01              60.202           5.309e-07             122.314           3.162e+02     
  70.000          75.000            3.510e-01           3.510e-01              49.252           4.731e-07             123.090           3.162e+02     
  75.000          75.000            5.447e-01           5.447e-01              42.646           3.518e-07             122.924           3.162e+02     
  80.000          75.000            7.402e-01           7.402e-01              38.680           1.909e-07             122.358           3.162e+02     
  85.000          75.000            8.856e-01           8.856e-01              36.529           5.313e-08             121.893           3.162e+02     
  90.000          75.000            9.392e-01           9.392e-01              35.843           1.189e-11             109.728           3.162e+02     
  95.000          75.000            8.856e-01           8.856e-01              36.529           5.314e-08             301.924           3.162e+02     
 100.000          75.000            7.402e-01           7.402e-01              38.680           1.909e-07             302.373           3.162e+02     
 105.000          75.000            5.447e-01           5.447e-01              42.646           3.518e-07             302.935           3.162e+02     
 110.000          75.000            3.510e-01           3.510e-01              49.252           4.731e-07             303.098           3.162e+02     
 115.000          75.000            2.024e-01           2.024e-01              60.202           5.308e-07             302.320           3.162e+02     
 120.000          75.000            1.180e-01           1.180e-01              77.805           5.400e-07             300.304           3.162e+02     
 125.000          75.000            9.222e-02           9.222e-02             100.203           5.869e-07             298.919           3.162e+02     
 130.000          75.000            1.080e-01           1.080e-01             118.010           7.320e-07             301.545           3.162e+02     
 135.000          75.000            1.522e-01           1.522e-01             127.750           1.037e-06             310.134           3.162e+02     
 140.000          75.000            2.155e-01           2.155e-01             133.717           1.588e-06             324.549           3.162e+02     
 145.000          75.000            2.796e-01           2.796e-01             140.134           2.464e-06             341.641           3.162e+02     
 150.000          75.000            3.135e-01           3.135e-01             149.246           3.639e-06               0.116           3.162e+02     
 155.000          75.000            2.945e-01           2.945e-01             162.155           4.998e-06              19.992           3.162e+02     
 160.000          75.000            2.312e-01           2.312e-01             179.482           6.470e-06              40.856           2.860e+02     
 165.000          75.000            1.539e-01           1.538e-01             201.056           8.102e-06              62.308           2.090e+02     
 170.000          75.000            8.344e-02           8.343e-02             224.971           9.883e-06              83.099           1.488e+02     
 175.000          75.000            2.627e-02           2.625e-02             248.094           1.161e-05             102.601           8.398e+01     
 180.000          75.000            1.400e-05           1.282e-06             126.323           1.272e-05             121.356           4.002e+01     
   0.000          80.000            1.400e-05           6.707e-07             128.206           1.333e-05             301.490           4.002e+01     
   5.000          80.000            2.632e-02           2.631e-02             250.828           1.213e-05             285.634           8.159e+01     
  10.000          80.000            8.283e-02           8.282e-02             230.386           1.029e-05             269.302           1.429e+02     
  15.000          80.000            1.506e-01           1.506e-01             209.119           8.301e-06             251.876           1.984e+02     
  20.000          80.000            2.229e-01           2.229e-01             190.131           6.450e-06             233.718           2.697e+02     
  25.000          80.000            2.807e-01           2.807e-01             175.413           4.829e-06             215.859           3.162e+02     
  30.000          80.000            2.978e-01           2.978e-01             165.214           3.445e-06             198.922           3.162e+02     
  35.000          80.000            2.691e-01           2.691e-01             158.883           2.327e-06             183.819           3.162e+02     
  40.000          80.000            2.163e-01           2.163e-01             155.067           1.519e-06             171.132           3.162e+02     
  45.000          80.000            1.656e-01           1.656e-01             151.055           1.027e-06             162.356           3.162e+02     
  50.000          80.000            1.319e-01           1.319e-01             142.561           7.643e-07             158.121           3.162e+02     
  55.000          80.000            1.261e-01           1.261e-01             126.459           6.729e-07             157.577           3.162e+02     
  60.000          80.000            1.671e-01           1.671e-01             106.598           6.679e-07             157.964           3.162e+02     
  65.000          80.000            2.763e-01           2.763e-01              90.514           6.691e-07             157.586           3.162e+02     
  70.000          80.000            4.588e-01           4.588e-01              79.996           5.940e-07             156.358           3.162e+02     
  75.000          80.000            6.898e-01           6.898e-01              73.442           4.346e-07             154.754           3.162e+02     
  80.000          80.000            9.188e-01           9.188e-01              69.453           2.322e-07             153.286           3.162e+02     
  85.000          80.000            1.087e+00           1.087e+00              67.282           6.353e-08             152.496           3.162e+02     
  90.000          80.000            1.149e+00           1.149e+00              66.590           1.170e-11             144.433           3.162e+02     
  95.000          80.000            1.087e+00           1.087e+00              67.282           6.356e-08             332.522           3.162e+02     
 100.000          80.000            9.188e-01           9.188e-01              69.453           2.323e-07             333.299           3.162e+02     
 105.000          80.000            6.898e-01           6.898e-01              73.442           4.346e-07             334.763           3.162e+02     
 110.000          80.000            4.588e-01           4.588e-01              79.996           5.940e-07             336.365           3.162e+02     
 115.000          80.000            2.763e-01           2.763e-01              90.514           6.691e-07             337.592           3.162e+02     
 120.000          80.000            1.671e-01           1.671e-01             106.598           6.679e-07             337.969           3.162e+02     
 125.000          80.000            1.261e-01           1.261e-01             126.459           6.728e-07             337.581           3.162e+02     
 130.000          80.000            1.319e-01           1.319e-01             142.561           7.641e-07             338.123           3.162e+02     
 135.000          80.000            1.656e-01           1.656e-01             151.055           1.027e-06             342.357           3.162e+02     
 140.000          80.000            2.163e-01           2.163e-01             155.067           1.519e-06             351.132           3.162e+02     
 145.000          80.000            2.691e-01           2.691e-01             158.883           2.326e-06               3.820           3.162e+02     
 150.000          80.000            2.978e-01           2.978e-01             165.214           3.444e-06              18.923           3.162e+02     
 155.000          80.000            2.807e-01           2.807e-01             175.413           4.828e-06              35.859           3.162e+02     
 160.000          80.000            2.229e-01           2.229e-01             190.131           6.449e-06              53.719           2.697e+02     
 165.000          80.000            1.506e-01           1.506e-01             209.119           8.300e-06              71.876           1.984e+02     
 170.000          80.000            8.283e-02           8.282e-02             230.386           1.028e-05              89.303           1.429e+02     
 175.000          80.000            2.632e-02           2.631e-02             250.827           1.213e-05             105.634           8.160e+01     
 180.000          80.000            1.400e-05           6.706e-07             128.206           1.333e-05             121.490           4.002e+01     
   0.000          85.000            1.400e-05           2.512e-07             132.464           1.375e-05             301.619           4.002e+01     
   5.000          85.000            2.645e-02           2.643e-02             253.706           1.250e-05             288.744           8.013e+01     
  10.000          85.000            8.288e-02           8.287e-02             236.143           1.058e-05             275.600           1.393e+02     
  15.000          85.000            1.492e-01           1.492e-01             217.742           8.474e-06             261.548           1.917e+02     
  20.000          85.000            2.184e-01           2.184e-01             201.449           6.490e-06             246.808           2.578e+02     
  25.000          85.000            2.735e-01           2.735e-01             189.245           4.774e-06             232.216           3.162e+02     
  30.000          85.000            2.920e-01           2.920e-01             181.422           3.381e-06             218.493           3.162e+02     
  35.000          85.000            2.703e-01           2.703e-01             177.260           2.316e-06             206.812           3.162e+02     
  40.000          85.000            2.278e-01           2.278e-01             175.184           1.581e-06             198.094           3.162e+02     
  45.000          85.000            1.870e-01           1.870e-01             172.319           1.150e-06             193.258           3.162e+02     
  50.000          85.000            1.617e-01           1.617e-01             164.851           9.413e-07             191.989           3.162e+02     
  55.000          85.000            1.653e-01           1.653e-01             150.820           8.885e-07             192.142           3.162e+02     
  60.000          85.000            2.191e-01           2.190e-01             133.859           8.952e-07             191.726           3.162e+02     
  65.000          85.000            3.439e-01           3.439e-01             119.784           8.726e-07             190.266           3.162e+02     
  70.000          85.000            5.419e-01           5.419e-01             110.228           7.498e-07             188.225           3.162e+02     
  75.000          85.000            7.852e-01           7.852e-01             104.147           5.323e-07             186.077           3.162e+02     
  80.000          85.000            1.022e+00           1.022e+00             100.424           2.783e-07             184.271           3.162e+02     
  85.000          85.000            1.194e+00           1.194e+00              98.399           7.585e-08             183.089           3.162e+02     
  90.000          85.000            1.257e+00           1.257e+00              97.754           1.245e-11             180.826           3.162e+02     
  95.000          85.000            1.194e+00           1.194e+00              98.399           7.589e-08               3.107           3.162e+02     
 100.000          85.000            1.022e+00           1.022e+00             100.424           2.784e-07               4.280           3.162e+02     
 105.000          85.000            7.852e-01           7.852e-01             104.147           5.324e-07               6.083           3.162e+02     
 110.000          85.000            5.419e-01           5.419e-01             110.228           7.499e-07               8.229           3.162e+02     
 115.000          85.000            3.439e-01           3.439e-01             119.784           8.727e-07              10.270           3.162e+02     
 120.000          85.000            2.191e-01           2.190e-01             133.859           8.952e-07              11.730           3.162e+02     
 125.000          85.000            1.653e-01           1.653e-01             150.820           8.884e-07              12.146           3.162e+02     
 130.000          85.000            1.617e-01           1.617e-01             164.851           9.412e-07              11.992           3.162e+02     
 135.000          85.000            1.870e-01           1.870e-01             172.319           1.150e-06              13.260           3.162e+02     
 140.000          85.000            2.278e-01           2.278e-01             175.184           1.580e-06              18.095           3.162e+02     
 145.000          85.000            2.703e-01           2.703e-01             177.260           2.315e-06              26.813           3.162e+02     
 150.000          85.000            2.920e-01           2.920e-01             181.422           3.380e-06              38.494           3.162e+02     
 155.000          85.000            2.735e-01           2.735e-01             189.245           4.774e-06              52.217           3.162e+02     
 160.000          85.000            2.184e-01           2.184e-01             201.449           6.489e-06              66.809           2.578e+02     
 165.000          85.000            1.492e-01           1.492e-01             217.742           8.473e-06              81.549           1.917e+02     
 170.000          85.000            8.288e-02           8.287e-02             236.143           1.058e-05              95.600           1.393e+02     
 175.000          85.000            2.645e-02           2.643e-02             253.706           1.250e-05             108.744           8.013e+01     
 180.000          85.000            1.400e-05           2.512e-07             132.464           1.375e-05             121.619           4.002e+01     
   0.000          90.000            1.400e-05           3.676e-08             150.953           1.397e-05             301.745           4.002e+01     
   5.000          90.000            2.665e-02           2.664e-02             256.701           1.264e-05             292.528           7.844e+01     
  10.000          90.000            8.360e-02           8.359e-02             242.168           1.071e-05             282.582           1.363e+02     
  15.000          90.000            1.499e-01           1.499e-01             226.791           8.567e-06             271.864           1.868e+02     
  20.000          90.000            2.178e-01           2.178e-01             213.264           6.536e-06             260.531           2.485e+02     
  25.000          90.000            2.721e-01           2.721e-01             203.470           4.790e-06             249.264           3.162e+02     
  30.000          90.000            2.931e-01           2.931e-01             197.718           3.420e-06             238.790           3.162e+02     
  35.000          90.000            2.774e-01           2.774e-01             195.279           2.420e-06             230.275           3.162e+02     
  40.000          90.000            2.420e-01           2.420e-01             194.565           1.765e-06             224.616           3.162e+02     
  45.000          90.000            2.077e-01           2.077e-01             192.897           1.403e-06             222.057           3.162e+02     
  50.000          90.000            1.888e-01           1.888e-01             187.088           1.246e-06             221.832           3.162e+02     
  55.000          90.000            1.993e-01           1.993e-01             175.839           1.212e-06             221.876           3.162e+02     
  60.000          90.000            2.593e-01           2.593e-01             162.106           1.198e-06             221.084           3.162e+02     
  65.000          90.000            3.867e-01           3.867e-01             150.326           1.116e-06             219.436           3.162e+02     
  70.000          90.000            5.815e-01           5.815e-01             142.065           9.167e-07             217.386           3.162e+02     
  75.000          90.000            8.162e-01           8.162e-01             136.733           6.266e-07             215.300           3.162e+02     
  80.000          90.000            1.042e+00           1.042e+00             133.469           3.187e-07             213.557           3.162e+02     
  85.000          90.000            1.205e+00           1.205e+00             131.703           8.544e-08             212.394           3.162e+02     
  90.000          90.000            1.265e+00           1.265e+00             131.143           1.381e-11             215.684           3.162e+02     
  95.000          90.000            1.205e+00           1.205e+00             131.703           8.549e-08              32.405           3.162e+02     
 100.000          90.000            1.042e+00           1.042e+00             133.469           3.188e-07              33.562           3.162e+02     
 105.000          90.000            8.162e-01           8.162e-01             136.733           6.267e-07              35.304           3.162e+02     
 110.000          90.000            5.815e-01           5.815e-01             142.065           9.169e-07              37.389           3.162e+02     
 115.000          90.000            3.867e-01           3.867e-01             150.326           1.116e-06              39.439           3.162e+02     
 120.000          90.000            2.593e-01           2.593e-01             162.106           1.198e-06              41.087           3.162e+02     
 125.000          90.000            1.993e-01           1.993e-01             175.839           1.212e-06              41.879           3.162e+02     
 130.000          90.000            1.888e-01           1.888e-01             187.088           1.246e-06              41.835           3.162e+02     
 135.000          90.000            2.077e-01           2.077e-01             192.897           1.403e-06              42.059           3.162e+02     
 140.000          90.000            2.420e-01           2.420e-01             194.565           1.765e-06              44.618           3.162e+02     
 145.000          90.000            2.774e-01           2.774e-01             195.279           2.419e-06              50.277           3.162e+02     
 150.000          90.000            2.931e-01           2.931e-01             197.718           3.419e-06              58.791           3.162e+02     
 155.000          90.000            2.721e-01           2.721e-01             203.470           4.789e-06              69.266           3.162e+02     
 160.000          90.000            2.178e-01           2.178e-01             213.264           6.535e-06              80.532           2.485e+02     
 165.000          90.000            1.499e-01           1.499e-01             226.791           8.566e-06              91.865           1.869e+02     
 170.000          90.000            8.360e-02           8.359e-02             242.168           1.071e-05             102.582           1.363e+02     
 175.000          90.000            2.665e-02           2.664e-02             256.701           1.264e-05             112.529           7.844e+01     
 180.000          90.000            1.400e-05           3.677e-08             150.952           1.396e-05             121.745           4.002e+01     
   0.000          95.000            1.400e-05           3.396e-08             271.363           1.397e-05             301.870           4.002e+01     
   5.000          95.000            2.693e-02           2.692e-02             259.788           1.264e-05             295.600           7.890e+01     
  10.000          95.000            8.502e-02           8.501e-02             248.385           1.073e-05             288.661           1.377e+02     
  15.000          95.000            1.527e-01           1.527e-01             236.130           8.592e-06             281.061           1.888e+02     
  20.000          95.000            2.213e-01           2.213e-01             225.406           6.583e-06             272.923           2.486e+02     
  25.000          95.000            2.764e-01           2.764e-01             217.951           4.868e-06             264.818           3.162e+02     
  30.000          95.000            2.998e-01           2.998e-01             214.108           3.560e-06             257.424           3.162e+02     
  35.000          95.000            2.879e-01           2.879e-01             213.252           2.638e-06             251.695           3.162e+02     
  40.000          95.000            2.565e-01           2.565e-01             213.977           2.063e-06             248.311           3.162e+02     
  45.000          95.000            2.265e-01           2.265e-01             213.958           1.758e-06             247.019           3.162e+02     
  50.000          95.000            2.130e-01           2.130e-01             210.502           1.630e-06             247.256           3.162e+02     
  55.000          95.000            2.294e-01           2.294e-01             202.507           1.580e-06             247.447           3.162e+02     
  60.000          95.000            2.931e-01           2.931e-01             192.100           1.505e-06             247.012           3.162e+02     
  65.000          95.000            4.198e-01           4.198e-01             182.670           1.332e-06             245.972           3.162e+02     
  70.000          95.000            6.091e-01           6.091e-01             175.764           1.043e-06             244.650           3.162e+02     
  75.000          95.000            8.356e-01           8.356e-01             171.206           6.841e-07             243.234           3.162e+02     
  80.000          95.000            1.053e+00           1.053e+00             168.399           3.375e-07             242.005           3.162e+02     
  85.000          95.000            1.211e+00           1.211e+00             166.883           8.880e-08             241.143           3.162e+02     
  90.000          95.000            1.268e+00           1.268e+00             166.404           1.453e-11             248.691           3.162e+02     
  95.000          95.000            1.211e+00           1.211e+00             166.883           8.885e-08              61.150           3.162e+02     
 100.000          95.000            1.053e+00           1.053e+00             168.399           3.376e-07              62.008           3.162e+02     
 105.000          95.000            8.356e-01           8.356e-01             171.206           6.842e-07              63.236           3.162e+02     
 110.000          95.000            6.091e-01           6.091e-01             175.764           1.043e-06              64.652           3.162e+02     
 115.000          95.000            4.198e-01           4.198e-01             182.670           1.332e-06              65.974           3.162e+02     
 120.000          95.000            2.931e-01           2.931e-01             192.100           1.505e-06              67.014           3.162e+02     
 125.000          95.000            2.294e-01           2.294e-01             202.507           1.580e-06              67.449           3.162e+02     
 130.000          95.000            2.130e-01           2.130e-01             210.502           1.630e-06              67.258           3.162e+02     
 135.000          95.000            2.265e-01           2.265e-01             213.958           1.758e-06              67.020           3.162e+02     
 140.000          95.000            2.565e-01           2.565e-01             213.977           2.062e-06              68.312           3.162e+02     
 145.000          95.000            2.879e-01           2.879e-01             213.252           2.638e-06              71.697           3.162e+02     
 150.000          95.000            2.998e-01           2.998e-01             214.108           3.559e-06              77.426           3.162e+02     
 155.000          95.000            2.764e-01           2.764e-01             217.951           4.867e-06              84.819           3.162e+02     
 160.000          95.000            2.213e-01           2.213e-01             225.406           6.582e-06              92.924           2.486e+02     
 165.000          95.000            1.527e-01           1.527e-01             236.130           8.591e-06             101.062           1.888e+02     
 170.000          95.000            8.502e-02           8.501e-02             248.385           1.073e-05             108.662           1.377e+02     
 175.000          95.000            2.693e-02           2.692e-02             259.788           1.264e-05             115.600           7.890e+01     
 180.000          95.000            1.400e-05           3.395e-08             271.355           1.397e-05             121.870           4.002e+01     
   0.000         100.000            1.400e-05           2.428e-07             290.969           1.376e-05             301.996           4.002e+01     
   5.000         100.000            2.729e-02           2.727e-02             262.936           1.245e-05             298.705           8.011e+01     
  10.000         100.000            8.713e-02           8.712e-02             254.715           1.058e-05             294.779           1.410e+02     
  15.000         100.000            1.578e-01           1.578e-01             245.608           8.479e-06             290.261           1.941e+02     
  20.000         100.000            2.291e-01           2.291e-01             237.691           6.529e-06             285.248           2.538e+02     
  25.000         100.000            2.866e-01           2.866e-01             232.549           4.889e-06             280.166           3.162e+02     
  30.000         100.000            3.126e-01           3.126e-01             230.605           3.679e-06             275.558           3.162e+02     
  35.000         100.000            3.032e-01           3.032e-01             231.419           2.860e-06             272.032           3.162e+02     
  40.000         100.000            2.746e-01           2.746e-01             233.847           2.374e-06             270.101           3.162e+02     
  45.000         100.000            2.484e-01           2.484e-01             235.875           2.118e-06             269.325           3.162e+02     
  50.000         100.000            2.406e-01           2.406e-01             235.069           1.992e-06             269.785           3.162e+02     
  55.000         100.000            2.634e-01           2.634e-01             230.241           1.891e-06             270.323           3.162e+02     
  60.000         100.000            3.317e-01           3.317e-01             222.785           1.727e-06             270.654           3.162e+02     
  65.000         100.000            4.594e-01           4.594e-01             215.353           1.456e-06             270.681           3.162e+02     
  70.000         100.000            6.459e-01           6.459e-01             209.533           1.091e-06             270.600           3.162e+02     
  75.000         100.000            8.672e-01           8.672e-01             205.528           6.902e-07             270.341           3.162e+02     
  80.000         100.000            1.079e+00           1.079e+00             203.008           3.316e-07             270.030           3.162e+02     
  85.000         100.000            1.233e+00           1.233e+00             201.632           8.584e-08             269.706           3.162e+02     
  90.000         100.000            1.289e+00           1.289e+00             201.196           1.406e-11             281.443           3.162e+02     
  95.000         100.000            1.233e+00           1.233e+00             201.632           8.587e-08              89.712           3.162e+02     
 100.000         100.000            1.079e+00           1.079e+00             203.008           3.316e-07              90.033           3.162e+02     
 105.000         100.000            8.672e-01           8.672e-01             205.528           6.903e-07              90.343           3.162e+02     
 110.000         100.000            6.459e-01           6.459e-01             209.533           1.091e-06              90.602           3.162e+02     
 115.000         100.000            4.594e-01           4.594e-01             215.353           1.456e-06              90.682           3.162e+02     
 120.000         100.000            3.317e-01           3.317e-01             222.785           1.727e-06              90.655           3.162e+02     
 125.000         100.000            2.634e-01           2.634e-01             230.241           1.891e-06              90.325           3.162e+02     
 130.000         100.000            2.406e-01           2.406e-01             235.069           1.992e-06              89.786           3.162e+02     
 135.000         100.000            2.484e-01           2.484e-01             235.875           2.117e-06              89.327           3.162e+02     
 140.000         100.000            2.746e-01           2.746e-01             233.847           2.373e-06              90.102           3.162e+02     
 145.000         100.000            3.032e-01           3.032e-01             231.419           2.860e-06              92.034           3.162e+02     
 150.000         100.000            3.126e-01           3.126e-01             230.605           3.678e-06              95.559           3.162e+02     
 155.000         100.000            2.866e-01           2.866e-01             232.549           4.888e-06             100.168           3.162e+02     
 160.000         100.000            2.291e-01           2.291e-01             237.691           6.528e-06             105.249           2.539e+02     
 165.000         100.000            1.578e-01           1.578e-01             245.608           8.478e-06             110.262           1.941e+02     
 170.000         100.000            8.713e-02           8.712e-02             254.715           1.058e-05             114.780           1.410e+02     
 175.000         100.000            2.729e-02           2.727e-02             262.936           1.244e-05             118.705           8.012e+01     
 180.000         100.000            1.400e-05           2.428e-07             290.967           1.376e-05             121.996           4.002e+01     
   0.000         105.000            1.400e-05           6.571e-07             295.344           1.334e-05             302.125           4.002e+01     
   5.000         105.000            2.771e-02           2.770e-02             266.116           1.207e-05             301.823           8.210e+01     
  10.000         105.000            8.993e-02           8.992e-02             261.080           1.026e-05             300.889           1.462e+02     
  15.000         105.000            1.650e-01           1.650e-01             255.088           8.222e-06             299.408           2.028e+02     
  20.000         105.000            2.413e-01           2.413e-01             249.937           6.351e-06             297.442           2.644e+02     
  25.000         105.000            3.033e-01           3.033e-01             247.100           4.811e-06             295.229           3.162e+02     
  30.000         105.000            3.330e-01           3.330e-01             247.112           3.716e-06             293.092           3.162e+02     
  35.000         105.000            3.270e-01           3.270e-01             249.742           3.006e-06             291.258           3.162e+02     
  40.000         105.000            3.020e-01           3.020e-01             254.057           2.602e-06             290.275           3.162e+02     
  45.000         105.000            2.807e-01           2.807e-01             258.225           2.397e-06             290.535           3.162e+02     
  50.000         105.000            2.790e-01           2.790e-01             259.919           2.246e-06             290.869           3.162e+02     
  55.000         105.000            3.072e-01           3.072e-01             257.838           2.080e-06             291.909           3.162e+02     
  60.000         105.000            3.771e-01           3.771e-01             252.832           1.834e-06             293.193           3.162e+02     
  65.000         105.000            4.993e-01           4.993e-01             247.033           1.488e-06             294.421           3.162e+02     
  70.000         105.000            6.721e-01           6.721e-01             242.069           1.083e-06             295.750           3.162e+02     
  75.000         105.000            8.735e-01           8.735e-01             238.463           6.695e-07             296.789           3.162e+02     
  80.000         105.000            1.065e+00           1.065e+00             236.128           3.168e-07             297.509           3.162e+02     
  85.000         105.000            1.202e+00           1.202e+00             234.839           8.134e-08             297.853           3.162e+02     
  90.000         105.000            1.252e+00           1.252e+00             234.428           1.293e-11             314.830           3.162e+02     
  95.000         105.000            1.202e+00           1.202e+00             234.839           8.136e-08             117.864           3.162e+02     
 100.000         105.000            1.065e+00           1.065e+00             236.128           3.168e-07             117.514           3.162e+02     
 105.000         105.000            8.735e-01           8.735e-01             238.463           6.696e-07             116.793           3.162e+02     
 110.000         105.000            6.721e-01           6.721e-01             242.069           1.083e-06             115.752           3.162e+02     
 115.000         105.000            4.993e-01           4.993e-01             247.033           1.488e-06             114.423           3.162e+02     
 120.000         105.000            3.771e-01           3.771e-01             252.832           1.834e-06             113.195           3.162e+02     
 125.000         105.000            3.072e-01           3.072e-01             257.838           2.080e-06             111.911           3.162e+02     
 130.000         105.000            2.790e-01           2.790e-01             259.919           2.246e-06             110.870           3.162e+02     
 135.000         105.000            2.807e-01           2.807e-01             258.225           2.397e-06             110.536           3.162e+02     
 140.000         105.000            3.020e-01           3.020e-01             254.057           2.602e-06             110.276           3.162e+02     
 145.000         105.000            3.270e-01           3.270e-01             249.742           3.006e-06             111.260           3.162e+02     
 150.000         105.000            3.330e-01           3.330e-01             247.112           3.716e-06             113.093           3.162e+02     
 155.000         105.000            3.033e-01           3.033e-01             247.100           4.810e-06             115.230           3.162e+02     
 160.000         105.000            2.413e-01           2.413e-01             249.937           6.350e-06             117.443           2.644e+02     
 165.000         105.000            1.650e-01           1.650e-01             255.088           8.221e-06             119.409           2.028e+02     
 170.000         105.000            8.993e-02           8.992e-02             261.080           1.026e-05             120.889           1.462e+02     
 175.000         105.000            2.771e-02           2.770e-02             266.116           1.207e-05             121.823           8.211e+01     
 180.000         105.000            1.400e-05           6.570e-07             295.343           1.334e-05             122.125           4.002e+01     
   0.000         110.000            1.400e-05           1.264e-06             297.260           1.274e-05             302.259           4.002e+01     
   5.000         110.000            2.820e-02           2.819e-02             269.298           1.152e-05             304.934           8.492e+01     
  10.000         110.000            9.337e-02           9.336e-02             267.409           9.783e-06             306.956           1.534e+02     
  15.000         110.000            1.744e-01           1.744e-01             264.446           7.820e-06             308.474           2.149e+02     
  20.000         110.000            2.579e-01           2.579e-01             261.978           6.039e-06             309.519           2.801e+02     
  25.000         110.000            3.268e-01           3.268e-01             261.414           4.607e-06             310.087           3.162e+02     
  30.000         110.000            3.628e-01           3.628e-01             263.410           3.624e-06             310.224           3.162e+02     
  35.000         110.000            3.630e-01           3.630e-01             267.898           3.024e-06             310.226           3.162e+02     
  40.000         110.000            3.444e-01           3.444e-01             274.055           2.678e-06             309.905           3.162e+02     
  45.000         110.000            3.297e-01           3.297e-01             280.144           2.483e-06             310.004           3.162e+02     
  50.000         110.000            3.334e-01           3.334e-01             283.998           2.317e-06             310.814           3.162e+02     
  55.000         110.000            3.631e-01           3.631e-01             284.355           2.114e-06             312.698           3.162e+02     
  60.000         110.000            4.262e-01           4.262e-01             281.689           1.823e-06             315.072           3.162e+02     
  65.000         110.000            5.290e-01           5.290e-01             277.636           1.452e-06             317.637           3.162e+02     
  70.000         110.000            6.685e-01           6.685e-01             273.716           1.035e-06             320.046           3.162e+02     
  75.000         110.000            8.272e-01           8.272e-01             270.676           6.337e-07             322.208           3.162e+02     
  80.000         110.000            9.754e-01           9.754e-01             268.644           2.981e-07             323.779           3.162e+02     
  85.000         110.000            1.081e+00           1.081e+00             267.509           7.637e-08             324.624           3.162e+02     
  90.000         110.000            1.119e+00           1.119e+00             267.146           1.172e-11             348.313           3.162e+02     
  95.000         110.000            1.081e+00           1.081e+00             267.509           7.640e-08             144.640           3.162e+02     
 100.000         110.000            9.754e-01           9.754e-01             268.644           2.982e-07             143.787           3.162e+02     
 105.000         110.000            8.272e-01           8.272e-01             270.676           6.338e-07             142.213           3.162e+02     
 110.000         110.000            6.685e-01           6.685e-01             273.716           1.035e-06             140.049           3.162e+02     
 115.000         110.000            5.290e-01           5.290e-01             277.636           1.452e-06             137.640           3.162e+02     
 120.000         110.000            4.262e-01           4.262e-01             281.689           1.823e-06             135.074           3.162e+02     
 125.000         110.000            3.631e-01           3.631e-01             284.355           2.114e-06             132.700           3.162e+02     
 130.000         110.000            3.334e-01           3.334e-01             283.998           2.317e-06             130.815           3.162e+02     
 135.000         110.000            3.297e-01           3.297e-01             280.144           2.483e-06             130.005           3.162e+02     
 140.000         110.000            3.444e-01           3.444e-01             274.055           2.677e-06             129.906           3.162e+02     
 145.000         110.000            3.630e-01           3.630e-01             267.898           3.023e-06             130.227           3.162e+02     
 150.000         110.000            3.628e-01           3.628e-01             263.410           3.624e-06             130.225           3.162e+02     
 155.000         110.000            3.268e-01           3.268e-01             261.414           4.607e-06             130.089           3.162e+02     
 160.000         110.000            2.579e-01           2.579e-01             261.978           6.038e-06             129.520           2.801e+02     
 165.000         110.000            1.744e-01           1.744e-01             264.446           7.820e-06             128.475           2.149e+02     
 170.000         110.000            9.337e-02           9.336e-02             267.409           9.782e-06             126.956           1.534e+02     
 175.000         110.000            2.820e-02           2.819e-02             269.298           1.152e-05             124.934           8.492e+01     
 180.000         110.000            1.400e-05           1.264e-06             297.260           1.274e-05             122.259           4.002e+01     
   0.000         115.000            1.400e-05           2.045e-06             298.346           1.196e-05             302.401           4.002e+01     
   5.000         115.000            2.875e-02           2.874e-02             272.456           1.082e-05             308.019           8.864e+01     
  10.000         115.000            9.741e-02           9.740e-02             273.639           9.165e-06             312.948           1.627e+02     
  15.000         115.000            1.858e-01           1.858e-01             273.582           7.290e-06             317.442           2.304e+02     
  20.000         115.000            2.785e-01           2.785e-01             273.678           5.605e-06             321.519           3.007e+02     
  25.000         115.000            3.568e-01           3.568e-01             275.308           4.329e-06             325.445           3.162e+02     
  30.000         115.000            4.024e-01           4.024e-01             279.233           3.395e-06             327.607           3.162e+02     
  35.000         115.000            4.127e-01           4.127e-01             285.471           2.829e-06             328.398           3.162e+02     
  40.000         115.000            4.042e-01           4.042e-01             293.228           2.544e-06             329.067           3.162e+02     
  45.000         115.000            3.978e-01           3.978e-01             300.882           2.380e-06             329.727           3.162e+02     
  50.000         115.000            4.055e-01           4.055e-01             306.577           2.221e-06             330.910           3.162e+02     
  55.000         115.000            4.321e-01           4.321e-01             309.257           2.042e-06             334.127           3.162e+02     
  60.000         115.000            4.809e-01           4.809e-01             309.142           1.755e-06             337.209           3.162e+02     
  65.000         115.000            5.551e-01           5.551e-01             307.342           1.396e-06             340.590           3.162e+02     
  70.000         115.000            6.518e-01           6.518e-01             305.070           9.987e-07             343.789           3.162e+02     
  75.000         115.000            7.592e-01           7.592e-01             303.097           6.092e-07             346.417           3.162e+02     
  80.000         115.000            8.581e-01           8.581e-01             301.713           2.871e-07             348.441           3.162e+02     
  85.000         115.000            9.279e-01           9.279e-01             300.926           7.368e-08             349.522           3.162e+02     
  90.000         115.000            9.531e-01           9.531e-01             300.675           1.051e-11              21.015           3.162e+02     
  95.000         115.000            9.279e-01           9.279e-01             300.926           7.371e-08             169.542           3.162e+02     
 100.000         115.000            8.581e-01           8.581e-01             301.713           2.872e-07             168.451           3.162e+02     
 105.000         115.000            7.592e-01           7.592e-01             303.097           6.093e-07             166.424           3.162e+02     
 110.000         115.000            6.518e-01           6.518e-01             305.070           9.988e-07             163.794           3.162e+02     
 115.000         115.000            5.551e-01           5.551e-01             307.342           1.396e-06             160.593           3.162e+02     
 120.000         115.000            4.809e-01           4.809e-01             309.142           1.755e-06             157.212           3.162e+02     
 125.000         115.000            4.321e-01           4.321e-01             309.257           2.042e-06             154.128           3.162e+02     
 130.000         115.000            4.055e-01           4.055e-01             306.576           2.221e-06             150.911           3.162e+02     
 135.000         115.000            3.978e-01           3.978e-01             300.882           2.380e-06             149.728           3.162e+02     
 140.000         115.000            4.042e-01           4.042e-01             293.228           2.543e-06             149.067           3.162e+02     
 145.000         115.000            4.127e-01           4.127e-01             285.471           2.828e-06             148.399           3.162e+02     
 150.000         115.000            4.024e-01           4.024e-01             279.233           3.395e-06             147.608           3.162e+02     
 155.000         115.000            3.568e-01           3.568e-01             275.308           4.329e-06             145.447           3.162e+02     
 160.000         115.000            2.785e-01           2.785e-01             273.678           5.604e-06             141.520           3.007e+02     
 165.000         115.000            1.858e-01           1.858e-01             273.582           7.289e-06             137.443           2.304e+02     
 170.000         115.000            9.741e-02           9.740e-02             273.639           9.165e-06             132.949           1.627e+02     
 175.000         115.000            2.875e-02           2.874e-02             272.456           1.082e-05             128.019           8.864e+01     
 180.000         115.000            1.400e-05           2.045e-06             298.346           1.196e-05             122.401           4.002e+01     
   0.000         120.000            1.400e-05           2.977e-06             299.054           1.102e-05             302.553           4.002e+01     
   5.000         120.000            2.936e-02           2.935e-02             275.564           9.985e-06             311.059           9.339e+01     
  10.000         120.000            1.020e-01           1.020e-01             279.715           8.428e-06             318.837           1.743e+02     
  15.000         120.000            1.989e-01           1.989e-01             282.418           6.658e-06             326.293           2.494e+02     
  20.000         120.000            3.025e-01           3.024e-01             284.943           5.083e-06             333.463           3.162e+02     
  25.000         120.000            3.921e-01           3.921e-01             288.658           3.860e-06             340.021           3.162e+02     
  30.000         120.000            4.500e-01           4.500e-01             294.393           3.028e-06             344.864           3.162e+02     
  35.000         120.000            4.740e-01           4.740e-01             302.191           2.545e-06             347.637           3.162e+02     
  40.000         120.000            4.789e-01           4.789e-01             311.265           2.271e-06             348.789           3.162e+02     
  45.000         120.000            4.819e-01           4.819e-01             320.175           2.169e-06             350.544           3.162e+02     
  50.000         120.000            4.924e-01           4.924e-01             327.461           2.053e-06             352.215           3.162e+02     
  55.000         120.000            5.130e-01           5.130e-01             332.329           1.893e-06             354.902           3.162e+02     
  60.000         120.000            5.460e-01           5.460e-01             334.852           1.668e-06             358.670           3.162e+02     
  65.000         120.000            5.933e-01           5.933e-01             335.683           1.355e-06               2.521           3.162e+02     
  70.000         120.000            6.535e-01           6.535e-01             335.621           9.845e-07               6.025           3.162e+02     
  75.000         120.000            7.199e-01           7.199e-01             335.274           6.091e-07               8.883           3.162e+02     
  80.000         120.000            7.810e-01           7.810e-01             334.956           2.885e-07              10.924           3.162e+02     
  85.000         120.000            8.242e-01           8.242e-01             334.765           7.430e-08              11.985           3.162e+02     
  90.000         120.000            8.398e-01           8.398e-01             334.704           9.283e-12              52.790           3.162e+02     
  95.000         120.000            8.242e-01           8.242e-01             334.765           7.433e-08             192.008           3.162e+02     
 100.000         120.000            7.810e-01           7.810e-01             334.956           2.885e-07             190.935           3.162e+02     
 105.000         120.000            7.199e-01           7.199e-01             335.274           6.092e-07             188.890           3.162e+02     
 110.000         120.000            6.535e-01           6.535e-01             335.621           9.846e-07             186.030           3.162e+02     
 115.000         120.000            5.933e-01           5.933e-01             335.683           1.355e-06             182.524           3.162e+02     
 120.000         120.000            5.460e-01           5.460e-01             334.852           1.668e-06             178.673           3.162e+02     
 125.000         120.000            5.130e-01           5.130e-01             332.329           1.893e-06             174.904           3.162e+02     
 130.000         120.000            4.924e-01           4.924e-01             327.461           2.053e-06             172.216           3.162e+02     
 135.000         120.000            4.819e-01           4.819e-01             320.175           2.169e-06             170.545           3.162e+02     
 140.000         120.000            4.789e-01           4.789e-01             311.265           2.271e-06             168.790           3.162e+02     
 145.000         120.000            4.740e-01           4.740e-01             302.191           2.544e-06             167.638           3.162e+02     
 150.000         120.000            4.500e-01           4.500e-01             294.393           3.028e-06             164.865           3.162e+02     
 155.000         120.000            3.921e-01           3.921e-01             288.658           3.859e-06             160.023           3.162e+02     
 160.000         120.000            3.025e-01           3.024e-01             284.943           5.083e-06             153.464           3.162e+02     
 165.000         120.000            1.989e-01           1.989e-01             282.418           6.657e-06             146.294           2.494e+02     
 170.000         120.000            1.020e-01           1.020e-01             279.715           8.427e-06             138.837           1.743e+02     
 175.000         120.000            2.936e-02           2.935e-02             275.564           9.984e-06             131.059           9.339e+01     
 180.000         120.000            1.400e-05           2.977e-06             299.053           1.102e-05             122.553           4.002e+01     
   0.000         125.000            1.400e-05           4.031e-06             299.558           9.970e-06             302.719           4.002e+01     
   5.000         125.000            3.000e-02           2.999e-02             278.595           9.042e-06             314.038           9.934e+01     
  10.000         125.000            1.070e-01           1.070e-01             285.593           7.598e-06             324.591           1.885e+02     
  15.000         125.000            2.133e-01           2.132e-01             290.905           5.956e-06             334.989           2.720e+02     
  20.000         125.000            3.287e-01           3.287e-01             295.722           4.510e-06             345.705           3.162e+02     
  25.000         125.000            4.305e-01           4.305e-01             301.415           3.397e-06             355.125           3.162e+02     
  30.000         125.000            5.016e-01           5.016e-01             308.842           2.632e-06               2.641           3.162e+02     
  35.000         125.000            5.407e-01           5.407e-01             318.045           2.190e-06               7.248           3.162e+02     
  40.000         125.000            5.603e-01           5.602e-01             328.263           1.954e-06               9.534           3.162e+02     
  45.000         125.000            5.732e-01           5.732e-01             338.271           1.840e-06              11.010           3.162e+02     
  50.000         125.000            5.859e-01           5.859e-01             346.964           1.790e-06              12.934           3.162e+02     
  55.000         125.000            6.009e-01           6.009e-01             353.777           1.725e-06              15.786           3.162e+02     
  60.000         125.000            6.209e-01           6.209e-01             358.687           1.570e-06              19.139           3.162e+02     
  65.000         125.000            6.491e-01           6.491e-01               2.017           1.327e-06              23.337           3.162e+02     
  70.000         125.000            6.858e-01           6.858e-01               4.197           9.885e-07              26.553           3.162e+02     
  75.000         125.000            7.272e-01           7.272e-01               5.609           6.226e-07              29.187           3.162e+02     
  80.000         125.000            7.660e-01           7.660e-01               6.501           2.984e-07              31.067           3.162e+02     
  85.000         125.000            7.937e-01           7.937e-01               7.005           7.747e-08              32.017           3.162e+02     
  90.000         125.000            8.038e-01           8.038e-01               7.168           8.227e-12              83.877           3.162e+02     
  95.000         125.000            7.937e-01           7.937e-01               7.005           7.749e-08             212.041           3.162e+02     
 100.000         125.000            7.660e-01           7.660e-01               6.501           2.984e-07             211.078           3.162e+02     
 105.000         125.000            7.272e-01           7.272e-01               5.609           6.227e-07             209.195           3.162e+02     
 110.000         125.000            6.858e-01           6.858e-01               4.197           9.885e-07             206.558           3.162e+02     
 115.000         125.000            6.491e-01           6.491e-01               2.017           1.327e-06             203.341           3.162e+02     
 120.000         125.000            6.209e-01           6.209e-01             358.687           1.570e-06             199.142           3.162e+02     
 125.000         125.000            6.009e-01           6.009e-01             353.777           1.725e-06             195.787           3.162e+02     
 130.000         125.000            5.859e-01           5.859e-01             346.964           1.790e-06             192.936           3.162e+02     
 135.000         125.000            5.732e-01           5.732e-01             338.271           1.840e-06             191.011           3.162e+02     
 140.000         125.000            5.603e-01           5.602e-01             328.263           1.954e-06             189.536           3.162e+02     
 145.000         125.000            5.407e-01           5.407e-01             318.045           2.189e-06             187.250           3.162e+02     
 150.000         125.000            5.016e-01           5.016e-01             308.842           2.632e-06             182.643           3.162e+02     
 155.000         125.000            4.305e-01           4.305e-01             301.415           3.397e-06             175.126           3.162e+02     
 160.000         125.000            3.287e-01           3.287e-01             295.722           4.509e-06             165.706           3.162e+02     
 165.000         125.000            2.133e-01           2.132e-01             290.905           5.955e-06             154.990           2.720e+02     
 170.000         125.000            1.070e-01           1.070e-01             285.593           7.597e-06             144.591           1.886e+02     
 175.000         125.000            3.000e-02           2.999e-02             278.595           9.041e-06             134.038           9.935e+01     
 180.000         125.000            1.400e-05           4.031e-06             299.557           9.969e-06             122.719           4.002e+01     
   0.000         130.000            1.400e-05           5.176e-06             299.940           8.826e-06             302.905           4.002e+01     
   5.000         130.000            3.068e-02           3.067e-02             281.528           8.019e-06             316.940           1.068e+02     
  10.000         130.000            1.123e-01           1.123e-01             291.236           6.706e-06             330.178           2.059e+02     
  15.000         130.000            2.286e-01           2.285e-01             299.008           5.221e-06             343.466           2.987e+02     
  20.000         130.000            3.561e-01           3.560e-01             306.007           3.880e-06             357.379           3.162e+02     
  25.000         130.000            4.692e-01           4.692e-01             313.605           2.913e-06              10.281           3.162e+02     
  30.000         130.000            5.518e-01           5.518e-01             322.670           2.255e-06              20.618           3.162e+02     
  35.000         130.000            6.042e-01           6.042e-01             333.243           1.870e-06              27.648           3.162e+02     
  40.000         130.000            6.373e-01           6.373e-01             344.607           1.611e-06              30.630           3.162e+02     
  45.000         130.000            6.600e-01           6.600e-01             355.721           1.491e-06              31.597           3.162e+02     
  50.000         130.000            6.759e-01           6.759e-01               5.745           1.485e-06              32.987           3.162e+02     
  55.000         130.000            6.879e-01           6.879e-01              14.249           1.500e-06              35.677           3.162e+02     
  60.000         130.000            7.003e-01           7.003e-01              21.136           1.426e-06              38.418           3.162e+02     
  65.000         130.000            7.175e-01           7.175e-01              26.491           1.240e-06              41.232           3.162e+02     
  70.000         130.000            7.411e-01           7.411e-01              30.495           9.568e-07              44.311           3.162e+02     
  75.000         130.000            7.686e-01           7.686e-01              33.352           6.185e-07              46.801           3.162e+02     
  80.000         130.000            7.948e-01           7.948e-01              35.253           3.018e-07              48.571           3.162e+02     
  85.000         130.000            8.137e-01           8.137e-01              36.339           7.934e-08              49.443           3.162e+02     
  90.000         130.000            8.206e-01           8.206e-01              36.692           7.527e-12             114.209           3.162e+02     
  95.000         130.000            8.137e-01           8.137e-01              36.339           7.936e-08             229.466           3.162e+02     
 100.000         130.000            7.948e-01           7.948e-01              35.253           3.018e-07             228.583           3.162e+02     
 105.000         130.000            7.686e-01           7.686e-01              33.352           6.185e-07             226.809           3.162e+02     
 110.000         130.000            7.411e-01           7.411e-01              30.495           9.568e-07             224.316           3.162e+02     
 115.000         130.000            7.175e-01           7.175e-01              26.491           1.240e-06             221.236           3.162e+02     
 120.000         130.000            7.003e-01           7.003e-01              21.136           1.426e-06             218.421           3.162e+02     
 125.000         130.000            6.879e-01           6.879e-01              14.249           1.500e-06             215.679           3.162e+02     
 130.000         130.000            6.759e-01           6.759e-01               5.745           1.485e-06             212.988           3.162e+02     
 135.000         130.000            6.600e-01           6.600e-01             355.721           1.491e-06             211.598           3.162e+02     
 140.000         130.000            6.373e-01           6.373e-01             344.607           1.610e-06             210.631           3.162e+02     
 145.000         130.000            6.042e-01           6.042e-01             333.243           1.870e-06             207.650           3.162e+02     
 150.000         130.000            5.518e-01           5.518e-01             322.670           2.255e-06             200.620           3.162e+02     
 155.000         130.000            4.692e-01           4.692e-01             313.605           2.912e-06             190.283           3.162e+02     
 160.000         130.000            3.561e-01           3.560e-01             306.007           3.879e-06             177.380           3.162e+02     
 165.000         130.000            2.286e-01           2.285e-01             299.008           5.220e-06             163.467           2.988e+02     
 170.000         130.000            1.123e-01           1.123e-01             291.236           6.705e-06             150.179           2.059e+02     
 175.000         130.000            3.068e-02           3.067e-02             281.528           8.018e-06             136.940           1.068e+02     
 180.000         130.000            1.400e-05           5.175e-06             299.940           8.825e-06             122.905           4.002e+01     
   0.000         135.000            1.400e-05           6.375e-06             300.244           7.626e-06             303.118           4.002e+01     
   5.000         135.000            3.138e-02           3.138e-02             284.341           6.947e-06             319.753           1.160e+02     
  10.000         135.000            1.178e-01           1.178e-01             296.612           5.783e-06             335.563           2.271e+02     
  15.000         135.000            2.443e-01           2.443e-01             306.710           4.495e-06             352.094           3.162e+02     
  20.000         135.000            3.833e-01           3.833e-01             315.808           3.281e-06               8.861           3.162e+02     
  25.000         135.000            5.053e-01           5.053e-01             325.298           2.471e-06              25.198           3.162e+02     
  30.000         135.000            5.954e-01           5.954e-01             336.049           1.951e-06              38.599           3.162e+02     
  35.000         135.000            6.569e-01           6.568e-01             348.102           1.532e-06              47.425           3.162e+02     
  40.000         135.000            7.006e-01           7.006e-01               0.775           1.266e-06              51.352           3.162e+02     
  45.000         135.000            7.330e-01           7.330e-01              13.150           1.146e-06              51.843           3.162e+02     
  50.000         135.000            7.555e-01           7.555e-01              24.533           1.136e-06              51.853           3.162e+02     
  55.000         135.000            7.702e-01           7.702e-01              34.559           1.163e-06              52.740           3.162e+02     
  60.000         135.000            7.820e-01           7.820e-01              43.059           1.159e-06              54.793           3.162e+02     
  65.000         135.000            7.958e-01           7.958e-01              49.969           1.061e-06              57.474           3.162e+02     
  70.000         135.000            8.132e-01           8.132e-01              55.317           8.523e-07              60.196           3.162e+02     
  75.000         135.000            8.326e-01           8.326e-01              59.223           5.695e-07              62.552           3.162e+02     
  80.000         135.000            8.506e-01           8.506e-01              61.850           2.832e-07              64.446           3.162e+02     
  85.000         135.000            8.632e-01           8.632e-01              63.357           7.567e-08              65.337           3.162e+02     
  90.000         135.000            8.678e-01           8.678e-01              63.847           7.171e-12             143.593           3.162e+02     
  95.000         135.000            8.632e-01           8.632e-01              63.357           7.566e-08             245.358           3.162e+02     
 100.000         135.000            8.506e-01           8.506e-01              61.850           2.832e-07             244.456           3.162e+02     
 105.000         135.000            8.326e-01           8.326e-01              59.223           5.695e-07             242.559           3.162e+02     
 110.000         135.000            8.132e-01           8.132e-01              55.317           8.522e-07             240.201           3.162e+02     
 115.000         135.000            7.958e-01           7.958e-01              49.969           1.061e-06             237.477           3.162e+02     
 120.000         135.000            7.820e-01           7.820e-01              43.059           1.159e-06             234.796           3.162e+02     
 125.000         135.000            7.702e-01           7.702e-01              34.559           1.163e-06             232.742           3.162e+02     
 130.000         135.000            7.555e-01           7.555e-01              24.533           1.136e-06             231.855           3.162e+02     
 135.000         135.000            7.330e-01           7.330e-01              13.150           1.146e-06             231.845           3.162e+02     
 140.000         135.000            7.006e-01           7.006e-01               0.775           1.266e-06             231.354           3.162e+02     
 145.000         135.000            6.569e-01           6.568e-01             348.102           1.532e-06             227.428           3.162e+02     
 150.000         135.000            5.954e-01           5.954e-01             336.049           1.951e-06             218.602           3.162e+02     
 155.000         135.000            5.053e-01           5.053e-01             325.298           2.470e-06             205.201           3.162e+02     
 160.000         135.000            3.833e-01           3.833e-01             315.808           3.281e-06             188.862           3.162e+02     
 165.000         135.000            2.443e-01           2.443e-01             306.710           4.495e-06             172.095           3.162e+02     
 170.000         135.000            1.178e-01           1.178e-01             296.612           5.782e-06             155.563           2.271e+02     
 175.000         135.000            3.138e-02           3.138e-02             284.341           6.946e-06             139.753           1.160e+02     
 180.000         135.000            1.400e-05           6.375e-06             300.244           7.626e-06             123.118           4.002e+01     
   0.000         140.000            1.400e-05           7.594e-06             300.495           6.407e-06             303.368           4.002e+01     
   5.000         140.000            3.210e-02           3.209e-02             287.014           5.858e-06             322.468           1.276e+02     
  10.000         140.000            1.235e-01           1.235e-01             301.696           4.858e-06             340.706           2.533e+02     
  15.000         140.000            2.602e-01           2.602e-01             313.995           3.737e-06             359.874           3.162e+02     
  20.000         140.000            4.094e-01           4.094e-01             325.147           2.725e-06              19.865           3.162e+02     
  25.000         140.000            5.369e-01           5.369e-01             336.576           2.069e-06              39.398           3.162e+02     
  30.000         140.000            6.293e-01           6.293e-01             349.163           1.630e-06              55.667           3.162e+02     
  35.000         140.000            6.949e-01           6.949e-01               2.929           1.226e-06              66.312           3.162e+02     
  40.000         140.000            7.473e-01           7.473e-01              17.174           9.389e-07              71.177           3.162e+02     
  45.000         140.000            7.916e-01           7.916e-01              31.009           7.887e-07              71.162           3.162e+02     
  50.000         140.000            8.265e-01           8.265e-01              43.801           7.421e-07              68.577           3.162e+02     
  55.000         140.000            8.519e-01           8.519e-01              55.208           7.741e-07              66.750           3.162e+02     
  60.000         140.000            8.710e-01           8.710e-01              65.030           8.170e-07              67.944           3.162e+02     
  65.000         140.000            8.875e-01           8.875e-01              73.137           7.951e-07              71.033           3.162e+02     
  70.000         140.000            9.029e-01           9.029e-01              79.496           6.706e-07              73.766           3.162e+02     
  75.000         140.000            9.168e-01           9.168e-01              84.191           4.668e-07              76.409           3.162e+02     
  80.000         140.000            9.279e-01           9.279e-01              87.374           2.409e-07              78.463           3.162e+02     
  85.000         140.000            9.349e-01           9.349e-01              89.208           6.577e-08              79.540           3.162e+02     
  90.000         140.000            9.374e-01           9.374e-01              89.805           7.030e-12             172.361           3.162e+02     
  95.000         140.000            9.349e-01           9.349e-01              89.208           6.575e-08             259.557           3.162e+02     
 100.000         140.000            9.279e-01           9.279e-01              87.374           2.408e-07             258.472           3.162e+02     
 105.000         140.000            9.168e-01           9.168e-01              84.191           4.667e-07             256.414           3.162e+02     
 110.000         140.000            9.029e-01           9.029e-01              79.496           6.705e-07             253.770           3.162e+02     
 115.000         140.000            8.875e-01           8.875e-01              73.137           7.950e-07             251.036           3.162e+02     
 120.000         140.000            8.710e-01           8.710e-01              65.030           8.168e-07             247.946           3.162e+02     
 125.000         140.000            8.519e-01           8.519e-01              55.208           7.739e-07             246.752           3.162e+02     
 130.000         140.000            8.265e-01           8.265e-01              43.801           7.419e-07             248.579           3.162e+02     
 135.000         140.000            7.916e-01           7.916e-01              31.008           7.886e-07             251.164           3.162e+02     
 140.000         140.000            7.473e-01           7.473e-01              17.174           9.387e-07             251.181           3.162e+02     
 145.000         140.000            6.949e-01           6.949e-01               2.929           1.226e-06             246.316           3.162e+02     
 150.000         140.000            6.293e-01           6.293e-01             349.163           1.630e-06             235.670           3.162e+02     
 155.000         140.000            5.369e-01           5.369e-01             336.576           2.069e-06             219.401           3.162e+02     
 160.000         140.000            4.094e-01           4.094e-01             325.147           2.725e-06             199.867           3.162e+02     
 165.000         140.000            2.602e-01           2.602e-01             313.995           3.737e-06             179.875           3.162e+02     
 170.000         140.000            1.235e-01           1.235e-01             301.696           4.857e-06             160.706           2.533e+02     
 175.000         140.000            3.210e-02           3.209e-02             287.014           5.857e-06             142.468           1.276e+02     
 180.000         140.000            1.400e-05           7.593e-06             300.495           6.407e-06             123.368           4.002e+01     
   0.000         145.000            1.400e-05           8.795e-06             300.709           5.207e-06             303.670           4.002e+01     
   5.000         145.000            3.281e-02           3.281e-02             289.530           4.784e-06             325.081           1.424e+02     
  10.000         145.000            1.292e-01           1.292e-01             306.466           3.958e-06             345.568           2.864e+02     
  15.000         145.000            2.758e-01           2.758e-01             320.853           3.008e-06               7.232           3.162e+02     
  20.000         145.000            4.338e-01           4.338e-01             334.033           2.212e-06              30.075           3.162e+02     
  25.000         145.000            5.635e-01           5.635e-01             347.497           1.727e-06              52.849           3.162e+02     
  30.000         145.000            6.538e-01           6.538e-01               2.140           1.309e-06              71.304           3.162e+02     
  35.000         145.000            7.208e-01           7.208e-01              17.916           9.507e-07              84.042           3.162e+02     
  40.000         145.000            7.830e-01           7.830e-01              33.989           6.490e-07              90.048           3.162e+02     
  45.000         145.000            8.443e-01           8.443e-01              49.387           4.439e-07              88.422           3.162e+02     
  50.000         145.000            8.984e-01           8.984e-01              63.501           3.816e-07              81.757           3.162e+02     
  55.000         145.000            9.401e-01           9.401e-01              76.066           4.185e-07              76.758           3.162e+02     
  60.000         145.000            9.691e-01           9.691e-01              86.939           4.882e-07              77.036           3.162e+02     
  65.000         145.000            9.878e-01           9.878e-01              96.014           5.206e-07              78.748           3.162e+02     
  70.000         145.000            9.986e-01           9.986e-01             103.250           4.744e-07              82.596           3.162e+02     
  75.000         145.000            1.004e+00           1.004e+00             108.691           3.507e-07              86.202           3.162e+02     
  80.000         145.000            1.005e+00           1.005e+00             112.445           1.890e-07              88.966           3.162e+02     
  85.000         145.000            1.004e+00           1.004e+00             114.635           5.313e-08              90.466           3.162e+02     
  90.000         145.000            1.004e+00           1.004e+00             115.354           7.038e-12             201.012           3.162e+02     
  95.000         145.000            1.004e+00           1.004e+00             114.635           5.309e-08             270.474           3.162e+02     
 100.000         145.000            1.005e+00           1.005e+00             112.445           1.889e-07             268.970           3.162e+02     
 105.000         145.000            1.004e+00           1.004e+00             108.691           3.506e-07             266.204           3.162e+02     
 110.000         145.000            9.986e-01           9.986e-01             103.250           4.743e-07             262.598           3.162e+02     
 115.000         145.000            9.878e-01           9.878e-01              96.014           5.205e-07             258.749           3.162e+02     
 120.000         145.000            9.691e-01           9.691e-01              86.939           4.881e-07             257.037           3.162e+02     
 125.000         145.000            9.401e-01           9.401e-01              76.066           4.184e-07             256.759           3.162e+02     
 130.000         145.000            8.984e-01           8.984e-01              63.501           3.815e-07             261.760           3.162e+02     
 135.000         145.000            8.443e-01           8.443e-01              49.387           4.438e-07             268.426           3.162e+02     
 140.000         145.000            7.830e-01           7.830e-01              33.989           6.489e-07             270.053           3.162e+02     
 145.000         145.000            7.208e-01           7.208e-01              17.916           9.506e-07             264.046           3.162e+02     
 150.000         145.000            6.538e-01           6.538e-01               2.140           1.308e-06             251.308           3.162e+02     
 155.000         145.000            5.635e-01           5.635e-01             347.497           1.727e-06             232.852           3.162e+02     
 160.000         145.000            4.338e-01           4.338e-01             334.033           2.211e-06             210.077           3.162e+02     
 165.000         145.000            2.758e-01           2.758e-01             320.853           3.008e-06             187.233           3.162e+02     
 170.000         145.000            1.292e-01           1.292e-01             306.466           3.957e-06             165.568           2.865e+02     
 175.000         145.000            3.281e-02           3.281e-02             289.530           4.784e-06             145.081           1.424e+02     
 180.000         145.000            1.400e-05           8.794e-06             300.708           5.206e-06             123.670           4.002e+01     
   0.000         150.000            1.400e-05           9.941e-06             300.895           4.060e-06             304.050           4.002e+01     
   5.000         150.000            3.352e-02           3.351e-02             291.871           3.757e-06             327.597           1.618e+02     
  10.000         150.000            1.347e-01           1.347e-01             310.902           3.107e-06             350.111           3.162e+02     
  15.000         150.000            2.908e-01           2.908e-01             327.267           2.341e-06              14.018           3.162e+02     
  20.000         150.000            4.562e-01           4.562e-01             342.458           1.743e-06              39.298           3.162e+02     
  25.000         150.000            5.857e-01           5.857e-01             358.068           1.344e-06              64.355           3.162e+02     
  30.000         150.000            6.724e-01           6.724e-01              15.001           9.986e-07              85.204           3.162e+02     
  35.000         150.000            7.423e-01           7.423e-01              33.044           6.647e-07             100.237           3.162e+02     
  40.000         150.000            8.191e-01           8.191e-01              51.062           3.792e-07             107.946           3.162e+02     
  45.000         150.000            9.028e-01           9.028e-01              67.915           1.879e-07             103.206           3.162e+02     
  50.000         150.000            9.779e-01           9.779e-01              83.090           1.382e-07              86.805           3.162e+02     
  55.000         150.000            1.031e+00           1.031e+00              96.537           1.820e-07              75.897           3.162e+02     
  60.000         150.000            1.058e+00           1.058e+00             108.303           2.600e-07              74.803           3.162e+02     
  65.000         150.000            1.065e+00           1.065e+00             118.372           3.221e-07              79.330           3.162e+02     
  70.000         150.000            1.057e+00           1.057e+00             126.683           3.267e-07              85.095           3.162e+02     
  75.000         150.000            1.042e+00           1.042e+00             133.174           2.603e-07              90.265           3.162e+02     
  80.000         150.000            1.027e+00           1.027e+00             137.817           1.477e-07              94.114           3.162e+02     
  85.000         150.000            1.015e+00           1.015e+00             140.602           4.261e-08              96.739           3.162e+02     
  90.000         150.000            1.011e+00           1.011e+00             141.530           7.144e-12             229.152           3.162e+02     
  95.000         150.000            1.015e+00           1.015e+00             140.602           4.258e-08             276.732           3.162e+02     
 100.000         150.000            1.027e+00           1.027e+00             137.817           1.476e-07             274.110           3.162e+02     
 105.000         150.000            1.042e+00           1.042e+00             133.174           2.602e-07             270.261           3.162e+02     
 110.000         150.000            1.057e+00           1.057e+00             126.683           3.266e-07             265.091           3.162e+02     
 115.000         150.000            1.065e+00           1.065e+00             118.372           3.220e-07             259.326           3.162e+02     
 120.000         150.000            1.058e+00           1.058e+00             108.303           2.599e-07             254.799           3.162e+02     
 125.000         150.000            1.031e+00           1.031e+00              96.537           1.820e-07             255.894           3.162e+02     
 130.000         150.000            9.779e-01           9.779e-01              83.090           1.381e-07             266.806           3.162e+02     
 135.000         150.000            9.028e-01           9.028e-01              67.915           1.879e-07             283.212           3.162e+02     
 140.000         150.000            8.191e-01           8.191e-01              51.062           3.791e-07             287.953           3.162e+02     
 145.000         150.000            7.423e-01           7.423e-01              33.044           6.646e-07             280.243           3.162e+02     
 150.000         150.000            6.724e-01           6.724e-01              15.001           9.985e-07             265.209           3.162e+02     
 155.000         150.000            5.857e-01           5.857e-01             358.068           1.343e-06             244.358           3.162e+02     
 160.000         150.000            4.562e-01           4.562e-01             342.458           1.743e-06             219.300           3.162e+02     
 165.000         150.000            2.908e-01           2.908e-01             327.267           2.341e-06             194.019           3.162e+02     
 170.000         150.000            1.347e-01           1.347e-01             310.902           3.107e-06             170.112           3.162e+02     
 175.000         150.000            3.352e-02           3.351e-02             291.871           3.757e-06             147.597           1.618e+02     
 180.000         150.000            1.400e-05           9.940e-06             300.895           4.060e-06             124.050           4.002e+01     
   0.000         155.000            1.400e-05           1.100e-05             301.062           3.004e-06             304.550           4.002e+01     
   5.000         155.000            3.420e-02           3.420e-02             294.023           2.806e-06             330.039           1.877e+02     
  10.000         155.000            1.401e-01           1.401e-01             314.983           2.327e-06             354.304           3.162e+02     
  15.000         155.000            3.051e-01           3.051e-01             333.216           1.741e-06              20.077           3.162e+02     
  20.000         155.000            4.769e-01           4.769e-01             350.388           1.289e-06              47.437           3.162e+02     
  25.000         155.000            6.055e-01           6.055e-01               8.225           9.866e-07              74.048           3.162e+02     
  30.000         155.000            6.903e-01           6.903e-01              27.617           7.022e-07              97.141           3.162e+02     
  35.000         155.000            7.687e-01           7.687e-01              48.039           4.281e-07             115.008           3.162e+02     
  40.000         155.000            8.668e-01           8.668e-01              67.899           1.743e-07             125.453           3.162e+02     
  45.000         155.000            9.742e-01           9.742e-01              85.925           4.448e-08             115.477           3.162e+02     
  50.000         155.000            1.060e+00           1.060e+00             101.879           3.583e-08              67.692           3.162e+02     
  55.000         155.000            1.103e+00           1.103e+00             116.097           9.997e-08              53.602           3.162e+02     
  60.000         155.000            1.102e+00           1.102e+00             128.915           1.908e-07              59.452           3.162e+02     
  65.000         155.000            1.071e+00           1.071e+00             140.440           2.580e-07              69.752           3.162e+02     
  70.000         155.000            1.029e+00           1.029e+00             150.532           2.746e-07              79.375           3.162e+02     
  75.000         155.000            9.884e-01           9.884e-01             158.898           2.240e-07              87.395           3.162e+02     
  80.000         155.000            9.571e-01           9.571e-01             165.193           1.303e-07              92.722           3.162e+02     
  85.000         155.000            9.379e-01           9.379e-01             169.108           3.852e-08              95.803           3.162e+02     
  90.000         155.000            9.315e-01           9.315e-01             170.437           7.011e-12             255.624           3.162e+02     
  95.000         155.000            9.379e-01           9.379e-01             169.108           3.850e-08             275.778           3.162e+02     
 100.000         155.000            9.571e-01           9.571e-01             165.193           1.303e-07             272.708           3.162e+02     
 105.000         155.000            9.884e-01           9.884e-01             158.898           2.240e-07             267.385           3.162e+02     
 110.000         155.000            1.029e+00           1.029e+00             150.532           2.745e-07             259.366           3.162e+02     
 115.000         155.000            1.071e+00           1.071e+00             140.440           2.580e-07             249.742           3.162e+02     
 120.000         155.000            1.102e+00           1.102e+00             128.915           1.908e-07             239.441           3.162e+02     
 125.000         155.000            1.103e+00           1.103e+00             116.097           9.994e-08             233.588           3.162e+02     
 130.000         155.000            1.060e+00           1.060e+00             101.879           3.580e-08             247.676           3.162e+02     
 135.000         155.000            9.742e-01           9.742e-01              85.925           4.444e-08             295.488           3.162e+02     
 140.000         155.000            8.668e-01           8.668e-01              67.899           1.742e-07             305.463           3.162e+02     
 145.000         155.000            7.687e-01           7.687e-01              48.039           4.280e-07             295.014           3.162e+02     
 150.000         155.000            6.903e-01           6.903e-01              27.617           7.021e-07             277.146           3.162e+02     
 155.000         155.000            6.055e-01           6.055e-01               8.225           9.865e-07             254.052           3.162e+02     
 160.000         155.000            4.769e-01           4.769e-01             350.388           1.289e-06             227.440           3.162e+02     
 165.000         155.000            3.051e-01           3.051e-01             333.216           1.741e-06             200.079           3.162e+02     
 170.000         155.000            1.401e-01           1.401e-01             314.983           2.327e-06             174.304           3.162e+02     
 175.000         155.000            3.420e-02           3.420e-02             294.023           2.806e-06             150.039           1.877e+02     
 180.000         155.000            1.400e-05           1.100e-05             301.062           3.003e-06             124.550           4.002e+01     
   0.000         160.000            1.400e-05           1.193e-05             301.215           2.068e-06             305.251           4.002e+01     
   5.000         160.000            3.485e-02           3.485e-02             295.972           1.960e-06             332.461           2.243e+02     
  10.000         160.000            1.452e-01           1.452e-01             318.692           1.636e-06             358.125           3.162e+02     
  15.000         160.000            3.185e-01           3.185e-01             338.670           1.217e-06              25.251           3.162e+02     
  20.000         160.000            4.963e-01           4.963e-01             357.763           8.871e-07              54.075           3.162e+02     
  25.000         160.000            6.251e-01           6.251e-01              17.836           6.567e-07              82.474           3.162e+02     
  30.000         160.000            7.127e-01           7.127e-01              39.715           4.421e-07             106.973           3.162e+02     
  35.000         160.000            8.071e-01           8.071e-01              62.414           2.232e-07             127.914           3.162e+02     
  40.000         160.000            9.313e-01           9.313e-01              83.836           5.504e-08             143.828           3.162e+02     
  45.000         160.000            1.056e+00           1.056e+00             102.758           1.032e-09              64.132           3.162e+02     
  50.000         160.000            1.132e+00           1.132e+00             119.404           4.810e-08              16.291           3.162e+02     
  55.000         160.000            1.133e+00           1.133e+00             134.601           1.465e-07              30.119           3.162e+02     
  60.000         160.000            1.074e+00           1.074e+00             149.053           2.434e-07              45.830           3.162e+02     
  65.000         160.000            9.919e-01           9.919e-01             163.021           3.052e-07              60.449           3.162e+02     
  70.000         160.000            9.201e-01           9.201e-01             176.191           3.060e-07              72.914           3.162e+02     
  75.000         160.000            8.749e-01           8.749e-01             187.759           2.448e-07              82.335           3.162e+02     
  80.000         160.000            8.553e-01           8.553e-01             196.759           1.397e-07              88.957           3.162e+02     
  85.000         160.000            8.509e-01           8.509e-01             202.430           4.092e-08              92.894           3.162e+02     
  90.000         160.000            8.508e-01           8.508e-01             204.360           6.046e-12             280.080           3.162e+02     
  95.000         160.000            8.509e-01           8.509e-01             202.430           4.092e-08             272.860           3.162e+02     
 100.000         160.000            8.553e-01           8.553e-01             196.759           1.397e-07             268.939           3.162e+02     
 105.000         160.000            8.749e-01           8.749e-01             187.759           2.448e-07             262.322           3.162e+02     
 110.000         160.000            9.201e-01           9.201e-01             176.191           3.060e-07             252.903           3.162e+02     
 115.000         160.000            9.919e-01           9.919e-01             163.021           3.052e-07             240.438           3.162e+02     
 120.000         160.000            1.074e+00           1.074e+00             149.053           2.434e-07             225.819           3.162e+02     
 125.000         160.000            1.133e+00           1.133e+00             134.601           1.465e-07             210.105           3.162e+02     
 130.000         160.000            1.132e+00           1.132e+00             119.404           4.811e-08             196.269           3.162e+02     
 135.000         160.000            1.056e+00           1.056e+00             102.758           1.028e-09             244.043           3.162e+02     
 140.000         160.000            9.313e-01           9.313e-01              83.836           5.502e-08             323.843           3.162e+02     
 145.000         160.000            8.071e-01           8.071e-01              62.414           2.232e-07             307.921           3.162e+02     
 150.000         160.000            7.127e-01           7.127e-01              39.715           4.421e-07             286.978           3.162e+02     
 155.000         160.000            6.251e-01           6.251e-01              17.836           6.567e-07             262.478           3.162e+02     
 160.000         160.000            4.963e-01           4.963e-01             357.763           8.870e-07             234.078           3.162e+02     
 165.000         160.000            3.185e-01           3.185e-01             338.670           1.217e-06             205.252           3.162e+02     
 170.000         160.000            1.452e-01           1.452e-01             318.692           1.635e-06             178.126           3.162e+02     
 175.000         160.000            3.485e-02           3.485e-02             295.972           1.959e-06             152.461           2.243e+02     
 180.000         160.000            1.400e-05           1.193e-05             301.214           2.068e-06             125.251           4.002e+01     
   0.000         165.000            1.400e-05           1.272e-05             301.356           1.282e-06             306.323           4.002e+01     
   5.000         165.000            3.546e-02           3.546e-02             297.706           1.241e-06             334.996           2.790e+02     
  10.000         165.000            1.498e-01           1.498e-01             322.011           1.049e-06               1.580           3.162e+02     
  15.000         165.000            3.309e-01           3.309e-01             343.596           7.756e-07              29.330           3.162e+02     
  20.000         165.000            5.148e-01           5.148e-01               4.502           5.469e-07              58.861           3.162e+02     
  25.000         165.000            6.463e-01           6.463e-01              26.715           3.756e-07              88.683           3.162e+02     
  30.000         165.000            7.424e-01           7.424e-01              50.926           2.236e-07             115.805           3.162e+02     
  35.000         165.000            8.594e-01           8.594e-01              75.613           8.809e-08             140.754           3.162e+02     
  40.000         165.000            1.010e+00           1.010e+00              98.282           6.964e-09             174.143           3.162e+02     
  45.000         165.000            1.141e+00           1.141e+00             117.976           2.185e-08             344.336           3.162e+02     
  50.000         165.000            1.182e+00           1.182e+00             135.469           1.185e-07               7.816           3.162e+02     
  55.000         165.000            1.118e+00           1.118e+00             152.115           2.472e-07              26.211           3.162e+02     
  60.000         165.000            9.929e-01           9.929e-01             169.089           3.546e-07              42.870           3.162e+02     
  65.000         165.000            8.746e-01           8.746e-01             186.844           4.034e-07              57.729           3.162e+02     
  70.000         165.000            8.124e-01           8.124e-01             204.525           3.826e-07              70.054           3.162e+02     
  75.000         165.000            8.157e-01           8.157e-01             220.128           2.906e-07              79.712           3.162e+02     
  80.000         165.000            8.602e-01           8.602e-01             231.823           1.602e-07              86.597           3.162e+02     
  85.000         165.000            9.083e-01           9.083e-01             238.853           4.583e-08              90.807           3.162e+02     
  90.000         165.000            9.283e-01           9.283e-01             241.177           4.080e-12             303.966           3.162e+02     
  95.000         165.000            9.083e-01           9.083e-01             238.853           4.585e-08             270.777           3.162e+02     
 100.000         165.000            8.602e-01           8.602e-01             231.823           1.602e-07             266.582           3.162e+02     
 105.000         165.000            8.157e-01           8.157e-01             220.128           2.907e-07             259.701           3.162e+02     
 110.000         165.000            8.124e-01           8.124e-01             204.525           3.826e-07             250.045           3.162e+02     
 115.000         165.000            8.746e-01           8.746e-01             186.844           4.034e-07             237.721           3.162e+02     
 120.000         165.000            9.929e-01           9.929e-01             169.089           3.546e-07             222.862           3.162e+02     
 125.000         165.000            1.118e+00           1.118e+00             152.115           2.473e-07             206.203           3.162e+02     
 130.000         165.000            1.182e+00           1.182e+00             135.469           1.185e-07             187.806           3.162e+02     
 135.000         165.000            1.141e+00           1.141e+00             117.976           2.187e-08             164.317           3.162e+02     
 140.000         165.000            1.010e+00           1.010e+00              98.282           6.961e-09             354.182           3.162e+02     
 145.000         165.000            8.594e-01           8.594e-01              75.613           8.808e-08             320.762           3.162e+02     
 150.000         165.000            7.424e-01           7.424e-01              50.926           2.236e-07             295.810           3.162e+02     
 155.000         165.000            6.463e-01           6.463e-01              26.715           3.756e-07             268.687           3.162e+02     
 160.000         165.000            5.148e-01           5.148e-01               4.502           5.468e-07             238.864           3.162e+02     
 165.000         165.000            3.309e-01           3.309e-01             343.596           7.756e-07             209.332           3.162e+02     
 170.000         165.000            1.498e-01           1.498e-01             322.011           1.049e-06             181.581           3.162e+02     
 175.000         165.000            3.546e-02           3.546e-02             297.706           1.241e-06             154.996           2.790e+02     
 180.000         165.000            1.400e-05           1.272e-05             301.356           1.282e-06             126.323           4.002e+01     
   0.000         170.000            1.400e-05           1.333e-05             301.490           6.707e-07             308.206           4.002e+01     
   5.000         170.000            3.602e-02           3.602e-02             299.215           6.725e-07             337.991           3.162e+02     
  10.000         170.000            1.541e-01           1.541e-01             324.920           5.813e-07               4.729           3.162e+02     
  15.000         170.000            3.422e-01           3.422e-01             347.956           4.262e-07              31.935           3.162e+02     
  20.000         170.000            5.325e-01           5.325e-01              10.512           2.812e-07              60.976           3.162e+02     
  25.000         170.000            6.697e-01           6.697e-01              34.652           1.673e-07              91.680           3.162e+02     
  30.000         170.000            7.792e-01           7.792e-01              60.877           7.915e-08             122.383           3.162e+02     
  35.000         170.000            9.220e-01           9.220e-01              87.164           1.779e-08             158.791           3.162e+02     
  40.000         170.000            1.097e+00           1.097e+00             110.838           5.715e-09             298.720           3.162e+02     
  45.000         170.000            1.221e+00           1.221e+00             131.326           6.291e-08             347.880           3.162e+02     
  50.000         170.000            1.217e+00           1.217e+00             149.912           1.819e-07              10.470           3.162e+02     
  55.000         170.000            1.084e+00           1.084e+00             168.478           3.187e-07              28.681           3.162e+02     
  60.000         170.000            9.089e-01           9.089e-01             188.754           4.239e-07              44.537           3.162e+02     
  65.000         170.000            7.929e-01           7.929e-01             211.187           4.598e-07              58.369           3.162e+02     
  70.000         170.000            7.930e-01           7.930e-01             233.412           4.153e-07              69.896           3.162e+02     
  75.000         170.000            8.993e-01           8.993e-01             251.618           3.027e-07              79.029           3.162e+02     
  80.000         170.000            1.054e+00           1.054e+00             264.048           1.615e-07              85.643           3.162e+02     
  85.000         170.000            1.184e+00           1.184e+00             271.029           4.510e-08              89.754           3.162e+02     
  90.000         170.000            1.234e+00           1.234e+00             273.261           1.856e-12             331.849           3.162e+02     
  95.000         170.000            1.184e+00           1.184e+00             271.029           4.513e-08             269.733           3.162e+02     
 100.000         170.000            1.054e+00           1.054e+00             264.048           1.615e-07             265.632           3.162e+02     
 105.000         170.000            8.993e-01           8.993e-01             251.618           3.028e-07             259.022           3.162e+02     
 110.000         170.000            7.930e-01           7.930e-01             233.412           4.154e-07             249.890           3.162e+02     
 115.000         170.000            7.929e-01           7.929e-01             211.187           4.599e-07             238.363           3.162e+02     
 120.000         170.000            9.089e-01           9.089e-01             188.754           4.240e-07             224.531           3.162e+02     
 125.000         170.000            1.084e+00           1.084e+00             168.478           3.188e-07             208.675           3.162e+02     
 130.000         170.000            1.217e+00           1.217e+00             149.912           1.819e-07             190.465           3.162e+02     
 135.000         170.000            1.221e+00           1.221e+00             131.326           6.293e-08             167.873           3.162e+02     
 140.000         170.000            1.097e+00           1.097e+00             110.838           5.723e-09             118.718           3.162e+02     
 145.000         170.000            9.220e-01           9.220e-01              87.164           1.779e-08             338.805           3.162e+02     
 150.000         170.000            7.792e-01           7.792e-01              60.877           7.914e-08             302.389           3.162e+02     
 155.000         170.000            6.697e-01           6.697e-01              34.652           1.673e-07             271.684           3.162e+02     
 160.000         170.000            5.325e-01           5.325e-01              10.512           2.812e-07             240.980           3.162e+02     
 165.000         170.000            3.422e-01           3.422e-01             347.956           4.262e-07             211.937           3.162e+02     
 170.000         170.000            1.541e-01           1.541e-01             324.920           5.813e-07             184.730           3.162e+02     
 175.000         170.000            3.602e-02           3.602e-02             299.215           6.725e-07             157.992           3.162e+02     
 180.000         170.000            1.400e-05           1.333e-05             301.490           6.706e-07             128.206           4.002e+01     
   0.000         175.000            1.400e-05           1.375e-05             301.619           2.512e-07             312.464           4.002e+01     
   5.000         175.000            3.652e-02           3.652e-02             300.489           2.710e-07             342.640           3.162e+02     
  10.000         175.000            1.577e-01           1.577e-01             327.406           2.454e-07               8.100           3.162e+02     
  15.000         175.000            3.521e-01           3.521e-01             351.713           1.776e-07              31.942           3.162e+02     
  20.000         175.000            5.493e-01           5.493e-01              15.704           1.024e-07              57.424           3.162e+02     
  25.000         175.000            6.946e-01           6.946e-01              41.457           4.279e-08              86.195           3.162e+02     
  30.000         175.000            8.198e-01           8.198e-01              69.268           9.099e-09             123.284           3.162e+02     
  35.000         175.000            9.871e-01           9.871e-01              96.766           1.651e-09             266.650           3.162e+02     
  40.000         175.000            1.180e+00           1.180e+00             121.288           2.652e-08             326.756           3.162e+02     
  45.000         175.000            1.295e+00           1.295e+00             142.618           9.281e-08             353.563           3.162e+02     
  50.000         175.000            1.248e+00           1.248e+00             162.413           1.979e-07              14.009           3.162e+02     
  55.000         175.000            1.064e+00           1.064e+00             182.984           3.144e-07              31.003           3.162e+02     
  60.000         175.000            8.668e-01           8.668e-01             206.494           4.007e-07              45.547           3.162e+02     
  65.000         175.000            7.826e-01           7.826e-01             232.895           4.215e-07              57.740           3.162e+02     
  70.000         175.000            8.680e-01           8.680e-01             257.721           3.680e-07              67.911           3.162e+02     
  75.000         175.000            1.090e+00           1.090e+00             276.358           2.595e-07              75.999           3.162e+02     
  80.000         175.000            1.356e+00           1.356e+00             288.276           1.345e-07              81.907           3.162e+02     
  85.000         175.000            1.566e+00           1.566e+00             294.755           3.673e-08              85.579           3.162e+02     
  90.000         175.000            1.645e+00           1.645e+00             296.803           5.110e-13              22.905           3.162e+02     
  95.000         175.000            1.566e+00           1.566e+00             294.755           3.676e-08             265.570           3.162e+02     
 100.000         175.000            1.356e+00           1.356e+00             288.276           1.346e-07             261.902           3.162e+02     
 105.000         175.000            1.090e+00           1.090e+00             276.358           2.596e-07             255.995           3.162e+02     
 110.000         175.000            8.680e-01           8.680e-01             257.721           3.681e-07             247.908           3.162e+02     
 115.000         175.000            7.826e-01           7.826e-01             232.895           4.216e-07             237.738           3.162e+02     
 120.000         175.000            8.668e-01           8.668e-01             206.494           4.007e-07             225.545           3.162e+02     
 125.000         175.000            1.064e+00           1.064e+00             182.984           3.145e-07             211.000           3.162e+02     
 130.000         175.000            1.248e+00           1.248e+00             162.413           1.980e-07             194.005           3.162e+02     
 135.000         175.000            1.295e+00           1.295e+00             142.618           9.284e-08             173.560           3.162e+02     
 140.000         175.000            1.180e+00           1.180e+00             121.288           2.653e-08             146.754           3.162e+02     
 145.000         175.000            9.871e-01           9.871e-01              96.766           1.653e-09              86.662           3.162e+02     
 150.000         175.000            8.198e-01           8.198e-01              69.268           9.097e-09             303.293           3.162e+02     
 155.000         175.000            6.946e-01           6.946e-01              41.457           4.279e-08             266.201           3.162e+02     
 160.000         175.000            5.493e-01           5.493e-01              15.704           1.024e-07             237.429           3.162e+02     
 165.000         175.000            3.521e-01           3.521e-01             351.713           1.776e-07             211.945           3.162e+02     
 170.000         175.000            1.577e-01           1.577e-01             327.406           2.454e-07             188.102           3.162e+02     
 175.000         175.000            3.652e-02           3.652e-02             300.489           2.710e-07             162.641           3.162e+02     
 180.000         175.000            1.400e-05           1.375e-05             301.619           2.512e-07             132.464           4.002e+01     
   0.000         180.000            1.400e-05           1.397e-05             301.745           3.676e-08             330.953           4.002e+01     
   5.000         180.000            3.695e-02           3.695e-02             301.520           4.523e-08             356.038           3.162e+02     
  10.000         180.000            1.607e-01           1.607e-01             329.447           4.517e-08              11.339           3.162e+02     
  15.000         180.000            3.604e-01           3.604e-01             354.834           3.334e-08              21.219           3.162e+02     
  20.000         180.000            5.647e-01           5.647e-01              20.003           1.650e-08              24.470           3.162e+02     
  25.000         180.000            7.193e-01           7.193e-01              46.985           6.080e-09               4.279           3.162e+02     
  30.000         180.000            8.589e-01           8.589e-01              75.911           8.451e-09             324.616           3.162e+02     
  35.000         180.000            1.044e+00           1.044e+00             104.271           2.436e-08             323.134           3.162e+02     
  40.000         180.000            1.249e+00           1.249e+00             129.526           5.277e-08             338.175           3.162e+02     
  45.000         180.000            1.358e+00           1.358e+00             151.669           9.973e-08             357.490           3.162e+02     
  50.000         180.000            1.287e+00           1.287e+00             172.512           1.653e-07              15.065           3.162e+02     
  55.000         180.000            1.080e+00           1.080e+00             194.527           2.389e-07              29.938           3.162e+02     
  60.000         180.000            8.769e-01           8.769e-01             219.979           2.946e-07              42.346           3.162e+02     
  65.000         180.000            8.180e-01           8.180e-01             248.265           3.030e-07              52.175           3.162e+02     
  70.000         180.000            9.557e-01           9.557e-01             273.898           2.599e-07              60.150           3.162e+02     
  75.000         180.000            1.242e+00           1.242e+00             292.471           1.800e-07              66.369           3.162e+02     
  80.000         180.000            1.570e+00           1.570e+00             304.159           9.171e-08              70.840           3.162e+02     
  85.000         180.000            1.822e+00           1.822e+00             310.494           2.468e-08              73.486           3.162e+02     
  90.000         180.000            1.917e+00           1.917e+00             312.497           7.088e-13             109.061           3.162e+02     
  95.000         180.000            1.822e+00           1.822e+00             310.494           2.470e-08             253.494           3.162e+02     
 100.000         180.000            1.570e+00           1.570e+00             304.159           9.175e-08             250.844           3.162e+02     
 105.000         180.000            1.242e+00           1.242e+00             292.471           1.800e-07             246.370           3.162e+02     
 110.000         180.000            9.557e-01           9.557e-01             273.898           2.600e-07             240.151           3.162e+02     
 115.000         180.000            8.180e-01           8.180e-01             248.265           3.031e-07             232.175           3.162e+02     
 120.000         180.000            8.769e-01           8.769e-01             219.979           2.947e-07             222.346           3.162e+02     
 125.000         180.000            1.080e+00           1.080e+00             194.527           2.390e-07             209.938           3.162e+02     
 130.000         180.000            1.287e+00           1.287e+00             172.512           1.654e-07             195.064           3.162e+02     
 135.000         180.000            1.358e+00           1.358e+00             151.669           9.975e-08             177.489           3.162e+02     
 140.000         180.000            1.249e+00           1.249e+00             129.526           5.278e-08             158.175           3.162e+02     
 145.000         180.000            1.044e+00           1.044e+00             104.271           2.437e-08             143.132           3.162e+02     
 150.000         180.000            8.589e-01           8.589e-01              75.911           8.451e-09             144.611           3.162e+02     
 155.000         180.000            7.193e-01           7.193e-01              46.985           6.078e-09             184.284           3.162e+02     
 160.000         180.000            5.647e-01           5.647e-01              20.003           1.650e-08             204.480           3.162e+02     
 165.000         180.000            3.604e-01           3.604e-01             354.834           3.334e-08             201.226           3.162e+02     
 170.000         180.000            1.607e-01           1.607e-01             329.447           4.517e-08             191.343           3.162e+02     
 175.000         180.000            3.695e-02           3.695e-02             301.520           4.524e-08             176.039           3.162e+02     
 180.000         180.000            1.400e-05           1.396e-05             301.745           3.677e-08             150.952           4.002e+01     
   0.000         185.000            1.400e-05           1.397e-05             301.870           3.396e-08              91.363           4.002e+01     
   5.000         185.000            3.731e-02           3.731e-02             302.300           2.007e-08             120.014           3.162e+02     
  10.000         185.000            1.631e-01           1.631e-01             331.031           5.355e-09             175.597           3.162e+02     
  15.000         185.000            3.670e-01           3.670e-01             357.289           1.017e-08             263.238           3.162e+02     
  20.000         185.000            5.777e-01           5.777e-01              23.353           3.318e-08             293.308           3.162e+02     
  25.000         185.000            7.413e-01           7.412e-01              51.152           5.902e-08             308.835           3.162e+02     
  30.000         185.000            8.907e-01           8.907e-01              80.727           7.275e-08             319.734           3.162e+02     
  35.000         185.000            1.084e+00           1.084e+00             109.639           7.859e-08             330.656           3.162e+02     
  40.000         185.000            1.292e+00           1.292e+00             135.506           8.177e-08             342.509           3.162e+02     
  45.000         185.000            1.402e+00           1.402e+00             158.337           9.496e-08             356.564           3.162e+02     
  50.000         185.000            1.334e+00           1.334e+00             179.828           1.181e-07               9.536           3.162e+02     
  55.000         185.000            1.129e+00           1.129e+00             202.265           1.521e-07              20.662           3.162e+02     
  60.000         185.000            9.249e-01           9.249e-01             227.681           1.847e-07              29.876           3.162e+02     
  65.000         185.000            8.544e-01           8.544e-01             255.573           1.951e-07              36.283           3.162e+02     
  70.000         185.000            9.698e-01           9.698e-01             281.120           1.748e-07              41.296           3.162e+02     
  75.000         185.000            1.228e+00           1.228e+00             300.067           1.266e-07              45.049           3.162e+02     
  80.000         185.000            1.529e+00           1.529e+00             312.214           6.696e-08              47.625           3.162e+02     
  85.000         185.000            1.762e+00           1.762e+00             318.867           1.854e-08              48.909           3.162e+02     
  90.000         185.000            1.849e+00           1.849e+00             320.980           2.357e-12             146.650           3.162e+02     
  95.000         185.000            1.762e+00           1.762e+00             318.867           1.855e-08             228.931           3.162e+02     
 100.000         185.000            1.529e+00           1.529e+00             312.214           6.697e-08             227.636           3.162e+02     
 105.000         185.000            1.228e+00           1.228e+00             300.067           1.266e-07             225.057           3.162e+02     
 110.000         185.000            9.698e-01           9.698e-01             281.120           1.748e-07             221.302           3.162e+02     
 115.000         185.000            8.544e-01           8.544e-01             255.573           1.951e-07             216.288           3.162e+02     
 120.000         185.000            9.249e-01           9.249e-01             227.681           1.848e-07             209.880           3.162e+02     
 125.000         185.000            1.129e+00           1.129e+00             202.265           1.521e-07             200.665           3.162e+02     
 130.000         185.000            1.334e+00           1.334e+00             179.828           1.181e-07             189.539           3.162e+02     
 135.000         185.000            1.402e+00           1.402e+00             158.337           9.499e-08             176.566           3.162e+02     
 140.000         185.000            1.292e+00           1.292e+00             135.506           8.179e-08             162.511           3.162e+02     
 145.000         185.000            1.084e+00           1.084e+00             109.639           7.860e-08             150.657           3.162e+02     
 150.000         185.000            8.907e-01           8.907e-01              80.727           7.275e-08             139.734           3.162e+02     
 155.000         185.000            7.412e-01           7.412e-01              51.152           5.902e-08             128.835           3.162e+02     
 160.000         185.000            5.777e-01           5.777e-01              23.353           3.317e-08             113.309           3.162e+02     
 165.000         185.000            3.670e-01           3.670e-01             357.289           1.017e-08              83.238           3.162e+02     
 170.000         185.000            1.631e-01           1.631e-01             331.031           5.352e-09             355.580           3.162e+02     
 175.000         185.000            3.731e-02           3.731e-02             302.300           2.007e-08             300.004           3.162e+02     
 180.000         185.000            1.400e-05           1.397e-05             301.870           3.395e-08             271.355           4.002e+01     
   0.000         190.000            1.400e-05           1.376e-05             301.996           2.428e-07             110.969           4.002e+01     
   5.000         190.000            3.760e-02           3.760e-02             302.824           1.926e-07             144.451           3.162e+02     
  10.000         190.000            1.648e-01           1.648e-01             332.142           1.272e-07             185.166           3.162e+02     
  15.000         190.000            3.715e-01           3.715e-01             359.058           1.120e-07             235.304           3.162e+02     
  20.000         190.000            5.874e-01           5.874e-01              25.726           1.535e-07             275.218           3.162e+02     
  25.000         190.000            7.577e-01           7.577e-01              53.938           1.984e-07             302.000           3.162e+02     
  30.000         190.000            9.100e-01           9.100e-01              83.724           1.974e-07             320.487           3.162e+02     
  35.000         190.000            1.097e+00           1.097e+00             112.895           1.621e-07             335.203           3.162e+02     
  40.000         190.000            1.298e+00           1.298e+00             139.236           1.160e-07             346.196           3.162e+02     
  45.000         190.000            1.413e+00           1.413e+00             162.582           9.034e-08             354.763           3.162e+02     
  50.000         190.000            1.371e+00           1.371e+00             184.285           8.288e-08             358.831           3.162e+02     
  55.000         190.000            1.195e+00           1.195e+00             206.165           9.791e-08               2.288           3.162e+02     
  60.000         190.000            9.948e-01           9.948e-01             229.810           1.269e-07               6.253           3.162e+02     
  65.000         190.000            8.826e-01           8.826e-01             255.236           1.522e-07              11.017           3.162e+02     
  70.000         190.000            9.105e-01           9.105e-01             279.481           1.554e-07              15.003           3.162e+02     
  75.000         190.000            1.056e+00           1.056e+00             298.765           1.254e-07              18.481           3.162e+02     
  80.000         190.000            1.248e+00           1.248e+00             311.795           7.197e-08              21.077           3.162e+02     
  85.000         190.000            1.404e+00           1.404e+00             319.123           2.110e-08              22.487           3.162e+02     
  90.000         190.000            1.463e+00           1.463e+00             321.475           4.682e-12             164.540           3.162e+02     
  95.000         190.000            1.404e+00           1.404e+00             319.123           2.109e-08             202.501           3.162e+02     
 100.000         190.000            1.248e+00           1.248e+00             311.795           7.195e-08             201.085           3.162e+02     
 105.000         190.000            1.056e+00           1.056e+00             298.765           1.254e-07             198.487           3.162e+02     
 110.000         190.000            9.105e-01           9.105e-01             279.481           1.553e-07             195.009           3.162e+02     
 115.000         190.000            8.826e-01           8.826e-01             255.236           1.522e-07             191.024           3.162e+02     
 120.000         190.000            9.948e-01           9.948e-01             229.810           1.269e-07             186.260           3.162e+02     
 125.000         190.000            1.195e+00           1.195e+00             206.165           9.792e-08             182.296           3.162e+02     
 130.000         190.000            1.371e+00           1.371e+00             184.285           8.289e-08             178.838           3.162e+02     
 135.000         190.000            1.413e+00           1.413e+00             162.582           9.035e-08             174.767           3.162e+02     
 140.000         190.000            1.298e+00           1.298e+00             139.236           1.160e-07             166.198           3.162e+02     
 145.000         190.000            1.097e+00           1.097e+00             112.895           1.621e-07             155.204           3.162e+02     
 150.000         190.000            9.100e-01           9.100e-01              83.724           1.974e-07             140.488           3.162e+02     
 155.000         190.000            7.577e-01           7.577e-01              53.938           1.984e-07             122.001           3.162e+02     
 160.000         190.000            5.874e-01           5.874e-01              25.726           1.534e-07              95.218           3.162e+02     
 165.000         190.000            3.715e-01           3.715e-01             359.058           1.119e-07              55.302           3.162e+02     
 170.000         190.000            1.648e-01           1.648e-01             332.142           1.272e-07               5.163           3.162e+02     
 175.000         190.000            3.760e-02           3.760e-02             302.824           1.925e-07             324.449           3.162e+02     
 180.000         190.000            1.400e-05           1.376e-05             301.996           2.428e-07             290.967           4.002e+01     
   0.000         195.000            1.400e-05           1.334e-05             302.125           6.571e-07             115.344           4.002e+01     
   5.000         195.000            3.781e-02           3.781e-02             303.089           5.615e-07             149.043           3.162e+02     
  10.000         195.000            1.657e-01           1.657e-01             332.777           4.142e-07             186.732           3.162e+02     
  15.000         195.000            3.735e-01           3.735e-01               0.124           3.417e-07             230.371           3.162e+02     
  20.000         195.000            5.926e-01           5.926e-01              27.117           3.742e-07             269.470           3.162e+02     
  25.000         195.000            7.663e-01           7.663e-01              55.374           4.181e-07             299.179           3.162e+02     
  30.000         195.000            9.132e-01           9.132e-01              84.975           3.807e-07             320.914           3.162e+02     
  35.000         195.000            1.081e+00           1.081e+00             114.112           2.825e-07             338.138           3.162e+02     
  40.000         195.000            1.259e+00           1.259e+00             140.761           1.669e-07             349.943           3.162e+02     
  45.000         195.000            1.376e+00           1.376e+00             164.475           1.010e-07             354.552           3.162e+02     
  50.000         195.000            1.370e+00           1.370e+00             186.112           7.399e-08             350.795           3.162e+02     
  55.000         195.000            1.245e+00           1.245e+00             206.918           8.616e-08             345.081           3.162e+02     
  60.000         195.000            1.071e+00           1.071e+00             227.950           1.244e-07             345.875           3.162e+02     
  65.000         195.000            9.272e-01           9.272e-01             249.488           1.632e-07             351.132           3.162e+02     
  70.000         195.000            8.614e-01           8.614e-01             270.373           1.789e-07             356.528           3.162e+02     
  75.000         195.000            8.743e-01           8.743e-01             288.319           1.511e-07               1.506           3.162e+02     
  80.000         195.000            9.325e-01           9.325e-01             301.501           8.927e-08               5.298           3.162e+02     
  85.000         195.000            9.912e-01           9.912e-01             309.335           2.667e-08               7.565           3.162e+02     
  90.000         195.000            1.015e+00           1.015e+00             311.913           6.423e-12             174.280           3.162e+02     
  95.000         195.000            9.912e-01           9.912e-01             309.335           2.665e-08             187.564           3.162e+02     
 100.000         195.000            9.325e-01           9.325e-01             301.501           8.923e-08             185.298           3.162e+02     
 105.000         195.000            8.743e-01           8.743e-01             288.319           1.511e-07             181.507           3.162e+02     
 110.000         195.000            8.614e-01           8.614e-01             270.373           1.788e-07             176.531           3.162e+02     
 115.000         195.000            9.272e-01           9.272e-01             249.488           1.631e-07             171.136           3.162e+02     
 120.000         195.000            1.071e+00           1.071e+00             227.950           1.243e-07             165.881           3.162e+02     
 125.000         195.000            1.245e+00           1.245e+00             206.918           8.616e-08             165.089           3.162e+02     
 130.000         195.000            1.370e+00           1.370e+00             186.112           7.400e-08             170.802           3.162e+02     
 135.000         195.000            1.376e+00           1.376e+00             164.475           1.010e-07             174.556           3.162e+02     
 140.000         195.000            1.259e+00           1.259e+00             140.761           1.670e-07             169.944           3.162e+02     
 145.000         195.000            1.081e+00           1.081e+00             114.112           2.825e-07             158.139           3.162e+02     
 150.000         195.000            9.132e-01           9.132e-01              84.975           3.807e-07             140.914           3.162e+02     
 155.000         195.000            7.663e-01           7.663e-01              55.374           4.180e-07             119.179           3.162e+02     
 160.000         195.000            5.926e-01           5.926e-01              27.117           3.741e-07              89.469           3.162e+02     
 165.000         195.000            3.735e-01           3.735e-01               0.124           3.416e-07              50.370           3.162e+02     
 170.000         195.000            1.657e-01           1.657e-01             332.777           4.141e-07               6.730           3.162e+02     
 175.000         195.000            3.781e-02           3.781e-02             303.089           5.614e-07             329.041           3.162e+02     
 180.000         195.000            1.400e-05           1.334e-05             302.125           6.570e-07             295.343           4.002e+01     
   0.000         200.000            1.400e-05           1.274e-05             302.259           1.264e-06             117.260           4.002e+01     
   5.000         200.000            3.795e-02           3.795e-02             303.093           1.120e-06             150.790           3.162e+02     
  10.000         200.000            1.658e-01           1.658e-01             332.923           8.664e-07             186.923           3.162e+02     
  15.000         200.000            3.729e-01           3.729e-01               0.482           7.012e-07             227.487           3.162e+02     
  20.000         200.000            5.922e-01           5.922e-01              27.542           6.909e-07             265.565           3.162e+02     
  25.000         200.000            7.650e-01           7.650e-01              55.530           7.110e-07             296.604           3.162e+02     
  30.000         200.000            8.992e-01           8.992e-01              84.607           6.206e-07             320.454           3.162e+02     
  35.000         200.000            1.035e+00           1.035e+00             113.409           4.746e-07             339.357           3.162e+02     
  40.000         200.000            1.176e+00           1.176e+00             140.173           2.745e-07             352.845           3.162e+02     
  45.000         200.000            1.282e+00           1.282e+00             164.158           1.395e-07             358.413           3.162e+02     
  50.000         200.000            1.306e+00           1.306e+00             185.684           8.193e-08             352.471           3.162e+02     
  55.000         200.000            1.242e+00           1.242e+00             205.446           8.394e-08             340.047           3.162e+02     
  60.000         200.000            1.121e+00           1.121e+00             224.039           1.220e-07             337.269           3.162e+02     
  65.000         200.000            9.899e-01           9.899e-01             241.688           1.644e-07             341.539           3.162e+02     
  70.000         200.000            8.843e-01           8.843e-01             258.065           1.777e-07             347.961           3.162e+02     
  75.000         200.000            8.183e-01           8.183e-01             272.295           1.503e-07             353.638           3.162e+02     
  80.000         200.000            7.871e-01           7.871e-01             283.287           8.873e-08             358.069           3.162e+02     
  85.000         200.000            7.770e-01           7.770e-01             290.181           2.650e-08               0.814           3.162e+02     
  90.000         200.000            7.752e-01           7.752e-01             292.522           6.607e-12             178.017           3.162e+02     
  95.000         200.000            7.770e-01           7.770e-01             290.181           2.648e-08             180.804           3.162e+02     
 100.000         200.000            7.871e-01           7.871e-01             283.287           8.870e-08             178.064           3.162e+02     
 105.000         200.000            8.183e-01           8.183e-01             272.295           1.503e-07             173.635           3.162e+02     
 110.000         200.000            8.843e-01           8.843e-01             258.065           1.777e-07             167.960           3.162e+02     
 115.000         200.000            9.899e-01           9.899e-01             241.688           1.644e-07             161.539           3.162e+02     
 120.000         200.000            1.121e+00           1.121e+00             224.039           1.219e-07             157.272           3.162e+02     
 125.000         200.000            1.242e+00           1.242e+00             205.446           8.392e-08             160.052           3.162e+02     
 130.000         200.000            1.306e+00           1.306e+00             185.684           8.193e-08             172.476           3.162e+02     
 135.000         200.000            1.282e+00           1.282e+00             164.158           1.395e-07             178.416           3.162e+02     
 140.000         200.000            1.176e+00           1.176e+00             140.173           2.745e-07             172.846           3.162e+02     
 145.000         200.000            1.035e+00           1.035e+00             113.409           4.746e-07             159.357           3.162e+02     
 150.000         200.000            8.992e-01           8.992e-01              84.607           6.206e-07             140.454           3.162e+02     
 155.000         200.000            7.650e-01           7.650e-01              55.530           7.109e-07             116.604           3.162e+02     
 160.000         200.000            5.922e-01           5.922e-01              27.542           6.908e-07              85.565           3.162e+02     
 165.000         200.000            3.729e-01           3.729e-01               0.481           7.011e-07              47.486           3.162e+02     
 170.000         200.000            1.658e-01           1.658e-01             332.923           8.663e-07               6.922           3.162e+02     
 175.000         200.000            3.795e-02           3.795e-02             303.092           1.120e-06             330.789           3.162e+02     
 180.000         200.000            1.400e-05           1.274e-05             302.259           1.264e-06             297.260           4.002e+01     
   0.000         205.000            1.400e-05           1.196e-05             302.401           2.045e-06             118.346           4.002e+01     
   5.000         205.000            3.801e-02           3.801e-02             302.833           1.857e-06             151.458           2.987e+02     
  10.000         205.000            1.651e-01           1.651e-01             332.576           1.480e-06             186.358           3.162e+02     
  15.000         205.000            3.694e-01           3.694e-01               0.126           1.191e-06             224.729           3.162e+02     
  20.000         205.000            5.854e-01           5.854e-01              27.026           1.098e-06             261.689           3.162e+02     
  25.000         205.000            7.526e-01           7.526e-01              54.503           1.102e-06             293.293           3.162e+02     
  30.000         205.000            8.684e-01           8.684e-01              82.788           9.566e-07             318.137           3.162e+02     
  35.000         205.000            9.649e-01           9.649e-01             110.964           7.304e-07             339.021           3.162e+02     
  40.000         205.000            1.059e+00           1.059e+00             137.614           4.398e-07             354.633           3.162e+02     
  45.000         205.000            1.136e+00           1.136e+00             161.808           2.284e-07               4.248           3.162e+02     
  50.000         205.000            1.172e+00           1.172e+00             183.360           1.175e-07               4.629           3.162e+02     
  55.000         205.000            1.157e+00           1.157e+00             202.486           8.206e-08             351.980           3.162e+02     
  60.000         205.000            1.100e+00           1.100e+00             219.455           9.592e-08             344.964           3.162e+02     
  65.000         205.000            1.020e+00           1.020e+00             234.405           1.209e-07             345.023           3.162e+02     
  70.000         205.000            9.373e-01           9.373e-01             247.286           1.293e-07             349.455           3.162e+02     
  75.000         205.000            8.671e-01           8.671e-01             257.864           1.063e-07             354.848           3.162e+02     
  80.000         205.000            8.160e-01           8.160e-01             265.793           6.238e-08             359.071           3.162e+02     
  85.000         205.000            7.858e-01           7.858e-01             270.720           1.858e-08               1.782           3.162e+02     
  90.000         205.000            7.759e-01           7.759e-01             272.392           5.439e-12             175.948           3.162e+02     
  95.000         205.000            7.858e-01           7.858e-01             270.720           1.857e-08             181.763           3.162e+02     
 100.000         205.000            8.160e-01           8.160e-01             265.793           6.235e-08             179.062           3.162e+02     
 105.000         205.000            8.671e-01           8.671e-01             257.864           1.062e-07             174.843           3.162e+02     
 110.000         205.000            9.373e-01           9.373e-01             247.286           1.293e-07             169.451           3.162e+02     
 115.000         205.000            1.020e+00           1.020e+00             234.405           1.209e-07             165.022           3.162e+02     
 120.000         205.000            1.100e+00           1.100e+00             219.455           9.589e-08             164.965           3.162e+02     
 125.000         205.000            1.157e+00           1.157e+00             202.486           8.205e-08             171.984           3.162e+02     
 130.000         205.000            1.172e+00           1.172e+00             183.360           1.175e-07             184.633           3.162e+02     
 135.000         205.000            1.136e+00           1.136e+00             161.808           2.284e-07             184.250           3.162e+02     
 140.000         205.000            1.059e+00           1.059e+00             137.614           4.398e-07             174.634           3.162e+02     
 145.000         205.000            9.649e-01           9.649e-01             110.964           7.304e-07             159.021           3.162e+02     
 150.000         205.000            8.684e-01           8.684e-01              82.788           9.565e-07             138.137           3.162e+02     
 155.000         205.000            7.526e-01           7.526e-01              54.503           1.102e-06             113.293           3.162e+02     
 160.000         205.000            5.854e-01           5.854e-01              27.026           1.098e-06              81.689           3.162e+02     
 165.000         205.000            3.694e-01           3.694e-01               0.126           1.191e-06              44.728           3.162e+02     
 170.000         205.000            1.651e-01           1.651e-01             332.576           1.480e-06               6.357           3.162e+02     
 175.000         205.000            3.801e-02           3.801e-02             302.833           1.856e-06             331.458           2.987e+02     
 180.000         205.000            1.400e-05           1.196e-05             302.401           2.045e-06             298.346           4.002e+01     
   0.000         210.000            1.400e-05           1.102e-05             302.553           2.977e-06             119.054           4.002e+01     
   5.000         210.000            3.800e-02           3.800e-02             302.311           2.753e-06             151.512           2.408e+02     
  10.000         210.000            1.637e-01           1.637e-01             331.730           2.248e-06             185.197           3.162e+02     
  15.000         210.000            3.631e-01           3.631e-01             359.056           1.810e-06             221.651           3.162e+02     
  20.000         210.000            5.718e-01           5.718e-01              25.603           1.592e-06             257.327           3.162e+02     
  25.000         210.000            7.287e-01           7.287e-01              52.399           1.543e-06             288.907           3.162e+02     
  30.000         210.000            8.228e-01           8.228e-01              79.717           1.333e-06             314.711           3.162e+02     
  35.000         210.000            8.792e-01           8.792e-01             107.027           1.025e-06             336.393           3.162e+02     
  40.000         210.000            9.224e-01           9.224e-01             133.319           6.904e-07             354.689           3.162e+02     
  45.000         210.000            9.600e-01           9.600e-01             157.640           4.104e-07               8.359           3.162e+02     
  50.000         210.000            9.874e-01           9.874e-01             179.415           2.186e-07              15.604           3.162e+02     
  55.000         210.000            9.979e-01           9.979e-01             198.446           1.233e-07              15.816           3.162e+02     
  60.000         210.000            9.892e-01           9.892e-01             214.754           8.755e-08               9.358           3.162e+02     
  65.000         210.000            9.648e-01           9.648e-01             228.440           8.016e-08               5.088           3.162e+02     
  70.000         210.000            9.317e-01           9.317e-01             239.599           7.459e-08               5.422           3.162e+02     
  75.000         210.000            8.977e-01           8.977e-01             248.282           5.859e-08               8.214           3.162e+02     
  80.000         210.000            8.691e-01           8.691e-01             254.500           3.344e-08              11.297           3.162e+02     
  85.000         210.000            8.503e-01           8.503e-01             258.242           9.717e-09              13.628           3.162e+02     
  90.000         210.000            8.438e-01           8.438e-01             259.492           4.077e-12             167.898           3.162e+02     
  95.000         210.000            8.503e-01           8.503e-01             258.242           9.704e-09             193.601           3.162e+02     
 100.000         210.000            8.691e-01           8.691e-01             254.500           3.341e-08             191.284           3.162e+02     
 105.000         210.000            8.977e-01           8.977e-01             248.281           5.856e-08             188.206           3.162e+02     
 110.000         210.000            9.317e-01           9.317e-01             239.599           7.456e-08             185.417           3.162e+02     
 115.000         210.000            9.648e-01           9.648e-01             228.440           8.013e-08             185.087           3.162e+02     
 120.000         210.000            9.892e-01           9.892e-01             214.754           8.753e-08             189.360           3.162e+02     
 125.000         210.000            9.979e-01           9.979e-01             198.446           1.233e-07             195.819           3.162e+02     
 130.000         210.000            9.874e-01           9.874e-01             179.415           2.185e-07             195.606           3.162e+02     
 135.000         210.000            9.600e-01           9.600e-01             157.640           4.104e-07             188.361           3.162e+02     
 140.000         210.000            9.224e-01           9.224e-01             133.319           6.904e-07             174.690           3.162e+02     
 145.000         210.000            8.792e-01           8.792e-01             107.027           1.025e-06             156.393           3.162e+02     
 150.000         210.000            8.228e-01           8.228e-01              79.717           1.333e-06             134.711           3.162e+02     
 155.000         210.000            7.287e-01           7.287e-01              52.399           1.543e-06             108.906           3.162e+02     
 160.000         210.000            5.718e-01           5.718e-01              25.603           1.591e-06              77.327           3.162e+02     
 165.000         210.000            3.631e-01           3.631e-01             359.056           1.810e-06              41.651           3.162e+02     
 170.000         210.000            1.637e-01           1.637e-01             331.730           2.248e-06               5.196           3.162e+02     
 175.000         210.000            3.800e-02           3.800e-02             302.311           2.753e-06             331.511           2.409e+02     
 180.000         210.000            1.400e-05           1.102e-05             302.553           2.977e-06             299.053           4.002e+01     
   0.000         215.000            1.400e-05           9.970e-06             302.719           4.031e-06             119.558           4.002e+01     
   5.000         215.000            3.793e-02           3.793e-02             301.529           3.786e-06             151.128           2.027e+02     
  10.000         215.000            1.617e-01           1.617e-01             330.386           3.156e-06             183.511           3.162e+02     
  15.000         215.000            3.540e-01           3.540e-01             357.274           2.555e-06             218.131           3.162e+02     
  20.000         215.000            5.513e-01           5.513e-01              23.299           2.227e-06             252.190           3.162e+02     
  25.000         215.000            6.934e-01           6.934e-01              49.314           2.055e-06             283.638           3.162e+02     
  30.000         215.000            7.644e-01           7.644e-01              75.602           1.761e-06             309.881           3.162e+02     
  35.000         215.000            7.851e-01           7.851e-01             101.920           1.400e-06             332.720           3.162e+02     
  40.000         215.000            7.848e-01           7.848e-01             127.649           1.056e-06             352.637           3.162e+02     
  45.000         215.000            7.846e-01           7.846e-01             151.976           6.844e-07               8.455           3.162e+02     
  50.000         215.000            7.928e-01           7.928e-01             174.105           4.158e-07              20.794           3.162e+02     
  55.000         215.000            8.079e-01           8.079e-01             193.484           2.456e-07              29.115           3.162e+02     
  60.000         215.000            8.244e-01           8.244e-01             209.904           1.503e-07              34.305           3.162e+02     
  65.000         215.000            8.377e-01           8.377e-01             223.416           1.001e-07              37.788           3.162e+02     
  70.000         215.000            8.458e-01           8.458e-01             234.181           6.830e-08              39.313           3.162e+02     
  75.000         215.000            8.492e-01           8.492e-01             242.376           4.387e-08              41.247           3.162e+02     
  80.000         215.000            8.497e-01           8.497e-01             248.138           2.235e-08              43.193           3.162e+02     
  85.000         215.000            8.491e-01           8.491e-01             251.560           6.193e-09              44.201           3.162e+02     
  90.000         215.000            8.487e-01           8.487e-01             252.695           3.472e-12             155.993           3.162e+02     
  95.000         215.000            8.491e-01           8.491e-01             251.560           6.179e-09             224.191           3.162e+02     
 100.000         215.000            8.497e-01           8.497e-01             248.138           2.232e-08             223.190           3.162e+02     
 105.000         215.000            8.492e-01           8.492e-01             242.376           4.383e-08             221.246           3.162e+02     
 110.000         215.000            8.458e-01           8.458e-01             234.181           6.826e-08             219.314           3.162e+02     
 115.000         215.000            8.377e-01           8.377e-01             223.416           1.001e-07             217.791           3.162e+02     
 120.000         215.000            8.244e-01           8.244e-01             209.904           1.503e-07             214.308           3.162e+02     
 125.000         215.000            8.079e-01           8.079e-01             193.484           2.455e-07             209.117           3.162e+02     
 130.000         215.000            7.928e-01           7.928e-01             174.105           4.157e-07             200.795           3.162e+02     
 135.000         215.000            7.846e-01           7.846e-01             151.976           6.843e-07             188.456           3.162e+02     
 140.000         215.000            7.848e-01           7.848e-01             127.649           1.056e-06             172.637           3.162e+02     
 145.000         215.000            7.851e-01           7.851e-01             101.920           1.400e-06             152.720           3.162e+02     
 150.000         215.000            7.644e-01           7.644e-01              75.602           1.760e-06             129.881           3.162e+02     
 155.000         215.000            6.934e-01           6.934e-01              49.314           2.055e-06             103.637           3.162e+02     
 160.000         215.000            5.513e-01           5.513e-01              23.299           2.227e-06              72.190           3.162e+02     
 165.000         215.000            3.540e-01           3.540e-01             357.274           2.555e-06              38.130           3.162e+02     
 170.000         215.000            1.617e-01           1.617e-01             330.386           3.156e-06               3.510           3.162e+02     
 175.000         215.000            3.793e-02           3.793e-02             301.529           3.785e-06             331.127           2.027e+02     
 180.000         215.000            1.400e-05           9.969e-06             302.719           4.031e-06             299.557           4.002e+01     
   0.000         220.000            1.400e-05           8.826e-06             302.905           5.176e-06             119.940           4.002e+01     
   5.000         220.000            3.780e-02           3.780e-02             300.492           4.927e-06             150.392           1.757e+02     
  10.000         220.000            1.590e-01           1.590e-01             328.545           4.187e-06             181.343           3.162e+02     
  15.000         220.000            3.425e-01           3.425e-01             354.779           3.417e-06             214.147           3.162e+02     
  20.000         220.000            5.247e-01           5.247e-01              20.132           2.916e-06             246.362           3.162e+02     
  25.000         220.000            6.477e-01           6.477e-01              45.319           2.558e-06             276.390           3.162e+02     
  30.000         220.000            6.956e-01           6.956e-01              70.621           2.226e-06             303.614           3.162e+02     
  35.000         220.000            6.883e-01           6.883e-01              95.985           1.849e-06             327.173           3.162e+02     
  40.000         220.000            6.583e-01           6.583e-01             121.094           1.430e-06             347.644           3.162e+02     
  45.000         220.000            6.331e-01           6.331e-01             145.322           1.048e-06               5.565           3.162e+02     
  50.000         220.000            6.271e-01           6.271e-01             167.780           7.109e-07              20.359           3.162e+02     
  55.000         220.000            6.418e-01           6.418e-01             187.643           4.778e-07              33.246           3.162e+02     
  60.000         220.000            6.708e-01           6.708e-01             204.482           3.098e-07              43.590           3.162e+02     
  65.000         220.000            7.061e-01           7.061e-01             218.280           2.019e-07              52.735           3.162e+02     
  70.000         220.000            7.413e-01           7.413e-01             229.227           1.281e-07              59.608           3.162e+02     
  75.000         220.000            7.718e-01           7.718e-01             237.536           7.493e-08              65.052           3.162e+02     
  80.000         220.000            7.950e-01           7.950e-01             243.373           3.519e-08              68.917           3.162e+02     
  85.000         220.000            8.094e-01           8.094e-01             246.840           9.169e-09              70.834           3.162e+02     
  90.000         220.000            8.143e-01           8.143e-01             247.991           3.871e-12             145.398           3.162e+02     
  95.000         220.000            8.094e-01           8.094e-01             246.840           9.151e-09             250.854           3.162e+02     
 100.000         220.000            7.950e-01           7.950e-01             243.373           3.516e-08             248.928           3.162e+02     
 105.000         220.000            7.718e-01           7.718e-01             237.536           7.489e-08             245.059           3.162e+02     
 110.000         220.000            7.413e-01           7.413e-01             229.227           1.281e-07             239.614           3.162e+02     
 115.000         220.000            7.061e-01           7.061e-01             218.280           2.018e-07             232.739           3.162e+02     
 120.000         220.000            6.708e-01           6.708e-01             204.482           3.097e-07             223.593           3.162e+02     
 125.000         220.000            6.418e-01           6.418e-01             187.643           4.778e-07             213.248           3.162e+02     
 130.000         220.000            6.271e-01           6.271e-01             167.780           7.109e-07             200.360           3.162e+02     
 135.000         220.000            6.331e-01           6.331e-01             145.322           1.048e-06             185.566           3.162e+02     
 140.000         220.000            6.583e-01           6.583e-01             121.094           1.429e-06             167.644           3.162e+02     
 145.000         220.000            6.883e-01           6.883e-01              95.985           1.849e-06             147.172           3.162e+02     
 150.000         220.000            6.956e-01           6.956e-01              70.621           2.226e-06             123.613           3.162e+02     
 155.000         220.000            6.477e-01           6.477e-01              45.319           2.557e-06              96.389           3.162e+02     
 160.000         220.000            5.247e-01           5.247e-01              20.132           2.915e-06              66.361           3.162e+02     
 165.000         220.000            3.425e-01           3.425e-01             354.779           3.417e-06              34.146           3.162e+02     
 170.000         220.000            1.590e-01           1.590e-01             328.545           4.186e-06               1.342           3.162e+02     
 175.000         220.000            3.780e-02           3.780e-02             300.492           4.927e-06             330.391           1.757e+02     
 180.000         220.000            1.400e-05           8.825e-06             302.905           5.175e-06             299.940           4.002e+01     
   0.000         225.000            1.400e-05           7.626e-06             303.118           6.375e-06             120.244           4.002e+01     
   5.000         225.000            3.763e-02           3.762e-02             299.207           6.144e-06             149.353           1.558e+02     
  10.000         225.000            1.559e-01           1.559e-01             326.210           5.313e-06             178.725           3.162e+02     
  15.000         225.000            3.290e-01           3.290e-01             351.568           4.444e-06             209.804           3.162e+02     
  20.000         225.000            4.929e-01           4.929e-01              16.106           3.690e-06             239.917           3.162e+02     
  25.000         225.000            5.936e-01           5.936e-01              40.448           3.149e-06             268.876           3.162e+02     
  30.000         225.000            6.191e-01           6.191e-01              64.892           2.763e-06             296.076           3.162e+02     
  35.000         225.000            5.922e-01           5.922e-01              89.508           2.278e-06             319.781           3.162e+02     
  40.000         225.000            5.480e-01           5.480e-01             114.159           1.839e-06             341.077           3.162e+02     
  45.000         225.000            5.155e-01           5.155e-01             138.298           1.429e-06             359.680           3.162e+02     
  50.000         225.000            5.100e-01           5.100e-01             160.901           1.089e-06              16.316           3.162e+02     
  55.000         225.000            5.325e-01           5.325e-01             180.904           7.770e-07              30.387           3.162e+02     
  60.000         225.000            5.758e-01           5.758e-01             197.760           5.404e-07              42.835           3.162e+02     
  65.000         225.000            6.305e-01           6.305e-01             211.483           3.657e-07              53.677           3.162e+02     
  70.000         225.000            6.878e-01           6.878e-01             222.333           2.356e-07              62.755           3.162e+02     
  75.000         225.000            7.403e-01           7.403e-01             230.572           1.366e-07              69.862           3.162e+02     
  80.000         225.000            7.823e-01           7.823e-01             236.374           6.454e-08              75.814           3.162e+02     
  85.000         225.000            8.093e-01           8.093e-01             239.827           1.650e-08              78.330           3.162e+02     
  90.000         225.000            8.186e-01           8.186e-01             240.975           5.211e-12             137.551           3.162e+02     
  95.000         225.000            8.093e-01           8.093e-01             239.827           1.648e-08             258.355           3.162e+02     
 100.000         225.000            7.823e-01           7.823e-01             236.374           6.451e-08             255.827           3.162e+02     
 105.000         225.000            7.403e-01           7.403e-01             230.572           1.365e-07             249.870           3.162e+02     
 110.000         225.000            6.878e-01           6.878e-01             222.333           2.356e-07             242.761           3.162e+02     
 115.000         225.000            6.305e-01           6.305e-01             211.483           3.656e-07             233.681           3.162e+02     
 120.000         225.000            5.758e-01           5.758e-01             197.760           5.404e-07             222.838           3.162e+02     
 125.000         225.000            5.325e-01           5.325e-01             180.904           7.769e-07             210.389           3.162e+02     
 130.000         225.000            5.100e-01           5.100e-01             160.901           1.089e-06             196.317           3.162e+02     
 135.000         225.000            5.155e-01           5.155e-01             138.298           1.429e-06             179.681           3.162e+02     
 140.000         225.000            5.480e-01           5.480e-01             114.159           1.839e-06             161.078           3.162e+02     
 145.000         225.000            5.922e-01           5.922e-01              89.508           2.277e-06             139.781           3.162e+02     
 150.000         225.000            6.191e-01           6.191e-01              64.892           2.763e-06             116.076           3.162e+02     
 155.000         225.000            5.936e-01           5.936e-01              40.448           3.149e-06              88.875           3.162e+02     
 160.000         225.000            4.929e-01           4.929e-01              16.106           3.689e-06              59.916           3.162e+02     
 165.000         225.000            3.290e-01           3.290e-01             351.568           4.444e-06              29.803           3.162e+02     
 170.000         225.000            1.559e-01           1.559e-01             326.210           5.313e-06             358.724           3.162e+02     
 175.000         225.000            3.763e-02           3.762e-02             299.207           6.144e-06             329.352           1.558e+02     
 180.000         225.000            1.400e-05           7.626e-06             303.118           6.375e-06             300.244           4.002e+01     
   0.000         230.000            1.400e-05           6.407e-06             303.368           7.594e-06             120.495           4.002e+01     
   5.000         230.000            3.741e-02           3.740e-02             297.682           7.401e-06             148.044           1.407e+02     
  10.000         230.000            1.525e-01           1.525e-01             323.391           6.505e-06             175.684           2.866e+02     
  15.000         230.000            3.142e-01           3.142e-01             347.642           5.476e-06             204.083           3.162e+02     
  20.000         230.000            4.577e-01           4.577e-01              11.204           4.537e-06             232.906           3.162e+02     
  25.000         230.000            5.340e-01           5.340e-01              34.683           3.779e-06             260.402           3.162e+02     
  30.000         230.000            5.383e-01           5.383e-01              58.433           3.199e-06             286.413           3.162e+02     
  35.000         230.000            4.993e-01           4.993e-01              82.627           2.693e-06             310.804           3.162e+02     
  40.000         230.000            4.538e-01           4.538e-01             107.164           2.217e-06             332.574           3.162e+02     
  45.000         230.000            4.300e-01           4.300e-01             131.325           1.833e-06             352.100           3.162e+02     
  50.000         230.000            4.403e-01           4.403e-01             153.721           1.452e-06               9.055           3.162e+02     
  55.000         230.000            4.834e-01           4.834e-01             173.077           1.111e-06              24.223           3.162e+02     
  60.000         230.000            5.508e-01           5.508e-01             188.968           8.134e-07              37.257           3.162e+02     
  65.000         230.000            6.315e-01           6.315e-01             201.666           5.809e-07              48.970           3.162e+02     
  70.000         230.000            7.150e-01           7.150e-01             211.618           3.793e-07              58.371           3.162e+02     
  75.000         230.000            7.919e-01           7.919e-01             219.168           2.202e-07              65.774           3.162e+02     
  80.000         230.000            8.536e-01           8.536e-01             224.497           1.010e-07              70.993           3.162e+02     
  85.000         230.000            8.936e-01           8.936e-01             227.681           2.566e-08              73.797           3.162e+02     
  90.000         230.000            9.074e-01           9.074e-01             228.741           7.284e-12             128.968           3.162e+02     
  95.000         230.000            8.936e-01           8.936e-01             227.681           2.564e-08             253.819           3.162e+02     
 100.000         230.000            8.536e-01           8.536e-01             224.497           1.010e-07             251.004           3.162e+02     
 105.000         230.000            7.919e-01           7.919e-01             219.167           2.202e-07             245.781           3.162e+02     
 110.000         230.000            7.150e-01           7.150e-01             211.618           3.793e-07             238.375           3.162e+02     
 115.000         230.000            6.315e-01           6.315e-01             201.666           5.808e-07             228.974           3.162e+02     
 120.000         230.000            5.508e-01           5.508e-01             188.968           8.133e-07             217.259           3.162e+02     
 125.000         230.000            4.834e-01           4.834e-01             173.077           1.110e-06             204.225           3.162e+02     
 130.000         230.000            4.403e-01           4.403e-01             153.721           1.452e-06             189.056           3.162e+02     
 135.000         230.000            4.300e-01           4.300e-01             131.325           1.833e-06             172.101           3.162e+02     
 140.000         230.000            4.538e-01           4.538e-01             107.164           2.216e-06             152.574           3.162e+02     
 145.000         230.000            4.993e-01           4.993e-01              82.627           2.693e-06             130.803           3.162e+02     
 150.000         230.000            5.383e-01           5.383e-01              58.433           3.199e-06             106.413           3.162e+02     
 155.000         230.000            5.340e-01           5.340e-01              34.683           3.779e-06              80.401           3.162e+02     
 160.000         230.000            4.577e-01           4.577e-01              11.204           4.536e-06              52.905           3.162e+02     
 165.000         230.000            3.142e-01           3.142e-01             347.642           5.475e-06              24.082           3.162e+02     
 170.000         230.000            1.525e-01           1.525e-01             323.391           6.504e-06             355.684           2.866e+02     
 175.000         230.000            3.741e-02           3.740e-02             297.682           7.400e-06             328.044           1.407e+02     
 180.000         230.000            1.400e-05           6.407e-06             303.368           7.593e-06             300.495           4.002e+01     
   0.000         235.000            1.400e-05           5.207e-06             303.670           8.795e-06             120.709           4.002e+01     
   5.000         235.000            3.716e-02           3.715e-02             295.927           8.659e-06             146.491           1.288e+02     
  10.000         235.000            1.489e-01           1.489e-01             320.100           7.725e-06             172.244           2.610e+02     
  15.000         235.000            2.988e-01           2.988e-01             343.000           6.555e-06             198.548           3.162e+02     
  20.000         235.000            4.210e-01           4.210e-01               5.400           5.433e-06             225.404           3.162e+02     
  25.000         235.000            4.723e-01           4.723e-01              27.958           4.431e-06             251.122           3.162e+02     
  30.000         235.000            4.575e-01           4.575e-01              51.154           3.665e-06             276.125           3.162e+02     
  35.000         235.000            4.120e-01           4.120e-01              75.265           3.023e-06             299.936           3.162e+02     
  40.000         235.000            3.740e-01           3.740e-01             100.053           2.570e-06             322.554           3.162e+02     
  45.000         235.000            3.685e-01           3.685e-01             124.246           2.149e-06             342.475           3.162e+02     
  50.000         235.000            4.040e-01           4.040e-01             145.863           1.786e-06               0.061           3.162e+02     
  55.000         235.000            4.771e-01           4.771e-01             163.639           1.435e-06              15.361           3.162e+02     
  60.000         235.000            5.783e-01           5.783e-01             177.623           1.118e-06              28.805           3.162e+02     
  65.000         235.000            6.953e-01           6.953e-01             188.504           8.034e-07              40.370           3.162e+02     
  70.000         235.000            8.150e-01           8.150e-01             196.945           5.363e-07              49.698           3.162e+02     
  75.000         235.000            9.246e-01           9.246e-01             203.346           3.138e-07              56.995           3.162e+02     
  80.000         235.000            1.012e+00           1.012e+00             207.886           1.439e-07              62.134           3.162e+02     
  85.000         235.000            1.069e+00           1.069e+00             210.612           3.644e-08              64.918           3.162e+02     
  90.000         235.000            1.088e+00           1.088e+00             211.523           9.608e-12             116.494           3.162e+02     
  95.000         235.000            1.069e+00           1.069e+00             210.612           3.641e-08             244.936           3.162e+02     
 100.000         235.000            1.012e+00           1.012e+00             207.886           1.438e-07             242.143           3.162e+02     
 105.000         235.000            9.246e-01           9.246e-01             203.346           3.137e-07             237.000           3.162e+02     
 110.000         235.000            8.150e-01           8.150e-01             196.945           5.362e-07             229.702           3.162e+02     
 115.000         235.000            6.953e-01           6.953e-01             188.504           8.033e-07             220.373           3.162e+02     
 120.000         235.000            5.783e-01           5.783e-01             177.623           1.118e-06             208.807           3.162e+02     
 125.000         235.000            4.771e-01           4.771e-01             163.639           1.435e-06             195.363           3.162e+02     
 130.000         235.000            4.040e-01           4.040e-01             145.863           1.785e-06             180.062           3.162e+02     
 135.000         235.000            3.685e-01           3.685e-01             124.246           2.149e-06             162.475           3.162e+02     
 140.000         235.000            3.740e-01           3.740e-01             100.053           2.570e-06             142.554           3.162e+02     
 145.000         235.000            4.120e-01           4.120e-01              75.265           3.023e-06             119.935           3.162e+02     
 150.000         235.000            4.575e-01           4.575e-01              51.154           3.664e-06              96.124           3.162e+02     
 155.000         235.000            4.723e-01           4.723e-01              27.958           4.431e-06              71.120           3.162e+02     
 160.000         235.000            4.210e-01           4.210e-01               5.400           5.433e-06              45.403           3.162e+02     
 165.000         235.000            2.988e-01           2.988e-01             343.000           6.554e-06              18.547           3.162e+02     
 170.000         235.000            1.489e-01           1.489e-01             320.100           7.724e-06             352.243           2.610e+02     
 175.000         235.000            3.716e-02           3.715e-02             295.927           8.658e-06             326.490           1.289e+02     
 180.000         235.000            1.400e-05           5.206e-06             303.670           8.794e-06             300.708           4.002e+01     
   0.000         240.000            1.400e-05           4.060e-06             304.050           9.941e-06             120.895           4.002e+01     
   5.000         240.000            3.690e-02           3.689e-02             293.956           9.877e-06             144.714           1.195e+02     
  10.000         240.000            1.454e-01           1.454e-01             316.355           8.932e-06             168.426           2.403e+02     
  15.000         240.000            2.837e-01           2.836e-01             337.650           7.640e-06             192.534           3.162e+02     
  20.000         240.000            3.849e-01           3.849e-01             358.659           6.310e-06             216.763           3.162e+02     
  25.000         240.000            4.126e-01           4.126e-01              20.163           5.135e-06             241.255           3.162e+02     
  30.000         240.000            3.813e-01           3.813e-01              42.853           4.104e-06             264.808           3.162e+02     
  35.000         240.000            3.333e-01           3.333e-01              67.118           3.305e-06             288.042           3.162e+02     
  40.000         240.000            3.067e-01           3.067e-01              92.330           2.771e-06             310.527           3.162e+02     
  45.000         240.000            3.216e-01           3.216e-01             116.238           2.381e-06             331.232           3.162e+02     
  50.000         240.000            3.829e-01           3.829e-01             136.323           2.046e-06             349.259           3.162e+02     
  55.000         240.000            4.868e-01           4.868e-01             151.805           1.743e-06               4.884           3.162e+02     
  60.000         240.000            6.248e-01           6.248e-01             163.430           1.390e-06              18.012           3.162e+02     
  65.000         240.000            7.842e-01           7.842e-01             172.266           1.036e-06              29.106           3.162e+02     
  70.000         240.000            9.489e-01           9.489e-01             179.076           7.028e-07              38.221           3.162e+02     
  75.000         240.000            1.101e+00           1.101e+00             184.259           4.135e-07              45.328           3.162e+02     
  80.000         240.000            1.223e+00           1.223e+00             187.960           1.895e-07              50.356           3.162e+02     
  85.000         240.000            1.302e+00           1.302e+00             190.197           4.788e-08              53.123           3.162e+02     
  90.000         240.000            1.329e+00           1.329e+00             190.947           1.173e-11              98.930           3.162e+02     
  95.000         240.000            1.302e+00           1.302e+00             190.197           4.785e-08             233.135           3.162e+02     
 100.000         240.000            1.223e+00           1.223e+00             187.960           1.895e-07             230.361           3.162e+02     
 105.000         240.000            1.101e+00           1.101e+00             184.259           4.134e-07             225.332           3.162e+02     
 110.000         240.000            9.489e-01           9.489e-01             179.076           7.027e-07             218.224           3.162e+02     
 115.000         240.000            7.842e-01           7.842e-01             172.266           1.036e-06             209.108           3.162e+02     
 120.000         240.000            6.248e-01           6.248e-01             163.430           1.390e-06             198.013           3.162e+02     
 125.000         240.000            4.868e-01           4.868e-01             151.805           1.742e-06             184.885           3.162e+02     
 130.000         240.000            3.829e-01           3.829e-01             136.323           2.046e-06             169.259           3.162e+02     
 135.000         240.000            3.216e-01           3.216e-01             116.238           2.381e-06             151.232           3.162e+02     
 140.000         240.000            3.067e-01           3.067e-01              92.330           2.771e-06             130.527           3.162e+02     
 145.000         240.000            3.333e-01           3.333e-01              67.118           3.304e-06             108.041           3.162e+02     
 150.000         240.000            3.813e-01           3.813e-01              42.853           4.103e-06              84.807           3.162e+02     
 155.000         240.000            4.126e-01           4.126e-01              20.163           5.135e-06              61.254           3.162e+02     
 160.000         240.000            3.849e-01           3.849e-01             358.659           6.309e-06              36.761           3.162e+02     
 165.000         240.000            2.837e-01           2.836e-01             337.650           7.639e-06              12.533           3.162e+02     
 170.000         240.000            1.454e-01           1.454e-01             316.355           8.931e-06             348.426           2.403e+02     
 175.000         240.000            3.690e-02           3.689e-02             293.956           9.876e-06             324.713           1.195e+02     
 180.000         240.000            1.400e-05           4.060e-06             304.050           9.940e-06             300.895           4.002e+01     
   0.000         245.000            1.400e-05           3.004e-06             304.550           1.100e-05             121.062           4.002e+01     
   5.000         245.000            3.662e-02           3.661e-02             291.783           1.102e-05             142.733           1.121e+02     
  10.000         245.000            1.420e-01           1.420e-01             312.183           1.008e-05             164.251           2.235e+02     
  15.000         245.000            2.695e-01           2.695e-01             331.611           8.685e-06             186.054           3.115e+02     
  20.000         245.000            3.516e-01           3.516e-01             350.955           7.138e-06             208.064           3.162e+02     
  25.000         245.000            3.582e-01           3.582e-01              11.175           5.755e-06             230.773           3.162e+02     
  30.000         245.000            3.139e-01           3.139e-01              33.254           4.489e-06             252.646           3.162e+02     
  35.000         245.000            2.660e-01           2.660e-01              57.705           3.550e-06             275.100           3.162e+02     
  40.000         245.000            2.506e-01           2.506e-01              83.183           2.892e-06             297.206           3.162e+02     
  45.000         245.000            2.821e-01           2.821e-01             106.144           2.491e-06             318.091           3.162e+02     
  50.000         245.000            3.623e-01           3.623e-01             123.952           2.241e-06             336.674           3.162e+02     
  55.000         245.000            4.888e-01           4.888e-01             136.759           1.942e-06             352.153           3.162e+02     
  60.000         245.000            6.568e-01           6.568e-01             146.001           1.608e-06               5.010           3.162e+02     
  65.000         245.000            8.555e-01           8.555e-01             152.943           1.231e-06              15.653           3.162e+02     
  70.000         245.000            1.066e+00           1.066e+00             158.328           8.467e-07              24.316           3.162e+02     
  75.000         245.000            1.265e+00           1.265e+00             162.480           5.066e-07              31.171           3.162e+02     
  80.000         245.000            1.427e+00           1.427e+00             165.479           2.317e-07              35.943           3.162e+02     
  85.000         245.000            1.532e+00           1.532e+00             167.306           5.837e-08              38.630           3.162e+02     
  90.000         245.000            1.569e+00           1.569e+00             167.921           1.370e-11              76.600           3.162e+02     
  95.000         245.000            1.532e+00           1.532e+00             167.306           5.834e-08             218.636           3.162e+02     
 100.000         245.000            1.427e+00           1.427e+00             165.479           2.317e-07             215.946           3.162e+02     
 105.000         245.000            1.265e+00           1.265e+00             162.480           5.065e-07             211.173           3.162e+02     
 110.000         245.000            1.066e+00           1.066e+00             158.328           8.466e-07             204.317           3.162e+02     
 115.000         245.000            8.555e-01           8.555e-01             152.943           1.231e-06             195.654           3.162e+02     
 120.000         245.000            6.568e-01           6.568e-01             146.001           1.608e-06             185.010           3.162e+02     
 125.000         245.000            4.888e-01           4.888e-01             136.759           1.942e-06             172.153           3.162e+02     
 130.000         245.000            3.623e-01           3.623e-01             123.952           2.241e-06             156.674           3.162e+02     
 135.000         245.000            2.821e-01           2.821e-01             106.144           2.491e-06             138.090           3.162e+02     
 140.000         245.000            2.506e-01           2.506e-01              83.183           2.892e-06             117.205           3.162e+02     
 145.000         245.000            2.660e-01           2.660e-01              57.705           3.549e-06              95.098           3.162e+02     
 150.000         245.000            3.139e-01           3.139e-01              33.254           4.489e-06              72.644           3.162e+02     
 155.000         245.000            3.582e-01           3.582e-01              11.175           5.754e-06              50.772           3.162e+02     
 160.000         245.000            3.516e-01           3.516e-01             350.955           7.137e-06              28.063           3.162e+02     
 165.000         245.000            2.695e-01           2.695e-01             331.611           8.684e-06               6.053           3.115e+02     
 170.000         245.000            1.420e-01           1.420e-01             312.183           1.008e-05             344.251           2.236e+02     
 175.000         245.000            3.662e-02           3.661e-02             291.783           1.101e-05             322.732           1.121e+02     
 180.000         245.000            1.400e-05           3.003e-06             304.550           1.100e-05             301.062           4.002e+01     
   0.000         250.000            1.400e-05           2.068e-06             305.251           1.193e-05             121.215           4.002e+01     
   5.000         250.000            3.635e-02           3.634e-02             289.426           1.204e-05             140.567           1.063e+02     
  10.000         250.000            1.390e-01           1.390e-01             307.616           1.113e-05             159.740           2.101e+02     
  15.000         250.000            2.571e-01           2.571e-01             324.917           9.645e-06             179.117           2.905e+02     
  20.000         250.000            3.228e-01           3.228e-01             342.292           7.888e-06             198.763           3.162e+02     
  25.000         250.000            3.122e-01           3.122e-01               0.895           6.220e-06             218.767           3.162e+02     
  30.000         250.000            2.583e-01           2.583e-01              22.071           4.756e-06             239.226           3.162e+02     
  35.000         250.000            2.119e-01           2.119e-01              46.485           3.670e-06             260.838           3.162e+02     
  40.000         250.000            2.055e-01           2.055e-01              71.770           2.924e-06             282.378           3.162e+02     
  45.000         250.000            2.475e-01           2.475e-01              92.981           2.507e-06             303.211           3.162e+02     
  50.000         250.000            3.374e-01           3.374e-01             107.933           2.288e-06             321.716           3.162e+02     
  55.000         250.000            4.760e-01           4.760e-01             117.940           2.057e-06             336.926           3.162e+02     
  60.000         250.000            6.632e-01           6.632e-01             124.972           1.757e-06             349.283           3.162e+02     
  65.000         250.000            8.912e-01           8.912e-01             130.339           1.374e-06             359.281           3.162e+02     
  70.000         250.000            1.140e+00           1.140e+00             134.650           9.666e-07               7.364           3.162e+02     
  75.000         250.000            1.381e+00           1.381e+00             138.082           5.734e-07              13.557           3.162e+02     
  80.000         250.000            1.582e+00           1.582e+00             140.618           2.628e-07              18.005           3.162e+02     
  85.000         250.000            1.715e+00           1.715e+00             142.185           6.607e-08              20.546           3.162e+02     
  90.000         250.000            1.761e+00           1.761e+00             142.715           1.589e-11              51.005           3.162e+02     
  95.000         250.000            1.715e+00           1.715e+00             142.185           6.605e-08             200.545           3.162e+02     
 100.000         250.000            1.582e+00           1.582e+00             140.618           2.627e-07             198.005           3.162e+02     
 105.000         250.000            1.381e+00           1.381e+00             138.082           5.734e-07             193.556           3.162e+02     
 110.000         250.000            1.140e+00           1.140e+00             134.650           9.665e-07             187.364           3.162e+02     
 115.000         250.000            8.912e-01           8.912e-01             130.339           1.374e-06             179.280           3.162e+02     
 120.000         250.000            6.632e-01           6.632e-01             124.972           1.756e-06             169.283           3.162e+02     
 125.000         250.000            4.760e-01           4.760e-01             117.940           2.057e-06             156.925           3.162e+02     
 130.000         250.000            3.374e-01           3.374e-01             107.933           2.288e-06             141.715           3.162e+02     
 135.000         250.000            2.475e-01           2.475e-01              92.980           2.507e-06             123.210           3.162e+02     
 140.000         250.000            2.055e-01           2.055e-01              71.770           2.923e-06             102.376           3.162e+02     
 145.000         250.000            2.119e-01           2.119e-01              46.485           3.670e-06              80.836           3.162e+02     
 150.000         250.000            2.583e-01           2.583e-01              22.071           4.756e-06              59.225           3.162e+02     
 155.000         250.000            3.122e-01           3.122e-01               0.895           6.219e-06              38.766           3.162e+02     
 160.000         250.000            3.228e-01           3.228e-01             342.292           7.887e-06              18.762           3.162e+02     
 165.000         250.000            2.571e-01           2.571e-01             324.917           9.644e-06             359.116           2.905e+02     
 170.000         250.000            1.390e-01           1.390e-01             307.616           1.113e-05             339.739           2.101e+02     
 175.000         250.000            3.635e-02           3.634e-02             289.426           1.204e-05             320.567           1.063e+02     
 180.000         250.000            1.400e-05           2.068e-06             305.251           1.193e-05             301.214           4.002e+01     
   0.000         255.000            1.400e-05           1.282e-06             306.323           1.272e-05             121.356           4.002e+01     
   5.000         255.000            3.609e-02           3.607e-02             286.903           1.291e-05             138.235           1.017e+02     
  10.000         255.000            1.364e-01           1.364e-01             302.695           1.204e-05             154.916           1.996e+02     
  15.000         255.000            2.471e-01           2.471e-01             317.629           1.048e-05             171.731           2.739e+02     
  20.000         255.000            3.001e-01           3.001e-01             332.721           8.521e-06             188.852           3.162e+02     
  25.000         255.000            2.765e-01           2.765e-01             349.304           6.599e-06             206.517           3.162e+02     
  30.000         255.000            2.159e-01           2.159e-01               9.116           4.909e-06             225.008           3.162e+02     
  35.000         255.000            1.714e-01           1.714e-01              33.062           3.656e-06             244.884           3.162e+02     
  40.000         255.000            1.713e-01           1.713e-01              57.592           2.849e-06             265.754           3.162e+02     
  45.000         255.000            2.193e-01           2.193e-01              76.426           2.436e-06             286.327           3.162e+02     
  50.000         255.000            3.143e-01           3.143e-01              88.236           2.243e-06             304.388           3.162e+02     
  55.000         255.000            4.598e-01           4.598e-01              95.491           2.068e-06             319.081           3.162e+02     
  60.000         255.000            6.593e-01           6.593e-01             100.558           1.815e-06             330.727           3.162e+02     
  65.000         255.000            9.065e-01           9.065e-01             104.679           1.470e-06             339.999           3.162e+02     
  70.000         255.000            1.181e+00           1.181e+00             108.249           1.042e-06             347.160           3.162e+02     
  75.000         255.000            1.450e+00           1.450e+00             111.261           6.274e-07             352.688           3.162e+02     
  80.000         255.000            1.677e+00           1.677e+00             113.567           2.901e-07             356.634           3.162e+02     
  85.000         255.000            1.828e+00           1.828e+00             115.018           7.324e-08             358.891           3.162e+02     
  90.000         255.000            1.881e+00           1.881e+00             115.514           1.830e-11              24.063           3.162e+02     
  95.000         255.000            1.828e+00           1.828e+00             115.018           7.323e-08             178.884           3.162e+02     
 100.000         255.000            1.677e+00           1.677e+00             113.567           2.901e-07             176.631           3.162e+02     
 105.000         255.000            1.450e+00           1.450e+00             111.261           6.273e-07             172.685           3.162e+02     
 110.000         255.000            1.181e+00           1.181e+00             108.249           1.042e-06             167.157           3.162e+02     
 115.000         255.000            9.065e-01           9.065e-01             104.679           1.470e-06             159.997           3.162e+02     
 120.000         255.000            6.593e-01           6.593e-01             100.558           1.815e-06             150.725           3.162e+02     
 125.000         255.000            4.598e-01           4.598e-01              95.491           2.068e-06             139.079           3.162e+02     
 130.000         255.000            3.143e-01           3.143e-01              88.236           2.243e-06             124.386           3.162e+02     
 135.000         255.000            2.193e-01           2.193e-01              76.426           2.435e-06             106.326           3.162e+02     
 140.000         255.000            1.713e-01           1.713e-01              57.592           2.849e-06              85.752           3.162e+02     
 145.000         255.000            1.714e-01           1.714e-01              33.062           3.656e-06              64.882           3.162e+02     
 150.000         255.000            2.159e-01           2.159e-01               9.116           4.909e-06              45.007           3.162e+02     
 155.000         255.000            2.765e-01           2.765e-01             349.304           6.598e-06              26.515           3.162e+02     
 160.000         255.000            3.001e-01           3.001e-01             332.721           8.520e-06               8.851           3.162e+02     
 165.000         255.000            2.471e-01           2.471e-01             317.629           1.048e-05             351.731           2.739e+02     
 170.000         255.000            1.364e-01           1.364e-01             302.695           1.204e-05             334.915           1.997e+02     
 175.000         255.000            3.609e-02           3.607e-02             286.903           1.291e-05             318.235           1.017e+02     
 180.000         255.000            1.400e-05           1.282e-06             306.323           1.272e-05             301.356           4.002e+01     
   0.000         260.000            1.400e-05           6.707e-07             308.206           1.333e-05             121.490           4.002e+01     
   5.000         260.000            3.584e-02           3.582e-02             284.237           1.360e-05             135.757           9.821e+01     
  10.000         260.000            1.345e-01           1.345e-01             297.469           1.278e-05             149.804           1.918e+02     
  15.000         260.000            2.400e-01           2.400e-01             309.831           1.115e-05             163.914           2.618e+02     
  20.000         260.000            2.842e-01           2.842e-01             322.360           9.016e-06             178.325           3.023e+02     
  25.000         260.000            2.519e-01           2.519e-01             336.514           6.860e-06             193.391           3.162e+02     
  30.000         260.000            1.869e-01           1.869e-01             354.415           4.963e-06             209.584           3.162e+02     
  35.000         260.000            1.434e-01           1.434e-01              17.373           3.576e-06             227.579           3.162e+02     
  40.000         260.000            1.472e-01           1.472e-01              40.809           2.710e-06             247.126           3.162e+02     
  45.000         260.000            1.997e-01           1.997e-01              57.154           2.299e-06             266.960           3.162e+02     
  50.000         260.000            3.001e-01           3.001e-01              65.959           2.113e-06             284.279           3.162e+02     
  55.000         260.000            4.537e-01           4.537e-01              70.691           1.991e-06             298.375           3.162e+02     
  60.000         260.000            6.642e-01           6.642e-01              73.979           1.795e-06             309.379           3.162e+02     
  65.000         260.000            9.230e-01           9.230e-01              76.958           1.491e-06             317.978           3.162e+02     
  70.000         260.000            1.207e+00           1.207e+00              79.838           1.086e-06             324.583           3.162e+02     
  75.000         260.000            1.483e+00           1.483e+00              82.452           6.700e-07             329.636           3.162e+02     
  80.000         260.000            1.714e+00           1.714e+00              84.544           3.155e-07             333.225           3.162e+02     
  85.000         260.000            1.868e+00           1.868e+00              85.891           8.036e-08             335.191           3.162e+02     
  90.000         260.000            1.922e+00           1.922e+00              86.357           2.003e-11             356.780           3.162e+02     
  95.000         260.000            1.868e+00           1.868e+00              85.891           8.036e-08             155.178           3.162e+02     
 100.000         260.000            1.714e+00           1.714e+00              84.544           3.155e-07             153.218           3.162e+02     
 105.000         260.000            1.483e+00           1.483e+00              82.452           6.700e-07             149.632           3.162e+02     
 110.000         260.000            1.207e+00           1.207e+00              79.838           1.086e-06             144.579           3.162e+02     
 115.000         260.000            9.230e-01           9.230e-01              76.958           1.491e-06             137.975           3.162e+02     
 120.000         260.000            6.642e-01           6.642e-01              73.979           1.795e-06             129.376           3.162e+02     
 125.000         260.000            4.537e-01           4.537e-01              70.691           1.991e-06             118.373           3.162e+02     
 130.000         260.000            3.001e-01           3.001e-01              65.959           2.113e-06             104.277           3.162e+02     
 135.000         260.000            1.997e-01           1.997e-01              57.154           2.299e-06              86.958           3.162e+02     
 140.000         260.000            1.472e-01           1.472e-01              40.809           2.709e-06              67.124           3.162e+02     
 145.000         260.000            1.434e-01           1.434e-01              17.373           3.576e-06              47.578           3.162e+02     
 150.000         260.000            1.869e-01           1.869e-01             354.415           4.962e-06              29.583           3.162e+02     
 155.000         260.000            2.519e-01           2.519e-01             336.514           6.859e-06              13.390           3.162e+02     
 160.000         260.000            2.842e-01           2.842e-01             322.360           9.015e-06             358.324           3.023e+02     
 165.000         260.000            2.400e-01           2.400e-01             309.831           1.115e-05             343.913           2.618e+02     
 170.000         260.000            1.345e-01           1.345e-01             297.469           1.278e-05             329.804           1.918e+02     
 175.000         260.000            3.584e-02           3.582e-02             284.237           1.360e-05             315.757           9.821e+01     
 180.000         260.000            1.400e-05           6.706e-07             308.206           1.333e-05             301.490           4.002e+01     
   0.000         265.000            1.400e-05           2.512e-07             312.464           1.375e-05             121.619           4.002e+01     
   5.000         265.000            3.561e-02           3.559e-02             281.448           1.408e-05             133.153           9.569e+01     
  10.000         265.000            1.332e-01           1.332e-01             291.994           1.331e-05             144.437           1.865e+02     
  15.000         265.000            2.360e-01           2.359e-01             301.630           1.164e-05             155.693           2.542e+02     
  20.000         265.000            2.758e-01           2.757e-01             311.386           9.369e-06             167.196           2.932e+02     
  25.000         265.000            2.385e-01           2.385e-01             322.781           7.019e-06             179.369           3.092e+02     
  30.000         265.000            1.700e-01           1.700e-01             338.252           4.950e-06             192.861           3.162e+02     
  35.000         265.000            1.257e-01           1.257e-01             359.744           3.454e-06             208.511           3.162e+02     
  40.000         265.000            1.308e-01           1.308e-01              22.172           2.542e-06             226.265           3.162e+02     
  45.000         265.000            1.863e-01           1.863e-01              36.550           2.118e-06             244.786           3.162e+02     
  50.000         265.000            2.921e-01           2.921e-01              42.893           1.948e-06             261.179           3.162e+02     
  55.000         265.000            4.539e-01           4.539e-01              45.397           1.856e-06             274.541           3.162e+02     
  60.000         265.000            6.735e-01           6.735e-01              46.893           1.703e-06             285.012           3.162e+02     
  65.000         265.000            9.384e-01           9.384e-01              48.489           1.443e-06             293.255           3.162e+02     
  70.000         265.000            1.222e+00           1.222e+00              50.331           1.076e-06             299.676           3.162e+02     
  75.000         265.000            1.491e+00           1.491e+00              52.200           6.787e-07             304.644           3.162e+02     
  80.000         265.000            1.712e+00           1.712e+00              53.796           3.255e-07             308.204           3.162e+02     
  85.000         265.000            1.857e+00           1.857e+00              54.863           8.411e-08             310.273           3.162e+02     
  90.000         265.000            1.907e+00           1.907e+00              55.237           1.989e-11             328.579           3.162e+02     
  95.000         265.000            1.857e+00           1.857e+00              54.863           8.413e-08             130.258           3.162e+02     
 100.000         265.000            1.712e+00           1.712e+00              53.796           3.255e-07             128.196           3.162e+02     
 105.000         265.000            1.491e+00           1.491e+00              52.200           6.787e-07             124.639           3.162e+02     
 110.000         265.000            1.222e+00           1.222e+00              50.331           1.076e-06             119.672           3.162e+02     
 115.000         265.000            9.384e-01           9.384e-01              48.489           1.443e-06             113.251           3.162e+02     
 120.000         265.000            6.735e-01           6.735e-01              46.893           1.703e-06             105.009           3.162e+02     
 125.000         265.000            4.539e-01           4.539e-01              45.397           1.856e-06              94.539           3.162e+02     
 130.000         265.000            2.921e-01           2.921e-01              42.893           1.948e-06              81.177           3.162e+02     
 135.000         265.000            1.863e-01           1.863e-01              36.550           2.117e-06              64.784           3.162e+02     
 140.000         265.000            1.308e-01           1.308e-01              22.172           2.542e-06              46.263           3.162e+02     
 145.000         265.000            1.257e-01           1.257e-01             359.744           3.454e-06              28.510           3.162e+02     
 150.000         265.000            1.700e-01           1.700e-01             338.252           4.949e-06              12.859           3.162e+02     
 155.000         265.000            2.385e-01           2.385e-01             322.781           7.018e-06             359.368           3.093e+02     
 160.000         265.000            2.758e-01           2.757e-01             311.386           9.368e-06             347.195           2.932e+02     
 165.000         265.000            2.360e-01           2.359e-01             301.630           1.164e-05             335.693           2.542e+02     
 170.000         265.000            1.332e-01           1.332e-01             291.994           1.331e-05             324.436           1.865e+02     
 175.000         265.000            3.561e-02           3.559e-02             281.448           1.408e-05             313.153           9.570e+01     
 180.000         265.000            1.400e-05           2.512e-07             312.464           1.375e-05             301.619           4.002e+01     
   0.000         270.000            1.400e-05           3.676e-08             330.953           1.397e-05             121.745           4.002e+01     
   5.000         270.000            3.540e-02           3.539e-02             278.561           1.434e-05             130.446           9.407e+01     
  10.000         270.000            1.326e-01           1.326e-01             286.329           1.363e-05             138.842           1.835e+02     
  15.000         270.000            2.353e-01           2.353e-01             293.150           1.193e-05             147.121           2.513e+02     
  20.000         270.000            2.749e-01           2.748e-01             300.023           9.586e-06             155.534           2.915e+02     
  25.000         270.000            2.358e-01           2.358e-01             308.458           7.107e-06             164.537           3.093e+02     
  30.000         270.000            1.637e-01           1.637e-01             321.074           4.921e-06             174.919           3.162e+02     
  35.000         270.000            1.153e-01           1.153e-01             340.624           3.345e-06             187.716           3.162e+02     
  40.000         270.000            1.177e-01           1.177e-01               2.412           2.395e-06             203.164           3.162e+02     
  45.000         270.000            1.719e-01           1.719e-01              15.746           1.954e-06             220.002           3.162e+02     
  50.000         270.000            2.773e-01           2.773e-01              20.263           1.786e-06             235.201           3.162e+02     
  55.000         270.000            4.395e-01           4.395e-01              20.703           1.702e-06             247.680           3.162e+02     
  60.000         270.000            6.598e-01           6.598e-01              20.214           1.563e-06             257.576           3.162e+02     
  65.000         270.000            9.250e-01           9.250e-01              20.041           1.325e-06             265.558           3.162e+02     
  70.000         270.000            1.207e+00           1.207e+00              20.394           9.912e-07             271.954           3.162e+02     
  75.000         270.000            1.472e+00           1.472e+00              21.087           6.274e-07             277.045           3.162e+02     
  80.000         270.000            1.688e+00           1.688e+00              21.838           3.021e-07             280.776           3.162e+02     
  85.000         270.000            1.827e+00           1.827e+00              22.397           7.832e-08             283.002           3.162e+02     
  90.000         270.000            1.876e+00           1.876e+00              22.602           1.788e-11             297.759           3.162e+02     
  95.000         270.000            1.827e+00           1.827e+00              22.397           7.836e-08             102.987           3.162e+02     
 100.000         270.000            1.688e+00           1.688e+00              21.838           3.022e-07             100.769           3.162e+02     
 105.000         270.000            1.472e+00           1.472e+00              21.087           6.275e-07              97.040           3.162e+02     
 110.000         270.000            1.207e+00           1.207e+00              20.394           9.913e-07              91.950           3.162e+02     
 115.000         270.000            9.250e-01           9.250e-01              20.041           1.325e-06              85.555           3.162e+02     
 120.000         270.000            6.598e-01           6.598e-01              20.214           1.563e-06              77.574           3.162e+02     
 125.000         270.000            4.395e-01           4.395e-01              20.703           1.702e-06              67.678           3.162e+02     
 130.000         270.000            2.773e-01           2.773e-01              20.263           1.786e-06              55.200           3.162e+02     
 135.000         270.000            1.719e-01           1.719e-01              15.746           1.954e-06              40.001           3.162e+02     
 140.000         270.000            1.177e-01           1.177e-01               2.412           2.395e-06              23.163           3.162e+02     
 145.000         270.000            1.153e-01           1.153e-01             340.624           3.345e-06               7.715           3.162e+02     
 150.000         270.000            1.637e-01           1.637e-01             321.074           4.921e-06             354.917           3.162e+02     
 155.000         270.000            2.358e-01           2.358e-01             308.458           7.107e-06             344.535           3.093e+02     
 160.000         270.000            2.749e-01           2.748e-01             300.023           9.585e-06             335.533           2.915e+02     
 165.000         270.000            2.353e-01           2.353e-01             293.150           1.193e-05             327.120           2.513e+02     
 170.000         270.000            1.326e-01           1.326e-01             286.329           1.363e-05             318.842           1.835e+02     
 175.000         270.000            3.540e-02           3.539e-02             278.561           1.434e-05             310.446           9.407e+01     
 180.000         270.000            1.400e-05           3.677e-08             330.952           1.396e-05             301.745           4.002e+01     
   0.000         275.000            1.400e-05           3.396e-08              91.363           1.397e-05             121.870           4.002e+01     
   5.000         275.000            3.522e-02           3.521e-02             275.602           1.443e-05             126.953           9.497e+01     
  10.000         275.000            1.327e-01           1.327e-01             280.546           1.377e-05             132.278           1.866e+02     
  15.000         275.000            2.379e-01           2.379e-01             284.524           1.212e-05             137.348           2.584e+02     
  20.000         275.000            2.814e-01           2.814e-01             288.502           9.787e-06             142.431           3.038e+02     
  25.000         275.000            2.434e-01           2.434e-01             293.910           7.268e-06             147.974           3.162e+02     
  30.000         275.000            1.667e-01           1.667e-01             303.333           5.016e-06             154.875           3.162e+02     
  35.000         275.000            1.102e-01           1.102e-01             320.250           3.362e-06             164.377           3.162e+02     
  40.000         275.000            1.042e-01           1.042e-01             341.558           2.351e-06             177.136           3.162e+02     
  45.000         275.000            1.497e-01           1.497e-01             354.836           1.869e-06             192.180           3.162e+02     
  50.000         275.000            2.438e-01           2.438e-01             358.053           1.689e-06             206.234           3.162e+02     
  55.000         275.000            3.921e-01           3.921e-01             356.417           1.600e-06             217.786           3.162e+02     
  60.000         275.000            5.999e-01           5.999e-01             353.693           1.459e-06             226.855           3.162e+02     
  65.000         275.000            8.582e-01           8.582e-01             351.472           1.218e-06             234.188           3.162e+02     
  70.000         275.000            1.141e+00           1.141e+00             350.105           8.956e-07             240.126           3.162e+02     
  75.000         275.000            1.413e+00           1.413e+00             349.452           5.570e-07             244.972           3.162e+02     
  80.000         275.000            1.637e+00           1.637e+00             349.238           2.644e-07             248.617           3.162e+02     
  85.000         275.000            1.784e+00           1.784e+00             349.219           6.789e-08             250.845           3.162e+02     
  90.000         275.000            1.835e+00           1.835e+00             349.231           1.556e-11             263.167           3.162e+02     
  95.000         275.000            1.784e+00           1.784e+00             349.219           6.793e-08              70.834           3.162e+02     
 100.000         275.000            1.637e+00           1.637e+00             349.238           2.645e-07              68.612           3.162e+02     
 105.000         275.000            1.413e+00           1.413e+00             349.452           5.572e-07              64.969           3.162e+02     
 110.000         275.000            1.141e+00           1.141e+00             350.105           8.957e-07              60.123           3.162e+02     
 115.000         275.000            8.582e-01           8.582e-01             351.472           1.218e-06              54.187           3.162e+02     
 120.000         275.000            5.999e-01           5.999e-01             353.693           1.459e-06              46.854           3.162e+02     
 125.000         275.000            3.921e-01           3.921e-01             356.417           1.601e-06              37.785           3.162e+02     
 130.000         275.000            2.438e-01           2.438e-01             358.053           1.689e-06              26.234           3.162e+02     
 135.000         275.000            1.497e-01           1.497e-01             354.836           1.869e-06              12.179           3.162e+02     
 140.000         275.000            1.042e-01           1.042e-01             341.558           2.351e-06             357.135           3.162e+02     
 145.000         275.000            1.102e-01           1.102e-01             320.250           3.362e-06             344.376           3.162e+02     
 150.000         275.000            1.667e-01           1.667e-01             303.333           5.015e-06             334.873           3.162e+02     
 155.000         275.000            2.434e-01           2.434e-01             293.910           7.267e-06             327.973           3.162e+02     
 160.000         275.000            2.814e-01           2.814e-01             288.502           9.786e-06             322.430           3.038e+02     
 165.000         275.000            2.379e-01           2.379e-01             284.524           1.212e-05             317.347           2.584e+02     
 170.000         275.000            1.327e-01           1.327e-01             280.546           1.377e-05             312.277           1.866e+02     
 175.000         275.000            3.522e-02           3.521e-02             275.602           1.443e-05             306.953           9.498e+01     
 180.000         275.000            1.400e-05           3.395e-08              91.355           1.397e-05             301.870           4.002e+01     
   0.000         280.000            1.400e-05           2.428e-07             110.969           1.376e-05             121.996           4.002e+01     
   5.000         280.000            3.507e-02           3.505e-02             272.593           1.423e-05             123.965           9.537e+01     
  10.000         280.000            1.335e-01           1.335e-01             274.696           1.366e-05             126.066           1.899e+02     
  15.000         280.000            2.437e-01           2.437e-01             275.870           1.212e-05             127.775           2.683e+02     
  20.000         280.000            2.952e-01           2.952e-01             277.029           9.910e-06             129.380           3.162e+02     
  25.000         280.000            2.611e-01           2.611e-01             279.437           7.472e-06             131.333           3.162e+02     
  30.000         280.000            1.790e-01           1.790e-01             285.374           5.236e-06             134.614           3.162e+02     
  35.000         280.000            1.101e-01           1.101e-01             298.579           3.523e-06             140.589           3.162e+02     
  40.000         280.000            8.953e-02           8.953e-02             318.681           2.427e-06             150.305           3.162e+02     
  45.000         280.000            1.187e-01           1.187e-01             332.770           1.867e-06             163.286           3.162e+02     
  50.000         280.000            1.918e-01           1.918e-01             335.254           1.653e-06             176.179           3.162e+02     
  55.000         280.000            3.151e-01           3.151e-01             331.544           1.556e-06             186.778           3.162e+02     
  60.000         280.000            5.003e-01           5.003e-01             326.471           1.418e-06             194.726           3.162e+02     
  65.000         280.000            7.466e-01           7.466e-01             322.197           1.176e-06             200.808           3.162e+02     
  70.000         280.000            1.032e+00           1.032e+00             319.217           8.574e-07             205.479           3.162e+02     
  75.000         280.000            1.317e+00           1.317e+00             317.368           5.261e-07             209.230           3.162e+02     
  80.000         280.000            1.559e+00           1.559e+00             316.331           2.461e-07             212.055           3.162e+02     
  85.000         280.000            1.720e+00           1.720e+00             315.829           6.252e-08             214.003           3.162e+02     
  90.000         280.000            1.776e+00           1.776e+00             315.681           1.420e-11             226.494           3.162e+02     
  95.000         280.000            1.720e+00           1.720e+00             315.829           6.257e-08              34.002           3.162e+02     
 100.000         280.000            1.559e+00           1.559e+00             316.331           2.462e-07              32.055           3.162e+02     
 105.000         280.000            1.317e+00           1.317e+00             317.368           5.262e-07              29.230           3.162e+02     
 110.000         280.000            1.032e+00           1.032e+00             319.217           8.576e-07              25.479           3.162e+02     
 115.000         280.000            7.466e-01           7.466e-01             322.197           1.176e-06              20.808           3.162e+02     
 120.000         280.000            5.003e-01           5.003e-01             326.471           1.418e-06              14.727           3.162e+02     
 125.000         280.000            3.151e-01           3.151e-01             331.544           1.556e-06               6.779           3.162e+02     
 130.000         280.000            1.918e-01           1.918e-01             335.254           1.653e-06             356.179           3.162e+02     
 135.000         280.000            1.187e-01           1.187e-01             332.770           1.867e-06             343.286           3.162e+02     
 140.000         280.000            8.953e-02           8.953e-02             318.681           2.426e-06             330.304           3.162e+02     
 145.000         280.000            1.101e-01           1.101e-01             298.579           3.523e-06             320.588           3.162e+02     
 150.000         280.000            1.790e-01           1.790e-01             285.374           5.235e-06             314.613           3.162e+02     
 155.000         280.000            2.611e-01           2.611e-01             279.437           7.472e-06             311.332           3.162e+02     
 160.000         280.000            2.952e-01           2.952e-01             277.029           9.909e-06             309.379           3.162e+02     
 165.000         280.000            2.437e-01           2.437e-01             275.870           1.211e-05             307.774           2.684e+02     
 170.000         280.000            1.335e-01           1.335e-01             274.696           1.366e-05             306.066           1.899e+02     
 175.000         280.000            3.507e-02           3.505e-02             272.593           1.423e-05             303.965           9.537e+01     
 180.000         280.000            1.400e-05           2.428e-07             110.967           1.376e-05             301.996           4.002e+01     
   0.000         285.000            1.400e-05           6.571e-07             115.344           1.334e-05             122.125           4.002e+01     
   5.000         285.000            3.493e-02           3.492e-02             269.558           1.381e-05             120.925           9.663e+01     
  10.000         285.000            1.349e-01           1.349e-01             268.844           1.334e-05             119.702           1.960e+02     
  15.000         285.000            2.524e-01           2.524e-01             267.301           1.199e-05             117.946           2.846e+02     
  20.000         285.000            3.159e-01           3.158e-01             265.769           1.003e-05             116.028           3.162e+02     
  25.000         285.000            2.890e-01           2.890e-01             265.262           7.780e-06             114.443           3.162e+02     
  30.000         285.000            2.017e-01           2.017e-01             267.499           5.614e-06             114.223           3.162e+02     
  35.000         285.000            1.172e-01           1.172e-01             275.692           3.833e-06             116.704           3.162e+02     
  40.000         285.000            7.735e-02           7.734e-02             292.227           2.601e-06             123.179           3.162e+02     
  45.000         285.000            8.560e-02           8.560e-02             307.308           1.916e-06             133.701           3.162e+02     
  50.000         285.000            1.342e-01           1.342e-01             310.112           1.623e-06             145.769           3.162e+02     
  55.000         285.000            2.298e-01           2.298e-01             304.890           1.509e-06             156.015           3.162e+02     
  60.000         285.000            3.905e-01           3.905e-01             297.960           1.391e-06             163.415           3.162e+02     
  65.000         285.000            6.234e-01           6.234e-01             292.193           1.176e-06             168.608           3.162e+02     
  70.000         285.000            9.098e-01           9.098e-01             288.127           8.771e-07             172.161           3.162e+02     
  75.000         285.000            1.208e+00           1.208e+00             285.499           5.476e-07             174.791           3.162e+02     
  80.000         285.000            1.468e+00           1.468e+00             283.925           2.592e-07             176.675           3.162e+02     
  85.000         285.000            1.644e+00           1.644e+00             283.102           6.632e-08             177.776           3.162e+02     
  90.000         285.000            1.706e+00           1.706e+00             282.848           1.309e-11             190.604           3.162e+02     
  95.000         285.000            1.644e+00           1.644e+00             283.102           6.636e-08             357.785           3.162e+02     
 100.000         285.000            1.468e+00           1.468e+00             283.925           2.593e-07             356.679           3.162e+02     
 105.000         285.000            1.208e+00           1.208e+00             285.499           5.477e-07             354.794           3.162e+02     
 110.000         285.000            9.098e-01           9.098e-01             288.127           8.772e-07             352.163           3.162e+02     
 115.000         285.000            6.234e-01           6.234e-01             292.193           1.176e-06             348.610           3.162e+02     
 120.000         285.000            3.905e-01           3.905e-01             297.960           1.391e-06             343.417           3.162e+02     
 125.000         285.000            2.298e-01           2.298e-01             304.890           1.509e-06             336.017           3.162e+02     
 130.000         285.000            1.342e-01           1.342e-01             310.112           1.623e-06             325.770           3.162e+02     
 135.000         285.000            8.560e-02           8.560e-02             307.308           1.916e-06             313.701           3.162e+02     
 140.000         285.000            7.735e-02           7.734e-02             292.227           2.601e-06             303.178           3.162e+02     
 145.000         285.000            1.172e-01           1.172e-01             275.692           3.833e-06             296.703           3.162e+02     
 150.000         285.000            2.017e-01           2.017e-01             267.499           5.614e-06             294.221           3.162e+02     
 155.000         285.000            2.890e-01           2.890e-01             265.262           7.779e-06             294.442           3.162e+02     
 160.000         285.000            3.159e-01           3.158e-01             265.769           1.003e-05             296.027           3.162e+02     
 165.000         285.000            2.524e-01           2.524e-01             267.301           1.199e-05             297.945           2.846e+02     
 170.000         285.000            1.349e-01           1.349e-01             268.844           1.334e-05             299.702           1.960e+02     
 175.000         285.000            3.493e-02           3.492e-02             269.558           1.381e-05             300.925           9.664e+01     
 180.000         285.000            1.400e-05           6.570e-07             115.343           1.334e-05             302.125           4.002e+01     
   0.000         290.000            1.400e-05           1.264e-06             117.260           1.274e-05             122.259           4.002e+01     
   5.000         290.000            3.482e-02           3.481e-02             266.524           1.319e-05             117.861           9.880e+01     
  10.000         290.000            1.368e-01           1.368e-01             263.045           1.285e-05             113.241           2.051e+02     
  15.000         290.000            2.637e-01           2.637e-01             258.907           1.177e-05             107.969           3.082e+02     
  20.000         290.000            3.431e-01           3.431e-01             254.843           1.015e-05             102.587           3.162e+02     
  25.000         290.000            3.278e-01           3.278e-01             251.546           8.177e-06              97.652           3.162e+02     
  30.000         290.000            2.377e-01           2.377e-01             250.034           6.118e-06              94.162           3.162e+02     
  35.000         290.000            1.369e-01           1.369e-01             252.321           4.320e-06              93.061           3.162e+02     
  40.000         290.000            7.518e-02           7.517e-02             261.546           2.904e-06              95.973           3.162e+02     
  45.000         290.000            6.127e-02           6.126e-02             274.975           1.994e-06             103.496           3.162e+02     
  50.000         290.000            8.684e-02           8.684e-02             279.850           1.532e-06             114.284           3.162e+02     
  55.000         290.000            1.573e-01           1.573e-01             275.353           1.342e-06             124.866           3.162e+02     
  60.000         290.000            2.926e-01           2.926e-01             268.438           1.226e-06             132.931           3.162e+02     
  65.000         290.000            5.043e-01           5.043e-01             262.567           1.063e-06             138.379           3.162e+02     
  70.000         290.000            7.777e-01           7.777e-01             258.342           8.142e-07             141.987           3.162e+02     
  75.000         290.000            1.072e+00           1.072e+00             255.506           5.252e-07             144.375           3.162e+02     
  80.000         290.000            1.333e+00           1.333e+00             253.726           2.551e-07             145.975           3.162e+02     
  85.000         290.000            1.513e+00           1.513e+00             252.753           6.636e-08             146.886           3.162e+02     
  90.000         290.000            1.577e+00           1.577e+00             252.445           1.103e-11             154.886           3.162e+02     
  95.000         290.000            1.513e+00           1.513e+00             252.753           6.639e-08             326.900           3.162e+02     
 100.000         290.000            1.333e+00           1.333e+00             253.726           2.551e-07             325.982           3.162e+02     
 105.000         290.000            1.072e+00           1.072e+00             255.506           5.253e-07             324.379           3.162e+02     
 110.000         290.000            7.777e-01           7.777e-01             258.342           8.142e-07             321.990           3.162e+02     
 115.000         290.000            5.043e-01           5.043e-01             262.567           1.063e-06             318.381           3.162e+02     
 120.000         290.000            2.926e-01           2.926e-01             268.438           1.226e-06             312.933           3.162e+02     
 125.000         290.000            1.573e-01           1.573e-01             275.353           1.342e-06             304.867           3.162e+02     
 130.000         290.000            8.684e-02           8.684e-02             279.850           1.532e-06             294.284           3.162e+02     
 135.000         290.000            6.127e-02           6.126e-02             274.975           1.994e-06             283.495           3.162e+02     
 140.000         290.000            7.518e-02           7.517e-02             261.546           2.904e-06             275.971           3.162e+02     
 145.000         290.000            1.369e-01           1.369e-01             252.321           4.319e-06             273.059           3.162e+02     
 150.000         290.000            2.377e-01           2.377e-01             250.034           6.118e-06             274.160           3.162e+02     
 155.000         290.000            3.278e-01           3.278e-01             251.546           8.176e-06             277.650           3.162e+02     
 160.000         290.000            3.431e-01           3.431e-01             254.843           1.015e-05             282.585           3.162e+02     
 165.000         290.000            2.637e-01           2.637e-01             258.907           1.177e-05             287.968           3.082e+02     
 170.000         290.000            1.368e-01           1.368e-01             263.045           1.285e-05             293.240           2.051e+02     
 175.000         290.000            3.482e-02           3.481e-02             266.524           1.319e-05             297.860           9.881e+01     
 180.000         290.000            1.400e-05           1.264e-06             117.260           1.274e-05             302.259           4.002e+01     
   0.000         295.000            1.400e-05           2.045e-06             118.346           1.196e-05             122.401           4.002e+01     
   5.000         295.000            3.471e-02           3.470e-02             263.513           1.238e-05             114.799           1.020e+02     
  10.000         295.000            1.391e-01           1.390e-01             257.347           1.220e-05             106.745           2.175e+02     
  15.000         295.000            2.771e-01           2.771e-01             250.757           1.145e-05              97.972           3.162e+02     
  20.000         295.000            3.762e-01           3.762e-01             244.331           1.026e-05              89.278           3.162e+02     
  25.000         295.000            3.782e-01           3.782e-01             238.412           8.725e-06              81.074           3.162e+02     
  30.000         295.000            2.907e-01           2.907e-01             233.338           6.854e-06              74.488           3.162e+02     
  35.000         295.000            1.766e-01           1.766e-01             229.850           4.918e-06              70.074           3.162e+02     
  40.000         295.000            9.339e-02           9.338e-02             229.739           3.293e-06              68.898           3.162e+02     
  45.000         295.000            5.761e-02           5.761e-02             235.010           2.112e-06              71.858           3.162e+02     
  50.000         295.000            6.217e-02           6.217e-02             241.280           1.399e-06              79.301           3.162e+02     
  55.000         295.000            1.079e-01           1.079e-01             241.650           1.043e-06              89.812           3.162e+02     
  60.000         295.000            2.093e-01           2.093e-01             238.187           8.739e-07              99.712           3.162e+02     
  65.000         295.000            3.771e-01           3.771e-01             234.211           7.419e-07             107.315           3.162e+02     
  70.000         295.000            6.006e-01           6.006e-01             230.889           5.787e-07             112.618           3.162e+02     
  75.000         295.000            8.464e-01           8.464e-01             228.415           3.792e-07             116.199           3.162e+02     
  80.000         295.000            1.068e+00           1.068e+00             226.734           1.885e-07             118.531           3.162e+02     
  85.000         295.000            1.222e+00           1.222e+00             225.763           4.979e-08             119.897           3.162e+02     
  90.000         295.000            1.277e+00           1.277e+00             225.446           8.675e-12             116.179           3.162e+02     
  95.000         295.000            1.222e+00           1.222e+00             225.763           4.979e-08             299.914           3.162e+02     
 100.000         295.000            1.068e+00           1.068e+00             226.734           1.885e-07             298.539           3.162e+02     
 105.000         295.000            8.464e-01           8.464e-01             228.415           3.792e-07             296.204           3.162e+02     
 110.000         295.000            6.006e-01           6.006e-01             230.889           5.787e-07             292.621           3.162e+02     
 115.000         295.000            3.771e-01           3.771e-01             234.211           7.419e-07             287.317           3.162e+02     
 120.000         295.000            2.093e-01           2.093e-01             238.187           8.738e-07             279.713           3.162e+02     
 125.000         295.000            1.079e-01           1.079e-01             241.650           1.042e-06             269.812           3.162e+02     
 130.000         295.000            6.217e-02           6.217e-02             241.280           1.399e-06             259.300           3.162e+02     
 135.000         295.000            5.761e-02           5.761e-02             235.010           2.112e-06             251.856           3.162e+02     
 140.000         295.000            9.339e-02           9.338e-02             229.739           3.292e-06             248.896           3.162e+02     
 145.000         295.000            1.766e-01           1.766e-01             229.850           4.918e-06             250.072           3.162e+02     
 150.000         295.000            2.907e-01           2.907e-01             233.338           6.853e-06             254.486           3.162e+02     
 155.000         295.000            3.782e-01           3.782e-01             238.412           8.724e-06             261.073           3.162e+02     
 160.000         295.000            3.762e-01           3.762e-01             244.331           1.026e-05             269.276           3.162e+02     
 165.000         295.000            2.771e-01           2.771e-01             250.757           1.145e-05             277.971           3.162e+02     
 170.000         295.000            1.391e-01           1.390e-01             257.347           1.219e-05             286.744           2.176e+02     
 175.000         295.000            3.471e-02           3.470e-02             263.513           1.238e-05             294.799           1.020e+02     
 180.000         295.000            1.400e-05           2.045e-06             118.346           1.196e-05             302.401           4.002e+01     
   0.000         300.000            1.400e-05           2.977e-06             119.054           1.102e-05             122.553           4.002e+01     
   5.000         300.000            3.461e-02           3.460e-02             260.547           1.142e-05             111.770           1.062e+02     
  10.000         300.000            1.416e-01           1.416e-01             251.793           1.139e-05             100.282           2.337e+02     
  15.000         300.000            2.920e-01           2.920e-01             242.902           1.103e-05              88.090           3.162e+02     
  20.000         300.000            4.145e-01           4.145e-01             234.288           1.031e-05              76.313           3.162e+02     
  25.000         300.000            4.405e-01           4.405e-01             225.949           9.258e-06              65.146           3.162e+02     
  30.000         300.000            3.648e-01           3.648e-01             217.718           7.614e-06              55.764           3.162e+02     
  35.000         300.000            2.450e-01           2.450e-01             209.537           5.681e-06              48.014           3.162e+02     
  40.000         300.000            1.440e-01           1.440e-01             202.016           3.862e-06              42.182           3.162e+02     
  45.000         300.000            8.681e-02           8.681e-02             197.360           2.438e-06              39.246           3.162e+02     
  50.000         300.000            6.947e-02           6.947e-02             198.356           1.472e-06              40.001           3.162e+02     
  55.000         300.000            8.703e-02           8.703e-02             202.752           8.868e-07              45.100           3.162e+02     
  60.000         300.000            1.438e-01           1.438e-01             205.351           5.696e-07              54.097           3.162e+02     
  65.000         300.000            2.440e-01           2.440e-01             205.388           3.912e-07              64.526           3.162e+02     
  70.000         300.000            3.806e-01           3.806e-01             204.193           2.710e-07              73.994           3.162e+02     
  75.000         300.000            5.325e-01           5.325e-01             202.739           1.700e-07              81.355           3.162e+02     
  80.000         300.000            6.709e-01           6.709e-01             201.507           8.300e-08              86.481           3.162e+02     
  85.000         300.000            7.673e-01           7.673e-01             200.710           2.178e-08              89.592           3.162e+02     
  90.000         300.000            8.018e-01           8.018e-01             200.436           7.444e-12              74.899           3.162e+02     
  95.000         300.000            7.673e-01           7.673e-01             200.710           2.177e-08             269.608           3.162e+02     
 100.000         300.000            6.709e-01           6.709e-01             201.507           8.298e-08             266.489           3.162e+02     
 105.000         300.000            5.325e-01           5.325e-01             202.739           1.700e-07             261.359           3.162e+02     
 110.000         300.000            3.806e-01           3.806e-01             204.193           2.709e-07             253.996           3.162e+02     
 115.000         300.000            2.440e-01           2.440e-01             205.388           3.911e-07             244.526           3.162e+02     
 120.000         300.000            1.438e-01           1.438e-01             205.351           5.695e-07             234.096           3.162e+02     
 125.000         300.000            8.703e-02           8.703e-02             202.752           8.867e-07             225.098           3.162e+02     
 130.000         300.000            6.947e-02           6.947e-02             198.356           1.471e-06             219.999           3.162e+02     
 135.000         300.000            8.681e-02           8.681e-02             197.360           2.438e-06             219.243           3.162e+02     
 140.000         300.000            1.440e-01           1.440e-01             202.015           3.861e-06             222.180           3.162e+02     
 145.000         300.000            2.450e-01           2.450e-01             209.537           5.681e-06             228.012           3.162e+02     
 150.000         300.000            3.648e-01           3.648e-01             217.718           7.613e-06             235.762           3.162e+02     
 155.000         300.000            4.405e-01           4.405e-01             225.949           9.257e-06             245.145           3.162e+02     
 160.000         300.000            4.145e-01           4.145e-01             234.288           1.031e-05             256.312           3.162e+02     
 165.000         300.000            2.920e-01           2.920e-01             242.902           1.103e-05             268.089           3.162e+02     
 170.000         300.000            1.416e-01           1.416e-01             251.793           1.139e-05             280.281           2.337e+02     
 175.000         300.000            3.461e-02           3.460e-02             260.547           1.142e-05             291.769           1.062e+02     
 180.000         300.000            1.400e-05           2.977e-06             119.053           1.102e-05             302.553           4.002e+01     
   0.000         305.000            1.400e-05           4.031e-06             119.558           9.970e-06             122.719           4.002e+01     
   5.000         305.000            3.451e-02           3.450e-02             257.648           1.033e-05             108.803           1.117e+02     
  10.000         305.000            1.442e-01           1.442e-01             246.416           1.047e-05              93.926           2.541e+02     
  15.000         305.000            3.077e-01           3.076e-01             235.378           1.049e-05              78.463           3.162e+02     
  20.000         305.000            4.564e-01           4.564e-01             224.744           1.046e-05              63.582           3.162e+02     
  25.000         305.000            5.141e-01           5.141e-01             214.216           9.790e-06              50.231           3.162e+02     
  30.000         305.000            4.623e-01           4.623e-01             203.346           8.398e-06              38.056           3.162e+02     
  35.000         305.000            3.498e-01           3.498e-01             191.852           6.569e-06              27.055           3.162e+02     
  40.000         305.000            2.391e-01           2.391e-01             180.118           4.727e-06              16.926           3.162e+02     
  45.000         305.000            1.618e-01           1.618e-01             169.841           3.208e-06               8.451           3.162e+02     
  50.000         305.000            1.192e-01           1.192e-01             163.812           2.049e-06               2.035           3.162e+02     
  55.000         305.000            1.045e-01           1.045e-01             163.613           1.227e-06             358.317           3.162e+02     
  60.000         305.000            1.141e-01           1.141e-01             167.167           6.841e-07             357.365           3.162e+02     
  65.000         305.000            1.457e-01           1.457e-01             170.684           3.479e-07             359.618           3.162e+02     
  70.000         305.000            1.941e-01           1.941e-01             172.485           1.647e-07               4.393           3.162e+02     
  75.000         305.000            2.497e-01           2.497e-01             172.886           6.955e-08              10.796           3.162e+02     
  80.000         305.000            3.010e-01           3.010e-01             172.634           2.435e-08              17.493           3.162e+02     
  85.000         305.000            3.369e-01           3.369e-01             172.284           5.084e-09              22.550           3.162e+02     
  90.000         305.000            3.498e-01           3.498e-01             172.137           7.033e-12              36.765           3.162e+02     
  95.000         305.000            3.369e-01           3.369e-01             172.284           5.078e-09             202.534           3.162e+02     
 100.000         305.000            3.010e-01           3.010e-01             172.634           2.433e-08             197.484           3.162e+02     
 105.000         305.000            2.497e-01           2.497e-01             172.886           6.952e-08             190.789           3.162e+02     
 110.000         305.000            1.941e-01           1.941e-01             172.485           1.646e-07             184.387           3.162e+02     
 115.000         305.000            1.457e-01           1.457e-01             170.684           3.478e-07             179.613           3.162e+02     
 120.000         305.000            1.141e-01           1.141e-01             167.167           6.840e-07             177.361           3.162e+02     
 125.000         305.000            1.045e-01           1.045e-01             163.613           1.227e-06             178.314           3.162e+02     
 130.000         305.000            1.192e-01           1.192e-01             163.812           2.048e-06             182.032           3.162e+02     
 135.000         305.000            1.618e-01           1.618e-01             169.841           3.208e-06             188.449           3.162e+02     
 140.000         305.000            2.391e-01           2.391e-01             180.118           4.727e-06             196.924           3.162e+02     
 145.000         305.000            3.498e-01           3.498e-01             191.852           6.568e-06             207.053           3.162e+02     
 150.000         305.000            4.623e-01           4.623e-01             203.346           8.397e-06             218.054           3.162e+02     
 155.000         305.000            5.141e-01           5.141e-01             214.216           9.790e-06             230.229           3.162e+02     
 160.000         305.000            4.564e-01           4.564e-01             224.744           1.046e-05             243.580           3.162e+02     
 165.000         305.000            3.077e-01           3.076e-01             235.378           1.049e-05             258.462           3.162e+02     
 170.000         305.000            1.442e-01           1.442e-01             246.416           1.046e-05             273.925           2.541e+02     
 175.000         305.000            3.451e-02           3.450e-02             257.648           1.033e-05             288.802           1.118e+02     
 180.000         305.000            1.400e-05           4.031e-06             119.557           9.969e-06             302.719           4.002e+01     
   0.000         310.000            1.400e-05           5.176e-06             119.940           8.826e-06             122.905           4.002e+01     
   5.000         310.000            3.440e-02           3.439e-02             254.835           9.139e-06             105.931           1.188e+02     
  10.000         310.000            1.466e-01           1.466e-01             241.245           9.430e-06              87.752           2.794e+02     
  15.000         310.000            3.232e-01           3.232e-01             228.206           9.823e-06              69.219           3.162e+02     
  20.000         310.000            5.001e-01           5.001e-01             215.712           1.034e-05              51.726           3.162e+02     
  25.000         310.000            5.965e-01           5.965e-01             203.232           1.016e-05              36.146           3.162e+02     
  30.000         310.000            5.825e-01           5.825e-01             190.235           9.104e-06              21.554           3.162e+02     
  35.000         310.000            4.942e-01           4.942e-01             176.572           7.577e-06               7.823           3.162e+02     
  40.000         310.000            3.873e-01           3.873e-01             162.804           5.919e-06             354.544           3.162e+02     
  45.000         310.000            2.943e-01           2.943e-01             150.211           4.446e-06             342.164           3.162e+02     
  50.000         310.000            2.232e-01           2.232e-01             140.190           3.231e-06             331.913           3.162e+02     
  55.000         310.000            1.725e-01           1.725e-01             133.516           2.212e-06             323.714           3.162e+02     
  60.000         310.000            1.399e-01           1.399e-01             129.988           1.414e-06             317.494           3.162e+02     
  65.000         310.000            1.221e-01           1.221e-01             128.575           8.234e-07             312.210           3.162e+02     
  70.000         310.000            1.154e-01           1.154e-01             127.984           4.311e-07             308.455           3.162e+02     
  75.000         310.000            1.155e-01           1.155e-01             127.406           1.967e-07             305.064           3.162e+02     
  80.000         310.000            1.186e-01           1.186e-01             126.702           7.238e-08             302.001           3.162e+02     
  85.000         310.000            1.218e-01           1.218e-01             126.106           1.575e-08             299.391           3.162e+02     
  90.000         310.000            1.230e-01           1.230e-01             125.873           6.006e-12               2.884           3.162e+02     
  95.000         310.000            1.218e-01           1.218e-01             126.106           1.575e-08             119.368           3.162e+02     
 100.000         310.000            1.186e-01           1.186e-01             126.702           7.238e-08             121.990           3.162e+02     
 105.000         310.000            1.155e-01           1.155e-01             127.406           1.967e-07             125.057           3.162e+02     
 110.000         310.000            1.154e-01           1.154e-01             127.984           4.311e-07             128.450           3.162e+02     
 115.000         310.000            1.221e-01           1.221e-01             128.575           8.234e-07             132.206           3.162e+02     
 120.000         310.000            1.399e-01           1.399e-01             129.988           1.414e-06             137.491           3.162e+02     
 125.000         310.000            1.725e-01           1.725e-01             133.516           2.212e-06             143.711           3.162e+02     
 130.000         310.000            2.232e-01           2.232e-01             140.190           3.231e-06             151.910           3.162e+02     
 135.000         310.000            2.943e-01           2.943e-01             150.211           4.446e-06             162.161           3.162e+02     
 140.000         310.000            3.873e-01           3.873e-01             162.804           5.919e-06             174.542           3.162e+02     
 145.000         310.000            4.942e-01           4.942e-01             176.572           7.576e-06             187.821           3.162e+02     
 150.000         310.000            5.825e-01           5.825e-01             190.235           9.103e-06             201.552           3.162e+02     
 155.000         310.000            5.965e-01           5.965e-01             203.232           1.015e-05             216.144           3.162e+02     
 160.000         310.000            5.001e-01           5.001e-01             215.712           1.034e-05             231.724           3.162e+02     
 165.000         310.000            3.232e-01           3.232e-01             228.206           9.822e-06             249.218           3.162e+02     
 170.000         310.000            1.466e-01           1.466e-01             241.245           9.429e-06             267.751           2.794e+02     
 175.000         310.000            3.440e-02           3.439e-02             254.835           9.138e-06             285.931           1.188e+02     
 180.000         310.000            1.400e-05           5.175e-06             119.940           8.825e-06             302.905           4.002e+01     
   0.000         315.000            1.400e-05           6.375e-06             120.244           7.626e-06             123.118           4.002e+01     
   5.000         315.000            3.427e-02           3.426e-02             252.127           7.892e-06             103.189           1.277e+02     
  10.000         315.000            1.488e-01           1.488e-01             236.301           8.308e-06              81.838           3.105e+02     
  15.000         315.000            3.378e-01           3.377e-01             221.399           9.149e-06              60.202           3.162e+02     
  20.000         315.000            5.431e-01           5.431e-01             207.189           1.001e-05              40.709           3.162e+02     
  25.000         315.000            6.833e-01           6.832e-01             192.976           1.027e-05              23.180           3.162e+02     
  30.000         315.000            7.197e-01           7.197e-01             178.274           9.638e-06               6.477           3.162e+02     
  35.000         315.000            6.743e-01           6.743e-01             163.188           8.477e-06             350.465           3.162e+02     
  40.000         315.000            5.884e-01           5.884e-01             148.460           7.164e-06             335.018           3.162e+02     
  45.000         315.000            4.884e-01           4.884e-01             134.998           5.912e-06             321.009           3.162e+02     
  50.000         315.000            3.877e-01           3.877e-01             123.243           4.728e-06             309.017           3.162e+02     
  55.000         315.000            2.967e-01           2.967e-01             112.968           3.580e-06             299.788           3.162e+02     
  60.000         315.000            2.241e-01           2.241e-01             103.538           2.503e-06             292.478           3.162e+02     
  65.000         315.000            1.734e-01           1.734e-01              94.369           1.594e-06             286.547           3.162e+02     
  70.000         315.000            1.428e-01           1.428e-01              85.396           9.129e-07             281.541           3.162e+02     
  75.000         315.000            1.274e-01           1.274e-01              77.240           4.564e-07             277.246           3.162e+02     
  80.000         315.000            1.216e-01           1.216e-01              70.818           1.830e-07             273.077           3.162e+02     
  85.000         315.000            1.204e-01           1.204e-01              66.782           4.251e-08             270.662           3.162e+02     
  90.000         315.000            1.204e-01           1.204e-01              65.416           4.289e-12             327.718           3.162e+02     
  95.000         315.000            1.204e-01           1.204e-01              66.782           4.251e-08              90.646           3.162e+02     
 100.000         315.000            1.216e-01           1.216e-01              70.818           1.830e-07              93.070           3.162e+02     
 105.000         315.000            1.274e-01           1.274e-01              77.240           4.564e-07              97.241           3.162e+02     
 110.000         315.000            1.428e-01           1.428e-01              85.396           9.129e-07             101.537           3.162e+02     
 115.000         315.000            1.734e-01           1.734e-01              94.369           1.594e-06             106.544           3.162e+02     
 120.000         315.000            2.241e-01           2.241e-01             103.538           2.503e-06             112.475           3.162e+02     
 125.000         315.000            2.967e-01           2.967e-01             112.968           3.580e-06             119.786           3.162e+02     
 130.000         315.000            3.877e-01           3.877e-01             123.243           4.728e-06             129.015           3.162e+02     
 135.000         315.000            4.884e-01           4.884e-01             134.998           5.911e-06             141.006           3.162e+02     
 140.000         315.000            5.884e-01           5.884e-01             148.460           7.163e-06             155.016           3.162e+02     
 145.000         315.000            6.743e-01           6.743e-01             163.188           8.477e-06             170.463           3.162e+02     
 150.000         315.000            7.197e-01           7.197e-01             178.274           9.638e-06             186.475           3.162e+02     
 155.000         315.000            6.833e-01           6.832e-01             192.976           1.026e-05             203.178           3.162e+02     
 160.000         315.000            5.431e-01           5.431e-01             207.189           1.001e-05             220.708           3.162e+02     
 165.000         315.000            3.378e-01           3.377e-01             221.399           9.148e-06             240.201           3.162e+02     
 170.000         315.000            1.488e-01           1.488e-01             236.301           8.307e-06             261.837           3.105e+02     
 175.000         315.000            3.427e-02           3.426e-02             252.127           7.891e-06             283.188           1.277e+02     
 180.000         315.000            1.400e-05           6.375e-06             120.244           7.626e-06             303.118           4.002e+01     
   0.000         320.000            1.400e-05           7.594e-06             120.495           6.407e-06             123.368           4.002e+01     
   5.000         320.000            3.411e-02           3.410e-02             249.541           6.625e-06             100.612           1.390e+02     
  10.000         320.000            1.506e-01           1.506e-01             231.604           7.127e-06              76.261           3.162e+02     
  15.000         320.000            3.504e-01           3.504e-01             214.960           8.263e-06              52.293           3.162e+02     
  20.000         320.000            5.826e-01           5.826e-01             199.160           9.412e-06              30.626           3.162e+02     
  25.000         320.000            7.679e-01           7.679e-01             183.395           1.000e-05              11.416           3.162e+02     
  30.000         320.000            8.633e-01           8.633e-01             167.281           9.801e-06             353.226           3.162e+02     
  35.000         320.000            8.763e-01           8.763e-01             151.171           9.006e-06             335.029           3.162e+02     
  40.000         320.000            8.285e-01           8.285e-01             135.890           8.086e-06             318.183           3.162e+02     
  45.000         320.000            7.329e-01           7.329e-01             122.043           7.111e-06             303.326           3.162e+02     
  50.000         320.000            6.044e-01           6.044e-01             109.552           5.996e-06             291.057           3.162e+02     
  55.000         320.000            4.681e-01           4.681e-01              97.729           4.728e-06             281.000           3.162e+02     
  60.000         320.000            3.506e-01           3.506e-01              85.642           3.399e-06             273.659           3.162e+02     
  65.000         320.000            2.676e-01           2.676e-01              72.707           2.203e-06             267.784           3.162e+02     
  70.000         320.000            2.210e-01           2.210e-01              59.399           1.284e-06             262.960           3.162e+02     
  75.000         320.000            2.027e-01           2.027e-01              47.342           6.497e-07             259.019           3.162e+02     
  80.000         320.000            2.010e-01           2.010e-01              38.195           2.621e-07             255.961           3.162e+02     
  85.000         320.000            2.051e-01           2.051e-01              32.694           6.099e-08             253.905           3.162e+02     
  90.000         320.000            2.074e-01           2.074e-01              30.881           3.237e-12             286.084           3.162e+02     
  95.000         320.000            2.051e-01           2.051e-01              32.694           6.099e-08              73.887           3.162e+02     
 100.000         320.000            2.010e-01           2.010e-01              38.195           2.621e-07              75.953           3.162e+02     
 105.000         320.000            2.027e-01           2.027e-01              47.342           6.497e-07              79.013           3.162e+02     
 110.000         320.000            2.210e-01           2.210e-01              59.399           1.284e-06              82.957           3.162e+02     
 115.000         320.000            2.676e-01           2.676e-01              72.707           2.203e-06              87.781           3.162e+02     
 120.000         320.000            3.506e-01           3.506e-01              85.642           3.399e-06              93.656           3.162e+02     
 125.000         320.000            4.681e-01           4.681e-01              97.729           4.728e-06             100.998           3.162e+02     
 130.000         320.000            6.044e-01           6.044e-01             109.552           5.995e-06             111.055           3.162e+02     
 135.000         320.000            7.329e-01           7.329e-01             122.043           7.110e-06             123.324           3.162e+02     
 140.000         320.000            8.285e-01           8.285e-01             135.890           8.085e-06             138.180           3.162e+02     
 145.000         320.000            8.763e-01           8.763e-01             151.171           9.006e-06             155.027           3.162e+02     
 150.000         320.000            8.633e-01           8.633e-01             167.281           9.800e-06             173.224           3.162e+02     
 155.000         320.000            7.679e-01           7.679e-01             183.395           1.000e-05             191.415           3.162e+02     
 160.000         320.000            5.826e-01           5.826e-01             199.160           9.411e-06             210.625           3.162e+02     
 165.000         320.000            3.504e-01           3.504e-01             214.960           8.262e-06             232.292           3.162e+02     
 170.000         320.000            1.506e-01           1.506e-01             231.604           7.126e-06             256.260           3.162e+02     
 175.000         320.000            3.411e-02           3.410e-02             249.541           6.625e-06             280.612           1.390e+02     
 180.000         320.000            1.400e-05           7.593e-06             120.495           6.407e-06             303.368           4.002e+01     
   0.000         325.000            1.400e-05           8.795e-06             120.709           5.207e-06             123.670           4.002e+01     
   5.000         325.000            3.392e-02           3.392e-02             247.093           5.377e-06              98.241           1.536e+02     
  10.000         325.000            1.518e-01           1.517e-01             227.167           5.915e-06              71.097           3.162e+02     
  15.000         325.000            3.604e-01           3.604e-01             208.886           7.162e-06              44.834           3.162e+02     
  20.000         325.000            6.155e-01           6.155e-01             191.600           8.500e-06              21.535           3.162e+02     
  25.000         325.000            8.431e-01           8.431e-01             174.411           9.353e-06               0.998           3.162e+02     
  30.000         325.000            9.991e-01           9.990e-01             157.053           9.384e-06             341.164           3.162e+02     
  35.000         325.000            1.078e+00           1.078e+00             140.068           8.926e-06             321.856           3.162e+02     
  40.000         325.000            1.081e+00           1.081e+00             124.287           8.336e-06             303.465           3.162e+02     
  45.000         325.000            9.987e-01           9.987e-01             110.084           7.594e-06             287.876           3.162e+02     
  50.000         325.000            8.449e-01           8.448e-01              97.101           6.539e-06             275.244           3.162e+02     
  55.000         325.000            6.588e-01           6.588e-01              84.446           5.172e-06             265.364           3.162e+02     
  60.000         325.000            4.888e-01           4.888e-01              71.062           3.696e-06             257.770           3.162e+02     
  65.000         325.000            3.665e-01           3.665e-01              56.303           2.398e-06             251.200           3.162e+02     
  70.000         325.000            2.988e-01           2.988e-01              40.823           1.367e-06             246.674           3.162e+02     
  75.000         325.000            2.744e-01           2.744e-01              26.756           6.759e-07             243.110           3.162e+02     
  80.000         325.000            2.748e-01           2.748e-01              16.190           2.666e-07             240.465           3.162e+02     
  85.000         325.000            2.828e-01           2.828e-01               9.916           6.094e-08             238.794           3.162e+02     
  90.000         325.000            2.868e-01           2.868e-01               7.864           3.572e-12             245.910           3.162e+02     
  95.000         325.000            2.828e-01           2.828e-01               9.916           6.093e-08              58.771           3.162e+02     
 100.000         325.000            2.748e-01           2.748e-01              16.190           2.666e-07              60.454           3.162e+02     
 105.000         325.000            2.744e-01           2.744e-01              26.756           6.759e-07              63.103           3.162e+02     
 110.000         325.000            2.988e-01           2.988e-01              40.823           1.367e-06              66.669           3.162e+02     
 115.000         325.000            3.665e-01           3.665e-01              56.303           2.398e-06              71.196           3.162e+02     
 120.000         325.000            4.888e-01           4.888e-01              71.062           3.695e-06              77.767           3.162e+02     
 125.000         325.000            6.588e-01           6.588e-01              84.446           5.172e-06              85.362           3.162e+02     
 130.000         325.000            8.449e-01           8.448e-01              97.101           6.538e-06              95.242           3.162e+02     
 135.000         325.000            9.987e-01           9.987e-01             110.084           7.593e-06             107.873           3.162e+02     
 140.000         325.000            1.081e+00           1.081e+00             124.287           8.335e-06             123.463           3.162e+02     
 145.000         325.000            1.078e+00           1.078e+00             140.068           8.925e-06             141.854           3.162e+02     
 150.000         325.000            9.991e-01           9.990e-01             157.053           9.383e-06             161.163           3.162e+02     
 155.000         325.000            8.431e-01           8.431e-01             174.411           9.352e-06             180.996           3.162e+02     
 160.000         325.000            6.155e-01           6.155e-01             191.600           8.499e-06             201.534           3.162e+02     
 165.000         325.000            3.604e-01           3.604e-01             208.886           7.161e-06             224.833           3.162e+02     
 170.000         325.000            1.518e-01           1.517e-01             227.167           5.915e-06             251.096           3.162e+02     
 175.000         325.000            3.392e-02           3.392e-02             247.093           5.377e-06             278.241           1.536e+02     
 180.000         325.000            1.400e-05           8.794e-06             120.708           5.206e-06             303.670           4.002e+01     
   0.000         330.000            1.400e-05           9.941e-06             120.895           4.060e-06             124.050           4.002e+01     
   5.000         330.000            3.370e-02           3.370e-02             244.797           4.186e-06              96.125           1.726e+02     
  10.000         330.000            1.522e-01           1.522e-01             223.000           4.711e-06              66.427           3.162e+02     
  15.000         330.000            3.669e-01           3.669e-01             203.174           5.942e-06              38.195           3.162e+02     
  20.000         330.000            6.394e-01           6.394e-01             184.478           7.336e-06              13.992           3.162e+02     
  25.000         330.000            9.017e-01           9.017e-01             165.939           8.197e-06             351.720           3.162e+02     
  30.000         330.000            1.112e+00           1.112e+00             147.396           8.368e-06             330.580           3.162e+02     
  35.000         330.000            1.256e+00           1.256e+00             129.523           8.120e-06             309.885           3.162e+02     
  40.000         330.000            1.311e+00           1.311e+00             113.122           7.737e-06             290.728           3.162e+02     
  45.000         330.000            1.248e+00           1.248e+00              98.385           7.199e-06             273.671           3.162e+02     
  50.000         330.000            1.071e+00           1.071e+00              84.763           6.219e-06             260.525           3.162e+02     
  55.000         330.000            8.332e-01           8.332e-01              71.225           4.886e-06             250.275           3.162e+02     
  60.000         330.000            6.071e-01           6.071e-01              56.552           3.442e-06             242.250           3.162e+02     
  65.000         330.000            4.433e-01           4.433e-01              39.929           2.157e-06             236.084           3.162e+02     
  70.000         330.000            3.552e-01           3.552e-01              22.089           1.194e-06             231.382           3.162e+02     
  75.000         330.000            3.275e-01           3.275e-01               5.761           5.704e-07             227.889           3.162e+02     
  80.000         330.000            3.333e-01           3.333e-01             353.611           2.178e-07             225.462           3.162e+02     
  85.000         330.000            3.477e-01           3.477e-01             346.492           4.852e-08             224.239           3.162e+02     
  90.000         330.000            3.544e-01           3.544e-01             344.183           4.544e-12             217.559           3.162e+02     
  95.000         330.000            3.477e-01           3.477e-01             346.492           4.850e-08              44.206           3.162e+02     
 100.000         330.000            3.333e-01           3.333e-01             353.611           2.178e-07              45.447           3.162e+02     
 105.000         330.000            3.275e-01           3.275e-01               5.761           5.704e-07              47.880           3.162e+02     
 110.000         330.000            3.552e-01           3.552e-01              22.089           1.193e-06              51.375           3.162e+02     
 115.000         330.000            4.433e-01           4.433e-01              39.929           2.157e-06              56.079           3.162e+02     
 120.000         330.000            6.071e-01           6.071e-01              56.552           3.442e-06              62.247           3.162e+02     
 125.000         330.000            8.332e-01           8.332e-01              71.225           4.886e-06              70.272           3.162e+02     
 130.000         330.000            1.071e+00           1.071e+00              84.763           6.219e-06              80.522           3.162e+02     
 135.000         330.000            1.248e+00           1.248e+00              98.385           7.198e-06              93.668           3.162e+02     
 140.000         330.000            1.311e+00           1.311e+00             113.122           7.737e-06             110.726           3.162e+02     
 145.000         330.000            1.256e+00           1.256e+00             129.523           8.120e-06             129.883           3.162e+02     
 150.000         330.000            1.112e+00           1.112e+00             147.396           8.367e-06             150.579           3.162e+02     
 155.000         330.000            9.017e-01           9.017e-01             165.939           8.196e-06             171.718           3.162e+02     
 160.000         330.000            6.394e-01           6.394e-01             184.478           7.335e-06             193.991           3.162e+02     
 165.000         330.000            3.669e-01           3.669e-01             203.174           5.941e-06             218.194           3.162e+02     
 170.000         330.000            1.522e-01           1.522e-01             223.000           4.711e-06             246.426           3.162e+02     
 175.000         330.000            3.370e-02           3.370e-02             244.797           4.186e-06             276.125           1.726e+02     
 180.000         330.000            1.400e-05           9.940e-06             120.895           4.060e-06             304.050           4.002e+01     
   0.000         335.000            1.400e-05           1.100e-05             121.062           3.004e-06             124.550           4.002e+01     
   5.000         335.000            3.344e-02           3.343e-02             242.666           3.089e-06              94.326           1.982e+02     
  10.000         335.000            1.519e-01           1.519e-01             219.116           3.556e-06              62.341           3.162e+02     
  15.000         335.000            3.696e-01           3.696e-01             197.816           4.655e-06              32.478           3.162e+02     
  20.000         335.000            6.523e-01           6.523e-01             177.755           5.879e-06               7.150           3.162e+02     
  25.000         335.000            9.385e-01           9.385e-01             157.890           6.669e-06             343.714           3.162e+02     
  30.000         335.000            1.191e+00           1.191e+00             138.138           6.845e-06             321.412           3.162e+02     
  35.000         335.000            1.391e+00           1.391e+00             119.275           6.696e-06             299.496           3.162e+02     
  40.000         335.000            1.495e+00           1.495e+00             102.068           6.442e-06             278.831           3.162e+02     
  45.000         335.000            1.451e+00           1.451e+00              86.557           5.996e-06             261.129           3.162e+02     
  50.000         335.000            1.254e+00           1.254e+00              72.024           5.185e-06             246.941           3.162e+02     
  55.000         335.000            9.695e-01           9.695e-01              57.251           4.050e-06             235.670           3.162e+02     
  60.000         335.000            6.934e-01           6.934e-01              40.757           2.850e-06             226.490           3.162e+02     
  65.000         335.000            4.983e-01           4.983e-01              21.462           1.746e-06             219.889           3.162e+02     
  70.000         335.000            4.050e-01           4.050e-01               0.417           9.409e-07             214.929           3.162e+02     
  75.000         335.000            3.924e-01           3.924e-01             341.488           4.381e-07             211.544           3.162e+02     
  80.000         335.000            4.214e-01           4.214e-01             327.920           1.631e-07             209.197           3.162e+02     
  85.000         335.000            4.550e-01           4.550e-01             320.217           3.564e-08             207.957           3.162e+02     
  90.000         335.000            4.690e-01           4.690e-01             317.756           4.982e-12             198.311           3.162e+02     
  95.000         335.000            4.550e-01           4.550e-01             320.217           3.563e-08              27.913           3.162e+02     
 100.000         335.000            4.214e-01           4.214e-01             327.920           1.631e-07              29.177           3.162e+02     
 105.000         335.000            3.924e-01           3.924e-01             341.488           4.381e-07              31.532           3.162e+02     
 110.000         335.000            4.050e-01           4.050e-01               0.417           9.408e-07              34.921           3.162e+02     
 115.000         335.000            4.983e-01           4.983e-01              21.462           1.746e-06              39.883           3.162e+02     
 120.000         335.000            6.934e-01           6.934e-01              40.757           2.850e-06              46.486           3.162e+02     
 125.000         335.000            9.695e-01           9.695e-01              57.251           4.050e-06              55.666           3.162e+02     
 130.000         335.000            1.254e+00           1.254e+00              72.024           5.185e-06              66.937           3.162e+02     
 135.000         335.000            1.451e+00           1.451e+00              86.557           5.995e-06              81.126           3.162e+02     
 140.000         335.000            1.495e+00           1.495e+00             102.068           6.441e-06              98.829           3.162e+02     
 145.000         335.000            1.391e+00           1.391e+00             119.275           6.696e-06             119.494           3.162e+02     
 150.000         335.000            1.191e+00           1.191e+00             138.138           6.844e-06             141.411           3.162e+02     
 155.000         335.000            9.385e-01           9.385e-01             157.890           6.668e-06             163.713           3.162e+02     
 160.000         335.000            6.523e-01           6.523e-01             177.755           5.879e-06             187.149           3.162e+02     
 165.000         335.000            3.696e-01           3.696e-01             197.816           4.654e-06             212.477           3.162e+02     
 170.000         335.000            1.519e-01           1.519e-01             219.116           3.556e-06             242.340           3.162e+02     
 175.000         335.000            3.344e-02           3.343e-02             242.666           3.089e-06             274.326           1.982e+02     
 180.000         335.000            1.400e-05           1.100e-05             121.062           3.003e-06             304.550           4.002e+01     
   0.000         340.000            1.400e-05           1.193e-05             121.215           2.068e-06             125.251           4.002e+01     
   5.000         340.000            3.313e-02           3.313e-02             240.713           2.120e-06              92.941           2.344e+02     
  10.000         340.000            1.508e-01           1.508e-01             215.521           2.496e-06              58.963           3.162e+02     
  15.000         340.000            3.683e-01           3.683e-01             192.807           3.376e-06              27.828           3.162e+02     
  20.000         340.000            6.537e-01           6.537e-01             171.399           4.329e-06               1.662           3.162e+02     
  25.000         340.000            9.513e-01           9.513e-01             150.187           4.932e-06             337.910           3.162e+02     
  30.000         340.000            1.231e+00           1.231e+00             129.149           5.024e-06             314.478           3.162e+02     
  35.000         340.000            1.473e+00           1.473e+00             109.159           4.903e-06             290.280           3.162e+02     
  40.000         340.000            1.621e+00           1.621e+00              90.975           4.724e-06             268.054           3.162e+02     
  45.000         340.000            1.599e+00           1.599e+00              74.508           4.425e-06             248.816           3.162e+02     
  50.000         340.000            1.392e+00           1.392e+00              58.865           3.856e-06             233.209           3.162e+02     
  55.000         340.000            1.072e+00           1.072e+00              42.597           3.020e-06             220.748           3.162e+02     
  60.000         340.000            7.616e-01           7.616e-01              23.887           2.089e-06             211.039           3.162e+02     
  65.000         340.000            5.546e-01           5.546e-01               1.466           1.269e-06             203.587           3.162e+02     
  70.000         340.000            4.809e-01           4.809e-01             337.268           6.759e-07             198.235           3.162e+02     
  75.000         340.000            5.114e-01           5.114e-01             316.624           3.088e-07             194.383           3.162e+02     
  80.000         340.000            5.900e-01           5.900e-01             302.658           1.129e-07             192.007           3.162e+02     
  85.000         340.000            6.617e-01           6.617e-01             294.997           2.431e-08             190.842           3.162e+02     
  90.000         340.000            6.899e-01           6.899e-01             292.583           4.386e-12             183.511           3.162e+02     
  95.000         340.000            6.617e-01           6.617e-01             294.997           2.430e-08              10.783           3.162e+02     
 100.000         340.000            5.900e-01           5.900e-01             302.658           1.129e-07              11.979           3.162e+02     
 105.000         340.000            5.114e-01           5.114e-01             316.624           3.088e-07              14.367           3.162e+02     
 110.000         340.000            4.809e-01           4.809e-01             337.268           6.758e-07              18.225           3.162e+02     
 115.000         340.000            5.546e-01           5.546e-01               1.466           1.269e-06              23.580           3.162e+02     
 120.000         340.000            7.616e-01           7.616e-01              23.887           2.089e-06              31.033           3.162e+02     
 125.000         340.000            1.072e+00           1.072e+00              42.597           3.020e-06              40.744           3.162e+02     
 130.000         340.000            1.392e+00           1.392e+00              58.865           3.856e-06              53.205           3.162e+02     
 135.000         340.000            1.599e+00           1.599e+00              74.508           4.425e-06              68.812           3.162e+02     
 140.000         340.000            1.621e+00           1.621e+00              90.975           4.723e-06              88.051           3.162e+02     
 145.000         340.000            1.473e+00           1.473e+00             109.159           4.903e-06             110.278           3.162e+02     
 150.000         340.000            1.231e+00           1.231e+00             129.149           5.023e-06             134.477           3.162e+02     
 155.000         340.000            9.513e-01           9.513e-01             150.187           4.932e-06             157.909           3.162e+02     
 160.000         340.000            6.537e-01           6.537e-01             171.399           4.329e-06             181.662           3.162e+02     
 165.000         340.000            3.683e-01           3.683e-01             192.807           3.375e-06             207.827           3.162e+02     
 170.000         340.000            1.508e-01           1.508e-01             215.521           2.496e-06             238.962           3.162e+02     
 175.000         340.000            3.313e-02           3.313e-02             240.713           2.120e-06             272.941           2.345e+02     
 180.000         340.000            1.400e-05           1.193e-05             121.214           2.068e-06             305.251           4.002e+01     
   0.000         345.000            1.400e-05           1.272e-05             121.356           1.282e-06             126.323           4.002e+01     
   5.000         345.000            3.279e-02           3.279e-02             238.950           1.308e-06              92.148           2.891e+02     
  10.000         345.000            1.489e-01           1.489e-01             212.228           1.579e-06              56.505           3.162e+02     
  15.000         345.000            3.630e-01           3.630e-01             188.144           2.196e-06              24.515           3.162e+02     
  20.000         345.000            6.440e-01           6.440e-01             165.385           2.837e-06             357.857           3.162e+02     
  25.000         345.000            9.413e-01           9.413e-01             142.770           3.200e-06             333.403           3.162e+02     
  30.000         345.000            1.234e+00           1.234e+00             120.343           3.191e-06             308.775           3.162e+02     
  35.000         345.000            1.507e+00           1.507e+00              99.112           3.038e-06             283.597           3.162e+02     
  40.000         345.000            1.694e+00           1.694e+00              79.863           2.901e-06             259.246           3.162e+02     
  45.000         345.000            1.702e+00           1.702e+00              62.407           2.791e-06             237.192           3.162e+02     
  50.000         345.000            1.498e+00           1.498e+00              45.687           2.464e-06             219.779           3.162e+02     
  55.000         345.000            1.160e+00           1.160e+00              28.031           1.952e-06             205.737           3.162e+02     
  60.000         345.000            8.305e-01           8.305e-01               7.337           1.359e-06             194.588           3.162e+02     
  65.000         345.000            6.269e-01           6.269e-01             342.356           8.264e-07             186.020           3.162e+02     
  70.000         345.000            5.890e-01           5.890e-01             316.168           4.361e-07             179.314           3.162e+02     
  75.000         345.000            6.806e-01           6.806e-01             295.034           1.963e-07             174.513           3.162e+02     
  80.000         345.000            8.261e-01           8.261e-01             281.322           7.043e-08             171.397           3.162e+02     
  85.000         345.000            9.488e-01           9.488e-01             273.933           1.490e-08             169.732           3.162e+02     
  90.000         345.000            9.959e-01           9.959e-01             271.616           3.047e-12             170.500           3.162e+02     
  95.000         345.000            9.488e-01           9.488e-01             273.933           1.490e-08             349.650           3.162e+02     
 100.000         345.000            8.261e-01           8.261e-01             281.322           7.042e-08             351.360           3.162e+02     
 105.000         345.000            6.806e-01           6.806e-01             295.034           1.963e-07             354.491           3.162e+02     
 110.000         345.000            5.890e-01           5.890e-01             316.168           4.361e-07             359.300           3.162e+02     
 115.000         345.000            6.269e-01           6.269e-01             342.356           8.264e-07               6.010           3.162e+02     
 120.000         345.000            8.305e-01           8.305e-01               7.337           1.359e-06              14.581           3.162e+02     
 125.000         345.000            1.160e+00           1.160e+00              28.031           1.952e-06              25.731           3.162e+02     
 130.000         345.000            1.498e+00           1.498e+00              45.687           2.464e-06              39.774           3.162e+02     
 135.000         345.000            1.702e+00           1.702e+00              62.407           2.790e-06              57.188           3.162e+02     
 140.000         345.000            1.694e+00           1.694e+00              79.863           2.901e-06              79.243           3.162e+02     
 145.000         345.000            1.507e+00           1.507e+00              99.112           3.038e-06             103.595           3.162e+02     
 150.000         345.000            1.234e+00           1.234e+00             120.343           3.191e-06             128.774           3.162e+02     
 155.000         345.000            9.413e-01           9.413e-01             142.770           3.200e-06             153.403           3.162e+02     
 160.000         345.000            6.440e-01           6.440e-01             165.385           2.837e-06             177.857           3.162e+02     
 165.000         345.000            3.630e-01           3.630e-01             188.144           2.196e-06             204.515           3.162e+02     
 170.000         345.000            1.489e-01           1.489e-01             212.228           1.579e-06             236.504           3.162e+02     
 175.000         345.000            3.279e-02           3.279e-02             238.950           1.308e-06             272.148           2.891e+02     
 180.000         345.000            1.400e-05           1.272e-05             121.356           1.282e-06             306.323           4.002e+01     
   0.000         350.000            1.400e-05           1.333e-05             121.490           6.707e-07             128.206           4.002e+01     
   5.000         350.000            3.241e-02           3.241e-02             237.388           6.798e-07              92.377           3.162e+02     
  10.000         350.000            1.462e-01           1.462e-01             209.246           8.457e-07              55.446           3.162e+02     
  15.000         350.000            3.543e-01           3.543e-01             183.828           1.208e-06              23.195           3.162e+02     
  20.000         350.000            6.249e-01           6.249e-01             159.697           1.562e-06             356.589           3.162e+02     
  25.000         350.000            9.131e-01           9.131e-01             135.609           1.720e-06             331.917           3.162e+02     
  30.000         350.000            1.209e+00           1.209e+00             111.706           1.641e-06             306.428           3.162e+02     
  35.000         350.000            1.506e+00           1.506e+00              89.187           1.486e-06             279.258           3.162e+02     
  40.000         350.000            1.732e+00           1.732e+00              68.917           1.382e-06             251.889           3.162e+02     
  45.000         350.000            1.775e+00           1.775e+00              50.626           1.312e-06             227.356           3.162e+02     
  50.000         350.000            1.586e+00           1.586e+00              33.122           1.194e-06             206.707           3.162e+02     
  55.000         350.000            1.242e+00           1.242e+00              14.578           9.770e-07             189.926           3.162e+02     
  60.000         350.000            8.981e-01           8.981e-01             352.706           6.987e-07             176.159           3.162e+02     
  65.000         350.000            6.954e-01           6.954e-01             326.276           4.318e-07             164.890           3.162e+02     
  70.000         350.000            6.852e-01           6.852e-01             299.042           2.295e-07             155.385           3.162e+02     
  75.000         350.000            8.280e-01           8.280e-01             277.668           1.030e-07             147.633           3.162e+02     
  80.000         350.000            1.032e+00           1.032e+00             264.051           3.663e-08             141.663           3.162e+02     
  85.000         350.000            1.200e+00           1.200e+00             256.760           7.676e-09             137.723           3.162e+02     
  90.000         350.000            1.264e+00           1.264e+00             254.478           1.585e-12             158.252           3.162e+02     
  95.000         350.000            1.200e+00           1.200e+00             256.760           7.680e-09             317.607           3.162e+02     
 100.000         350.000            1.032e+00           1.032e+00             264.051           3.664e-08             321.611           3.162e+02     
 105.000         350.000            8.280e-01           8.280e-01             277.668           1.031e-07             327.604           3.162e+02     
 110.000         350.000            6.852e-01           6.852e-01             299.042           2.296e-07             335.366           3.162e+02     
 115.000         350.000            6.954e-01           6.954e-01             326.276           4.318e-07             344.876           3.162e+02     
 120.000         350.000            8.981e-01           8.981e-01             352.706           6.987e-07             356.149           3.162e+02     
 125.000         350.000            1.242e+00           1.242e+00              14.578           9.770e-07               9.919           3.162e+02     
 130.000         350.000            1.586e+00           1.586e+00              33.122           1.194e-06              26.701           3.162e+02     
 135.000         350.000            1.775e+00           1.775e+00              50.626           1.312e-06              47.351           3.162e+02     
 140.000         350.000            1.732e+00           1.732e+00              68.917           1.382e-06              71.885           3.162e+02     
 145.000         350.000            1.506e+00           1.506e+00              89.187           1.486e-06              99.257           3.162e+02     
 150.000         350.000            1.209e+00           1.209e+00             111.706           1.641e-06             126.428           3.162e+02     
 155.000         350.000            9.131e-01           9.131e-01             135.609           1.719e-06             151.917           3.162e+02     
 160.000         350.000            6.249e-01           6.249e-01             159.697           1.562e-06             176.589           3.162e+02     
 165.000         350.000            3.543e-01           3.543e-01             183.828           1.208e-06             203.196           3.162e+02     
 170.000         350.000            1.462e-01           1.462e-01             209.246           8.457e-07             235.447           3.162e+02     
 175.000         350.000            3.241e-02           3.241e-02             237.388           6.797e-07             272.377           3.162e+02     
 180.000         350.000            1.400e-05           1.333e-05             121.490           6.706e-07             308.206           4.002e+01     
   0.000         355.000            1.400e-05           1.375e-05             121.619           2.512e-07             132.464           4.002e+01     
   5.000         355.000            3.199e-02           3.199e-02             236.037           2.517e-07              95.115           3.162e+02     
  10.000         355.000            1.429e-01           1.429e-01             206.591           3.338e-07              57.131           3.162e+02     
  15.000         355.000            3.427e-01           3.427e-01             179.869           4.931e-07              26.018           3.162e+02     
  20.000         355.000            5.988e-01           5.988e-01             154.341           6.387e-07               0.713           3.162e+02     
  25.000         355.000            8.728e-01           8.728e-01             128.719           6.741e-07             337.131           3.162e+02     
  30.000         355.000            1.168e+00           1.168e+00             103.304           5.872e-07             312.061           3.162e+02     
  35.000         355.000            1.485e+00           1.485e+00              79.558           4.592e-07             283.234           3.162e+02     
  40.000         355.000            1.749e+00           1.749e+00              58.444           3.722e-07             250.656           3.162e+02     
  45.000         355.000            1.830e+00           1.830e+00              39.607           3.406e-07             218.413           3.162e+02     
  50.000         355.000            1.659e+00           1.659e+00              21.745           3.321e-07             190.309           3.162e+02     
  55.000         355.000            1.308e+00           1.308e+00               2.950           3.065e-07             167.027           3.162e+02     
  60.000         355.000            9.441e-01           9.441e-01             340.812           2.516e-07             147.404           3.162e+02     
  65.000         355.000            7.245e-01           7.245e-01             313.843           1.832e-07             130.188           3.162e+02     
  70.000         355.000            7.135e-01           7.135e-01             285.758           1.170e-07             115.036           3.162e+02     
  75.000         355.000            8.726e-01           8.726e-01             263.689           6.430e-08             102.062           3.162e+02     
  80.000         355.000            1.101e+00           1.101e+00             249.704           2.792e-08              91.878           3.162e+02     
  85.000         355.000            1.292e+00           1.292e+00             242.250           6.858e-09              85.203           3.162e+02     
  90.000         355.000            1.364e+00           1.364e+00             239.920           5.010e-13             148.117           3.162e+02     
  95.000         355.000            1.292e+00           1.292e+00             242.250           6.878e-09             265.117           3.162e+02     
 100.000         355.000            1.101e+00           1.101e+00             249.704           2.795e-08             271.835           3.162e+02     
 105.000         355.000            8.726e-01           8.726e-01             263.689           6.435e-08             282.033           3.162e+02     
 110.000         355.000            7.135e-01           7.135e-01             285.758           1.170e-07             295.014           3.162e+02     
 115.000         355.000            7.245e-01           7.245e-01             313.843           1.832e-07             310.171           3.162e+02     
 120.000         355.000            9.441e-01           9.441e-01             340.812           2.517e-07             327.390           3.162e+02     
 125.000         355.000            1.308e+00           1.308e+00               2.950           3.065e-07             347.015           3.162e+02     
 130.000         355.000            1.659e+00           1.659e+00              21.745           3.321e-07              10.298           3.162e+02     
 135.000         355.000            1.830e+00           1.830e+00              39.607           3.406e-07              38.404           3.162e+02     
 140.000         355.000            1.749e+00           1.749e+00              58.444           3.721e-07              70.651           3.162e+02     
 145.000         355.000            1.485e+00           1.485e+00              79.558           4.591e-07             103.232           3.162e+02     
 150.000         355.000            1.168e+00           1.168e+00             103.304           5.871e-07             132.062           3.162e+02     
 155.000         355.000            8.728e-01           8.728e-01             128.719           6.740e-07             157.132           3.162e+02     
 160.000         355.000            5.988e-01           5.988e-01             154.341           6.387e-07             180.715           3.162e+02     
 165.000         355.000            3.427e-01           3.427e-01             179.869           4.931e-07             206.019           3.162e+02     
 170.000         355.000            1.429e-01           1.429e-01             206.591           3.339e-07             237.132           3.162e+02     
 175.000         355.000            3.199e-02           3.199e-02             236.037           2.517e-07             275.116           3.162e+02     
 180.000         355.000            1.400e-05           1.375e-05             121.619           2.512e-07             312.464           4.002e+01     
