Theta [deg.]  Phi   [deg.]  Abs(Grlz)[      ]   Abs(Theta)[      ]  Phase(Theta)[deg.]  Abs(Phi  )[      ]  Phase(Phi  )[deg.]  Ax.Ratio[      ]    
------------------------------------------------------------------------------------------------------------------------------------------------------
   0.000           0.000            1.401e-05           1.397e-05             121.744           4.113e-08             331.465           3.725e+01     
   5.000           0.000            3.155e-02           3.155e-02             234.907           3.959e-08             292.996           3.162e+02     
  10.000           0.000            1.390e-01           1.390e-01             204.274           6.371e-08             254.131           3.162e+02     
  15.000           0.000            3.290e-01           3.290e-01             176.287           1.147e-07             226.838           3.162e+02     
  20.000           0.000            5.686e-01           5.686e-01             149.346           1.667e-07             206.570           3.162e+02     
  25.000           0.000            8.271e-01           8.271e-01             122.169           1.826e-07             189.185           3.162e+02     
  30.000           0.000            1.121e+00           1.121e+00              95.296           1.510e-07             172.633           3.162e+02     
  35.000           0.000            1.458e+00           1.458e+00              70.504           8.758e-08             156.757           3.162e+02     
  40.000           0.000            1.756e+00           1.756e+00              48.811           2.811e-08             141.628           3.162e+02     
  45.000           0.000            1.867e+00           1.867e+00              29.735           5.169e-10             142.112           3.162e+02     
  50.000           0.000            1.707e+00           1.707e+00              11.879           1.430e-08             286.667           3.162e+02     
  55.000           0.000            1.344e+00           1.344e+00             353.313           5.676e-08             275.046           3.162e+02     
  60.000           0.000            9.527e-01           9.527e-01             331.551           1.027e-07             263.189           3.162e+02     
  65.000           0.000            7.010e-01           7.010e-01             304.612           1.277e-07             252.802           3.162e+02     
  70.000           0.000            6.618e-01           6.618e-01             275.560           1.219e-07             243.780           3.162e+02     
  75.000           0.000            8.005e-01           8.005e-01             252.209           9.025e-08             236.423           3.162e+02     
  80.000           0.000            1.017e+00           1.017e+00             237.405           4.805e-08             230.967           3.162e+02     
  85.000           0.000            1.201e+00           1.201e+00             229.563           1.332e-08             227.591           3.162e+02     
  90.000           0.000            1.271e+00           1.271e+00             227.122           1.334e-14             301.662           3.162e+02     
  95.000           0.000            1.201e+00           1.201e+00             229.563           1.330e-08              47.584           3.162e+02     
 100.000           0.000            1.017e+00           1.017e+00             237.405           4.801e-08              50.962           3.162e+02     
 105.000           0.000            8.005e-01           8.005e-01             252.209           9.020e-08              56.418           3.162e+02     
 110.000           0.000            6.618e-01           6.618e-01             275.560           1.218e-07              63.775           3.162e+02     
 115.000           0.000            7.010e-01           7.010e-01             304.612           1.276e-07              72.796           3.162e+02     
 120.000           0.000            9.527e-01           9.527e-01             331.551           1.026e-07              83.181           3.162e+02     
 125.000           0.000            1.344e+00           1.344e+00             353.313           5.671e-08              95.033           3.162e+02     
 130.000           0.000            1.707e+00           1.707e+00              11.879           1.428e-08             106.639           3.162e+02     
 135.000           0.000            1.867e+00           1.867e+00              29.735           5.214e-10             322.167           3.162e+02     
 140.000           0.000            1.756e+00           1.756e+00              48.811           2.814e-08             321.643           3.162e+02     
 145.000           0.000            1.458e+00           1.458e+00              70.504           8.762e-08             336.764           3.162e+02     
 150.000           0.000            1.121e+00           1.121e+00              95.296           1.510e-07             352.639           3.162e+02     
 155.000           0.000            8.271e-01           8.271e-01             122.169           1.826e-07               9.191           3.162e+02     
 160.000           0.000            5.686e-01           5.686e-01             149.346           1.667e-07              26.577           3.162e+02     
 165.000           0.000            3.290e-01           3.290e-01             176.287           1.147e-07              46.847           3.162e+02     
 170.000           0.000            1.390e-01           1.390e-01             204.274           6.372e-08              74.142           3.162e+02     
 175.000           0.000            3.155e-02           3.155e-02             234.907           3.961e-08             113.002           3.162e+02     
 180.000           0.000            1.400e-05           1.396e-05             121.744           4.115e-08             151.463           3.724e+01     
   0.000           5.000            1.401e-05           1.375e-05             121.608           2.612e-07             313.046           3.725e+01     
   5.000           5.000            3.199e-02           3.199e-02             236.037           2.516e-07             275.121           3.162e+02     
  10.000           5.000            1.429e-01           1.429e-01             206.591           3.338e-07             237.134           3.162e+02     
  15.000           5.000            3.427e-01           3.427e-01             179.869           4.931e-07             206.019           3.162e+02     
  20.000           5.000            5.988e-01           5.988e-01             154.341           6.386e-07             180.715           3.162e+02     
  25.000           5.000            8.728e-01           8.728e-01             128.719           6.740e-07             157.132           3.162e+02     
  30.000           5.000            1.168e+00           1.168e+00             103.304           5.871e-07             132.062           3.162e+02     
  35.000           5.000            1.485e+00           1.485e+00              79.558           4.591e-07             103.231           3.162e+02     
  40.000           5.000            1.749e+00           1.749e+00              58.444           3.721e-07              70.650           3.162e+02     
  45.000           5.000            1.830e+00           1.830e+00              39.607           3.406e-07              38.403           3.162e+02     
  50.000           5.000            1.659e+00           1.659e+00              21.745           3.321e-07              10.298           3.162e+02     
  55.000           5.000            1.308e+00           1.308e+00               2.950           3.065e-07             347.017           3.162e+02     
  60.000           5.000            9.441e-01           9.441e-01             340.812           2.517e-07             327.393           3.162e+02     
  65.000           5.000            7.245e-01           7.245e-01             313.843           1.832e-07             310.176           3.162e+02     
  70.000           5.000            7.135e-01           7.135e-01             285.758           1.170e-07             295.021           3.162e+02     
  75.000           5.000            8.726e-01           8.726e-01             263.689           6.434e-08             282.045           3.162e+02     
  80.000           5.000            1.101e+00           1.101e+00             249.704           2.795e-08             271.853           3.162e+02     
  85.000           5.000            1.292e+00           1.292e+00             242.250           6.875e-09             265.157           3.162e+02     
  90.000           5.000            1.364e+00           1.364e+00             239.920           5.002e-13             318.235           3.162e+02     
  95.000           5.000            1.292e+00           1.292e+00             242.250           6.860e-09              85.157           3.162e+02     
 100.000           5.000            1.101e+00           1.101e+00             249.704           2.792e-08              91.854           3.162e+02     
 105.000           5.000            8.726e-01           8.726e-01             263.689           6.429e-08             102.046           3.162e+02     
 110.000           5.000            7.135e-01           7.135e-01             285.758           1.170e-07             115.023           3.162e+02     
 115.000           5.000            7.245e-01           7.245e-01             313.843           1.831e-07             130.178           3.162e+02     
 120.000           5.000            9.441e-01           9.441e-01             340.812           2.516e-07             147.396           3.162e+02     
 125.000           5.000            1.308e+00           1.308e+00               2.950           3.064e-07             167.020           3.162e+02     
 130.000           5.000            1.659e+00           1.659e+00              21.745           3.320e-07             190.303           3.162e+02     
 135.000           5.000            1.830e+00           1.830e+00              39.607           3.405e-07             218.410           3.162e+02     
 140.000           5.000            1.749e+00           1.749e+00              58.444           3.720e-07             250.657           3.162e+02     
 145.000           5.000            1.485e+00           1.485e+00              79.558           4.590e-07             283.238           3.162e+02     
 150.000           5.000            1.168e+00           1.168e+00             103.304           5.870e-07             312.066           3.162e+02     
 155.000           5.000            8.728e-01           8.728e-01             128.719           6.739e-07             337.135           3.162e+02     
 160.000           5.000            5.988e-01           5.988e-01             154.341           6.386e-07               0.718           3.162e+02     
 165.000           5.000            3.427e-01           3.427e-01             179.869           4.930e-07              26.024           3.162e+02     
 170.000           5.000            1.429e-01           1.429e-01             206.591           3.338e-07              57.139           3.162e+02     
 175.000           5.000            3.199e-02           3.199e-02             236.037           2.517e-07              95.126           3.162e+02     
 180.000           5.000            1.400e-05           1.374e-05             121.609           2.612e-07             133.048           3.724e+01     
   0.000          10.000            1.401e-05           1.332e-05             121.470           6.861e-07             308.610           3.725e+01     
   5.000          10.000            3.241e-02           3.241e-02             237.388           6.797e-07             272.380           3.162e+02     
  10.000          10.000            1.462e-01           1.462e-01             209.246           8.456e-07             235.448           3.162e+02     
  15.000          10.000            3.543e-01           3.543e-01             183.828           1.208e-06             203.196           3.162e+02     
  20.000          10.000            6.249e-01           6.249e-01             159.697           1.562e-06             176.589           3.162e+02     
  25.000          10.000            9.131e-01           9.131e-01             135.609           1.719e-06             151.917           3.162e+02     
  30.000          10.000            1.209e+00           1.209e+00             111.706           1.641e-06             126.427           3.162e+02     
  35.000          10.000            1.506e+00           1.506e+00              89.187           1.486e-06              99.256           3.162e+02     
  40.000          10.000            1.732e+00           1.732e+00              68.917           1.382e-06              71.884           3.162e+02     
  45.000          10.000            1.775e+00           1.775e+00              50.626           1.312e-06              47.350           3.162e+02     
  50.000          10.000            1.586e+00           1.586e+00              33.122           1.194e-06              26.700           3.162e+02     
  55.000          10.000            1.242e+00           1.242e+00              14.578           9.770e-07               9.919           3.162e+02     
  60.000          10.000            8.981e-01           8.981e-01             352.706           6.988e-07             356.150           3.162e+02     
  65.000          10.000            6.954e-01           6.954e-01             326.276           4.319e-07             344.878           3.162e+02     
  70.000          10.000            6.852e-01           6.852e-01             299.042           2.296e-07             335.370           3.162e+02     
  75.000          10.000            8.280e-01           8.280e-01             277.668           1.031e-07             327.611           3.162e+02     
  80.000          10.000            1.032e+00           1.032e+00             264.051           3.665e-08             321.626           3.162e+02     
  85.000          10.000            1.200e+00           1.200e+00             256.760           7.685e-09             317.645           3.162e+02     
  90.000          10.000            1.264e+00           1.264e+00             254.478           1.621e-12             332.598           3.162e+02     
  95.000          10.000            1.200e+00           1.200e+00             256.760           7.670e-09             137.677           3.162e+02     
 100.000          10.000            1.032e+00           1.032e+00             264.051           3.662e-08             141.641           3.162e+02     
 105.000          10.000            8.280e-01           8.280e-01             277.668           1.030e-07             147.619           3.162e+02     
 110.000          10.000            6.852e-01           6.852e-01             299.042           2.295e-07             155.375           3.162e+02     
 115.000          10.000            6.954e-01           6.954e-01             326.276           4.317e-07             164.882           3.162e+02     
 120.000          10.000            8.981e-01           8.981e-01             352.706           6.986e-07             176.152           3.162e+02     
 125.000          10.000            1.242e+00           1.242e+00              14.578           9.768e-07             189.921           3.162e+02     
 130.000          10.000            1.586e+00           1.586e+00              33.122           1.194e-06             206.703           3.162e+02     
 135.000          10.000            1.775e+00           1.775e+00              50.626           1.312e-06             227.353           3.162e+02     
 140.000          10.000            1.732e+00           1.732e+00              68.917           1.382e-06             251.887           3.162e+02     
 145.000          10.000            1.506e+00           1.506e+00              89.187           1.486e-06             279.258           3.162e+02     
 150.000          10.000            1.209e+00           1.209e+00             111.706           1.641e-06             306.429           3.162e+02     
 155.000          10.000            9.131e-01           9.131e-01             135.609           1.719e-06             331.918           3.162e+02     
 160.000          10.000            6.249e-01           6.249e-01             159.697           1.561e-06             356.591           3.162e+02     
 165.000          10.000            3.543e-01           3.543e-01             183.828           1.208e-06              23.198           3.162e+02     
 170.000          10.000            1.462e-01           1.462e-01             209.246           8.456e-07              55.451           3.162e+02     
 175.000          10.000            3.241e-02           3.241e-02             237.388           6.797e-07              92.383           3.162e+02     
 180.000          10.000            1.400e-05           1.332e-05             121.470           6.861e-07             128.611           3.724e+01     
   0.000          15.000            1.401e-05           1.270e-05             121.325           1.303e-06             306.625           3.725e+01     
   5.000          15.000            3.279e-02           3.279e-02             238.950           1.308e-06             272.150           2.891e+02     
  10.000          15.000            1.489e-01           1.489e-01             212.228           1.579e-06             236.505           3.162e+02     
  15.000          15.000            3.630e-01           3.630e-01             188.144           2.196e-06             204.515           3.162e+02     
  20.000          15.000            6.440e-01           6.440e-01             165.385           2.837e-06             177.857           3.162e+02     
  25.000          15.000            9.413e-01           9.413e-01             142.770           3.200e-06             153.402           3.162e+02     
  30.000          15.000            1.234e+00           1.234e+00             120.343           3.191e-06             128.773           3.162e+02     
  35.000          15.000            1.507e+00           1.507e+00              99.112           3.038e-06             103.594           3.162e+02     
  40.000          15.000            1.694e+00           1.694e+00              79.863           2.901e-06              79.242           3.162e+02     
  45.000          15.000            1.702e+00           1.702e+00              62.407           2.791e-06              57.186           3.162e+02     
  50.000          15.000            1.498e+00           1.498e+00              45.687           2.464e-06              39.772           3.162e+02     
  55.000          15.000            1.160e+00           1.160e+00              28.031           1.952e-06              25.730           3.162e+02     
  60.000          15.000            8.305e-01           8.305e-01               7.337           1.359e-06              14.579           3.162e+02     
  65.000          15.000            6.269e-01           6.269e-01             342.356           8.265e-07               6.008           3.162e+02     
  70.000          15.000            5.890e-01           5.890e-01             316.168           4.361e-07             359.299           3.162e+02     
  75.000          15.000            6.806e-01           6.806e-01             295.034           1.963e-07             354.492           3.162e+02     
  80.000          15.000            8.261e-01           8.261e-01             281.322           7.045e-08             351.364           3.162e+02     
  85.000          15.000            9.488e-01           9.488e-01             273.933           1.491e-08             349.668           3.162e+02     
  90.000          15.000            9.959e-01           9.959e-01             271.616           3.136e-12             346.587           3.162e+02     
  95.000          15.000            9.488e-01           9.488e-01             273.933           1.489e-08             169.698           3.162e+02     
 100.000          15.000            8.261e-01           8.261e-01             281.322           7.041e-08             171.377           3.162e+02     
 105.000          15.000            6.806e-01           6.806e-01             295.034           1.963e-07             174.499           3.162e+02     
 110.000          15.000            5.890e-01           5.890e-01             316.168           4.360e-07             179.303           3.162e+02     
 115.000          15.000            6.269e-01           6.269e-01             342.356           8.263e-07             186.011           3.162e+02     
 120.000          15.000            8.305e-01           8.305e-01               7.337           1.359e-06             194.581           3.162e+02     
 125.000          15.000            1.160e+00           1.160e+00              28.031           1.952e-06             205.731           3.162e+02     
 130.000          15.000            1.498e+00           1.498e+00              45.687           2.463e-06             219.773           3.162e+02     
 135.000          15.000            1.702e+00           1.702e+00              62.407           2.790e-06             237.187           3.162e+02     
 140.000          15.000            1.694e+00           1.694e+00              79.863           2.901e-06             259.243           3.162e+02     
 145.000          15.000            1.507e+00           1.507e+00              99.112           3.037e-06             283.595           3.162e+02     
 150.000          15.000            1.234e+00           1.234e+00             120.343           3.190e-06             308.774           3.162e+02     
 155.000          15.000            9.413e-01           9.413e-01             142.770           3.200e-06             333.403           3.162e+02     
 160.000          15.000            6.440e-01           6.440e-01             165.385           2.837e-06             357.857           3.162e+02     
 165.000          15.000            3.630e-01           3.630e-01             188.144           2.195e-06              24.516           3.162e+02     
 170.000          15.000            1.489e-01           1.489e-01             212.228           1.579e-06              56.507           3.162e+02     
 175.000          15.000            3.279e-02           3.279e-02             238.950           1.308e-06              92.152           2.891e+02     
 180.000          15.000            1.400e-05           1.270e-05             121.326           1.303e-06             126.626           3.724e+01     
   0.000          20.000            1.401e-05           1.191e-05             121.173           2.093e-06             305.488           3.725e+01     
   5.000          20.000            3.313e-02           3.313e-02             240.713           2.120e-06             272.942           2.344e+02     
  10.000          20.000            1.508e-01           1.508e-01             215.521           2.496e-06             238.963           3.162e+02     
  15.000          20.000            3.683e-01           3.683e-01             192.807           3.376e-06             207.828           3.162e+02     
  20.000          20.000            6.537e-01           6.537e-01             171.399           4.329e-06             181.662           3.162e+02     
  25.000          20.000            9.513e-01           9.513e-01             150.187           4.932e-06             157.908           3.162e+02     
  30.000          20.000            1.231e+00           1.231e+00             129.149           5.023e-06             134.476           3.162e+02     
  35.000          20.000            1.473e+00           1.473e+00             109.159           4.903e-06             110.277           3.162e+02     
  40.000          20.000            1.621e+00           1.621e+00              90.975           4.723e-06              88.049           3.162e+02     
  45.000          20.000            1.599e+00           1.599e+00              74.508           4.425e-06              68.810           3.162e+02     
  50.000          20.000            1.392e+00           1.392e+00              58.865           3.856e-06              53.202           3.162e+02     
  55.000          20.000            1.072e+00           1.072e+00              42.597           3.020e-06              40.740           3.162e+02     
  60.000          20.000            7.616e-01           7.616e-01              23.887           2.089e-06              31.029           3.162e+02     
  65.000          20.000            5.546e-01           5.546e-01               1.466           1.269e-06              23.575           3.162e+02     
  70.000          20.000            4.809e-01           4.809e-01             337.268           6.759e-07              18.220           3.162e+02     
  75.000          20.000            5.114e-01           5.114e-01             316.624           3.088e-07              14.363           3.162e+02     
  80.000          20.000            5.900e-01           5.900e-01             302.658           1.129e-07              11.977           3.162e+02     
  85.000          20.000            6.617e-01           6.617e-01             294.997           2.431e-08              10.790           3.162e+02     
  90.000          20.000            6.899e-01           6.899e-01             292.583           4.528e-12               0.616           3.162e+02     
  95.000          20.000            6.617e-01           6.617e-01             294.997           2.429e-08             190.810           3.162e+02     
 100.000          20.000            5.900e-01           5.900e-01             302.658           1.129e-07             191.986           3.162e+02     
 105.000          20.000            5.114e-01           5.114e-01             316.624           3.087e-07             194.367           3.162e+02     
 110.000          20.000            4.809e-01           4.809e-01             337.268           6.757e-07             198.222           3.162e+02     
 115.000          20.000            5.546e-01           5.546e-01               1.466           1.268e-06             203.576           3.162e+02     
 120.000          20.000            7.616e-01           7.616e-01              23.887           2.089e-06             211.030           3.162e+02     
 125.000          20.000            1.072e+00           1.072e+00              42.597           3.020e-06             220.741           3.162e+02     
 130.000          20.000            1.392e+00           1.392e+00              58.865           3.855e-06             233.202           3.162e+02     
 135.000          20.000            1.599e+00           1.599e+00              74.508           4.424e-06             248.810           3.162e+02     
 140.000          20.000            1.621e+00           1.621e+00              90.975           4.723e-06             268.050           3.162e+02     
 145.000          20.000            1.473e+00           1.473e+00             109.159           4.902e-06             290.277           3.162e+02     
 150.000          20.000            1.231e+00           1.231e+00             129.149           5.023e-06             314.476           3.162e+02     
 155.000          20.000            9.513e-01           9.513e-01             150.187           4.931e-06             337.909           3.162e+02     
 160.000          20.000            6.537e-01           6.537e-01             171.399           4.328e-06               1.662           3.162e+02     
 165.000          20.000            3.683e-01           3.683e-01             192.807           3.375e-06              27.828           3.162e+02     
 170.000          20.000            1.508e-01           1.508e-01             215.521           2.496e-06              58.964           3.162e+02     
 175.000          20.000            3.313e-02           3.313e-02             240.713           2.119e-06              92.944           2.344e+02     
 180.000          20.000            1.400e-05           1.191e-05             121.173           2.093e-06             125.489           3.724e+01     
   0.000          25.000            1.401e-05           1.097e-05             121.009           3.032e-06             304.744           3.725e+01     
   5.000          25.000            3.344e-02           3.343e-02             242.666           3.089e-06             274.327           1.982e+02     
  10.000          25.000            1.519e-01           1.519e-01             219.116           3.556e-06             242.341           3.162e+02     
  15.000          25.000            3.696e-01           3.696e-01             197.816           4.655e-06             212.478           3.162e+02     
  20.000          25.000            6.523e-01           6.523e-01             177.755           5.879e-06             187.150           3.162e+02     
  25.000          25.000            9.385e-01           9.385e-01             157.890           6.668e-06             163.713           3.162e+02     
  30.000          25.000            1.191e+00           1.191e+00             138.138           6.844e-06             141.410           3.162e+02     
  35.000          25.000            1.391e+00           1.391e+00             119.275           6.696e-06             119.493           3.162e+02     
  40.000          25.000            1.495e+00           1.495e+00             102.068           6.441e-06              98.827           3.162e+02     
  45.000          25.000            1.451e+00           1.451e+00              86.557           5.995e-06              81.123           3.162e+02     
  50.000          25.000            1.254e+00           1.254e+00              72.025           5.185e-06              66.934           3.162e+02     
  55.000          25.000            9.695e-01           9.695e-01              57.251           4.049e-06              55.661           3.162e+02     
  60.000          25.000            6.934e-01           6.934e-01              40.757           2.850e-06              46.480           3.162e+02     
  65.000          25.000            4.983e-01           4.983e-01              21.462           1.746e-06              39.876           3.162e+02     
  70.000          25.000            4.050e-01           4.050e-01               0.417           9.408e-07              34.913           3.162e+02     
  75.000          25.000            3.924e-01           3.924e-01             341.488           4.381e-07              31.523           3.162e+02     
  80.000          25.000            4.214e-01           4.214e-01             327.920           1.631e-07              29.170           3.162e+02     
  85.000          25.000            4.550e-01           4.550e-01             320.217           3.564e-08              27.913           3.162e+02     
  90.000          25.000            4.690e-01           4.690e-01             317.756           5.149e-12              16.087           3.162e+02     
  95.000          25.000            4.550e-01           4.550e-01             320.217           3.561e-08             207.924           3.162e+02     
 100.000          25.000            4.214e-01           4.214e-01             327.920           1.630e-07             209.174           3.162e+02     
 105.000          25.000            3.924e-01           3.924e-01             341.488           4.379e-07             211.525           3.162e+02     
 110.000          25.000            4.050e-01           4.050e-01               0.417           9.406e-07             214.914           3.162e+02     
 115.000          25.000            4.983e-01           4.983e-01              21.462           1.746e-06             219.877           3.162e+02     
 120.000          25.000            6.934e-01           6.934e-01              40.757           2.849e-06             226.480           3.162e+02     
 125.000          25.000            9.695e-01           9.695e-01              57.251           4.049e-06             235.661           3.162e+02     
 130.000          25.000            1.254e+00           1.254e+00              72.025           5.184e-06             246.933           3.162e+02     
 135.000          25.000            1.451e+00           1.451e+00              86.557           5.995e-06             261.123           3.162e+02     
 140.000          25.000            1.495e+00           1.495e+00             102.068           6.441e-06             278.826           3.162e+02     
 145.000          25.000            1.391e+00           1.391e+00             119.275           6.695e-06             299.493           3.162e+02     
 150.000          25.000            1.191e+00           1.191e+00             138.138           6.844e-06             321.410           3.162e+02     
 155.000          25.000            9.385e-01           9.385e-01             157.890           6.668e-06             343.713           3.162e+02     
 160.000          25.000            6.523e-01           6.523e-01             177.755           5.878e-06               7.149           3.162e+02     
 165.000          25.000            3.696e-01           3.696e-01             197.816           4.654e-06              32.478           3.162e+02     
 170.000          25.000            1.519e-01           1.519e-01             219.116           3.555e-06              62.342           3.162e+02     
 175.000          25.000            3.344e-02           3.343e-02             242.666           3.088e-06              94.328           1.982e+02     
 180.000          25.000            1.400e-05           1.097e-05             121.009           3.032e-06             124.744           3.724e+01     
   0.000          30.000            1.401e-05           9.914e-06             120.829           4.092e-06             304.211           3.725e+01     
   5.000          30.000            3.370e-02           3.370e-02             244.797           4.186e-06             276.126           1.726e+02     
  10.000          30.000            1.522e-01           1.522e-01             223.000           4.711e-06             246.427           3.162e+02     
  15.000          30.000            3.669e-01           3.669e-01             203.174           5.942e-06             218.195           3.162e+02     
  20.000          30.000            6.394e-01           6.394e-01             184.478           7.336e-06             193.991           3.162e+02     
  25.000          30.000            9.017e-01           9.017e-01             165.939           8.196e-06             171.718           3.162e+02     
  30.000          30.000            1.112e+00           1.112e+00             147.396           8.367e-06             150.578           3.162e+02     
  35.000          30.000            1.256e+00           1.256e+00             129.523           8.120e-06             129.882           3.162e+02     
  40.000          30.000            1.311e+00           1.311e+00             113.122           7.737e-06             110.724           3.162e+02     
  45.000          30.000            1.248e+00           1.248e+00              98.385           7.198e-06              93.665           3.162e+02     
  50.000          30.000            1.071e+00           1.071e+00              84.763           6.219e-06              80.518           3.162e+02     
  55.000          30.000            8.332e-01           8.332e-01              71.225           4.885e-06              70.266           3.162e+02     
  60.000          30.000            6.071e-01           6.071e-01              56.552           3.442e-06              62.239           3.162e+02     
  65.000          30.000            4.433e-01           4.433e-01              39.929           2.156e-06              56.071           3.162e+02     
  70.000          30.000            3.552e-01           3.552e-01              22.089           1.193e-06              51.365           3.162e+02     
  75.000          30.000            3.275e-01           3.275e-01               5.761           5.703e-07              47.868           3.162e+02     
  80.000          30.000            3.333e-01           3.333e-01             353.611           2.178e-07              45.436           3.162e+02     
  85.000          30.000            3.477e-01           3.477e-01             346.492           4.851e-08              44.202           3.162e+02     
  90.000          30.000            3.544e-01           3.544e-01             344.183           4.689e-12              35.734           3.162e+02     
  95.000          30.000            3.477e-01           3.477e-01             346.492           4.848e-08             224.206           3.162e+02     
 100.000          30.000            3.333e-01           3.333e-01             353.611           2.177e-07             225.438           3.162e+02     
 105.000          30.000            3.275e-01           3.275e-01               5.762           5.702e-07             227.869           3.162e+02     
 110.000          30.000            3.552e-01           3.552e-01              22.089           1.193e-06             231.365           3.162e+02     
 115.000          30.000            4.433e-01           4.433e-01              39.929           2.156e-06             236.070           3.162e+02     
 120.000          30.000            6.071e-01           6.071e-01              56.552           3.441e-06             242.239           3.162e+02     
 125.000          30.000            8.332e-01           8.332e-01              71.225           4.885e-06             250.265           3.162e+02     
 130.000          30.000            1.071e+00           1.071e+00              84.763           6.218e-06             260.517           3.162e+02     
 135.000          30.000            1.248e+00           1.248e+00              98.385           7.197e-06             273.664           3.162e+02     
 140.000          30.000            1.311e+00           1.311e+00             113.122           7.736e-06             290.723           3.162e+02     
 145.000          30.000            1.256e+00           1.256e+00             129.523           8.119e-06             309.881           3.162e+02     
 150.000          30.000            1.112e+00           1.112e+00             147.396           8.366e-06             330.577           3.162e+02     
 155.000          30.000            9.017e-01           9.017e-01             165.939           8.195e-06             351.717           3.162e+02     
 160.000          30.000            6.394e-01           6.394e-01             184.478           7.335e-06              13.991           3.162e+02     
 165.000          30.000            3.669e-01           3.669e-01             203.174           5.941e-06              38.194           3.162e+02     
 170.000          30.000            1.522e-01           1.522e-01             223.000           4.710e-06              66.427           3.162e+02     
 175.000          30.000            3.370e-02           3.370e-02             244.797           4.185e-06              96.126           1.726e+02     
 180.000          30.000            1.400e-05           9.913e-06             120.829           4.092e-06             124.212           3.724e+01     
   0.000          35.000            1.401e-05           8.766e-06             120.628           5.240e-06             303.806           3.725e+01     
   5.000          35.000            3.392e-02           3.392e-02             247.093           5.377e-06             278.242           1.536e+02     
  10.000          35.000            1.518e-01           1.517e-01             227.167           5.915e-06             251.097           3.162e+02     
  15.000          35.000            3.604e-01           3.604e-01             208.886           7.162e-06             224.833           3.162e+02     
  20.000          35.000            6.155e-01           6.155e-01             191.600           8.500e-06             201.534           3.162e+02     
  25.000          35.000            8.431e-01           8.431e-01             174.412           9.353e-06             180.996           3.162e+02     
  30.000          35.000            9.991e-01           9.990e-01             157.053           9.383e-06             161.162           3.162e+02     
  35.000          35.000            1.078e+00           1.078e+00             140.068           8.925e-06             141.852           3.162e+02     
  40.000          35.000            1.081e+00           1.081e+00             124.287           8.335e-06             123.460           3.162e+02     
  45.000          35.000            9.987e-01           9.987e-01             110.084           7.593e-06             107.869           3.162e+02     
  50.000          35.000            8.449e-01           8.448e-01              97.101           6.538e-06              95.236           3.162e+02     
  55.000          35.000            6.588e-01           6.588e-01              84.446           5.171e-06              85.355           3.162e+02     
  60.000          35.000            4.888e-01           4.888e-01              71.062           3.695e-06              77.758           3.162e+02     
  65.000          35.000            3.665e-01           3.665e-01              56.303           2.398e-06              71.186           3.162e+02     
  70.000          35.000            2.988e-01           2.988e-01              40.823           1.367e-06              66.657           3.162e+02     
  75.000          35.000            2.744e-01           2.744e-01              26.756           6.757e-07              63.090           3.162e+02     
  80.000          35.000            2.748e-01           2.748e-01              16.190           2.665e-07              60.441           3.162e+02     
  85.000          35.000            2.828e-01           2.828e-01               9.916           6.092e-08              58.762           3.162e+02     
  90.000          35.000            2.868e-01           2.868e-01               7.864           3.656e-12              64.211           3.162e+02     
  95.000          35.000            2.828e-01           2.828e-01               9.916           6.089e-08             238.762           3.162e+02     
 100.000          35.000            2.748e-01           2.748e-01              16.190           2.664e-07             240.441           3.162e+02     
 105.000          35.000            2.744e-01           2.744e-01              26.756           6.756e-07             243.090           3.162e+02     
 110.000          35.000            2.988e-01           2.988e-01              40.823           1.367e-06             246.656           3.162e+02     
 115.000          35.000            3.665e-01           3.665e-01              56.303           2.397e-06             251.185           3.162e+02     
 120.000          35.000            4.888e-01           4.888e-01              71.062           3.694e-06             257.757           3.162e+02     
 125.000          35.000            6.588e-01           6.588e-01              84.446           5.170e-06             265.354           3.162e+02     
 130.000          35.000            8.449e-01           8.448e-01              97.101           6.537e-06             275.235           3.162e+02     
 135.000          35.000            9.987e-01           9.987e-01             110.084           7.592e-06             287.868           3.162e+02     
 140.000          35.000            1.081e+00           1.081e+00             124.287           8.334e-06             303.459           3.162e+02     
 145.000          35.000            1.078e+00           1.078e+00             140.068           8.924e-06             321.851           3.162e+02     
 150.000          35.000            9.991e-01           9.990e-01             157.053           9.382e-06             341.161           3.162e+02     
 155.000          35.000            8.431e-01           8.431e-01             174.412           9.352e-06               0.995           3.162e+02     
 160.000          35.000            6.155e-01           6.155e-01             191.600           8.499e-06              21.533           3.162e+02     
 165.000          35.000            3.604e-01           3.604e-01             208.886           7.161e-06              44.833           3.162e+02     
 170.000          35.000            1.518e-01           1.517e-01             227.167           5.914e-06              71.097           3.162e+02     
 175.000          35.000            3.392e-02           3.392e-02             247.093           5.376e-06              98.242           1.536e+02     
 180.000          35.000            1.400e-05           8.765e-06             120.628           5.240e-06             123.806           3.724e+01     
   0.000          40.000            1.401e-05           7.564e-06             120.397           6.442e-06             303.483           3.725e+01     
   5.000          40.000            3.411e-02           3.410e-02             249.541           6.625e-06             280.612           1.390e+02     
  10.000          40.000            1.506e-01           1.506e-01             231.604           7.127e-06             256.261           3.162e+02     
  15.000          40.000            3.504e-01           3.504e-01             214.960           8.263e-06             232.293           3.162e+02     
  20.000          40.000            5.826e-01           5.826e-01             199.160           9.411e-06             210.625           3.162e+02     
  25.000          40.000            7.679e-01           7.679e-01             183.395           1.000e-05             191.414           3.162e+02     
  30.000          40.000            8.633e-01           8.633e-01             167.281           9.800e-06             173.223           3.162e+02     
  35.000          40.000            8.763e-01           8.763e-01             151.171           9.005e-06             155.025           3.162e+02     
  40.000          40.000            8.285e-01           8.285e-01             135.890           8.085e-06             138.178           3.162e+02     
  45.000          40.000            7.329e-01           7.329e-01             122.043           7.110e-06             123.320           3.162e+02     
  50.000          40.000            6.044e-01           6.044e-01             109.552           5.995e-06             111.049           3.162e+02     
  55.000          40.000            4.681e-01           4.681e-01              97.729           4.727e-06             100.990           3.162e+02     
  60.000          40.000            3.506e-01           3.506e-01              85.642           3.398e-06              93.647           3.162e+02     
  65.000          40.000            2.676e-01           2.676e-01              72.707           2.203e-06              87.769           3.162e+02     
  70.000          40.000            2.210e-01           2.210e-01              59.399           1.283e-06              82.943           3.162e+02     
  75.000          40.000            2.027e-01           2.027e-01              47.342           6.494e-07              78.998           3.162e+02     
  80.000          40.000            2.010e-01           2.010e-01              38.195           2.620e-07              75.936           3.162e+02     
  85.000          40.000            2.051e-01           2.051e-01              32.694           6.097e-08              73.873           3.162e+02     
  90.000          40.000            2.074e-01           2.074e-01              30.881           3.241e-12             104.520           3.162e+02     
  95.000          40.000            2.051e-01           2.051e-01              32.694           6.094e-08             253.874           3.162e+02     
 100.000          40.000            2.010e-01           2.010e-01              38.195           2.620e-07             255.936           3.162e+02     
 105.000          40.000            2.027e-01           2.027e-01              47.342           6.493e-07             258.997           3.162e+02     
 110.000          40.000            2.210e-01           2.210e-01              59.399           1.283e-06             262.942           3.162e+02     
 115.000          40.000            2.676e-01           2.676e-01              72.707           2.202e-06             267.768           3.162e+02     
 120.000          40.000            3.506e-01           3.506e-01              85.642           3.397e-06             273.645           3.162e+02     
 125.000          40.000            4.681e-01           4.681e-01              97.729           4.726e-06             280.989           3.162e+02     
 130.000          40.000            6.044e-01           6.044e-01             109.552           5.994e-06             291.047           3.162e+02     
 135.000          40.000            7.329e-01           7.329e-01             122.043           7.109e-06             303.318           3.162e+02     
 140.000          40.000            8.285e-01           8.285e-01             135.890           8.084e-06             318.176           3.162e+02     
 145.000          40.000            8.763e-01           8.763e-01             151.171           9.004e-06             335.024           3.162e+02     
 150.000          40.000            8.633e-01           8.633e-01             167.281           9.799e-06             353.222           3.162e+02     
 155.000          40.000            7.679e-01           7.679e-01             183.395           1.000e-05              11.413           3.162e+02     
 160.000          40.000            5.826e-01           5.826e-01             199.160           9.410e-06              30.624           3.162e+02     
 165.000          40.000            3.504e-01           3.504e-01             214.960           8.262e-06              52.292           3.162e+02     
 170.000          40.000            1.506e-01           1.506e-01             231.604           7.126e-06              76.261           3.162e+02     
 175.000          40.000            3.411e-02           3.410e-02             249.541           6.624e-06             100.613           1.390e+02     
 180.000          40.000            1.400e-05           7.563e-06             120.397           6.442e-06             123.483           3.724e+01     
   0.000          45.000            1.401e-05           6.345e-06             120.126           7.661e-06             303.216           3.725e+01     
   5.000          45.000            3.427e-02           3.426e-02             252.127           7.892e-06             283.189           1.277e+02     
  10.000          45.000            1.488e-01           1.488e-01             236.301           8.308e-06             261.838           3.105e+02     
  15.000          45.000            3.378e-01           3.377e-01             221.399           9.148e-06             240.201           3.162e+02     
  20.000          45.000            5.431e-01           5.431e-01             207.189           1.001e-05             220.708           3.162e+02     
  25.000          45.000            6.833e-01           6.832e-01             192.976           1.027e-05             203.178           3.162e+02     
  30.000          45.000            7.197e-01           7.197e-01             178.274           9.638e-06             186.474           3.162e+02     
  35.000          45.000            6.743e-01           6.743e-01             163.188           8.476e-06             170.462           3.162e+02     
  40.000          45.000            5.884e-01           5.884e-01             148.461           7.163e-06             155.013           3.162e+02     
  45.000          45.000            4.884e-01           4.884e-01             134.998           5.910e-06             141.002           3.162e+02     
  50.000          45.000            3.877e-01           3.877e-01             123.243           4.727e-06             129.009           3.162e+02     
  55.000          45.000            2.967e-01           2.967e-01             112.968           3.579e-06             119.777           3.162e+02     
  60.000          45.000            2.241e-01           2.241e-01             103.538           2.502e-06             112.465           3.162e+02     
  65.000          45.000            1.734e-01           1.734e-01              94.369           1.593e-06             106.531           3.162e+02     
  70.000          45.000            1.428e-01           1.428e-01              85.396           9.123e-07             101.521           3.162e+02     
  75.000          45.000            1.274e-01           1.274e-01              77.240           4.561e-07              97.221           3.162e+02     
  80.000          45.000            1.216e-01           1.216e-01              70.818           1.829e-07              93.048           3.162e+02     
  85.000          45.000            1.204e-01           1.204e-01              66.782           4.248e-08              90.625           3.162e+02     
  90.000          45.000            1.204e-01           1.204e-01              65.416           4.208e-12             146.689           3.162e+02     
  95.000          45.000            1.204e-01           1.204e-01              66.782           4.246e-08             270.628           3.162e+02     
 100.000          45.000            1.216e-01           1.216e-01              70.818           1.829e-07             273.049           3.162e+02     
 105.000          45.000            1.274e-01           1.274e-01              77.240           4.560e-07             277.221           3.162e+02     
 110.000          45.000            1.428e-01           1.428e-01              85.396           9.122e-07             281.520           3.162e+02     
 115.000          45.000            1.734e-01           1.734e-01              94.369           1.593e-06             286.529           3.162e+02     
 120.000          45.000            2.241e-01           2.241e-01             103.539           2.502e-06             292.463           3.162e+02     
 125.000          45.000            2.967e-01           2.967e-01             112.968           3.579e-06             299.776           3.162e+02     
 130.000          45.000            3.877e-01           3.877e-01             123.243           4.726e-06             309.007           3.162e+02     
 135.000          45.000            4.884e-01           4.884e-01             134.998           5.910e-06             321.000           3.162e+02     
 140.000          45.000            5.884e-01           5.884e-01             148.461           7.162e-06             335.011           3.162e+02     
 145.000          45.000            6.743e-01           6.743e-01             163.188           8.475e-06             350.460           3.162e+02     
 150.000          45.000            7.197e-01           7.197e-01             178.274           9.636e-06               6.473           3.162e+02     
 155.000          45.000            6.833e-01           6.832e-01             192.976           1.026e-05              23.177           3.162e+02     
 160.000          45.000            5.431e-01           5.431e-01             207.189           1.001e-05              40.707           3.162e+02     
 165.000          45.000            3.378e-01           3.377e-01             221.399           9.147e-06              60.201           3.162e+02     
 170.000          45.000            1.488e-01           1.488e-01             236.301           8.307e-06              81.838           3.105e+02     
 175.000          45.000            3.427e-02           3.426e-02             252.127           7.891e-06             103.189           1.277e+02     
 180.000          45.000            1.400e-05           6.344e-06             120.126           7.661e-06             123.216           3.724e+01     
   0.000          50.000            1.401e-05           5.146e-06             119.798           8.860e-06             302.988           3.725e+01     
   5.000          50.000            3.440e-02           3.439e-02             254.835           9.139e-06             285.931           1.188e+02     
  10.000          50.000            1.466e-01           1.466e-01             241.245           9.430e-06             267.752           2.794e+02     
  15.000          50.000            3.232e-01           3.232e-01             228.206           9.822e-06             249.218           3.162e+02     
  20.000          50.000            5.001e-01           5.001e-01             215.712           1.034e-05             231.725           3.162e+02     
  25.000          50.000            5.965e-01           5.965e-01             203.232           1.016e-05             216.144           3.162e+02     
  30.000          50.000            5.825e-01           5.825e-01             190.235           9.103e-06             201.551           3.162e+02     
  35.000          50.000            4.942e-01           4.942e-01             176.572           7.576e-06             187.820           3.162e+02     
  40.000          50.000            3.873e-01           3.873e-01             162.804           5.918e-06             174.539           3.162e+02     
  45.000          50.000            2.943e-01           2.943e-01             150.211           4.445e-06             162.157           3.162e+02     
  50.000          50.000            2.232e-01           2.232e-01             140.190           3.230e-06             151.904           3.162e+02     
  55.000          50.000            1.725e-01           1.725e-01             133.516           2.211e-06             143.703           3.162e+02     
  60.000          50.000            1.399e-01           1.399e-01             129.988           1.413e-06             137.480           3.162e+02     
  65.000          50.000            1.221e-01           1.221e-01             128.575           8.227e-07             132.192           3.162e+02     
  70.000          50.000            1.154e-01           1.154e-01             127.984           4.306e-07             128.433           3.162e+02     
  75.000          50.000            1.155e-01           1.155e-01             127.406           1.964e-07             125.036           3.162e+02     
  80.000          50.000            1.186e-01           1.186e-01             126.703           7.226e-08             121.965           3.162e+02     
  85.000          50.000            1.218e-01           1.218e-01             126.106           1.572e-08             119.341           3.162e+02     
  90.000          50.000            1.230e-01           1.230e-01             125.873           5.846e-12             182.402           3.162e+02     
  95.000          50.000            1.218e-01           1.218e-01             126.106           1.572e-08             299.352           3.162e+02     
 100.000          50.000            1.186e-01           1.186e-01             126.703           7.226e-08             301.969           3.162e+02     
 105.000          50.000            1.155e-01           1.155e-01             127.406           1.964e-07             305.037           3.162e+02     
 110.000          50.000            1.154e-01           1.154e-01             127.984           4.306e-07             308.433           3.162e+02     
 115.000          50.000            1.221e-01           1.221e-01             128.575           8.226e-07             312.191           3.162e+02     
 120.000          50.000            1.399e-01           1.399e-01             129.988           1.413e-06             317.478           3.162e+02     
 125.000          50.000            1.725e-01           1.725e-01             133.516           2.211e-06             323.701           3.162e+02     
 130.000          50.000            2.232e-01           2.232e-01             140.190           3.230e-06             331.901           3.162e+02     
 135.000          50.000            2.943e-01           2.943e-01             150.211           4.444e-06             342.155           3.162e+02     
 140.000          50.000            3.873e-01           3.873e-01             162.804           5.917e-06             354.537           3.162e+02     
 145.000          50.000            4.942e-01           4.942e-01             176.572           7.575e-06               7.818           3.162e+02     
 150.000          50.000            5.825e-01           5.825e-01             190.235           9.102e-06              21.550           3.162e+02     
 155.000          50.000            5.965e-01           5.965e-01             203.232           1.015e-05              36.143           3.162e+02     
 160.000          50.000            5.001e-01           5.001e-01             215.712           1.034e-05              51.724           3.162e+02     
 165.000          50.000            3.232e-01           3.232e-01             228.206           9.821e-06              69.218           3.162e+02     
 170.000          50.000            1.466e-01           1.466e-01             241.245           9.428e-06              87.752           2.794e+02     
 175.000          50.000            3.440e-02           3.439e-02             254.835           9.138e-06             105.932           1.188e+02     
 180.000          50.000            1.400e-05           5.145e-06             119.798           8.859e-06             122.988           3.724e+01     
   0.000          55.000            1.401e-05           4.004e-06             119.385           1.000e-05             302.789           3.725e+01     
   5.000          55.000            3.451e-02           3.450e-02             257.648           1.033e-05             288.803           1.118e+02     
  10.000          55.000            1.442e-01           1.442e-01             246.416           1.047e-05             273.925           2.541e+02     
  15.000          55.000            3.077e-01           3.076e-01             235.378           1.049e-05             258.462           3.162e+02     
  20.000          55.000            4.564e-01           4.564e-01             224.744           1.046e-05             243.581           3.162e+02     
  25.000          55.000            5.141e-01           5.141e-01             214.216           9.790e-06             230.229           3.162e+02     
  30.000          55.000            4.623e-01           4.623e-01             203.346           8.397e-06             218.054           3.162e+02     
  35.000          55.000            3.498e-01           3.498e-01             191.852           6.568e-06             207.052           3.162e+02     
  40.000          55.000            2.391e-01           2.391e-01             180.118           4.726e-06             196.922           3.162e+02     
  45.000          55.000            1.618e-01           1.618e-01             169.841           3.207e-06             188.446           3.162e+02     
  50.000          55.000            1.192e-01           1.192e-01             163.812           2.047e-06             182.028           3.162e+02     
  55.000          55.000            1.045e-01           1.045e-01             163.613           1.226e-06             178.310           3.162e+02     
  60.000          55.000            1.141e-01           1.141e-01             167.167           6.833e-07             177.359           3.162e+02     
  65.000          55.000            1.457e-01           1.457e-01             170.684           3.473e-07             179.615           3.162e+02     
  70.000          55.000            1.941e-01           1.941e-01             172.485           1.643e-07             184.399           3.162e+02     
  75.000          55.000            2.497e-01           2.497e-01             172.886           6.937e-08             190.816           3.162e+02     
  80.000          55.000            3.010e-01           3.010e-01             172.634           2.427e-08             197.530           3.162e+02     
  85.000          55.000            3.369e-01           3.369e-01             172.284           5.065e-09             202.599           3.162e+02     
  90.000          55.000            3.498e-01           3.498e-01             172.137           6.825e-12             216.762           3.162e+02     
  95.000          55.000            3.369e-01           3.369e-01             172.284           5.069e-09              22.600           3.162e+02     
 100.000          55.000            3.010e-01           3.010e-01             172.634           2.428e-08              17.531           3.162e+02     
 105.000          55.000            2.497e-01           2.497e-01             172.886           6.937e-08              10.817           3.162e+02     
 110.000          55.000            1.941e-01           1.941e-01             172.485           1.643e-07               4.399           3.162e+02     
 115.000          55.000            1.457e-01           1.457e-01             170.684           3.473e-07             359.614           3.162e+02     
 120.000          55.000            1.141e-01           1.141e-01             167.167           6.832e-07             357.357           3.162e+02     
 125.000          55.000            1.045e-01           1.045e-01             163.613           1.226e-06             358.308           3.162e+02     
 130.000          55.000            1.192e-01           1.192e-01             163.812           2.047e-06               2.026           3.162e+02     
 135.000          55.000            1.618e-01           1.618e-01             169.841           3.207e-06               8.444           3.162e+02     
 140.000          55.000            2.391e-01           2.391e-01             180.118           4.726e-06              16.920           3.162e+02     
 145.000          55.000            3.498e-01           3.498e-01             191.852           6.567e-06              27.050           3.162e+02     
 150.000          55.000            4.623e-01           4.623e-01             203.346           8.396e-06              38.052           3.162e+02     
 155.000          55.000            5.141e-01           5.141e-01             214.216           9.789e-06              50.228           3.162e+02     
 160.000          55.000            4.564e-01           4.564e-01             224.744           1.045e-05              63.580           3.162e+02     
 165.000          55.000            3.077e-01           3.076e-01             235.378           1.049e-05              78.462           3.162e+02     
 170.000          55.000            1.442e-01           1.442e-01             246.416           1.046e-05              93.925           2.541e+02     
 175.000          55.000            3.451e-02           3.450e-02             257.648           1.033e-05             108.803           1.118e+02     
 180.000          55.000            1.400e-05           4.003e-06             119.384           1.000e-05             122.789           3.724e+01     
   0.000          60.000            1.401e-05           2.952e-06             118.839           1.105e-05             302.610           3.725e+01     
   5.000          60.000            3.461e-02           3.460e-02             260.547           1.142e-05             291.769           1.062e+02     
  10.000          60.000            1.416e-01           1.416e-01             251.793           1.139e-05             280.282           2.337e+02     
  15.000          60.000            2.920e-01           2.920e-01             242.902           1.103e-05             268.090           3.162e+02     
  20.000          60.000            4.145e-01           4.145e-01             234.288           1.031e-05             256.312           3.162e+02     
  25.000          60.000            4.405e-01           4.405e-01             225.949           9.257e-06             245.145           3.162e+02     
  30.000          60.000            3.648e-01           3.648e-01             217.718           7.613e-06             235.762           3.162e+02     
  35.000          60.000            2.450e-01           2.450e-01             209.537           5.680e-06             228.011           3.162e+02     
  40.000          60.000            1.440e-01           1.440e-01             202.016           3.861e-06             222.180           3.162e+02     
  45.000          60.000            8.681e-02           8.681e-02             197.360           2.437e-06             219.243           3.162e+02     
  50.000          60.000            6.947e-02           6.947e-02             198.356           1.471e-06             220.001           3.162e+02     
  55.000          60.000            8.703e-02           8.703e-02             202.752           8.861e-07             225.106           3.162e+02     
  60.000          60.000            1.438e-01           1.438e-01             205.351           5.691e-07             234.113           3.162e+02     
  65.000          60.000            2.440e-01           2.440e-01             205.388           3.908e-07             244.552           3.162e+02     
  70.000          60.000            3.806e-01           3.806e-01             204.193           2.708e-07             254.028           3.162e+02     
  75.000          60.000            5.325e-01           5.325e-01             202.739           1.699e-07             261.395           3.162e+02     
  80.000          60.000            6.709e-01           6.709e-01             201.507           8.297e-08             266.526           3.162e+02     
  85.000          60.000            7.673e-01           7.673e-01             200.710           2.177e-08             269.644           3.162e+02     
  90.000          60.000            8.018e-01           8.018e-01             200.436           7.261e-12             255.374           3.162e+02     
  95.000          60.000            7.673e-01           7.673e-01             200.710           2.177e-08              89.638           3.162e+02     
 100.000          60.000            6.709e-01           6.709e-01             201.507           8.298e-08              86.524           3.162e+02     
 105.000          60.000            5.325e-01           5.325e-01             202.739           1.699e-07              81.395           3.162e+02     
 110.000          60.000            3.806e-01           3.806e-01             204.193           2.708e-07              74.029           3.162e+02     
 115.000          60.000            2.440e-01           2.440e-01             205.388           3.908e-07              64.553           3.162e+02     
 120.000          60.000            1.438e-01           1.438e-01             205.351           5.690e-07              54.112           3.162e+02     
 125.000          60.000            8.703e-02           8.703e-02             202.752           8.860e-07              45.105           3.162e+02     
 130.000          60.000            6.947e-02           6.947e-02             198.356           1.470e-06              39.999           3.162e+02     
 135.000          60.000            8.681e-02           8.681e-02             197.360           2.437e-06              39.242           3.162e+02     
 140.000          60.000            1.440e-01           1.440e-01             202.016           3.860e-06              42.178           3.162e+02     
 145.000          60.000            2.450e-01           2.450e-01             209.537           5.679e-06              48.010           3.162e+02     
 150.000          60.000            3.648e-01           3.648e-01             217.718           7.612e-06              55.760           3.162e+02     
 155.000          60.000            4.405e-01           4.405e-01             225.949           9.256e-06              65.144           3.162e+02     
 160.000          60.000            4.145e-01           4.145e-01             234.288           1.031e-05              76.311           3.162e+02     
 165.000          60.000            2.920e-01           2.920e-01             242.902           1.102e-05              88.089           3.162e+02     
 170.000          60.000            1.416e-01           1.416e-01             251.793           1.139e-05             100.282           2.337e+02     
 175.000          60.000            3.461e-02           3.460e-02             260.547           1.142e-05             111.769           1.062e+02     
 180.000          60.000            1.400e-05           2.952e-06             118.838           1.105e-05             122.611           3.724e+01     
   0.000          65.000            1.401e-05           2.024e-06             118.071           1.198e-05             302.447           3.725e+01     
   5.000          65.000            3.471e-02           3.470e-02             263.513           1.238e-05             294.798           1.020e+02     
  10.000          65.000            1.391e-01           1.390e-01             257.347           1.220e-05             286.744           2.175e+02     
  15.000          65.000            2.771e-01           2.771e-01             250.757           1.145e-05             277.971           3.162e+02     
  20.000          65.000            3.762e-01           3.762e-01             244.331           1.026e-05             269.277           3.162e+02     
  25.000          65.000            3.782e-01           3.782e-01             238.412           8.725e-06             261.073           3.162e+02     
  30.000          65.000            2.907e-01           2.907e-01             233.338           6.853e-06             254.487           3.162e+02     
  35.000          65.000            1.766e-01           1.766e-01             229.850           4.917e-06             250.073           3.162e+02     
  40.000          65.000            9.339e-02           9.338e-02             229.739           3.292e-06             248.898           3.162e+02     
  45.000          65.000            5.761e-02           5.761e-02             235.010           2.112e-06             251.859           3.162e+02     
  50.000          65.000            6.217e-02           6.217e-02             241.280           1.398e-06             259.307           3.162e+02     
  55.000          65.000            1.079e-01           1.079e-01             241.650           1.042e-06             269.825           3.162e+02     
  60.000          65.000            2.093e-01           2.093e-01             238.187           8.735e-07             279.730           3.162e+02     
  65.000          65.000            3.771e-01           3.771e-01             234.211           7.417e-07             287.336           3.162e+02     
  70.000          65.000            6.006e-01           6.006e-01             230.889           5.786e-07             292.640           3.162e+02     
  75.000          65.000            8.464e-01           8.464e-01             228.415           3.791e-07             296.223           3.162e+02     
  80.000          65.000            1.068e+00           1.068e+00             226.734           1.885e-07             298.556           3.162e+02     
  85.000          65.000            1.222e+00           1.222e+00             225.763           4.978e-08             299.928           3.162e+02     
  90.000          65.000            1.277e+00           1.277e+00             225.446           8.589e-12             296.858           3.162e+02     
  95.000          65.000            1.222e+00           1.222e+00             225.763           4.980e-08             119.926           3.162e+02     
 100.000          65.000            1.068e+00           1.068e+00             226.734           1.885e-07             118.556           3.162e+02     
 105.000          65.000            8.464e-01           8.464e-01             228.415           3.792e-07             116.223           3.162e+02     
 110.000          65.000            6.006e-01           6.006e-01             230.889           5.786e-07             112.641           3.162e+02     
 115.000          65.000            3.771e-01           3.771e-01             234.211           7.417e-07             107.336           3.162e+02     
 120.000          65.000            2.093e-01           2.093e-01             238.187           8.735e-07              99.730           3.162e+02     
 125.000          65.000            1.079e-01           1.079e-01             241.650           1.042e-06              89.825           3.162e+02     
 130.000          65.000            6.217e-02           6.217e-02             241.280           1.398e-06              79.306           3.162e+02     
 135.000          65.000            5.761e-02           5.761e-02             235.010           2.111e-06              71.857           3.162e+02     
 140.000          65.000            9.339e-02           9.338e-02             229.739           3.291e-06              68.896           3.162e+02     
 145.000          65.000            1.766e-01           1.766e-01             229.850           4.917e-06              70.071           3.162e+02     
 150.000          65.000            2.907e-01           2.907e-01             233.338           6.852e-06              74.485           3.162e+02     
 155.000          65.000            3.782e-01           3.782e-01             238.412           8.724e-06              81.072           3.162e+02     
 160.000          65.000            3.762e-01           3.762e-01             244.331           1.026e-05              89.276           3.162e+02     
 165.000          65.000            2.771e-01           2.771e-01             250.757           1.145e-05              97.971           3.162e+02     
 170.000          65.000            1.391e-01           1.390e-01             257.347           1.219e-05             106.744           2.176e+02     
 175.000          65.000            3.471e-02           3.470e-02             263.513           1.238e-05             114.799           1.020e+02     
 180.000          65.000            1.400e-05           2.023e-06             118.071           1.198e-05             122.447           3.724e+01     
   0.000          70.000            1.401e-05           1.247e-06             116.890           1.276e-05             302.295           3.725e+01     
   5.000          70.000            3.482e-02           3.481e-02             266.524           1.319e-05             297.860           9.880e+01     
  10.000          70.000            1.368e-01           1.368e-01             263.045           1.285e-05             293.240           2.051e+02     
  15.000          70.000            2.637e-01           2.637e-01             258.907           1.177e-05             287.968           3.082e+02     
  20.000          70.000            3.431e-01           3.431e-01             254.843           1.015e-05             282.586           3.162e+02     
  25.000          70.000            3.278e-01           3.278e-01             251.546           8.176e-06             277.651           3.162e+02     
  30.000          70.000            2.377e-01           2.377e-01             250.034           6.117e-06             274.161           3.162e+02     
  35.000          70.000            1.369e-01           1.369e-01             252.321           4.319e-06             273.061           3.162e+02     
  40.000          70.000            7.518e-02           7.517e-02             261.546           2.903e-06             275.974           3.162e+02     
  45.000          70.000            6.127e-02           6.126e-02             274.975           1.993e-06             283.500           3.162e+02     
  50.000          70.000            8.684e-02           8.684e-02             279.850           1.531e-06             294.292           3.162e+02     
  55.000          70.000            1.573e-01           1.573e-01             275.353           1.341e-06             304.878           3.162e+02     
  60.000          70.000            2.926e-01           2.926e-01             268.438           1.226e-06             312.945           3.162e+02     
  65.000          70.000            5.043e-01           5.043e-01             262.567           1.063e-06             318.393           3.162e+02     
  70.000          70.000            7.777e-01           7.777e-01             258.342           8.142e-07             322.001           3.162e+02     
  75.000          70.000            1.072e+00           1.072e+00             255.506           5.253e-07             324.390           3.162e+02     
  80.000          70.000            1.333e+00           1.333e+00             253.726           2.551e-07             325.992           3.162e+02     
  85.000          70.000            1.513e+00           1.513e+00             252.753           6.637e-08             326.906           3.162e+02     
  90.000          70.000            1.577e+00           1.577e+00             252.445           1.104e-11             335.406           3.162e+02     
  95.000          70.000            1.513e+00           1.513e+00             252.753           6.639e-08             146.907           3.162e+02     
 100.000          70.000            1.333e+00           1.333e+00             253.726           2.551e-07             145.992           3.162e+02     
 105.000          70.000            1.072e+00           1.072e+00             255.506           5.253e-07             144.390           3.162e+02     
 110.000          70.000            7.777e-01           7.777e-01             258.342           8.142e-07             142.001           3.162e+02     
 115.000          70.000            5.043e-01           5.043e-01             262.567           1.063e-06             138.393           3.162e+02     
 120.000          70.000            2.926e-01           2.926e-01             268.438           1.226e-06             132.945           3.162e+02     
 125.000          70.000            1.573e-01           1.573e-01             275.353           1.341e-06             124.877           3.162e+02     
 130.000          70.000            8.684e-02           8.684e-02             279.850           1.531e-06             114.291           3.162e+02     
 135.000          70.000            6.127e-02           6.126e-02             274.975           1.993e-06             103.498           3.162e+02     
 140.000          70.000            7.518e-02           7.517e-02             261.546           2.903e-06              95.972           3.162e+02     
 145.000          70.000            1.369e-01           1.369e-01             252.321           4.319e-06              93.059           3.162e+02     
 150.000          70.000            2.377e-01           2.377e-01             250.034           6.117e-06              94.160           3.162e+02     
 155.000          70.000            3.278e-01           3.278e-01             251.546           8.176e-06              97.650           3.162e+02     
 160.000          70.000            3.431e-01           3.431e-01             254.843           1.015e-05             102.585           3.162e+02     
 165.000          70.000            2.637e-01           2.637e-01             258.907           1.177e-05             107.968           3.082e+02     
 170.000          70.000            1.368e-01           1.368e-01             263.045           1.285e-05             113.240           2.051e+02     
 175.000          70.000            3.482e-02           3.481e-02             266.524           1.319e-05             117.860           9.881e+01     
 180.000          70.000            1.400e-05           1.247e-06             116.889           1.276e-05             122.296           3.724e+01     
   0.000          75.000            1.401e-05           6.448e-07             114.797           1.336e-05             302.152           3.725e+01     
   5.000          75.000            3.493e-02           3.492e-02             269.558           1.381e-05             300.925           9.663e+01     
  10.000          75.000            1.349e-01           1.349e-01             268.844           1.334e-05             299.701           1.960e+02     
  15.000          75.000            2.524e-01           2.524e-01             267.301           1.199e-05             297.945           2.846e+02     
  20.000          75.000            3.159e-01           3.158e-01             265.769           1.003e-05             296.027           3.162e+02     
  25.000          75.000            2.890e-01           2.890e-01             265.262           7.779e-06             294.443           3.162e+02     
  30.000          75.000            2.017e-01           2.017e-01             267.499           5.614e-06             294.223           3.162e+02     
  35.000          75.000            1.172e-01           1.172e-01             275.692           3.833e-06             296.705           3.162e+02     
  40.000          75.000            7.735e-02           7.734e-02             292.227           2.601e-06             303.181           3.162e+02     
  45.000          75.000            8.560e-02           8.560e-02             307.308           1.916e-06             313.706           3.162e+02     
  50.000          75.000            1.342e-01           1.342e-01             310.112           1.623e-06             325.777           3.162e+02     
  55.000          75.000            2.298e-01           2.298e-01             304.890           1.509e-06             336.024           3.162e+02     
  60.000          75.000            3.905e-01           3.905e-01             297.960           1.391e-06             343.424           3.162e+02     
  65.000          75.000            6.234e-01           6.234e-01             292.193           1.176e-06             348.617           3.162e+02     
  70.000          75.000            9.098e-01           9.098e-01             288.127           8.771e-07             352.170           3.162e+02     
  75.000          75.000            1.208e+00           1.208e+00             285.499           5.476e-07             354.800           3.162e+02     
  80.000          75.000            1.468e+00           1.468e+00             283.925           2.592e-07             356.684           3.162e+02     
  85.000          75.000            1.644e+00           1.644e+00             283.102           6.633e-08             357.787           3.162e+02     
  90.000          75.000            1.706e+00           1.706e+00             282.848           1.313e-11              10.907           3.162e+02     
  95.000          75.000            1.644e+00           1.644e+00             283.102           6.637e-08             177.788           3.162e+02     
 100.000          75.000            1.468e+00           1.468e+00             283.925           2.593e-07             176.684           3.162e+02     
 105.000          75.000            1.208e+00           1.208e+00             285.499           5.477e-07             174.800           3.162e+02     
 110.000          75.000            9.098e-01           9.098e-01             288.127           8.772e-07             172.169           3.162e+02     
 115.000          75.000            6.234e-01           6.234e-01             292.193           1.176e-06             168.617           3.162e+02     
 120.000          75.000            3.905e-01           3.905e-01             297.960           1.391e-06             163.423           3.162e+02     
 125.000          75.000            2.298e-01           2.298e-01             304.890           1.509e-06             156.023           3.162e+02     
 130.000          75.000            1.342e-01           1.342e-01             310.112           1.623e-06             145.775           3.162e+02     
 135.000          75.000            8.560e-02           8.560e-02             307.308           1.916e-06             133.704           3.162e+02     
 140.000          75.000            7.735e-02           7.734e-02             292.227           2.601e-06             123.179           3.162e+02     
 145.000          75.000            1.172e-01           1.172e-01             275.692           3.832e-06             116.703           3.162e+02     
 150.000          75.000            2.017e-01           2.017e-01             267.499           5.613e-06             114.221           3.162e+02     
 155.000          75.000            2.890e-01           2.890e-01             265.262           7.778e-06             114.441           3.162e+02     
 160.000          75.000            3.159e-01           3.158e-01             265.769           1.003e-05             116.026           3.162e+02     
 165.000          75.000            2.524e-01           2.524e-01             267.301           1.199e-05             117.945           2.846e+02     
 170.000          75.000            1.349e-01           1.349e-01             268.844           1.334e-05             119.702           1.960e+02     
 175.000          75.000            3.493e-02           3.492e-02             269.558           1.381e-05             120.925           9.664e+01     
 180.000          75.000            1.400e-05           6.446e-07             114.795           1.336e-05             122.152           3.724e+01     
   0.000          80.000            1.401e-05           2.359e-07             109.980           1.377e-05             302.013           3.725e+01     
   5.000          80.000            3.507e-02           3.505e-02             272.593           1.423e-05             303.964           9.537e+01     
  10.000          80.000            1.335e-01           1.335e-01             274.696           1.366e-05             306.065           1.899e+02     
  15.000          80.000            2.437e-01           2.437e-01             275.870           1.212e-05             307.774           2.683e+02     
  20.000          80.000            2.952e-01           2.952e-01             277.029           9.910e-06             309.379           3.162e+02     
  25.000          80.000            2.611e-01           2.611e-01             279.437           7.472e-06             311.333           3.162e+02     
  30.000          80.000            1.790e-01           1.790e-01             285.374           5.235e-06             314.614           3.162e+02     
  35.000          80.000            1.101e-01           1.101e-01             298.579           3.523e-06             320.590           3.162e+02     
  40.000          80.000            8.953e-02           8.952e-02             318.681           2.426e-06             330.307           3.162e+02     
  45.000          80.000            1.187e-01           1.187e-01             332.770           1.867e-06             343.291           3.162e+02     
  50.000          80.000            1.918e-01           1.918e-01             335.254           1.653e-06             356.184           3.162e+02     
  55.000          80.000            3.151e-01           3.151e-01             331.545           1.556e-06               6.783           3.162e+02     
  60.000          80.000            5.003e-01           5.003e-01             326.471           1.418e-06              14.731           3.162e+02     
  65.000          80.000            7.466e-01           7.466e-01             322.197           1.176e-06              20.812           3.162e+02     
  70.000          80.000            1.032e+00           1.032e+00             319.217           8.575e-07              25.483           3.162e+02     
  75.000          80.000            1.317e+00           1.317e+00             317.368           5.261e-07              29.234           3.162e+02     
  80.000          80.000            1.559e+00           1.559e+00             316.331           2.462e-07              32.059           3.162e+02     
  85.000          80.000            1.720e+00           1.720e+00             315.829           6.253e-08              34.008           3.162e+02     
  90.000          80.000            1.776e+00           1.776e+00             315.681           1.421e-11              46.673           3.162e+02     
  95.000          80.000            1.720e+00           1.720e+00             315.829           6.258e-08             214.002           3.162e+02     
 100.000          80.000            1.559e+00           1.559e+00             316.331           2.463e-07             212.055           3.162e+02     
 105.000          80.000            1.317e+00           1.317e+00             317.368           5.262e-07             209.232           3.162e+02     
 110.000          80.000            1.032e+00           1.032e+00             319.217           8.576e-07             205.481           3.162e+02     
 115.000          80.000            7.466e-01           7.466e-01             322.197           1.176e-06             200.810           3.162e+02     
 120.000          80.000            5.003e-01           5.003e-01             326.471           1.418e-06             194.729           3.162e+02     
 125.000          80.000            3.151e-01           3.151e-01             331.545           1.556e-06             186.781           3.162e+02     
 130.000          80.000            1.918e-01           1.918e-01             335.254           1.653e-06             176.182           3.162e+02     
 135.000          80.000            1.187e-01           1.187e-01             332.770           1.867e-06             163.288           3.162e+02     
 140.000          80.000            8.953e-02           8.952e-02             318.681           2.426e-06             150.304           3.162e+02     
 145.000          80.000            1.101e-01           1.101e-01             298.579           3.522e-06             140.587           3.162e+02     
 150.000          80.000            1.790e-01           1.790e-01             285.374           5.235e-06             134.612           3.162e+02     
 155.000          80.000            2.611e-01           2.611e-01             279.437           7.471e-06             131.331           3.162e+02     
 160.000          80.000            2.952e-01           2.952e-01             277.029           9.909e-06             129.379           3.162e+02     
 165.000          80.000            2.437e-01           2.437e-01             275.870           1.211e-05             127.774           2.684e+02     
 170.000          80.000            1.335e-01           1.335e-01             274.696           1.365e-05             126.065           1.899e+02     
 175.000          80.000            3.507e-02           3.505e-02             272.593           1.423e-05             123.964           9.538e+01     
 180.000          80.000            1.400e-05           2.358e-07             109.977           1.377e-05             122.014           3.724e+01     
   0.000          85.000            1.401e-05           3.261e-08              88.054           1.397e-05             301.878           3.725e+01     
   5.000          85.000            3.522e-02           3.521e-02             275.602           1.443e-05             306.952           9.498e+01     
  10.000          85.000            1.327e-01           1.327e-01             280.546           1.377e-05             312.277           1.866e+02     
  15.000          85.000            2.379e-01           2.379e-01             284.524           1.212e-05             317.347           2.584e+02     
  20.000          85.000            2.814e-01           2.814e-01             288.502           9.787e-06             322.430           3.038e+02     
  25.000          85.000            2.434e-01           2.434e-01             293.910           7.268e-06             327.974           3.162e+02     
  30.000          85.000            1.667e-01           1.667e-01             303.333           5.016e-06             334.875           3.162e+02     
  35.000          85.000            1.102e-01           1.102e-01             320.250           3.362e-06             344.378           3.162e+02     
  40.000          85.000            1.042e-01           1.042e-01             341.558           2.351e-06             357.137           3.162e+02     
  45.000          85.000            1.497e-01           1.497e-01             354.836           1.869e-06              12.182           3.162e+02     
  50.000          85.000            2.438e-01           2.438e-01             358.053           1.689e-06              26.236           3.162e+02     
  55.000          85.000            3.921e-01           3.921e-01             356.417           1.601e-06              37.786           3.162e+02     
  60.000          85.000            5.999e-01           5.999e-01             353.693           1.459e-06              46.856           3.162e+02     
  65.000          85.000            8.582e-01           8.582e-01             351.472           1.218e-06              54.188           3.162e+02     
  70.000          85.000            1.141e+00           1.141e+00             350.105           8.956e-07              60.125           3.162e+02     
  75.000          85.000            1.413e+00           1.413e+00             349.452           5.571e-07              64.971           3.162e+02     
  80.000          85.000            1.637e+00           1.637e+00             349.238           2.644e-07              68.616           3.162e+02     
  85.000          85.000            1.784e+00           1.784e+00             349.219           6.789e-08              70.844           3.162e+02     
  90.000          85.000            1.835e+00           1.835e+00             349.231           1.554e-11              83.306           3.162e+02     
  95.000          85.000            1.784e+00           1.784e+00             349.219           6.794e-08             250.829           3.162e+02     
 100.000          85.000            1.637e+00           1.637e+00             349.238           2.645e-07             248.608           3.162e+02     
 105.000          85.000            1.413e+00           1.413e+00             349.452           5.572e-07             244.966           3.162e+02     
 110.000          85.000            1.141e+00           1.141e+00             350.105           8.958e-07             240.121           3.162e+02     
 115.000          85.000            8.582e-01           8.582e-01             351.472           1.218e-06             234.184           3.162e+02     
 120.000          85.000            5.999e-01           5.999e-01             353.693           1.459e-06             226.852           3.162e+02     
 125.000          85.000            3.921e-01           3.921e-01             356.417           1.601e-06             217.783           3.162e+02     
 130.000          85.000            2.438e-01           2.438e-01             358.053           1.689e-06             206.233           3.162e+02     
 135.000          85.000            1.497e-01           1.497e-01             354.836           1.869e-06             192.178           3.162e+02     
 140.000          85.000            1.042e-01           1.042e-01             341.558           2.351e-06             177.134           3.162e+02     
 145.000          85.000            1.102e-01           1.102e-01             320.250           3.362e-06             164.375           3.162e+02     
 150.000          85.000            1.667e-01           1.667e-01             303.333           5.015e-06             154.873           3.162e+02     
 155.000          85.000            2.434e-01           2.434e-01             293.910           7.267e-06             147.972           3.162e+02     
 160.000          85.000            2.814e-01           2.814e-01             288.502           9.786e-06             142.430           3.038e+02     
 165.000          85.000            2.379e-01           2.379e-01             284.524           1.212e-05             137.347           2.585e+02     
 170.000          85.000            1.327e-01           1.327e-01             280.546           1.377e-05             132.277           1.866e+02     
 175.000          85.000            3.522e-02           3.521e-02             275.602           1.443e-05             126.952           9.498e+01     
 180.000          85.000            1.400e-05           3.259e-08              88.040           1.397e-05             121.878           3.724e+01     
   0.000          90.000            1.401e-05           4.113e-08             331.465           1.397e-05             301.744           3.725e+01     
   5.000          90.000            3.540e-02           3.539e-02             278.561           1.434e-05             310.445           9.407e+01     
  10.000          90.000            1.326e-01           1.326e-01             286.329           1.363e-05             318.841           1.835e+02     
  15.000          90.000            2.353e-01           2.353e-01             293.150           1.193e-05             327.120           2.513e+02     
  20.000          90.000            2.749e-01           2.748e-01             300.023           9.586e-06             335.533           2.915e+02     
  25.000          90.000            2.358e-01           2.358e-01             308.458           7.107e-06             344.536           3.093e+02     
  30.000          90.000            1.637e-01           1.637e-01             321.074           4.921e-06             354.918           3.162e+02     
  35.000          90.000            1.153e-01           1.153e-01             340.624           3.345e-06               7.716           3.162e+02     
  40.000          90.000            1.177e-01           1.177e-01               2.412           2.395e-06              23.164           3.162e+02     
  45.000          90.000            1.719e-01           1.719e-01              15.746           1.954e-06              40.001           3.162e+02     
  50.000          90.000            2.773e-01           2.773e-01              20.263           1.787e-06              55.199           3.162e+02     
  55.000          90.000            4.395e-01           4.395e-01              20.703           1.702e-06              67.676           3.162e+02     
  60.000          90.000            6.598e-01           6.598e-01              20.214           1.563e-06              77.572           3.162e+02     
  65.000          90.000            9.250e-01           9.250e-01              20.041           1.325e-06              85.553           3.162e+02     
  70.000          90.000            1.207e+00           1.207e+00              20.394           9.912e-07              91.949           3.162e+02     
  75.000          90.000            1.472e+00           1.472e+00              21.087           6.274e-07              97.040           3.162e+02     
  80.000          90.000            1.688e+00           1.688e+00              21.838           3.021e-07             100.772           3.162e+02     
  85.000          90.000            1.827e+00           1.827e+00              22.397           7.831e-08             102.998           3.162e+02     
  90.000          90.000            1.876e+00           1.876e+00              22.602           1.782e-11             117.885           3.162e+02     
  95.000          90.000            1.827e+00           1.827e+00              22.397           7.836e-08             282.979           3.162e+02     
 100.000          90.000            1.688e+00           1.688e+00              21.838           3.022e-07             280.762           3.162e+02     
 105.000          90.000            1.472e+00           1.472e+00              21.087           6.275e-07             277.033           3.162e+02     
 110.000          90.000            1.207e+00           1.207e+00              20.394           9.913e-07             271.944           3.162e+02     
 115.000          90.000            9.250e-01           9.250e-01              20.041           1.325e-06             265.549           3.162e+02     
 120.000          90.000            6.598e-01           6.598e-01              20.214           1.563e-06             257.568           3.162e+02     
 125.000          90.000            4.395e-01           4.395e-01              20.703           1.702e-06             247.672           3.162e+02     
 130.000          90.000            2.773e-01           2.773e-01              20.263           1.786e-06             235.195           3.162e+02     
 135.000          90.000            1.719e-01           1.719e-01              15.746           1.954e-06             219.997           3.162e+02     
 140.000          90.000            1.177e-01           1.177e-01               2.412           2.395e-06             203.160           3.162e+02     
 145.000          90.000            1.153e-01           1.153e-01             340.624           3.345e-06             187.713           3.162e+02     
 150.000          90.000            1.637e-01           1.637e-01             321.074           4.921e-06             174.916           3.162e+02     
 155.000          90.000            2.358e-01           2.358e-01             308.458           7.107e-06             164.535           3.093e+02     
 160.000          90.000            2.749e-01           2.748e-01             300.023           9.585e-06             155.532           2.915e+02     
 165.000          90.000            2.353e-01           2.353e-01             293.150           1.193e-05             147.120           2.513e+02     
 170.000          90.000            1.326e-01           1.326e-01             286.329           1.363e-05             138.841           1.835e+02     
 175.000          90.000            3.540e-02           3.539e-02             278.561           1.434e-05             130.445           9.407e+01     
 180.000          90.000            1.400e-05           4.115e-08             331.463           1.396e-05             121.744           3.724e+01     
   0.000          95.000            1.401e-05           2.612e-07             313.046           1.375e-05             301.608           3.725e+01     
   5.000          95.000            3.561e-02           3.559e-02             281.448           1.408e-05             313.152           9.570e+01     
  10.000          95.000            1.332e-01           1.332e-01             291.994           1.331e-05             324.436           1.865e+02     
  15.000          95.000            2.360e-01           2.359e-01             301.630           1.164e-05             335.692           2.542e+02     
  20.000          95.000            2.758e-01           2.757e-01             311.386           9.369e-06             347.195           2.932e+02     
  25.000          95.000            2.385e-01           2.385e-01             322.781           7.019e-06             359.369           3.092e+02     
  30.000          95.000            1.700e-01           1.700e-01             338.252           4.950e-06              12.860           3.162e+02     
  35.000          95.000            1.257e-01           1.257e-01             359.744           3.455e-06              28.510           3.162e+02     
  40.000          95.000            1.308e-01           1.308e-01              22.172           2.543e-06              46.263           3.162e+02     
  45.000          95.000            1.863e-01           1.863e-01              36.550           2.118e-06              64.782           3.162e+02     
  50.000          95.000            2.921e-01           2.921e-01              42.893           1.948e-06              81.174           3.162e+02     
  55.000          95.000            4.539e-01           4.539e-01              45.397           1.856e-06              94.535           3.162e+02     
  60.000          95.000            6.735e-01           6.735e-01              46.893           1.703e-06             105.005           3.162e+02     
  65.000          95.000            9.384e-01           9.384e-01              48.489           1.443e-06             113.247           3.162e+02     
  70.000          95.000            1.222e+00           1.222e+00              50.331           1.076e-06             119.668           3.162e+02     
  75.000          95.000            1.491e+00           1.491e+00              52.200           6.786e-07             124.637           3.162e+02     
  80.000          95.000            1.712e+00           1.712e+00              53.796           3.254e-07             128.196           3.162e+02     
  85.000          95.000            1.857e+00           1.857e+00              54.863           8.409e-08             130.266           3.162e+02     
  90.000          95.000            1.907e+00           1.907e+00              55.237           1.977e-11             148.718           3.162e+02     
  95.000          95.000            1.857e+00           1.857e+00              54.863           8.413e-08             310.248           3.162e+02     
 100.000          95.000            1.712e+00           1.712e+00              53.796           3.255e-07             308.187           3.162e+02     
 105.000          95.000            1.491e+00           1.491e+00              52.200           6.787e-07             304.630           3.162e+02     
 110.000          95.000            1.222e+00           1.222e+00              50.331           1.076e-06             299.663           3.162e+02     
 115.000          95.000            9.384e-01           9.384e-01              48.489           1.443e-06             293.243           3.162e+02     
 120.000          95.000            6.735e-01           6.735e-01              46.893           1.703e-06             285.000           3.162e+02     
 125.000          95.000            4.539e-01           4.539e-01              45.397           1.856e-06             274.531           3.162e+02     
 130.000          95.000            2.921e-01           2.921e-01              42.893           1.948e-06             261.170           3.162e+02     
 135.000          95.000            1.863e-01           1.863e-01              36.550           2.118e-06             244.778           3.162e+02     
 140.000          95.000            1.308e-01           1.308e-01              22.172           2.542e-06             226.259           3.162e+02     
 145.000          95.000            1.257e-01           1.257e-01             359.744           3.454e-06             208.507           3.162e+02     
 150.000          95.000            1.700e-01           1.700e-01             338.252           4.950e-06             192.858           3.162e+02     
 155.000          95.000            2.385e-01           2.385e-01             322.781           7.018e-06             179.367           3.093e+02     
 160.000          95.000            2.758e-01           2.757e-01             311.386           9.368e-06             167.194           2.932e+02     
 165.000          95.000            2.360e-01           2.359e-01             301.630           1.164e-05             155.692           2.542e+02     
 170.000          95.000            1.332e-01           1.332e-01             291.994           1.331e-05             144.436           1.865e+02     
 175.000          95.000            3.561e-02           3.559e-02             281.448           1.408e-05             133.153           9.570e+01     
 180.000          95.000            1.400e-05           2.612e-07             313.048           1.374e-05             121.609           3.724e+01     
   0.000         100.000            1.401e-05           6.861e-07             308.610           1.332e-05             301.470           3.725e+01     
   5.000         100.000            3.584e-02           3.582e-02             284.237           1.360e-05             315.756           9.821e+01     
  10.000         100.000            1.345e-01           1.345e-01             297.469           1.278e-05             329.803           1.918e+02     
  15.000         100.000            2.400e-01           2.400e-01             309.831           1.115e-05             343.912           2.618e+02     
  20.000         100.000            2.842e-01           2.842e-01             322.360           9.016e-06             358.324           3.023e+02     
  25.000         100.000            2.519e-01           2.519e-01             336.514           6.860e-06              13.390           3.162e+02     
  30.000         100.000            1.869e-01           1.869e-01             354.415           4.963e-06              29.583           3.162e+02     
  35.000         100.000            1.434e-01           1.434e-01              17.373           3.576e-06              47.577           3.162e+02     
  40.000         100.000            1.472e-01           1.472e-01              40.809           2.710e-06              67.122           3.162e+02     
  45.000         100.000            1.997e-01           1.997e-01              57.154           2.299e-06              86.954           3.162e+02     
  50.000         100.000            3.001e-01           3.001e-01              65.959           2.113e-06             104.271           3.162e+02     
  55.000         100.000            4.537e-01           4.537e-01              70.691           1.991e-06             118.366           3.162e+02     
  60.000         100.000            6.642e-01           6.642e-01              73.979           1.795e-06             129.369           3.162e+02     
  65.000         100.000            9.230e-01           9.230e-01              76.958           1.490e-06             137.968           3.162e+02     
  70.000         100.000            1.207e+00           1.207e+00              79.838           1.086e-06             144.572           3.162e+02     
  75.000         100.000            1.483e+00           1.483e+00              82.452           6.699e-07             149.626           3.162e+02     
  80.000         100.000            1.714e+00           1.714e+00              84.544           3.154e-07             153.215           3.162e+02     
  85.000         100.000            1.868e+00           1.868e+00              85.891           8.033e-08             155.181           3.162e+02     
  90.000         100.000            1.922e+00           1.922e+00              86.357           1.983e-11             177.001           3.162e+02     
  95.000         100.000            1.868e+00           1.868e+00              85.891           8.036e-08             335.165           3.162e+02     
 100.000         100.000            1.714e+00           1.714e+00              84.544           3.154e-07             333.206           3.162e+02     
 105.000         100.000            1.483e+00           1.483e+00              82.452           6.699e-07             329.620           3.162e+02     
 110.000         100.000            1.207e+00           1.207e+00              79.838           1.086e-06             324.567           3.162e+02     
 115.000         100.000            9.230e-01           9.230e-01              76.958           1.490e-06             317.963           3.162e+02     
 120.000         100.000            6.642e-01           6.642e-01              73.979           1.795e-06             309.365           3.162e+02     
 125.000         100.000            4.537e-01           4.537e-01              70.691           1.991e-06             298.362           3.162e+02     
 130.000         100.000            3.001e-01           3.001e-01              65.959           2.113e-06             284.267           3.162e+02     
 135.000         100.000            1.997e-01           1.997e-01              57.154           2.299e-06             266.950           3.162e+02     
 140.000         100.000            1.472e-01           1.472e-01              40.809           2.710e-06             247.118           3.162e+02     
 145.000         100.000            1.434e-01           1.434e-01              17.373           3.576e-06             227.574           3.162e+02     
 150.000         100.000            1.869e-01           1.869e-01             354.415           4.962e-06             209.580           3.162e+02     
 155.000         100.000            2.519e-01           2.519e-01             336.514           6.859e-06             193.389           3.162e+02     
 160.000         100.000            2.842e-01           2.842e-01             322.360           9.015e-06             178.323           3.023e+02     
 165.000         100.000            2.400e-01           2.400e-01             309.831           1.115e-05             163.912           2.618e+02     
 170.000         100.000            1.345e-01           1.345e-01             297.469           1.278e-05             149.803           1.918e+02     
 175.000         100.000            3.584e-02           3.582e-02             284.237           1.360e-05             135.756           9.821e+01     
 180.000         100.000            1.400e-05           6.861e-07             308.611           1.332e-05             121.470           3.724e+01     
   0.000         105.000            1.401e-05           1.303e-06             306.625           1.270e-05             301.325           3.725e+01     
   5.000         105.000            3.609e-02           3.607e-02             286.904           1.291e-05             318.234           1.017e+02     
  10.000         105.000            1.364e-01           1.364e-01             302.695           1.204e-05             334.914           1.996e+02     
  15.000         105.000            2.471e-01           2.471e-01             317.629           1.048e-05             351.730           2.739e+02     
  20.000         105.000            3.001e-01           3.001e-01             332.721           8.521e-06               8.851           3.162e+02     
  25.000         105.000            2.765e-01           2.765e-01             349.304           6.599e-06              26.516           3.162e+02     
  30.000         105.000            2.159e-01           2.159e-01               9.116           4.910e-06              45.007           3.162e+02     
  35.000         105.000            1.714e-01           1.714e-01              33.062           3.657e-06              64.881           3.162e+02     
  40.000         105.000            1.713e-01           1.713e-01              57.592           2.850e-06              85.748           3.162e+02     
  45.000         105.000            2.193e-01           2.193e-01              76.426           2.436e-06             106.319           3.162e+02     
  50.000         105.000            3.143e-01           3.143e-01              88.236           2.243e-06             124.378           3.162e+02     
  55.000         105.000            4.598e-01           4.598e-01              95.491           2.068e-06             139.070           3.162e+02     
  60.000         105.000            6.593e-01           6.593e-01             100.558           1.815e-06             150.715           3.162e+02     
  65.000         105.000            9.065e-01           9.065e-01             104.679           1.470e-06             159.987           3.162e+02     
  70.000         105.000            1.181e+00           1.181e+00             108.249           1.041e-06             167.147           3.162e+02     
  75.000         105.000            1.450e+00           1.450e+00             111.261           6.272e-07             172.675           3.162e+02     
  80.000         105.000            1.677e+00           1.677e+00             113.567           2.900e-07             176.622           3.162e+02     
  85.000         105.000            1.828e+00           1.828e+00             115.018           7.321e-08             178.881           3.162e+02     
  90.000         105.000            1.881e+00           1.881e+00             115.514           1.809e-11             204.462           3.162e+02     
  95.000         105.000            1.828e+00           1.828e+00             115.018           7.323e-08             358.866           3.162e+02     
 100.000         105.000            1.677e+00           1.677e+00             113.567           2.900e-07             356.615           3.162e+02     
 105.000         105.000            1.450e+00           1.450e+00             111.261           6.272e-07             352.670           3.162e+02     
 110.000         105.000            1.181e+00           1.181e+00             108.249           1.041e-06             347.143           3.162e+02     
 115.000         105.000            9.065e-01           9.065e-01             104.679           1.470e-06             339.983           3.162e+02     
 120.000         105.000            6.593e-01           6.593e-01             100.558           1.815e-06             330.711           3.162e+02     
 125.000         105.000            4.598e-01           4.598e-01              95.491           2.068e-06             319.066           3.162e+02     
 130.000         105.000            3.143e-01           3.143e-01              88.236           2.243e-06             304.374           3.162e+02     
 135.000         105.000            2.193e-01           2.193e-01              76.426           2.436e-06             286.316           3.162e+02     
 140.000         105.000            1.713e-01           1.713e-01              57.592           2.849e-06             265.745           3.162e+02     
 145.000         105.000            1.714e-01           1.714e-01              33.062           3.656e-06             244.878           3.162e+02     
 150.000         105.000            2.159e-01           2.159e-01               9.116           4.909e-06             225.004           3.162e+02     
 155.000         105.000            2.765e-01           2.765e-01             349.304           6.599e-06             206.514           3.162e+02     
 160.000         105.000            3.001e-01           3.001e-01             332.721           8.520e-06             188.850           3.162e+02     
 165.000         105.000            2.471e-01           2.471e-01             317.629           1.048e-05             171.730           2.740e+02     
 170.000         105.000            1.364e-01           1.364e-01             302.695           1.204e-05             154.915           1.997e+02     
 175.000         105.000            3.609e-02           3.607e-02             286.903           1.291e-05             138.234           1.017e+02     
 180.000         105.000            1.400e-05           1.303e-06             306.626           1.270e-05             121.326           3.724e+01     
   0.000         110.000            1.401e-05           2.093e-06             305.488           1.191e-05             301.173           3.725e+01     
   5.000         110.000            3.635e-02           3.634e-02             289.426           1.204e-05             320.566           1.063e+02     
  10.000         110.000            1.390e-01           1.390e-01             307.616           1.113e-05             339.739           2.101e+02     
  15.000         110.000            2.571e-01           2.571e-01             324.917           9.645e-06             359.116           2.905e+02     
  20.000         110.000            3.228e-01           3.228e-01             342.292           7.888e-06              18.762           3.162e+02     
  25.000         110.000            3.122e-01           3.122e-01               0.895           6.220e-06              38.766           3.162e+02     
  30.000         110.000            2.583e-01           2.583e-01              22.071           4.757e-06              59.224           3.162e+02     
  35.000         110.000            2.119e-01           2.119e-01              46.485           3.671e-06              80.834           3.162e+02     
  40.000         110.000            2.055e-01           2.055e-01              71.770           2.924e-06             102.371           3.162e+02     
  45.000         110.000            2.475e-01           2.475e-01              92.980           2.507e-06             123.202           3.162e+02     
  50.000         110.000            3.374e-01           3.374e-01             107.933           2.288e-06             141.705           3.162e+02     
  55.000         110.000            4.760e-01           4.760e-01             117.940           2.057e-06             156.913           3.162e+02     
  60.000         110.000            6.632e-01           6.632e-01             124.972           1.756e-06             169.270           3.162e+02     
  65.000         110.000            8.912e-01           8.912e-01             130.339           1.374e-06             179.267           3.162e+02     
  70.000         110.000            1.140e+00           1.140e+00             134.650           9.663e-07             187.350           3.162e+02     
  75.000         110.000            1.381e+00           1.381e+00             138.082           5.733e-07             193.543           3.162e+02     
  80.000         110.000            1.582e+00           1.582e+00             140.618           2.626e-07             197.993           3.162e+02     
  85.000         110.000            1.715e+00           1.715e+00             142.185           6.603e-08             200.536           3.162e+02     
  90.000         110.000            1.761e+00           1.761e+00             142.715           1.575e-11             231.641           3.162e+02     
  95.000         110.000            1.715e+00           1.715e+00             142.185           6.605e-08              20.522           3.162e+02     
 100.000         110.000            1.582e+00           1.582e+00             140.618           2.627e-07              17.986           3.162e+02     
 105.000         110.000            1.381e+00           1.381e+00             138.082           5.733e-07              13.538           3.162e+02     
 110.000         110.000            1.140e+00           1.140e+00             134.650           9.663e-07               7.346           3.162e+02     
 115.000         110.000            8.912e-01           8.912e-01             130.339           1.374e-06             359.263           3.162e+02     
 120.000         110.000            6.632e-01           6.632e-01             124.972           1.756e-06             349.267           3.162e+02     
 125.000         110.000            4.760e-01           4.760e-01             117.940           2.057e-06             336.910           3.162e+02     
 130.000         110.000            3.374e-01           3.374e-01             107.933           2.288e-06             321.702           3.162e+02     
 135.000         110.000            2.475e-01           2.475e-01              92.980           2.507e-06             303.198           3.162e+02     
 140.000         110.000            2.055e-01           2.055e-01              71.770           2.924e-06             282.368           3.162e+02     
 145.000         110.000            2.119e-01           2.119e-01              46.485           3.670e-06             260.831           3.162e+02     
 150.000         110.000            2.583e-01           2.583e-01              22.071           4.756e-06             239.222           3.162e+02     
 155.000         110.000            3.122e-01           3.122e-01               0.895           6.219e-06             218.765           3.162e+02     
 160.000         110.000            3.228e-01           3.228e-01             342.292           7.887e-06             198.761           3.162e+02     
 165.000         110.000            2.571e-01           2.571e-01             324.917           9.644e-06             179.115           2.905e+02     
 170.000         110.000            1.390e-01           1.390e-01             307.616           1.113e-05             159.739           2.102e+02     
 175.000         110.000            3.635e-02           3.634e-02             289.426           1.204e-05             140.566           1.063e+02     
 180.000         110.000            1.400e-05           2.093e-06             305.489           1.191e-05             121.173           3.724e+01     
   0.000         115.000            1.401e-05           3.032e-06             304.744           1.097e-05             301.009           3.725e+01     
   5.000         115.000            3.662e-02           3.661e-02             291.783           1.102e-05             322.731           1.121e+02     
  10.000         115.000            1.420e-01           1.420e-01             312.183           1.008e-05             344.250           2.236e+02     
  15.000         115.000            2.695e-01           2.695e-01             331.611           8.685e-06               6.053           3.115e+02     
  20.000         115.000            3.516e-01           3.516e-01             350.955           7.138e-06              28.063           3.162e+02     
  25.000         115.000            3.582e-01           3.582e-01              11.175           5.755e-06              50.772           3.162e+02     
  30.000         115.000            3.139e-01           3.139e-01              33.254           4.489e-06              72.643           3.162e+02     
  35.000         115.000            2.660e-01           2.660e-01              57.705           3.550e-06              95.095           3.162e+02     
  40.000         115.000            2.506e-01           2.506e-01              83.183           2.892e-06             117.199           3.162e+02     
  45.000         115.000            2.821e-01           2.821e-01             106.144           2.491e-06             138.081           3.162e+02     
  50.000         115.000            3.623e-01           3.623e-01             123.952           2.241e-06             156.662           3.162e+02     
  55.000         115.000            4.888e-01           4.888e-01             136.759           1.942e-06             172.140           3.162e+02     
  60.000         115.000            6.568e-01           6.568e-01             146.001           1.608e-06             184.996           3.162e+02     
  65.000         115.000            8.555e-01           8.555e-01             152.943           1.230e-06             195.639           3.162e+02     
  70.000         115.000            1.066e+00           1.066e+00             158.328           8.465e-07             204.302           3.162e+02     
  75.000         115.000            1.265e+00           1.265e+00             162.480           5.064e-07             211.157           3.162e+02     
  80.000         115.000            1.427e+00           1.427e+00             165.479           2.317e-07             215.931           3.162e+02     
  85.000         115.000            1.532e+00           1.532e+00             167.306           5.834e-08             218.622           3.162e+02     
  90.000         115.000            1.569e+00           1.569e+00             167.921           1.369e-11             257.423           3.162e+02     
  95.000         115.000            1.532e+00           1.532e+00             167.306           5.834e-08              38.608           3.162e+02     
 100.000         115.000            1.427e+00           1.427e+00             165.479           2.317e-07              35.924           3.162e+02     
 105.000         115.000            1.265e+00           1.265e+00             162.480           5.064e-07              31.152           3.162e+02     
 110.000         115.000            1.066e+00           1.066e+00             158.328           8.465e-07              24.298           3.162e+02     
 115.000         115.000            8.555e-01           8.555e-01             152.943           1.230e-06              15.635           3.162e+02     
 120.000         115.000            6.568e-01           6.568e-01             146.001           1.608e-06               4.992           3.162e+02     
 125.000         115.000            4.888e-01           4.888e-01             136.759           1.942e-06             352.137           3.162e+02     
 130.000         115.000            3.623e-01           3.623e-01             123.952           2.241e-06             336.659           3.162e+02     
 135.000         115.000            2.821e-01           2.821e-01             106.144           2.491e-06             318.078           3.162e+02     
 140.000         115.000            2.506e-01           2.506e-01              83.183           2.892e-06             297.196           3.162e+02     
 145.000         115.000            2.660e-01           2.660e-01              57.705           3.550e-06             275.092           3.162e+02     
 150.000         115.000            3.139e-01           3.139e-01              33.254           4.489e-06             252.641           3.162e+02     
 155.000         115.000            3.582e-01           3.582e-01              11.175           5.755e-06             230.770           3.162e+02     
 160.000         115.000            3.516e-01           3.516e-01             350.955           7.138e-06             208.063           3.162e+02     
 165.000         115.000            2.695e-01           2.695e-01             331.611           8.684e-06             186.053           3.115e+02     
 170.000         115.000            1.420e-01           1.420e-01             312.183           1.008e-05             164.250           2.236e+02     
 175.000         115.000            3.662e-02           3.661e-02             291.783           1.101e-05             142.731           1.121e+02     
 180.000         115.000            1.400e-05           3.032e-06             304.744           1.097e-05             121.009           3.724e+01     
   0.000         120.000            1.401e-05           4.092e-06             304.211           9.914e-06             300.829           3.725e+01     
   5.000         120.000            3.690e-02           3.689e-02             293.956           9.877e-06             324.712           1.195e+02     
  10.000         120.000            1.454e-01           1.454e-01             316.355           8.932e-06             348.425           2.403e+02     
  15.000         120.000            2.837e-01           2.836e-01             337.650           7.640e-06              12.533           3.162e+02     
  20.000         120.000            3.849e-01           3.849e-01             358.659           6.310e-06              36.761           3.162e+02     
  25.000         120.000            4.126e-01           4.126e-01              20.163           5.136e-06              61.254           3.162e+02     
  30.000         120.000            3.813e-01           3.813e-01              42.853           4.104e-06              84.805           3.162e+02     
  35.000         120.000            3.333e-01           3.333e-01              67.118           3.305e-06             108.037           3.162e+02     
  40.000         120.000            3.067e-01           3.067e-01              92.330           2.772e-06             130.520           3.162e+02     
  45.000         120.000            3.216e-01           3.216e-01             116.238           2.381e-06             151.223           3.162e+02     
  50.000         120.000            3.829e-01           3.829e-01             136.323           2.046e-06             169.247           3.162e+02     
  55.000         120.000            4.868e-01           4.868e-01             151.805           1.743e-06             184.871           3.162e+02     
  60.000         120.000            6.248e-01           6.248e-01             163.430           1.390e-06             197.998           3.162e+02     
  65.000         120.000            7.842e-01           7.842e-01             172.266           1.036e-06             209.091           3.162e+02     
  70.000         120.000            9.489e-01           9.489e-01             179.076           7.026e-07             218.206           3.162e+02     
  75.000         120.000            1.101e+00           1.101e+00             184.259           4.134e-07             225.314           3.162e+02     
  80.000         120.000            1.223e+00           1.223e+00             187.960           1.895e-07             230.343           3.162e+02     
  85.000         120.000            1.302e+00           1.302e+00             190.197           4.786e-08             233.116           3.162e+02     
  90.000         120.000            1.329e+00           1.329e+00             190.947           1.184e-11             279.807           3.162e+02     
  95.000         120.000            1.302e+00           1.302e+00             190.197           4.786e-08              53.103           3.162e+02     
 100.000         120.000            1.223e+00           1.223e+00             187.960           1.895e-07              50.336           3.162e+02     
 105.000         120.000            1.101e+00           1.101e+00             184.259           4.134e-07              45.308           3.162e+02     
 110.000         120.000            9.489e-01           9.489e-01             179.076           7.026e-07              38.202           3.162e+02     
 115.000         120.000            7.842e-01           7.842e-01             172.266           1.036e-06              29.087           3.162e+02     
 120.000         120.000            6.248e-01           6.248e-01             163.430           1.390e-06              17.994           3.162e+02     
 125.000         120.000            4.868e-01           4.868e-01             151.805           1.742e-06               4.867           3.162e+02     
 130.000         120.000            3.829e-01           3.829e-01             136.323           2.046e-06             349.243           3.162e+02     
 135.000         120.000            3.216e-01           3.216e-01             116.238           2.381e-06             331.219           3.162e+02     
 140.000         120.000            3.067e-01           3.067e-01              92.330           2.771e-06             310.517           3.162e+02     
 145.000         120.000            3.333e-01           3.333e-01              67.118           3.305e-06             288.035           3.162e+02     
 150.000         120.000            3.813e-01           3.813e-01              42.853           4.104e-06             264.803           3.162e+02     
 155.000         120.000            4.126e-01           4.126e-01              20.163           5.135e-06             241.252           3.162e+02     
 160.000         120.000            3.849e-01           3.849e-01             358.659           6.310e-06             216.761           3.162e+02     
 165.000         120.000            2.837e-01           2.836e-01             337.650           7.639e-06             192.532           3.162e+02     
 170.000         120.000            1.454e-01           1.454e-01             316.355           8.931e-06             168.425           2.403e+02     
 175.000         120.000            3.690e-02           3.689e-02             293.956           9.875e-06             144.712           1.195e+02     
 180.000         120.000            1.400e-05           4.092e-06             304.212           9.913e-06             120.829           3.724e+01     
   0.000         125.000            1.401e-05           5.240e-06             303.806           8.766e-06             300.628           3.725e+01     
   5.000         125.000            3.716e-02           3.715e-02             295.927           8.659e-06             326.489           1.289e+02     
  10.000         125.000            1.489e-01           1.489e-01             320.100           7.725e-06             352.242           2.610e+02     
  15.000         125.000            2.988e-01           2.988e-01             343.000           6.555e-06              18.546           3.162e+02     
  20.000         125.000            4.210e-01           4.210e-01               5.400           5.434e-06              45.403           3.162e+02     
  25.000         125.000            4.723e-01           4.723e-01              27.958           4.432e-06              71.120           3.162e+02     
  30.000         125.000            4.575e-01           4.575e-01              51.154           3.665e-06              96.122           3.162e+02     
  35.000         125.000            4.120e-01           4.120e-01              75.265           3.023e-06             119.931           3.162e+02     
  40.000         125.000            3.740e-01           3.740e-01             100.053           2.571e-06             142.547           3.162e+02     
  45.000         125.000            3.685e-01           3.685e-01             124.246           2.150e-06             162.466           3.162e+02     
  50.000         125.000            4.040e-01           4.040e-01             145.863           1.786e-06             180.050           3.162e+02     
  55.000         125.000            4.771e-01           4.771e-01             163.639           1.435e-06             195.349           3.162e+02     
  60.000         125.000            5.783e-01           5.783e-01             177.623           1.118e-06             208.792           3.162e+02     
  65.000         125.000            6.953e-01           6.953e-01             188.504           8.034e-07             220.355           3.162e+02     
  70.000         125.000            8.150e-01           8.150e-01             196.945           5.362e-07             229.683           3.162e+02     
  75.000         125.000            9.246e-01           9.246e-01             203.346           3.137e-07             236.980           3.162e+02     
  80.000         125.000            1.012e+00           1.012e+00             207.886           1.438e-07             242.121           3.162e+02     
  85.000         125.000            1.069e+00           1.069e+00             210.612           3.643e-08             244.912           3.162e+02     
  90.000         125.000            1.088e+00           1.088e+00             211.523           9.764e-12             297.326           3.162e+02     
  95.000         125.000            1.069e+00           1.069e+00             210.612           3.642e-08              64.900           3.162e+02     
 100.000         125.000            1.012e+00           1.012e+00             207.886           1.438e-07              62.115           3.162e+02     
 105.000         125.000            9.246e-01           9.246e-01             203.346           3.137e-07              56.975           3.162e+02     
 110.000         125.000            8.150e-01           8.150e-01             196.945           5.362e-07              49.678           3.162e+02     
 115.000         125.000            6.953e-01           6.953e-01             188.504           8.034e-07              40.351           3.162e+02     
 120.000         125.000            5.783e-01           5.783e-01             177.623           1.118e-06              28.787           3.162e+02     
 125.000         125.000            4.771e-01           4.771e-01             163.639           1.435e-06              15.345           3.162e+02     
 130.000         125.000            4.040e-01           4.040e-01             145.863           1.786e-06               0.046           3.162e+02     
 135.000         125.000            3.685e-01           3.685e-01             124.246           2.149e-06             342.462           3.162e+02     
 140.000         125.000            3.740e-01           3.740e-01             100.053           2.571e-06             322.544           3.162e+02     
 145.000         125.000            4.120e-01           4.120e-01              75.265           3.023e-06             299.928           3.162e+02     
 150.000         125.000            4.575e-01           4.575e-01              51.154           3.665e-06             276.120           3.162e+02     
 155.000         125.000            4.723e-01           4.723e-01              27.958           4.431e-06             251.119           3.162e+02     
 160.000         125.000            4.210e-01           4.210e-01               5.400           5.433e-06             225.402           3.162e+02     
 165.000         125.000            2.988e-01           2.988e-01             343.000           6.554e-06             198.546           3.162e+02     
 170.000         125.000            1.489e-01           1.489e-01             320.100           7.724e-06             172.242           2.610e+02     
 175.000         125.000            3.716e-02           3.715e-02             295.927           8.657e-06             146.489           1.289e+02     
 180.000         125.000            1.400e-05           5.240e-06             303.806           8.765e-06             120.628           3.724e+01     
   0.000         130.000            1.401e-05           6.442e-06             303.483           7.564e-06             300.397           3.725e+01     
   5.000         130.000            3.741e-02           3.740e-02             297.682           7.401e-06             328.042           1.407e+02     
  10.000         130.000            1.525e-01           1.525e-01             323.391           6.505e-06             355.682           2.866e+02     
  15.000         130.000            3.142e-01           3.142e-01             347.642           5.476e-06              24.081           3.162e+02     
  20.000         130.000            4.577e-01           4.577e-01              11.204           4.537e-06              52.905           3.162e+02     
  25.000         130.000            5.340e-01           5.340e-01              34.683           3.779e-06              80.400           3.162e+02     
  30.000         130.000            5.383e-01           5.383e-01              58.433           3.199e-06             106.410           3.162e+02     
  35.000         130.000            4.993e-01           4.993e-01              82.627           2.694e-06             130.799           3.162e+02     
  40.000         130.000            4.538e-01           4.538e-01             107.164           2.217e-06             152.567           3.162e+02     
  45.000         130.000            4.300e-01           4.300e-01             131.325           1.833e-06             172.092           3.162e+02     
  50.000         130.000            4.403e-01           4.403e-01             153.721           1.453e-06             189.045           3.162e+02     
  55.000         130.000            4.834e-01           4.834e-01             173.077           1.111e-06             204.211           3.162e+02     
  60.000         130.000            5.508e-01           5.508e-01             188.968           8.135e-07             217.244           3.162e+02     
  65.000         130.000            6.315e-01           6.315e-01             201.666           5.809e-07             228.956           3.162e+02     
  70.000         130.000            7.150e-01           7.150e-01             211.618           3.794e-07             238.355           3.162e+02     
  75.000         130.000            7.919e-01           7.919e-01             219.167           2.203e-07             245.758           3.162e+02     
  80.000         130.000            8.536e-01           8.536e-01             224.497           1.010e-07             250.979           3.162e+02     
  85.000         130.000            8.936e-01           8.936e-01             227.681           2.566e-08             253.790           3.162e+02     
  90.000         130.000            9.074e-01           9.074e-01             228.741           7.425e-12             309.743           3.162e+02     
  95.000         130.000            8.936e-01           8.936e-01             227.681           2.565e-08              73.781           3.162e+02     
 100.000         130.000            8.536e-01           8.536e-01             224.497           1.010e-07              70.973           3.162e+02     
 105.000         130.000            7.919e-01           7.919e-01             219.167           2.202e-07              65.753           3.162e+02     
 110.000         130.000            7.150e-01           7.150e-01             211.618           3.793e-07              58.351           3.162e+02     
 115.000         130.000            6.315e-01           6.315e-01             201.666           5.809e-07              48.951           3.162e+02     
 120.000         130.000            5.508e-01           5.508e-01             188.968           8.134e-07              37.239           3.162e+02     
 125.000         130.000            4.834e-01           4.834e-01             173.077           1.111e-06              24.207           3.162e+02     
 130.000         130.000            4.403e-01           4.403e-01             153.721           1.452e-06               9.041           3.162e+02     
 135.000         130.000            4.300e-01           4.300e-01             131.325           1.833e-06             352.088           3.162e+02     
 140.000         130.000            4.538e-01           4.538e-01             107.164           2.217e-06             332.564           3.162e+02     
 145.000         130.000            4.993e-01           4.993e-01              82.627           2.694e-06             310.797           3.162e+02     
 150.000         130.000            5.383e-01           5.383e-01              58.433           3.199e-06             286.409           3.162e+02     
 155.000         130.000            5.340e-01           5.340e-01              34.683           3.779e-06             260.399           3.162e+02     
 160.000         130.000            4.577e-01           4.577e-01              11.204           4.537e-06             232.904           3.162e+02     
 165.000         130.000            3.142e-01           3.142e-01             347.642           5.475e-06             204.081           3.162e+02     
 170.000         130.000            1.525e-01           1.525e-01             323.391           6.504e-06             175.682           2.866e+02     
 175.000         130.000            3.741e-02           3.740e-02             297.682           7.400e-06             148.042           1.407e+02     
 180.000         130.000            1.400e-05           6.442e-06             303.483           7.563e-06             120.397           3.724e+01     
   0.000         135.000            1.401e-05           7.661e-06             303.216           6.345e-06             300.126           3.725e+01     
   5.000         135.000            3.763e-02           3.762e-02             299.207           6.145e-06             329.351           1.558e+02     
  10.000         135.000            1.559e-01           1.559e-01             326.210           5.313e-06             358.723           3.162e+02     
  15.000         135.000            3.290e-01           3.290e-01             351.568           4.444e-06              29.803           3.162e+02     
  20.000         135.000            4.929e-01           4.929e-01              16.106           3.690e-06              59.916           3.162e+02     
  25.000         135.000            5.936e-01           5.936e-01              40.448           3.150e-06              88.874           3.162e+02     
  30.000         135.000            6.191e-01           6.191e-01              64.892           2.764e-06             116.074           3.162e+02     
  35.000         135.000            5.922e-01           5.922e-01              89.508           2.278e-06             139.776           3.162e+02     
  40.000         135.000            5.480e-01           5.480e-01             114.159           1.839e-06             161.072           3.162e+02     
  45.000         135.000            5.155e-01           5.155e-01             138.298           1.430e-06             179.673           3.162e+02     
  50.000         135.000            5.100e-01           5.100e-01             160.901           1.089e-06             196.307           3.162e+02     
  55.000         135.000            5.325e-01           5.325e-01             180.904           7.772e-07             210.377           3.162e+02     
  60.000         135.000            5.758e-01           5.758e-01             197.760           5.406e-07             222.823           3.162e+02     
  65.000         135.000            6.305e-01           6.305e-01             211.483           3.658e-07             233.663           3.162e+02     
  70.000         135.000            6.878e-01           6.878e-01             222.333           2.357e-07             242.740           3.162e+02     
  75.000         135.000            7.403e-01           7.403e-01             230.572           1.366e-07             249.846           3.162e+02     
  80.000         135.000            7.823e-01           7.823e-01             236.374           6.456e-08             255.799           3.162e+02     
  85.000         135.000            8.093e-01           8.093e-01             239.827           1.650e-08             258.322           3.162e+02     
  90.000         135.000            8.186e-01           8.186e-01             240.975           5.312e-12             318.292           3.162e+02     
  95.000         135.000            8.093e-01           8.093e-01             239.827           1.649e-08              78.316           3.162e+02     
 100.000         135.000            7.823e-01           7.823e-01             236.374           6.453e-08              75.795           3.162e+02     
 105.000         135.000            7.403e-01           7.403e-01             230.572           1.366e-07              69.842           3.162e+02     
 110.000         135.000            6.878e-01           6.878e-01             222.333           2.356e-07              62.735           3.162e+02     
 115.000         135.000            6.305e-01           6.305e-01             211.483           3.658e-07              53.658           3.162e+02     
 120.000         135.000            5.758e-01           5.758e-01             197.760           5.405e-07              42.817           3.162e+02     
 125.000         135.000            5.325e-01           5.325e-01             180.904           7.771e-07              30.372           3.162e+02     
 130.000         135.000            5.100e-01           5.100e-01             160.901           1.089e-06              16.302           3.162e+02     
 135.000         135.000            5.155e-01           5.155e-01             138.298           1.429e-06             359.669           3.162e+02     
 140.000         135.000            5.480e-01           5.480e-01             114.159           1.839e-06             341.068           3.162e+02     
 145.000         135.000            5.922e-01           5.922e-01              89.508           2.278e-06             319.774           3.162e+02     
 150.000         135.000            6.191e-01           6.191e-01              64.892           2.763e-06             296.072           3.162e+02     
 155.000         135.000            5.936e-01           5.936e-01              40.448           3.149e-06             268.873           3.162e+02     
 160.000         135.000            4.929e-01           4.929e-01              16.106           3.689e-06             239.915           3.162e+02     
 165.000         135.000            3.290e-01           3.290e-01             351.568           4.444e-06             209.802           3.162e+02     
 170.000         135.000            1.559e-01           1.559e-01             326.210           5.312e-06             178.723           3.162e+02     
 175.000         135.000            3.763e-02           3.762e-02             299.207           6.144e-06             149.351           1.558e+02     
 180.000         135.000            1.400e-05           7.661e-06             303.216           6.344e-06             120.126           3.724e+01     
   0.000         140.000            1.401e-05           8.860e-06             302.988           5.146e-06             299.798           3.725e+01     
   5.000         140.000            3.780e-02           3.780e-02             300.492           4.927e-06             330.389           1.757e+02     
  10.000         140.000            1.590e-01           1.590e-01             328.545           4.187e-06               1.341           3.162e+02     
  15.000         140.000            3.425e-01           3.425e-01             354.779           3.417e-06              34.145           3.162e+02     
  20.000         140.000            5.247e-01           5.247e-01              20.132           2.916e-06              66.361           3.162e+02     
  25.000         140.000            6.477e-01           6.477e-01              45.319           2.558e-06              96.388           3.162e+02     
  30.000         140.000            6.956e-01           6.956e-01              70.621           2.226e-06             123.611           3.162e+02     
  35.000         140.000            6.883e-01           6.883e-01              95.985           1.849e-06             147.169           3.162e+02     
  40.000         140.000            6.583e-01           6.583e-01             121.094           1.430e-06             167.639           3.162e+02     
  45.000         140.000            6.331e-01           6.331e-01             145.322           1.048e-06             185.559           3.162e+02     
  50.000         140.000            6.271e-01           6.271e-01             167.780           7.111e-07             200.351           3.162e+02     
  55.000         140.000            6.418e-01           6.418e-01             187.643           4.780e-07             213.237           3.162e+02     
  60.000         140.000            6.708e-01           6.708e-01             204.482           3.099e-07             223.579           3.162e+02     
  65.000         140.000            7.061e-01           7.061e-01             218.280           2.020e-07             232.722           3.162e+02     
  70.000         140.000            7.413e-01           7.413e-01             229.227           1.282e-07             239.595           3.162e+02     
  75.000         140.000            7.718e-01           7.718e-01             237.536           7.498e-08             245.038           3.162e+02     
  80.000         140.000            7.950e-01           7.950e-01             243.373           3.521e-08             248.905           3.162e+02     
  85.000         140.000            8.094e-01           8.094e-01             246.840           9.173e-09             250.829           3.162e+02     
  90.000         140.000            8.143e-01           8.143e-01             247.991           3.948e-12             326.077           3.162e+02     
  95.000         140.000            8.094e-01           8.094e-01             246.840           9.161e-09              70.818           3.162e+02     
 100.000         140.000            7.950e-01           7.950e-01             243.373           3.519e-08              68.898           3.162e+02     
 105.000         140.000            7.718e-01           7.718e-01             237.536           7.495e-08              65.032           3.162e+02     
 110.000         140.000            7.413e-01           7.413e-01             229.227           1.282e-07              59.589           3.162e+02     
 115.000         140.000            7.061e-01           7.061e-01             218.280           2.019e-07              52.716           3.162e+02     
 120.000         140.000            6.708e-01           6.708e-01             204.482           3.099e-07              43.573           3.162e+02     
 125.000         140.000            6.418e-01           6.418e-01             187.643           4.779e-07              33.231           3.162e+02     
 130.000         140.000            6.271e-01           6.271e-01             167.780           7.111e-07              20.346           3.162e+02     
 135.000         140.000            6.331e-01           6.331e-01             145.322           1.048e-06               5.555           3.162e+02     
 140.000         140.000            6.583e-01           6.583e-01             121.094           1.430e-06             347.635           3.162e+02     
 145.000         140.000            6.883e-01           6.883e-01              95.985           1.849e-06             327.166           3.162e+02     
 150.000         140.000            6.956e-01           6.956e-01              70.621           2.226e-06             303.609           3.162e+02     
 155.000         140.000            6.477e-01           6.477e-01              45.319           2.558e-06             276.387           3.162e+02     
 160.000         140.000            5.247e-01           5.247e-01              20.132           2.915e-06             246.361           3.162e+02     
 165.000         140.000            3.425e-01           3.425e-01             354.779           3.417e-06             214.145           3.162e+02     
 170.000         140.000            1.590e-01           1.590e-01             328.545           4.186e-06             181.341           3.162e+02     
 175.000         140.000            3.780e-02           3.780e-02             300.492           4.927e-06             150.389           1.757e+02     
 180.000         140.000            1.400e-05           8.859e-06             302.988           5.145e-06             119.798           3.724e+01     
   0.000         145.000            1.401e-05           1.000e-05             302.789           4.004e-06             299.385           3.725e+01     
   5.000         145.000            3.793e-02           3.793e-02             301.529           3.786e-06             331.125           2.027e+02     
  10.000         145.000            1.617e-01           1.617e-01             330.386           3.156e-06               3.508           3.162e+02     
  15.000         145.000            3.540e-01           3.540e-01             357.274           2.555e-06              38.129           3.162e+02     
  20.000         145.000            5.513e-01           5.513e-01              23.299           2.227e-06              72.189           3.162e+02     
  25.000         145.000            6.934e-01           6.934e-01              49.314           2.055e-06             103.636           3.162e+02     
  30.000         145.000            7.644e-01           7.644e-01              75.602           1.761e-06             129.879           3.162e+02     
  35.000         145.000            7.851e-01           7.851e-01             101.920           1.400e-06             152.717           3.162e+02     
  40.000         145.000            7.848e-01           7.848e-01             127.649           1.056e-06             172.633           3.162e+02     
  45.000         145.000            7.846e-01           7.846e-01             151.976           6.846e-07             188.451           3.162e+02     
  50.000         145.000            7.928e-01           7.928e-01             174.105           4.159e-07             200.788           3.162e+02     
  55.000         145.000            8.079e-01           8.079e-01             193.484           2.457e-07             209.110           3.162e+02     
  60.000         145.000            8.244e-01           8.244e-01             209.904           1.504e-07             214.301           3.162e+02     
  65.000         145.000            8.377e-01           8.377e-01             223.416           1.002e-07             217.786           3.162e+02     
  70.000         145.000            8.458e-01           8.458e-01             234.181           6.836e-08             219.314           3.162e+02     
  75.000         145.000            8.492e-01           8.492e-01             242.376           4.391e-08             221.250           3.162e+02     
  80.000         145.000            8.497e-01           8.497e-01             248.138           2.237e-08             223.199           3.162e+02     
  85.000         145.000            8.491e-01           8.491e-01             251.560           6.196e-09             224.212           3.162e+02     
  90.000         145.000            8.487e-01           8.487e-01             252.695           3.554e-12             336.485           3.162e+02     
  95.000         145.000            8.491e-01           8.491e-01             251.560           6.189e-09              44.179           3.162e+02     
 100.000         145.000            8.497e-01           8.497e-01             248.138           2.235e-08              43.181           3.162e+02     
 105.000         145.000            8.492e-01           8.492e-01             242.376           4.389e-08              41.237           3.162e+02     
 110.000         145.000            8.458e-01           8.458e-01             234.181           6.834e-08              39.302           3.162e+02     
 115.000         145.000            8.377e-01           8.377e-01             223.416           1.002e-07              37.776           3.162e+02     
 120.000         145.000            8.244e-01           8.244e-01             209.904           1.504e-07              34.292           3.162e+02     
 125.000         145.000            8.079e-01           8.079e-01             193.484           2.457e-07              29.102           3.162e+02     
 130.000         145.000            7.928e-01           7.928e-01             174.105           4.159e-07              20.782           3.162e+02     
 135.000         145.000            7.846e-01           7.846e-01             151.976           6.845e-07               8.446           3.162e+02     
 140.000         145.000            7.848e-01           7.848e-01             127.649           1.056e-06             352.629           3.162e+02     
 145.000         145.000            7.851e-01           7.851e-01             101.920           1.400e-06             332.715           3.162e+02     
 150.000         145.000            7.644e-01           7.644e-01              75.602           1.761e-06             309.877           3.162e+02     
 155.000         145.000            6.934e-01           6.934e-01              49.314           2.055e-06             283.635           3.162e+02     
 160.000         145.000            5.513e-01           5.513e-01              23.299           2.227e-06             252.189           3.162e+02     
 165.000         145.000            3.540e-01           3.540e-01             357.274           2.555e-06             218.129           3.162e+02     
 170.000         145.000            1.617e-01           1.617e-01             330.386           3.156e-06             183.509           3.162e+02     
 175.000         145.000            3.793e-02           3.793e-02             301.529           3.785e-06             151.125           2.027e+02     
 180.000         145.000            1.400e-05           1.000e-05             302.789           4.003e-06             119.384           3.724e+01     
   0.000         150.000            1.401e-05           1.105e-05             302.610           2.952e-06             298.839           3.725e+01     
   5.000         150.000            3.800e-02           3.800e-02             302.311           2.753e-06             331.509           2.409e+02     
  10.000         150.000            1.637e-01           1.637e-01             331.730           2.248e-06               5.194           3.162e+02     
  15.000         150.000            3.631e-01           3.631e-01             359.056           1.810e-06              41.649           3.162e+02     
  20.000         150.000            5.718e-01           5.718e-01              25.603           1.592e-06              77.326           3.162e+02     
  25.000         150.000            7.287e-01           7.287e-01              52.399           1.543e-06             108.905           3.162e+02     
  30.000         150.000            8.228e-01           8.228e-01              79.717           1.333e-06             134.709           3.162e+02     
  35.000         150.000            8.792e-01           8.792e-01             107.027           1.025e-06             156.390           3.162e+02     
  40.000         150.000            9.224e-01           9.224e-01             133.319           6.906e-07             174.686           3.162e+02     
  45.000         150.000            9.600e-01           9.600e-01             157.640           4.105e-07             188.356           3.162e+02     
  50.000         150.000            9.874e-01           9.874e-01             179.415           2.187e-07             195.603           3.162e+02     
  55.000         150.000            9.979e-01           9.979e-01             198.446           1.234e-07             195.820           3.162e+02     
  60.000         150.000            9.892e-01           9.892e-01             214.754           8.762e-08             189.371           3.162e+02     
  65.000         150.000            9.648e-01           9.648e-01             228.440           8.021e-08             185.106           3.162e+02     
  70.000         150.000            9.317e-01           9.317e-01             239.599           7.463e-08             185.440           3.162e+02     
  75.000         150.000            8.977e-01           8.977e-01             248.281           5.861e-08             188.231           3.162e+02     
  80.000         150.000            8.691e-01           8.691e-01             254.500           3.345e-08             191.314           3.162e+02     
  85.000         150.000            8.503e-01           8.503e-01             258.242           9.717e-09             193.646           3.162e+02     
  90.000         150.000            8.438e-01           8.438e-01             259.492           4.189e-12             348.082           3.162e+02     
  95.000         150.000            8.503e-01           8.503e-01             258.242           9.715e-09              13.609           3.162e+02     
 100.000         150.000            8.691e-01           8.691e-01             254.500           3.344e-08              11.294           3.162e+02     
 105.000         150.000            8.977e-01           8.977e-01             248.281           5.861e-08               8.216           3.162e+02     
 110.000         150.000            9.317e-01           9.317e-01             239.599           7.463e-08               5.427           3.162e+02     
 115.000         150.000            9.648e-01           9.648e-01             228.440           8.021e-08               5.093           3.162e+02     
 120.000         150.000            9.892e-01           9.892e-01             214.754           8.762e-08               9.358           3.162e+02     
 125.000         150.000            9.979e-01           9.979e-01             198.446           1.234e-07              15.809           3.162e+02     
 130.000         150.000            9.874e-01           9.874e-01             179.415           2.186e-07              15.595           3.162e+02     
 135.000         150.000            9.600e-01           9.600e-01             157.640           4.105e-07               8.351           3.162e+02     
 140.000         150.000            9.224e-01           9.224e-01             133.319           6.905e-07             354.683           3.162e+02     
 145.000         150.000            8.792e-01           8.792e-01             107.027           1.025e-06             336.388           3.162e+02     
 150.000         150.000            8.228e-01           8.228e-01              79.717           1.333e-06             314.707           3.162e+02     
 155.000         150.000            7.287e-01           7.287e-01              52.399           1.543e-06             288.904           3.162e+02     
 160.000         150.000            5.718e-01           5.718e-01              25.603           1.591e-06             257.326           3.162e+02     
 165.000         150.000            3.631e-01           3.631e-01             359.056           1.810e-06             221.650           3.162e+02     
 170.000         150.000            1.637e-01           1.637e-01             331.730           2.248e-06             185.194           3.162e+02     
 175.000         150.000            3.800e-02           3.800e-02             302.311           2.752e-06             151.509           2.409e+02     
 180.000         150.000            1.400e-05           1.105e-05             302.611           2.952e-06             118.838           3.724e+01     
   0.000         155.000            1.401e-05           1.198e-05             302.447           2.024e-06             298.071           3.725e+01     
   5.000         155.000            3.801e-02           3.801e-02             302.833           1.857e-06             331.455           2.987e+02     
  10.000         155.000            1.651e-01           1.651e-01             332.576           1.480e-06               6.354           3.162e+02     
  15.000         155.000            3.694e-01           3.694e-01               0.126           1.191e-06              44.726           3.162e+02     
  20.000         155.000            5.854e-01           5.854e-01              27.026           1.098e-06              81.687           3.162e+02     
  25.000         155.000            7.526e-01           7.526e-01              54.503           1.102e-06             113.291           3.162e+02     
  30.000         155.000            8.684e-01           8.684e-01              82.788           9.567e-07             138.134           3.162e+02     
  35.000         155.000            9.649e-01           9.649e-01             110.964           7.305e-07             159.018           3.162e+02     
  40.000         155.000            1.059e+00           1.059e+00             137.614           4.399e-07             174.630           3.162e+02     
  45.000         155.000            1.136e+00           1.136e+00             161.808           2.285e-07             184.248           3.162e+02     
  50.000         155.000            1.172e+00           1.172e+00             183.360           1.176e-07             184.634           3.162e+02     
  55.000         155.000            1.157e+00           1.157e+00             202.486           8.211e-08             171.996           3.162e+02     
  60.000         155.000            1.100e+00           1.100e+00             219.455           9.594e-08             164.983           3.162e+02     
  65.000         155.000            1.020e+00           1.020e+00             234.405           1.209e-07             165.040           3.162e+02     
  70.000         155.000            9.373e-01           9.373e-01             247.286           1.294e-07             169.469           3.162e+02     
  75.000         155.000            8.671e-01           8.671e-01             257.864           1.063e-07             174.861           3.162e+02     
  80.000         155.000            8.160e-01           8.160e-01             265.793           6.237e-08             179.083           3.162e+02     
  85.000         155.000            7.858e-01           7.858e-01             270.720           1.858e-08             181.794           3.162e+02     
  90.000         155.000            7.759e-01           7.759e-01             272.392           5.587e-12             355.867           3.162e+02     
  95.000         155.000            7.858e-01           7.858e-01             270.720           1.858e-08               1.769           3.162e+02     
 100.000         155.000            8.160e-01           8.160e-01             265.793           6.237e-08             359.069           3.162e+02     
 105.000         155.000            8.671e-01           8.671e-01             257.864           1.063e-07             354.851           3.162e+02     
 110.000         155.000            9.373e-01           9.373e-01             247.286           1.294e-07             349.460           3.162e+02     
 115.000         155.000            1.020e+00           1.020e+00             234.405           1.209e-07             345.031           3.162e+02     
 120.000         155.000            1.100e+00           1.100e+00             219.455           9.595e-08             344.972           3.162e+02     
 125.000         155.000            1.157e+00           1.157e+00             202.486           8.211e-08             351.984           3.162e+02     
 130.000         155.000            1.172e+00           1.172e+00             183.360           1.176e-07               4.624           3.162e+02     
 135.000         155.000            1.136e+00           1.136e+00             161.808           2.284e-07               4.241           3.162e+02     
 140.000         155.000            1.059e+00           1.059e+00             137.614           4.399e-07             354.627           3.162e+02     
 145.000         155.000            9.649e-01           9.649e-01             110.964           7.304e-07             339.016           3.162e+02     
 150.000         155.000            8.684e-01           8.684e-01              82.788           9.566e-07             318.134           3.162e+02     
 155.000         155.000            7.526e-01           7.526e-01              54.503           1.102e-06             293.291           3.162e+02     
 160.000         155.000            5.854e-01           5.854e-01              27.026           1.098e-06             261.687           3.162e+02     
 165.000         155.000            3.694e-01           3.694e-01               0.126           1.191e-06             224.726           3.162e+02     
 170.000         155.000            1.651e-01           1.651e-01             332.576           1.480e-06             186.355           3.162e+02     
 175.000         155.000            3.801e-02           3.801e-02             302.833           1.856e-06             151.455           2.987e+02     
 180.000         155.000            1.400e-05           1.198e-05             302.447           2.023e-06             118.071           3.724e+01     
   0.000         160.000            1.401e-05           1.276e-05             302.295           1.247e-06             296.890           3.725e+01     
   5.000         160.000            3.795e-02           3.795e-02             303.093           1.120e-06             330.785           3.162e+02     
  10.000         160.000            1.658e-01           1.658e-01             332.923           8.664e-07               6.918           3.162e+02     
  15.000         160.000            3.729e-01           3.729e-01               0.482           7.012e-07              47.484           3.162e+02     
  20.000         160.000            5.922e-01           5.922e-01              27.542           6.909e-07              85.562           3.162e+02     
  25.000         160.000            7.650e-01           7.650e-01              55.530           7.110e-07             116.601           3.162e+02     
  30.000         160.000            8.992e-01           8.992e-01              84.607           6.207e-07             140.451           3.162e+02     
  35.000         160.000            1.035e+00           1.035e+00             113.409           4.746e-07             159.354           3.162e+02     
  40.000         160.000            1.176e+00           1.176e+00             140.173           2.745e-07             172.842           3.162e+02     
  45.000         160.000            1.282e+00           1.282e+00             164.158           1.396e-07             178.414           3.162e+02     
  50.000         160.000            1.306e+00           1.306e+00             185.684           8.197e-08             172.480           3.162e+02     
  55.000         160.000            1.242e+00           1.242e+00             205.446           8.396e-08             160.063           3.162e+02     
  60.000         160.000            1.121e+00           1.121e+00             224.039           1.220e-07             157.284           3.162e+02     
  65.000         160.000            9.899e-01           9.899e-01             241.688           1.644e-07             161.551           3.162e+02     
  70.000         160.000            8.843e-01           8.843e-01             258.065           1.777e-07             167.971           3.162e+02     
  75.000         160.000            8.183e-01           8.183e-01             272.295           1.503e-07             173.647           3.162e+02     
  80.000         160.000            7.871e-01           7.871e-01             283.287           8.872e-08             178.078           3.162e+02     
  85.000         160.000            7.770e-01           7.770e-01             290.181           2.650e-08             180.824           3.162e+02     
  90.000         160.000            7.752e-01           7.752e-01             292.522           6.777e-12             357.765           3.162e+02     
  95.000         160.000            7.770e-01           7.770e-01             290.181           2.650e-08               0.804           3.162e+02     
 100.000         160.000            7.871e-01           7.871e-01             283.287           8.872e-08             358.067           3.162e+02     
 105.000         160.000            8.183e-01           8.183e-01             272.295           1.503e-07             353.639           3.162e+02     
 110.000         160.000            8.843e-01           8.843e-01             258.065           1.777e-07             347.964           3.162e+02     
 115.000         160.000            9.899e-01           9.899e-01             241.688           1.644e-07             341.544           3.162e+02     
 120.000         160.000            1.121e+00           1.121e+00             224.039           1.220e-07             337.275           3.162e+02     
 125.000         160.000            1.242e+00           1.242e+00             205.446           8.396e-08             340.053           3.162e+02     
 130.000         160.000            1.306e+00           1.306e+00             185.684           8.196e-08             352.470           3.162e+02     
 135.000         160.000            1.282e+00           1.282e+00             164.158           1.396e-07             358.408           3.162e+02     
 140.000         160.000            1.176e+00           1.176e+00             140.173           2.745e-07             352.839           3.162e+02     
 145.000         160.000            1.035e+00           1.035e+00             113.409           4.746e-07             339.352           3.162e+02     
 150.000         160.000            8.992e-01           8.992e-01              84.607           6.206e-07             320.451           3.162e+02     
 155.000         160.000            7.650e-01           7.650e-01              55.530           7.110e-07             296.602           3.162e+02     
 160.000         160.000            5.922e-01           5.922e-01              27.542           6.908e-07             265.563           3.162e+02     
 165.000         160.000            3.729e-01           3.729e-01               0.481           7.010e-07             227.485           3.162e+02     
 170.000         160.000            1.658e-01           1.658e-01             332.923           8.662e-07             186.919           3.162e+02     
 175.000         160.000            3.795e-02           3.795e-02             303.092           1.120e-06             150.785           3.162e+02     
 180.000         160.000            1.400e-05           1.276e-05             302.296           1.247e-06             116.889           3.724e+01     
   0.000         165.000            1.401e-05           1.336e-05             302.152           6.448e-07             294.797           3.725e+01     
   5.000         165.000            3.781e-02           3.781e-02             303.089           5.615e-07             329.036           3.162e+02     
  10.000         165.000            1.657e-01           1.657e-01             332.777           4.142e-07               6.725           3.162e+02     
  15.000         165.000            3.735e-01           3.735e-01               0.124           3.417e-07              50.366           3.162e+02     
  20.000         165.000            5.926e-01           5.926e-01              27.117           3.742e-07              89.466           3.162e+02     
  25.000         165.000            7.663e-01           7.663e-01              55.374           4.181e-07             119.175           3.162e+02     
  30.000         165.000            9.132e-01           9.132e-01              84.975           3.807e-07             140.909           3.162e+02     
  35.000         165.000            1.081e+00           1.081e+00             114.112           2.825e-07             158.134           3.162e+02     
  40.000         165.000            1.259e+00           1.259e+00             140.761           1.670e-07             169.939           3.162e+02     
  45.000         165.000            1.376e+00           1.376e+00             164.475           1.010e-07             174.552           3.162e+02     
  50.000         165.000            1.370e+00           1.370e+00             186.112           7.402e-08             170.802           3.162e+02     
  55.000         165.000            1.245e+00           1.245e+00             206.918           8.619e-08             165.093           3.162e+02     
  60.000         165.000            1.071e+00           1.071e+00             227.950           1.244e-07             165.886           3.162e+02     
  65.000         165.000            9.272e-01           9.272e-01             249.488           1.632e-07             171.142           3.162e+02     
  70.000         165.000            8.614e-01           8.614e-01             270.373           1.789e-07             176.537           3.162e+02     
  75.000         165.000            8.743e-01           8.743e-01             288.319           1.511e-07             181.514           3.162e+02     
  80.000         165.000            9.325e-01           9.325e-01             301.501           8.926e-08             185.307           3.162e+02     
  85.000         165.000            9.912e-01           9.912e-01             309.335           2.666e-08             187.577           3.162e+02     
  90.000         165.000            1.015e+00           1.015e+00             311.913           6.580e-12             353.860           3.162e+02     
  95.000         165.000            9.912e-01           9.912e-01             309.335           2.666e-08               7.558           3.162e+02     
 100.000         165.000            9.325e-01           9.325e-01             301.501           8.925e-08               5.296           3.162e+02     
 105.000         165.000            8.743e-01           8.743e-01             288.319           1.511e-07               1.506           3.162e+02     
 110.000         165.000            8.614e-01           8.614e-01             270.373           1.789e-07             356.530           3.162e+02     
 115.000         165.000            9.272e-01           9.272e-01             249.488           1.632e-07             351.135           3.162e+02     
 120.000         165.000            1.071e+00           1.071e+00             227.950           1.244e-07             345.879           3.162e+02     
 125.000         165.000            1.245e+00           1.245e+00             206.918           8.618e-08             345.084           3.162e+02     
 130.000         165.000            1.370e+00           1.370e+00             186.112           7.402e-08             350.794           3.162e+02     
 135.000         165.000            1.376e+00           1.376e+00             164.475           1.010e-07             354.547           3.162e+02     
 140.000         165.000            1.259e+00           1.259e+00             140.761           1.670e-07             349.937           3.162e+02     
 145.000         165.000            1.081e+00           1.081e+00             114.112           2.825e-07             338.133           3.162e+02     
 150.000         165.000            9.132e-01           9.132e-01              84.975           3.807e-07             320.910           3.162e+02     
 155.000         165.000            7.663e-01           7.663e-01              55.374           4.180e-07             299.176           3.162e+02     
 160.000         165.000            5.926e-01           5.926e-01              27.117           3.741e-07             269.468           3.162e+02     
 165.000         165.000            3.735e-01           3.735e-01               0.124           3.416e-07             230.368           3.162e+02     
 170.000         165.000            1.657e-01           1.657e-01             332.777           4.141e-07             186.726           3.162e+02     
 175.000         165.000            3.781e-02           3.781e-02             303.089           5.614e-07             149.036           3.162e+02     
 180.000         165.000            1.400e-05           1.336e-05             302.152           6.446e-07             114.795           3.724e+01     
   0.000         170.000            1.401e-05           1.377e-05             302.013           2.359e-07             289.980           3.725e+01     
   5.000         170.000            3.760e-02           3.760e-02             302.824           1.926e-07             324.440           3.162e+02     
  10.000         170.000            1.648e-01           1.648e-01             332.142           1.272e-07               5.154           3.162e+02     
  15.000         170.000            3.715e-01           3.715e-01             359.058           1.119e-07              55.295           3.162e+02     
  20.000         170.000            5.874e-01           5.874e-01              25.726           1.534e-07              95.212           3.162e+02     
  25.000         170.000            7.577e-01           7.577e-01              53.938           1.984e-07             121.994           3.162e+02     
  30.000         170.000            9.100e-01           9.100e-01              83.724           1.974e-07             140.481           3.162e+02     
  35.000         170.000            1.097e+00           1.097e+00             112.895           1.621e-07             155.197           3.162e+02     
  40.000         170.000            1.298e+00           1.298e+00             139.236           1.160e-07             166.190           3.162e+02     
  45.000         170.000            1.413e+00           1.413e+00             162.582           9.036e-08             174.759           3.162e+02     
  50.000         170.000            1.371e+00           1.371e+00             184.285           8.291e-08             178.832           3.162e+02     
  55.000         170.000            1.195e+00           1.195e+00             206.165           9.794e-08             182.293           3.162e+02     
  60.000         170.000            9.948e-01           9.948e-01             229.810           1.270e-07             186.259           3.162e+02     
  65.000         170.000            8.826e-01           8.826e-01             255.236           1.522e-07             191.023           3.162e+02     
  70.000         170.000            9.105e-01           9.105e-01             279.481           1.554e-07             195.010           3.162e+02     
  75.000         170.000            1.056e+00           1.056e+00             298.765           1.255e-07             198.488           3.162e+02     
  80.000         170.000            1.248e+00           1.248e+00             311.795           7.198e-08             201.087           3.162e+02     
  85.000         170.000            1.404e+00           1.404e+00             319.123           2.110e-08             202.504           3.162e+02     
  90.000         170.000            1.463e+00           1.463e+00             321.475           4.797e-12             343.807           3.162e+02     
  95.000         170.000            1.404e+00           1.404e+00             319.123           2.109e-08              22.487           3.162e+02     
 100.000         170.000            1.248e+00           1.248e+00             311.795           7.196e-08              21.078           3.162e+02     
 105.000         170.000            1.056e+00           1.056e+00             298.765           1.254e-07              18.482           3.162e+02     
 110.000         170.000            9.105e-01           9.105e-01             279.481           1.553e-07              15.004           3.162e+02     
 115.000         170.000            8.826e-01           8.826e-01             255.236           1.522e-07              11.018           3.162e+02     
 120.000         170.000            9.948e-01           9.948e-01             229.810           1.269e-07               6.254           3.162e+02     
 125.000         170.000            1.195e+00           1.195e+00             206.165           9.793e-08               2.288           3.162e+02     
 130.000         170.000            1.371e+00           1.371e+00             184.285           8.290e-08             358.829           3.162e+02     
 135.000         170.000            1.413e+00           1.413e+00             162.582           9.035e-08             354.757           3.162e+02     
 140.000         170.000            1.298e+00           1.298e+00             139.236           1.160e-07             346.190           3.162e+02     
 145.000         170.000            1.097e+00           1.097e+00             112.895           1.621e-07             335.197           3.162e+02     
 150.000         170.000            9.100e-01           9.100e-01              83.724           1.974e-07             320.482           3.162e+02     
 155.000         170.000            7.577e-01           7.577e-01              53.938           1.984e-07             301.997           3.162e+02     
 160.000         170.000            5.874e-01           5.874e-01              25.726           1.534e-07             275.215           3.162e+02     
 165.000         170.000            3.715e-01           3.715e-01             359.058           1.119e-07             235.299           3.162e+02     
 170.000         170.000            1.648e-01           1.648e-01             332.142           1.272e-07             185.156           3.162e+02     
 175.000         170.000            3.760e-02           3.760e-02             302.824           1.925e-07             144.440           3.162e+02     
 180.000         170.000            1.400e-05           1.377e-05             302.014           2.358e-07             109.977           3.724e+01     
   0.000         175.000            1.401e-05           1.397e-05             301.878           3.261e-08             268.054           3.725e+01     
   5.000         175.000            3.731e-02           3.731e-02             302.300           2.009e-08             299.990           3.162e+02     
  10.000         175.000            1.631e-01           1.631e-01             331.031           5.357e-09             355.541           3.162e+02     
  15.000         175.000            3.670e-01           3.670e-01             357.289           1.016e-08              83.215           3.162e+02     
  20.000         175.000            5.777e-01           5.777e-01              23.353           3.316e-08             113.295           3.162e+02     
  25.000         175.000            7.413e-01           7.413e-01              51.152           5.901e-08             128.823           3.162e+02     
  30.000         175.000            8.907e-01           8.907e-01              80.727           7.275e-08             139.721           3.162e+02     
  35.000         175.000            1.084e+00           1.084e+00             109.639           7.860e-08             150.644           3.162e+02     
  40.000         175.000            1.292e+00           1.292e+00             135.506           8.178e-08             162.499           3.162e+02     
  45.000         175.000            1.402e+00           1.402e+00             158.337           9.498e-08             176.556           3.162e+02     
  50.000         175.000            1.334e+00           1.334e+00             179.828           1.181e-07             189.531           3.162e+02     
  55.000         175.000            1.129e+00           1.129e+00             202.265           1.521e-07             200.659           3.162e+02     
  60.000         175.000            9.249e-01           9.249e-01             227.681           1.848e-07             209.875           3.162e+02     
  65.000         175.000            8.544e-01           8.544e-01             255.573           1.951e-07             216.283           3.162e+02     
  70.000         175.000            9.698e-01           9.698e-01             281.120           1.749e-07             221.297           3.162e+02     
  75.000         175.000            1.228e+00           1.228e+00             300.067           1.266e-07             225.052           3.162e+02     
  80.000         175.000            1.529e+00           1.529e+00             312.214           6.698e-08             227.629           3.162e+02     
  85.000         175.000            1.762e+00           1.762e+00             318.867           1.855e-08             228.920           3.162e+02     
  90.000         175.000            1.849e+00           1.849e+00             320.980           2.437e-12             325.170           3.162e+02     
  95.000         175.000            1.762e+00           1.762e+00             318.867           1.854e-08              48.918           3.162e+02     
 100.000         175.000            1.529e+00           1.529e+00             312.214           6.695e-08              47.629           3.162e+02     
 105.000         175.000            1.228e+00           1.228e+00             300.067           1.266e-07              45.051           3.162e+02     
 110.000         175.000            9.698e-01           9.698e-01             281.120           1.748e-07              41.297           3.162e+02     
 115.000         175.000            8.544e-01           8.544e-01             255.573           1.951e-07              36.284           3.162e+02     
 120.000         175.000            9.249e-01           9.249e-01             227.681           1.847e-07              29.875           3.162e+02     
 125.000         175.000            1.129e+00           1.129e+00             202.265           1.521e-07              20.660           3.162e+02     
 130.000         175.000            1.334e+00           1.334e+00             179.828           1.181e-07               9.532           3.162e+02     
 135.000         175.000            1.402e+00           1.402e+00             158.337           9.498e-08             356.558           3.162e+02     
 140.000         175.000            1.292e+00           1.292e+00             135.506           8.178e-08             342.502           3.162e+02     
 145.000         175.000            1.084e+00           1.084e+00             109.639           7.860e-08             330.647           3.162e+02     
 150.000         175.000            8.907e-01           8.907e-01              80.727           7.275e-08             319.726           3.162e+02     
 155.000         175.000            7.412e-01           7.412e-01              51.152           5.902e-08             308.828           3.162e+02     
 160.000         175.000            5.777e-01           5.777e-01              23.353           3.317e-08             293.303           3.162e+02     
 165.000         175.000            3.670e-01           3.670e-01             357.289           1.016e-08             263.232           3.162e+02     
 170.000         175.000            1.631e-01           1.631e-01             331.031           5.351e-09             175.548           3.162e+02     
 175.000         175.000            3.731e-02           3.731e-02             302.300           2.008e-08             119.981           3.162e+02     
 180.000         175.000            1.400e-05           1.397e-05             301.878           3.259e-08              88.040           3.724e+01     
   0.000         180.000            1.401e-05           1.397e-05             301.744           4.113e-08             151.465           3.725e+01     
   5.000         180.000            3.695e-02           3.695e-02             301.519           5.000e-08             176.629           3.162e+02     
  10.000         180.000            1.608e-01           1.608e-01             329.447           4.976e-08             192.346           3.162e+02     
  15.000         180.000            3.605e-01           3.605e-01             354.834           3.679e-08             202.926           3.162e+02     
  20.000         180.000            5.647e-01           5.647e-01              20.003           1.822e-08             207.684           3.162e+02     
  25.000         180.000            7.193e-01           7.193e-01              46.985           6.069e-09             190.735           3.162e+02     
  30.000         180.000            8.590e-01           8.590e-01              75.911           7.149e-09             146.615           3.162e+02     
  35.000         180.000            1.044e+00           1.044e+00             104.271           2.205e-08             142.935           3.162e+02     
  40.000         180.000            1.249e+00           1.249e+00             129.525           4.946e-08             157.862           3.162e+02     
  45.000         180.000            1.358e+00           1.358e+00             151.668           9.532e-08             177.333           3.162e+02     
  50.000         180.000            1.287e+00           1.287e+00             172.511           1.601e-07             195.013           3.162e+02     
  55.000         180.000            1.080e+00           1.080e+00             194.526           2.334e-07             209.933           3.162e+02     
  60.000         180.000            8.769e-01           8.769e-01             219.978           2.895e-07             222.354           3.162e+02     
  65.000         180.000            8.180e-01           8.180e-01             248.264           2.990e-07             232.178           3.162e+02     
  70.000         180.000            9.557e-01           9.557e-01             273.896           2.571e-07             240.143           3.162e+02     
  75.000         180.000            1.242e+00           1.242e+00             292.469           1.783e-07             246.352           3.162e+02     
  80.000         180.000            1.570e+00           1.570e+00             304.158           9.096e-08             250.816           3.162e+02     
  85.000         180.000            1.822e+00           1.822e+00             310.493           2.450e-08             253.455           3.162e+02     
  90.000         180.000            1.917e+00           1.917e+00             312.496           7.906e-13             286.172           3.162e+02     
  95.000         180.000            1.822e+00           1.822e+00             310.493           2.448e-08              73.471           3.162e+02     
 100.000         180.000            1.570e+00           1.570e+00             304.158           9.092e-08              70.824           3.162e+02     
 105.000         180.000            1.242e+00           1.242e+00             292.469           1.783e-07              66.358           3.162e+02     
 110.000         180.000            9.557e-01           9.557e-01             273.896           2.570e-07              60.148           3.162e+02     
 115.000         180.000            8.180e-01           8.180e-01             248.264           2.989e-07              52.182           3.162e+02     
 120.000         180.000            8.769e-01           8.769e-01             219.978           2.895e-07              42.358           3.162e+02     
 125.000         180.000            1.080e+00           1.080e+00             194.526           2.334e-07              29.937           3.162e+02     
 130.000         180.000            1.287e+00           1.287e+00             172.511           1.601e-07              15.017           3.162e+02     
 135.000         180.000            1.358e+00           1.358e+00             151.668           9.532e-08             357.338           3.162e+02     
 140.000         180.000            1.249e+00           1.249e+00             129.525           4.946e-08             337.870           3.162e+02     
 145.000         180.000            1.044e+00           1.044e+00             104.271           2.205e-08             322.947           3.162e+02     
 150.000         180.000            8.590e-01           8.590e-01              75.911           7.152e-09             326.632           3.162e+02     
 155.000         180.000            7.193e-01           7.193e-01              46.985           6.073e-09              10.730           3.162e+02     
 160.000         180.000            5.647e-01           5.647e-01              20.003           1.822e-08              27.676           3.162e+02     
 165.000         180.000            3.605e-01           3.605e-01             354.834           3.680e-08              22.920           3.162e+02     
 170.000         180.000            1.608e-01           1.608e-01             329.447           4.977e-08              12.340           3.162e+02     
 175.000         180.000            3.695e-02           3.695e-02             301.519           5.002e-08             356.625           3.162e+02     
 180.000         180.000            1.400e-05           1.396e-05             301.744           4.115e-08             331.463           3.724e+01     
   0.000         185.000            1.401e-05           1.375e-05             301.608           2.612e-07             133.046           3.725e+01     
   5.000         185.000            3.652e-02           3.652e-02             300.489           2.710e-07             162.648           3.162e+02     
  10.000         185.000            1.577e-01           1.577e-01             327.406           2.454e-07             188.108           3.162e+02     
  15.000         185.000            3.521e-01           3.521e-01             351.713           1.776e-07             211.951           3.162e+02     
  20.000         185.000            5.493e-01           5.493e-01              15.704           1.024e-07             237.436           3.162e+02     
  25.000         185.000            6.946e-01           6.946e-01              41.457           4.278e-08             266.216           3.162e+02     
  30.000         185.000            8.198e-01           8.198e-01              69.268           9.098e-09             303.335           3.162e+02     
  35.000         185.000            9.871e-01           9.871e-01              96.766           1.658e-09              86.593           3.162e+02     
  40.000         185.000            1.180e+00           1.180e+00             121.288           2.653e-08             146.728           3.162e+02     
  45.000         185.000            1.295e+00           1.295e+00             142.618           9.283e-08             173.548           3.162e+02     
  50.000         185.000            1.248e+00           1.248e+00             162.413           1.980e-07             193.998           3.162e+02     
  55.000         185.000            1.064e+00           1.064e+00             182.984           3.145e-07             210.995           3.162e+02     
  60.000         185.000            8.668e-01           8.668e-01             206.494           4.007e-07             225.540           3.162e+02     
  65.000         185.000            7.826e-01           7.826e-01             232.895           4.216e-07             237.733           3.162e+02     
  70.000         185.000            8.680e-01           8.680e-01             257.721           3.681e-07             247.903           3.162e+02     
  75.000         185.000            1.090e+00           1.090e+00             276.358           2.596e-07             255.991           3.162e+02     
  80.000         185.000            1.356e+00           1.356e+00             288.276           1.346e-07             261.896           3.162e+02     
  85.000         185.000            1.566e+00           1.566e+00             294.755           3.675e-08             265.561           3.162e+02     
  90.000         185.000            1.645e+00           1.645e+00             296.803           6.278e-13             205.255           3.162e+02     
  95.000         185.000            1.566e+00           1.566e+00             294.755           3.674e-08              85.584           3.162e+02     
 100.000         185.000            1.356e+00           1.356e+00             288.276           1.345e-07              81.908           3.162e+02     
 105.000         185.000            1.090e+00           1.090e+00             276.358           2.595e-07              75.999           3.162e+02     
 110.000         185.000            8.680e-01           8.680e-01             257.721           3.681e-07              67.910           3.162e+02     
 115.000         185.000            7.826e-01           7.826e-01             232.895           4.215e-07              57.739           3.162e+02     
 120.000         185.000            8.668e-01           8.668e-01             206.494           4.007e-07              45.545           3.162e+02     
 125.000         185.000            1.064e+00           1.064e+00             182.984           3.145e-07              31.000           3.162e+02     
 130.000         185.000            1.248e+00           1.248e+00             162.413           1.980e-07              14.004           3.162e+02     
 135.000         185.000            1.295e+00           1.295e+00             142.618           9.283e-08             353.556           3.162e+02     
 140.000         185.000            1.180e+00           1.180e+00             121.288           2.653e-08             326.744           3.162e+02     
 145.000         185.000            9.871e-01           9.871e-01              96.766           1.656e-09             266.647           3.162e+02     
 150.000         185.000            8.198e-01           8.198e-01              69.268           9.094e-09             123.313           3.162e+02     
 155.000         185.000            6.946e-01           6.946e-01              41.457           4.278e-08              86.206           3.162e+02     
 160.000         185.000            5.493e-01           5.493e-01              15.704           1.024e-07              57.430           3.162e+02     
 165.000         185.000            3.521e-01           3.521e-01             351.713           1.776e-07              31.947           3.162e+02     
 170.000         185.000            1.577e-01           1.577e-01             327.406           2.454e-07               8.106           3.162e+02     
 175.000         185.000            3.652e-02           3.652e-02             300.489           2.711e-07             342.647           3.162e+02     
 180.000         185.000            1.400e-05           1.374e-05             301.609           2.612e-07             313.048           3.724e+01     
   0.000         190.000            1.401e-05           1.332e-05             301.470           6.861e-07             128.610           3.725e+01     
   5.000         190.000            3.602e-02           3.602e-02             299.215           6.725e-07             157.996           3.162e+02     
  10.000         190.000            1.541e-01           1.541e-01             324.920           5.813e-07             184.734           3.162e+02     
  15.000         190.000            3.422e-01           3.422e-01             347.956           4.262e-07             211.941           3.162e+02     
  20.000         190.000            5.325e-01           5.325e-01              10.512           2.812e-07             240.984           3.162e+02     
  25.000         190.000            6.697e-01           6.697e-01              34.652           1.673e-07             271.692           3.162e+02     
  30.000         190.000            7.792e-01           7.792e-01              60.877           7.915e-08             302.403           3.162e+02     
  35.000         190.000            9.220e-01           9.220e-01              87.164           1.780e-08             338.834           3.162e+02     
  40.000         190.000            1.097e+00           1.097e+00             110.838           5.728e-09             118.674           3.162e+02     
  45.000         190.000            1.221e+00           1.221e+00             131.326           6.293e-08             167.859           3.162e+02     
  50.000         190.000            1.217e+00           1.217e+00             149.912           1.819e-07             190.457           3.162e+02     
  55.000         190.000            1.084e+00           1.084e+00             168.478           3.188e-07             208.671           3.162e+02     
  60.000         190.000            9.089e-01           9.089e-01             188.754           4.240e-07             224.528           3.162e+02     
  65.000         190.000            7.929e-01           7.929e-01             211.187           4.599e-07             238.360           3.162e+02     
  70.000         190.000            7.930e-01           7.930e-01             233.412           4.154e-07             249.887           3.162e+02     
  75.000         190.000            8.993e-01           8.993e-01             251.618           3.027e-07             259.018           3.162e+02     
  80.000         190.000            1.054e+00           1.054e+00             264.048           1.615e-07             265.628           3.162e+02     
  85.000         190.000            1.184e+00           1.184e+00             271.029           4.512e-08             269.729           3.162e+02     
  90.000         190.000            1.234e+00           1.234e+00             273.261           2.013e-12             155.203           3.162e+02     
  95.000         190.000            1.184e+00           1.184e+00             271.029           4.511e-08              89.754           3.162e+02     
 100.000         190.000            1.054e+00           1.054e+00             264.048           1.615e-07              85.642           3.162e+02     
 105.000         190.000            8.993e-01           8.993e-01             251.618           3.027e-07              79.028           3.162e+02     
 110.000         190.000            7.930e-01           7.930e-01             233.412           4.154e-07              69.894           3.162e+02     
 115.000         190.000            7.929e-01           7.929e-01             211.187           4.599e-07              58.367           3.162e+02     
 120.000         190.000            9.089e-01           9.089e-01             188.754           4.240e-07              44.534           3.162e+02     
 125.000         190.000            1.084e+00           1.084e+00             168.478           3.188e-07              28.678           3.162e+02     
 130.000         190.000            1.217e+00           1.217e+00             149.912           1.819e-07              10.466           3.162e+02     
 135.000         190.000            1.221e+00           1.221e+00             131.326           6.293e-08             347.872           3.162e+02     
 140.000         190.000            1.097e+00           1.097e+00             110.838           5.725e-09             298.715           3.162e+02     
 145.000         190.000            9.220e-01           9.220e-01              87.164           1.779e-08             158.818           3.162e+02     
 150.000         190.000            7.792e-01           7.792e-01              60.877           7.913e-08             122.395           3.162e+02     
 155.000         190.000            6.697e-01           6.697e-01              34.652           1.672e-07              91.686           3.162e+02     
 160.000         190.000            5.325e-01           5.325e-01              10.512           2.812e-07              60.980           3.162e+02     
 165.000         190.000            3.422e-01           3.422e-01             347.956           4.262e-07              31.938           3.162e+02     
 170.000         190.000            1.541e-01           1.541e-01             324.920           5.813e-07               4.733           3.162e+02     
 175.000         190.000            3.602e-02           3.602e-02             299.215           6.725e-07             337.996           3.162e+02     
 180.000         190.000            1.400e-05           1.332e-05             301.470           6.861e-07             308.611           3.724e+01     
   0.000         195.000            1.401e-05           1.270e-05             301.325           1.303e-06             126.625           3.725e+01     
   5.000         195.000            3.546e-02           3.546e-02             297.706           1.241e-06             154.999           2.790e+02     
  10.000         195.000            1.498e-01           1.498e-01             322.011           1.049e-06             181.583           3.162e+02     
  15.000         195.000            3.309e-01           3.309e-01             343.596           7.756e-07             209.335           3.162e+02     
  20.000         195.000            5.148e-01           5.148e-01               4.502           5.468e-07             238.867           3.162e+02     
  25.000         195.000            6.463e-01           6.463e-01              26.715           3.756e-07             268.691           3.162e+02     
  30.000         195.000            7.424e-01           7.424e-01              50.926           2.236e-07             295.818           3.162e+02     
  35.000         195.000            8.594e-01           8.594e-01              75.613           8.808e-08             320.775           3.162e+02     
  40.000         195.000            1.010e+00           1.010e+00              98.282           6.963e-09             354.222           3.162e+02     
  45.000         195.000            1.141e+00           1.141e+00             117.976           2.187e-08             164.298           3.162e+02     
  50.000         195.000            1.182e+00           1.182e+00             135.469           1.185e-07             187.799           3.162e+02     
  55.000         195.000            1.118e+00           1.118e+00             152.115           2.473e-07             206.199           3.162e+02     
  60.000         195.000            9.929e-01           9.929e-01             169.089           3.547e-07             222.859           3.162e+02     
  65.000         195.000            8.746e-01           8.746e-01             186.844           4.035e-07             237.718           3.162e+02     
  70.000         195.000            8.124e-01           8.124e-01             204.525           3.826e-07             250.042           3.162e+02     
  75.000         195.000            8.157e-01           8.157e-01             220.128           2.907e-07             259.699           3.162e+02     
  80.000         195.000            8.602e-01           8.602e-01             231.823           1.602e-07             266.580           3.162e+02     
  85.000         195.000            9.083e-01           9.083e-01             238.853           4.584e-08             270.777           3.162e+02     
  90.000         195.000            9.283e-01           9.283e-01             241.177           4.256e-12             126.671           3.162e+02     
  95.000         195.000            9.083e-01           9.083e-01             238.853           4.585e-08              90.802           3.162e+02     
 100.000         195.000            8.602e-01           8.602e-01             231.823           1.602e-07              86.594           3.162e+02     
 105.000         195.000            8.157e-01           8.157e-01             220.128           2.907e-07              79.709           3.162e+02     
 110.000         195.000            8.124e-01           8.124e-01             204.525           3.826e-07              70.051           3.162e+02     
 115.000         195.000            8.746e-01           8.746e-01             186.844           4.035e-07              57.726           3.162e+02     
 120.000         195.000            9.929e-01           9.929e-01             169.089           3.547e-07              42.867           3.162e+02     
 125.000         195.000            1.118e+00           1.118e+00             152.115           2.473e-07              26.207           3.162e+02     
 130.000         195.000            1.182e+00           1.182e+00             135.469           1.185e-07               7.811           3.162e+02     
 135.000         195.000            1.141e+00           1.141e+00             117.976           2.187e-08             344.324           3.162e+02     
 140.000         195.000            1.010e+00           1.010e+00              98.282           6.956e-09             174.190           3.162e+02     
 145.000         195.000            8.594e-01           8.594e-01              75.613           8.805e-08             140.765           3.162e+02     
 150.000         195.000            7.424e-01           7.424e-01              50.926           2.235e-07             115.812           3.162e+02     
 155.000         195.000            6.463e-01           6.463e-01              26.715           3.755e-07              88.688           3.162e+02     
 160.000         195.000            5.148e-01           5.148e-01               4.502           5.468e-07              58.864           3.162e+02     
 165.000         195.000            3.309e-01           3.309e-01             343.596           7.755e-07              29.332           3.162e+02     
 170.000         195.000            1.498e-01           1.498e-01             322.011           1.049e-06               1.582           3.162e+02     
 175.000         195.000            3.546e-02           3.546e-02             297.706           1.241e-06             334.999           2.790e+02     
 180.000         195.000            1.400e-05           1.270e-05             301.326           1.303e-06             306.626           3.724e+01     
   0.000         200.000            1.401e-05           1.191e-05             301.173           2.093e-06             125.488           3.725e+01     
   5.000         200.000            3.485e-02           3.485e-02             295.972           1.959e-06             152.463           2.243e+02     
  10.000         200.000            1.452e-01           1.452e-01             318.692           1.635e-06             178.128           3.162e+02     
  15.000         200.000            3.185e-01           3.185e-01             338.670           1.217e-06             205.254           3.162e+02     
  20.000         200.000            4.963e-01           4.963e-01             357.763           8.870e-07             234.080           3.162e+02     
  25.000         200.000            6.251e-01           6.251e-01              17.836           6.566e-07             262.481           3.162e+02     
  30.000         200.000            7.127e-01           7.127e-01              39.715           4.420e-07             286.982           3.162e+02     
  35.000         200.000            8.071e-01           8.071e-01              62.414           2.231e-07             307.927           3.162e+02     
  40.000         200.000            9.313e-01           9.313e-01              83.836           5.500e-08             323.853           3.162e+02     
  45.000         200.000            1.056e+00           1.056e+00             102.758           1.027e-09             243.971           3.162e+02     
  50.000         200.000            1.132e+00           1.132e+00             119.404           4.812e-08             196.260           3.162e+02     
  55.000         200.000            1.133e+00           1.133e+00             134.601           1.466e-07             210.101           3.162e+02     
  60.000         200.000            1.074e+00           1.074e+00             149.053           2.435e-07             225.816           3.162e+02     
  65.000         200.000            9.919e-01           9.919e-01             163.021           3.053e-07             240.436           3.162e+02     
  70.000         200.000            9.201e-01           9.201e-01             176.191           3.060e-07             252.901           3.162e+02     
  75.000         200.000            8.749e-01           8.749e-01             187.759           2.448e-07             262.320           3.162e+02     
  80.000         200.000            8.553e-01           8.553e-01             196.759           1.397e-07             268.939           3.162e+02     
  85.000         200.000            8.509e-01           8.509e-01             202.430           4.092e-08             272.863           3.162e+02     
  90.000         200.000            8.508e-01           8.508e-01             204.360           6.219e-12             102.244           3.162e+02     
  95.000         200.000            8.509e-01           8.509e-01             202.430           4.093e-08              92.884           3.162e+02     
 100.000         200.000            8.553e-01           8.553e-01             196.759           1.398e-07              88.950           3.162e+02     
 105.000         200.000            8.749e-01           8.749e-01             187.759           2.448e-07              82.329           3.162e+02     
 110.000         200.000            9.201e-01           9.201e-01             176.191           3.061e-07              72.909           3.162e+02     
 115.000         200.000            9.919e-01           9.919e-01             163.021           3.053e-07              60.444           3.162e+02     
 120.000         200.000            1.074e+00           1.074e+00             149.053           2.435e-07              45.824           3.162e+02     
 125.000         200.000            1.133e+00           1.133e+00             134.601           1.466e-07              30.111           3.162e+02     
 130.000         200.000            1.132e+00           1.132e+00             119.404           4.814e-08              16.277           3.162e+02     
 135.000         200.000            1.056e+00           1.056e+00             102.758           1.031e-09              63.948           3.162e+02     
 140.000         200.000            9.313e-01           9.313e-01              83.836           5.499e-08             143.838           3.162e+02     
 145.000         200.000            8.071e-01           8.071e-01              62.414           2.231e-07             127.921           3.162e+02     
 150.000         200.000            7.127e-01           7.127e-01              39.715           4.420e-07             106.978           3.162e+02     
 155.000         200.000            6.251e-01           6.251e-01              17.836           6.566e-07              82.478           3.162e+02     
 160.000         200.000            4.963e-01           4.963e-01             357.763           8.869e-07              54.077           3.162e+02     
 165.000         200.000            3.185e-01           3.185e-01             338.670           1.217e-06              25.252           3.162e+02     
 170.000         200.000            1.452e-01           1.452e-01             318.692           1.635e-06             358.127           3.162e+02     
 175.000         200.000            3.485e-02           3.485e-02             295.972           1.959e-06             332.463           2.243e+02     
 180.000         200.000            1.400e-05           1.191e-05             301.173           2.093e-06             305.489           3.724e+01     
   0.000         205.000            1.401e-05           1.097e-05             301.009           3.032e-06             124.744           3.725e+01     
   5.000         205.000            3.420e-02           3.420e-02             294.023           2.806e-06             150.040           1.877e+02     
  10.000         205.000            1.401e-01           1.401e-01             314.983           2.327e-06             174.306           3.162e+02     
  15.000         205.000            3.051e-01           3.051e-01             333.216           1.741e-06             200.080           3.162e+02     
  20.000         205.000            4.769e-01           4.769e-01             350.388           1.289e-06             227.441           3.162e+02     
  25.000         205.000            6.055e-01           6.055e-01               8.225           9.865e-07             254.053           3.162e+02     
  30.000         205.000            6.903e-01           6.903e-01              27.617           7.020e-07             277.148           3.162e+02     
  35.000         205.000            7.687e-01           7.687e-01              48.039           4.280e-07             295.016           3.162e+02     
  40.000         205.000            8.668e-01           8.668e-01              67.899           1.742e-07             305.464           3.162e+02     
  45.000         205.000            9.742e-01           9.742e-01              85.925           4.442e-08             295.479           3.162e+02     
  50.000         205.000            1.060e+00           1.060e+00             101.879           3.580e-08             247.654           3.162e+02     
  55.000         205.000            1.103e+00           1.103e+00             116.097           9.998e-08             233.578           3.162e+02     
  60.000         205.000            1.102e+00           1.102e+00             128.915           1.908e-07             239.435           3.162e+02     
  65.000         205.000            1.071e+00           1.071e+00             140.440           2.581e-07             249.737           3.162e+02     
  70.000         205.000            1.029e+00           1.029e+00             150.532           2.746e-07             259.362           3.162e+02     
  75.000         205.000            9.884e-01           9.884e-01             158.898           2.240e-07             267.382           3.162e+02     
  80.000         205.000            9.571e-01           9.571e-01             165.193           1.303e-07             272.707           3.162e+02     
  85.000         205.000            9.379e-01           9.379e-01             169.108           3.851e-08             275.780           3.162e+02     
  90.000         205.000            9.315e-01           9.315e-01             170.437           7.186e-12              77.295           3.162e+02     
  95.000         205.000            9.379e-01           9.379e-01             169.108           3.853e-08              95.791           3.162e+02     
 100.000         205.000            9.571e-01           9.571e-01             165.193           1.303e-07              92.713           3.162e+02     
 105.000         205.000            9.884e-01           9.884e-01             158.898           2.241e-07              87.387           3.162e+02     
 110.000         205.000            1.029e+00           1.029e+00             150.532           2.747e-07              79.367           3.162e+02     
 115.000         205.000            1.071e+00           1.071e+00             140.440           2.581e-07              69.742           3.162e+02     
 120.000         205.000            1.102e+00           1.102e+00             128.915           1.909e-07              59.440           3.162e+02     
 125.000         205.000            1.103e+00           1.103e+00             116.097           1.000e-07              53.583           3.162e+02     
 130.000         205.000            1.060e+00           1.060e+00             101.879           3.583e-08              67.652           3.162e+02     
 135.000         205.000            9.742e-01           9.742e-01              85.925           4.443e-08             115.461           3.162e+02     
 140.000         205.000            8.668e-01           8.668e-01              67.899           1.741e-07             125.455           3.162e+02     
 145.000         205.000            7.687e-01           7.687e-01              48.039           4.279e-07             115.011           3.162e+02     
 150.000         205.000            6.903e-01           6.903e-01              27.617           7.020e-07              97.145           3.162e+02     
 155.000         205.000            6.055e-01           6.055e-01               8.225           9.864e-07              74.051           3.162e+02     
 160.000         205.000            4.769e-01           4.769e-01             350.388           1.289e-06              47.439           3.162e+02     
 165.000         205.000            3.051e-01           3.051e-01             333.216           1.741e-06              20.078           3.162e+02     
 170.000         205.000            1.401e-01           1.401e-01             314.983           2.327e-06             354.305           3.162e+02     
 175.000         205.000            3.420e-02           3.420e-02             294.023           2.806e-06             330.040           1.877e+02     
 180.000         205.000            1.400e-05           1.097e-05             301.009           3.032e-06             304.744           3.724e+01     
   0.000         210.000            1.401e-05           9.914e-06             300.829           4.092e-06             124.211           3.725e+01     
   5.000         210.000            3.352e-02           3.351e-02             291.871           3.757e-06             147.598           1.618e+02     
  10.000         210.000            1.347e-01           1.347e-01             310.902           3.107e-06             170.113           3.162e+02     
  15.000         210.000            2.908e-01           2.908e-01             327.267           2.341e-06             194.019           3.162e+02     
  20.000         210.000            4.562e-01           4.562e-01             342.458           1.743e-06             219.300           3.162e+02     
  25.000         210.000            5.857e-01           5.857e-01             358.068           1.343e-06             244.358           3.162e+02     
  30.000         210.000            6.724e-01           6.724e-01              15.001           9.984e-07             265.209           3.162e+02     
  35.000         210.000            7.423e-01           7.423e-01              33.044           6.645e-07             280.242           3.162e+02     
  40.000         210.000            8.191e-01           8.191e-01              51.062           3.790e-07             287.950           3.162e+02     
  45.000         210.000            9.028e-01           9.028e-01              67.915           1.878e-07             283.202           3.162e+02     
  50.000         210.000            9.779e-01           9.779e-01              83.090           1.381e-07             266.788           3.162e+02     
  55.000         210.000            1.031e+00           1.031e+00              96.537           1.820e-07             255.879           3.162e+02     
  60.000         210.000            1.058e+00           1.058e+00             108.303           2.600e-07             254.788           3.162e+02     
  65.000         210.000            1.065e+00           1.065e+00             118.372           3.221e-07             259.317           3.162e+02     
  70.000         210.000            1.057e+00           1.057e+00             126.683           3.267e-07             265.084           3.162e+02     
  75.000         210.000            1.042e+00           1.042e+00             133.174           2.603e-07             270.255           3.162e+02     
  80.000         210.000            1.027e+00           1.027e+00             137.817           1.476e-07             274.105           3.162e+02     
  85.000         210.000            1.015e+00           1.015e+00             140.602           4.260e-08             276.730           3.162e+02     
  90.000         210.000            1.011e+00           1.011e+00             141.530           7.354e-12              50.357           3.162e+02     
  95.000         210.000            1.015e+00           1.015e+00             140.602           4.262e-08              96.728           3.162e+02     
 100.000         210.000            1.027e+00           1.027e+00             137.817           1.477e-07              94.104           3.162e+02     
 105.000         210.000            1.042e+00           1.042e+00             133.174           2.603e-07              90.255           3.162e+02     
 110.000         210.000            1.057e+00           1.057e+00             126.683           3.268e-07              85.084           3.162e+02     
 115.000         210.000            1.065e+00           1.065e+00             118.372           3.222e-07              79.317           3.162e+02     
 120.000         210.000            1.058e+00           1.058e+00             108.303           2.601e-07              74.787           3.162e+02     
 125.000         210.000            1.031e+00           1.031e+00              96.537           1.821e-07              75.876           3.162e+02     
 130.000         210.000            9.779e-01           9.779e-01              83.090           1.381e-07              86.781           3.162e+02     
 135.000         210.000            9.028e-01           9.028e-01              67.915           1.878e-07             103.194           3.162e+02     
 140.000         210.000            8.191e-01           8.191e-01              51.062           3.790e-07             107.944           3.162e+02     
 145.000         210.000            7.423e-01           7.423e-01              33.044           6.644e-07             100.239           3.162e+02     
 150.000         210.000            6.724e-01           6.724e-01              15.001           9.983e-07              85.207           3.162e+02     
 155.000         210.000            5.857e-01           5.857e-01             358.068           1.343e-06              64.357           3.162e+02     
 160.000         210.000            4.562e-01           4.562e-01             342.458           1.743e-06              39.299           3.162e+02     
 165.000         210.000            2.908e-01           2.908e-01             327.267           2.340e-06              14.018           3.162e+02     
 170.000         210.000            1.347e-01           1.347e-01             310.902           3.107e-06             350.112           3.162e+02     
 175.000         210.000            3.352e-02           3.351e-02             291.871           3.757e-06             327.598           1.618e+02     
 180.000         210.000            1.400e-05           9.913e-06             300.829           4.092e-06             304.212           3.724e+01     
   0.000         215.000            1.401e-05           8.766e-06             300.628           5.240e-06             123.806           3.725e+01     
   5.000         215.000            3.281e-02           3.281e-02             289.530           4.784e-06             145.082           1.424e+02     
  10.000         215.000            1.292e-01           1.292e-01             306.466           3.958e-06             165.569           2.864e+02     
  15.000         215.000            2.758e-01           2.758e-01             320.853           3.008e-06             187.233           3.162e+02     
  20.000         215.000            4.338e-01           4.338e-01             334.033           2.211e-06             210.077           3.162e+02     
  25.000         215.000            5.635e-01           5.635e-01             347.497           1.727e-06             232.851           3.162e+02     
  30.000         215.000            6.538e-01           6.538e-01               2.140           1.308e-06             251.306           3.162e+02     
  35.000         215.000            7.208e-01           7.208e-01              17.916           9.504e-07             264.043           3.162e+02     
  40.000         215.000            7.830e-01           7.830e-01              33.989           6.487e-07             270.047           3.162e+02     
  45.000         215.000            8.443e-01           8.443e-01              49.387           4.437e-07             268.415           3.162e+02     
  50.000         215.000            8.984e-01           8.984e-01              63.501           3.815e-07             261.745           3.162e+02     
  55.000         215.000            9.401e-01           9.401e-01              76.066           4.185e-07             256.745           3.162e+02     
  60.000         215.000            9.691e-01           9.691e-01              86.939           4.882e-07             257.024           3.162e+02     
  65.000         215.000            9.878e-01           9.878e-01              96.014           5.206e-07             258.738           3.162e+02     
  70.000         215.000            9.986e-01           9.986e-01             103.250           4.744e-07             262.588           3.162e+02     
  75.000         215.000            1.004e+00           1.004e+00             108.691           3.507e-07             266.195           3.162e+02     
  80.000         215.000            1.005e+00           1.005e+00             112.445           1.890e-07             268.962           3.162e+02     
  85.000         215.000            1.004e+00           1.004e+00             114.635           5.312e-08             270.466           3.162e+02     
  90.000         215.000            1.004e+00           1.004e+00             115.354           7.316e-12              21.825           3.162e+02     
  95.000         215.000            1.004e+00           1.004e+00             114.635           5.313e-08              90.457           3.162e+02     
 100.000         215.000            1.005e+00           1.005e+00             112.445           1.890e-07              88.957           3.162e+02     
 105.000         215.000            1.004e+00           1.004e+00             108.691           3.507e-07              86.192           3.162e+02     
 110.000         215.000            9.986e-01           9.986e-01             103.250           4.745e-07              82.586           3.162e+02     
 115.000         215.000            9.878e-01           9.878e-01              96.014           5.207e-07              78.735           3.162e+02     
 120.000         215.000            9.691e-01           9.691e-01              86.939           4.883e-07              77.021           3.162e+02     
 125.000         215.000            9.401e-01           9.401e-01              76.066           4.185e-07              76.741           3.162e+02     
 130.000         215.000            8.984e-01           8.984e-01              63.501           3.815e-07              81.741           3.162e+02     
 135.000         215.000            8.443e-01           8.443e-01              49.387           4.437e-07              88.411           3.162e+02     
 140.000         215.000            7.830e-01           7.830e-01              33.989           6.487e-07              90.044           3.162e+02     
 145.000         215.000            7.208e-01           7.208e-01              17.916           9.503e-07              84.041           3.162e+02     
 150.000         215.000            6.538e-01           6.538e-01               2.140           1.308e-06              71.304           3.162e+02     
 155.000         215.000            5.635e-01           5.635e-01             347.497           1.726e-06              52.850           3.162e+02     
 160.000         215.000            4.338e-01           4.338e-01             334.033           2.211e-06              30.076           3.162e+02     
 165.000         215.000            2.758e-01           2.758e-01             320.853           3.008e-06               7.232           3.162e+02     
 170.000         215.000            1.292e-01           1.292e-01             306.466           3.957e-06             345.568           2.865e+02     
 175.000         215.000            3.281e-02           3.281e-02             289.530           4.784e-06             325.082           1.424e+02     
 180.000         215.000            1.400e-05           8.765e-06             300.628           5.240e-06             303.806           3.724e+01     
   0.000         220.000            1.401e-05           7.564e-06             300.397           6.442e-06             123.483           3.725e+01     
   5.000         220.000            3.210e-02           3.209e-02             287.014           5.858e-06             142.468           1.276e+02     
  10.000         220.000            1.235e-01           1.235e-01             301.696           4.857e-06             160.706           2.533e+02     
  15.000         220.000            2.602e-01           2.602e-01             313.995           3.737e-06             179.875           3.162e+02     
  20.000         220.000            4.094e-01           4.094e-01             325.147           2.725e-06             199.866           3.162e+02     
  25.000         220.000            5.369e-01           5.369e-01             336.576           2.069e-06             219.399           3.162e+02     
  30.000         220.000            6.293e-01           6.293e-01             349.163           1.630e-06             235.667           3.162e+02     
  35.000         220.000            6.949e-01           6.949e-01               2.929           1.226e-06             246.311           3.162e+02     
  40.000         220.000            7.473e-01           7.473e-01              17.174           9.385e-07             251.173           3.162e+02     
  45.000         220.000            7.916e-01           7.916e-01              31.008           7.885e-07             251.153           3.162e+02     
  50.000         220.000            8.265e-01           8.265e-01              43.800           7.419e-07             248.565           3.162e+02     
  55.000         220.000            8.519e-01           8.519e-01              55.208           7.740e-07             246.738           3.162e+02     
  60.000         220.000            8.710e-01           8.710e-01              65.030           8.170e-07             247.933           3.162e+02     
  65.000         220.000            8.875e-01           8.875e-01              73.137           7.951e-07             251.024           3.162e+02     
  70.000         220.000            9.029e-01           9.029e-01              79.496           6.707e-07             253.759           3.162e+02     
  75.000         220.000            9.168e-01           9.168e-01              84.191           4.669e-07             256.403           3.162e+02     
  80.000         220.000            9.279e-01           9.279e-01              87.374           2.409e-07             258.461           3.162e+02     
  85.000         220.000            9.349e-01           9.349e-01              89.208           6.578e-08             259.545           3.162e+02     
  90.000         220.000            9.374e-01           9.374e-01              89.805           7.380e-12             352.868           3.162e+02     
  95.000         220.000            9.349e-01           9.349e-01              89.208           6.578e-08              79.534           3.162e+02     
 100.000         220.000            9.279e-01           9.279e-01              87.374           2.409e-07              78.455           3.162e+02     
 105.000         220.000            9.168e-01           9.168e-01              84.191           4.669e-07              76.400           3.162e+02     
 110.000         220.000            9.029e-01           9.029e-01              79.496           6.707e-07              73.756           3.162e+02     
 115.000         220.000            8.875e-01           8.875e-01              73.137           7.952e-07              71.022           3.162e+02     
 120.000         220.000            8.710e-01           8.710e-01              65.030           8.170e-07              67.931           3.162e+02     
 125.000         220.000            8.519e-01           8.519e-01              55.208           7.740e-07              66.736           3.162e+02     
 130.000         220.000            8.265e-01           8.265e-01              43.800           7.419e-07              68.562           3.162e+02     
 135.000         220.000            7.916e-01           7.916e-01              31.008           7.884e-07              71.150           3.162e+02     
 140.000         220.000            7.473e-01           7.473e-01              17.174           9.385e-07              71.170           3.162e+02     
 145.000         220.000            6.949e-01           6.949e-01               2.929           1.226e-06              66.309           3.162e+02     
 150.000         220.000            6.293e-01           6.293e-01             349.163           1.630e-06              55.665           3.162e+02     
 155.000         220.000            5.369e-01           5.369e-01             336.576           2.069e-06              39.397           3.162e+02     
 160.000         220.000            4.094e-01           4.094e-01             325.147           2.724e-06              19.864           3.162e+02     
 165.000         220.000            2.602e-01           2.602e-01             313.995           3.737e-06             359.874           3.162e+02     
 170.000         220.000            1.235e-01           1.235e-01             301.696           4.857e-06             340.706           2.533e+02     
 175.000         220.000            3.210e-02           3.209e-02             287.014           5.857e-06             322.469           1.276e+02     
 180.000         220.000            1.400e-05           7.563e-06             300.397           6.442e-06             303.483           3.724e+01     
   0.000         225.000            1.401e-05           6.345e-06             300.126           7.661e-06             123.216           3.725e+01     
   5.000         225.000            3.138e-02           3.138e-02             284.341           6.947e-06             139.753           1.160e+02     
  10.000         225.000            1.178e-01           1.178e-01             296.612           5.782e-06             155.563           2.271e+02     
  15.000         225.000            2.443e-01           2.443e-01             306.710           4.495e-06             172.095           3.162e+02     
  20.000         225.000            3.833e-01           3.833e-01             315.808           3.281e-06             188.861           3.162e+02     
  25.000         225.000            5.053e-01           5.053e-01             325.298           2.470e-06             205.198           3.162e+02     
  30.000         225.000            5.954e-01           5.954e-01             336.049           1.951e-06             218.597           3.162e+02     
  35.000         225.000            6.569e-01           6.568e-01             348.102           1.531e-06             227.421           3.162e+02     
  40.000         225.000            7.006e-01           7.006e-01               0.774           1.266e-06             231.345           3.162e+02     
  45.000         225.000            7.330e-01           7.330e-01              13.150           1.146e-06             231.833           3.162e+02     
  50.000         225.000            7.555e-01           7.555e-01              24.533           1.136e-06             231.842           3.162e+02     
  55.000         225.000            7.702e-01           7.702e-01              34.559           1.163e-06             232.729           3.162e+02     
  60.000         225.000            7.820e-01           7.820e-01              43.059           1.159e-06             234.783           3.162e+02     
  65.000         225.000            7.958e-01           7.958e-01              49.969           1.061e-06             237.465           3.162e+02     
  70.000         225.000            8.132e-01           8.132e-01              55.317           8.524e-07             240.189           3.162e+02     
  75.000         225.000            8.326e-01           8.326e-01              59.223           5.697e-07             242.547           3.162e+02     
  80.000         225.000            8.506e-01           8.506e-01              61.850           2.833e-07             244.443           3.162e+02     
  85.000         225.000            8.632e-01           8.632e-01              63.357           7.569e-08             245.343           3.162e+02     
  90.000         225.000            8.678e-01           8.678e-01              63.847           7.581e-12             323.826           3.162e+02     
  95.000         225.000            8.632e-01           8.632e-01              63.357           7.568e-08              65.333           3.162e+02     
 100.000         225.000            8.506e-01           8.506e-01              61.850           2.833e-07              64.439           3.162e+02     
 105.000         225.000            8.326e-01           8.326e-01              59.223           5.696e-07              62.544           3.162e+02     
 110.000         225.000            8.132e-01           8.132e-01              55.317           8.524e-07              60.186           3.162e+02     
 115.000         225.000            7.958e-01           7.958e-01              49.969           1.061e-06              57.463           3.162e+02     
 120.000         225.000            7.820e-01           7.820e-01              43.059           1.159e-06              54.781           3.162e+02     
 125.000         225.000            7.702e-01           7.702e-01              34.559           1.163e-06              52.727           3.162e+02     
 130.000         225.000            7.555e-01           7.555e-01              24.533           1.136e-06              51.840           3.162e+02     
 135.000         225.000            7.330e-01           7.330e-01              13.150           1.146e-06              51.832           3.162e+02     
 140.000         225.000            7.006e-01           7.006e-01               0.774           1.266e-06              51.343           3.162e+02     
 145.000         225.000            6.569e-01           6.568e-01             348.102           1.531e-06              47.420           3.162e+02     
 150.000         225.000            5.954e-01           5.954e-01             336.049           1.950e-06              38.596           3.162e+02     
 155.000         225.000            5.053e-01           5.053e-01             325.298           2.470e-06              25.196           3.162e+02     
 160.000         225.000            3.833e-01           3.833e-01             315.808           3.280e-06               8.860           3.162e+02     
 165.000         225.000            2.443e-01           2.443e-01             306.710           4.494e-06             352.094           3.162e+02     
 170.000         225.000            1.178e-01           1.178e-01             296.612           5.782e-06             335.563           2.271e+02     
 175.000         225.000            3.138e-02           3.138e-02             284.341           6.946e-06             319.754           1.160e+02     
 180.000         225.000            1.400e-05           6.344e-06             300.126           7.661e-06             303.216           3.724e+01     
   0.000         230.000            1.401e-05           5.146e-06             299.798           8.860e-06             122.988           3.725e+01     
   5.000         230.000            3.068e-02           3.067e-02             281.528           8.018e-06             136.940           1.068e+02     
  10.000         230.000            1.123e-01           1.123e-01             291.236           6.706e-06             150.178           2.059e+02     
  15.000         230.000            2.286e-01           2.285e-01             299.008           5.220e-06             163.466           2.988e+02     
  20.000         230.000            3.561e-01           3.560e-01             306.007           3.879e-06             177.378           3.162e+02     
  25.000         230.000            4.692e-01           4.692e-01             313.605           2.912e-06             190.279           3.162e+02     
  30.000         230.000            5.518e-01           5.518e-01             322.670           2.255e-06             200.615           3.162e+02     
  35.000         230.000            6.042e-01           6.042e-01             333.243           1.869e-06             207.643           3.162e+02     
  40.000         230.000            6.373e-01           6.373e-01             344.607           1.610e-06             210.621           3.162e+02     
  45.000         230.000            6.600e-01           6.600e-01             355.721           1.491e-06             211.586           3.162e+02     
  50.000         230.000            6.759e-01           6.759e-01               5.745           1.485e-06             212.975           3.162e+02     
  55.000         230.000            6.879e-01           6.879e-01              14.249           1.500e-06             215.665           3.162e+02     
  60.000         230.000            7.003e-01           7.003e-01              21.136           1.427e-06             218.408           3.162e+02     
  65.000         230.000            7.175e-01           7.175e-01              26.491           1.240e-06             221.222           3.162e+02     
  70.000         230.000            7.411e-01           7.411e-01              30.494           9.570e-07             224.303           3.162e+02     
  75.000         230.000            7.686e-01           7.686e-01              33.352           6.186e-07             226.795           3.162e+02     
  80.000         230.000            7.948e-01           7.948e-01              35.253           3.019e-07             228.567           3.162e+02     
  85.000         230.000            8.137e-01           8.137e-01              36.339           7.938e-08             229.447           3.162e+02     
  90.000         230.000            8.206e-01           8.206e-01              36.692           7.986e-12             294.178           3.162e+02     
  95.000         230.000            8.137e-01           8.137e-01              36.339           7.935e-08              49.441           3.162e+02     
 100.000         230.000            7.948e-01           7.948e-01              35.253           3.019e-07              48.564           3.162e+02     
 105.000         230.000            7.686e-01           7.686e-01              33.352           6.186e-07              46.793           3.162e+02     
 110.000         230.000            7.411e-01           7.411e-01              30.494           9.569e-07              44.301           3.162e+02     
 115.000         230.000            7.175e-01           7.175e-01              26.491           1.240e-06              41.221           3.162e+02     
 120.000         230.000            7.003e-01           7.003e-01              21.136           1.426e-06              38.406           3.162e+02     
 125.000         230.000            6.879e-01           6.879e-01              14.249           1.500e-06              35.664           3.162e+02     
 130.000         230.000            6.759e-01           6.759e-01               5.745           1.485e-06              32.973           3.162e+02     
 135.000         230.000            6.600e-01           6.600e-01             355.721           1.491e-06              31.584           3.162e+02     
 140.000         230.000            6.373e-01           6.373e-01             344.607           1.610e-06              30.620           3.162e+02     
 145.000         230.000            6.042e-01           6.042e-01             333.243           1.869e-06              27.641           3.162e+02     
 150.000         230.000            5.518e-01           5.518e-01             322.670           2.254e-06              20.614           3.162e+02     
 155.000         230.000            4.692e-01           4.692e-01             313.605           2.912e-06              10.278           3.162e+02     
 160.000         230.000            3.561e-01           3.560e-01             306.007           3.879e-06             357.377           3.162e+02     
 165.000         230.000            2.286e-01           2.285e-01             299.008           5.220e-06             343.465           2.988e+02     
 170.000         230.000            1.123e-01           1.123e-01             291.236           6.705e-06             330.178           2.059e+02     
 175.000         230.000            3.068e-02           3.067e-02             281.528           8.018e-06             316.940           1.068e+02     
 180.000         230.000            1.400e-05           5.145e-06             299.798           8.859e-06             302.988           3.724e+01     
   0.000         235.000            1.401e-05           4.004e-06             299.385           1.000e-05             122.789           3.725e+01     
   5.000         235.000            3.000e-02           2.999e-02             278.595           9.041e-06             134.038           9.934e+01     
  10.000         235.000            1.070e-01           1.070e-01             285.593           7.598e-06             144.591           1.885e+02     
  15.000         235.000            2.133e-01           2.132e-01             290.905           5.956e-06             154.989           2.720e+02     
  20.000         235.000            3.287e-01           3.287e-01             295.722           4.509e-06             165.704           3.162e+02     
  25.000         235.000            4.305e-01           4.305e-01             301.415           3.397e-06             175.122           3.162e+02     
  30.000         235.000            5.016e-01           5.016e-01             308.842           2.631e-06             182.637           3.162e+02     
  35.000         235.000            5.407e-01           5.407e-01             318.045           2.189e-06             187.241           3.162e+02     
  40.000         235.000            5.603e-01           5.602e-01             328.263           1.954e-06             189.525           3.162e+02     
  45.000         235.000            5.732e-01           5.732e-01             338.271           1.840e-06             190.999           3.162e+02     
  50.000         235.000            5.859e-01           5.859e-01             346.964           1.790e-06             192.922           3.162e+02     
  55.000         235.000            6.009e-01           6.009e-01             353.777           1.725e-06             195.774           3.162e+02     
  60.000         235.000            6.209e-01           6.209e-01             358.687           1.570e-06             199.128           3.162e+02     
  65.000         235.000            6.491e-01           6.491e-01               2.017           1.327e-06             203.327           3.162e+02     
  70.000         235.000            6.858e-01           6.858e-01               4.197           9.887e-07             206.543           3.162e+02     
  75.000         235.000            7.272e-01           7.272e-01               5.609           6.228e-07             209.179           3.162e+02     
  80.000         235.000            7.660e-01           7.660e-01               6.501           2.985e-07             211.061           3.162e+02     
  85.000         235.000            7.937e-01           7.937e-01               7.005           7.751e-08             212.017           3.162e+02     
  90.000         235.000            8.038e-01           8.038e-01               7.168           8.738e-12             263.644           3.162e+02     
  95.000         235.000            7.937e-01           7.937e-01               7.005           7.747e-08              32.016           3.162e+02     
 100.000         235.000            7.660e-01           7.660e-01               6.501           2.984e-07              31.060           3.162e+02     
 105.000         235.000            7.272e-01           7.272e-01               5.609           6.227e-07              29.178           3.162e+02     
 110.000         235.000            6.858e-01           6.858e-01               4.197           9.886e-07              26.543           3.162e+02     
 115.000         235.000            6.491e-01           6.491e-01               2.017           1.327e-06              23.326           3.162e+02     
 120.000         235.000            6.209e-01           6.209e-01             358.687           1.570e-06              19.127           3.162e+02     
 125.000         235.000            6.009e-01           6.009e-01             353.777           1.725e-06              15.772           3.162e+02     
 130.000         235.000            5.859e-01           5.859e-01             346.964           1.790e-06              12.921           3.162e+02     
 135.000         235.000            5.732e-01           5.732e-01             338.271           1.839e-06              10.998           3.162e+02     
 140.000         235.000            5.603e-01           5.602e-01             328.263           1.954e-06               9.524           3.162e+02     
 145.000         235.000            5.407e-01           5.407e-01             318.045           2.189e-06               7.240           3.162e+02     
 150.000         235.000            5.016e-01           5.016e-01             308.842           2.631e-06               2.636           3.162e+02     
 155.000         235.000            4.305e-01           4.305e-01             301.415           3.396e-06             355.122           3.162e+02     
 160.000         235.000            3.287e-01           3.287e-01             295.722           4.509e-06             345.703           3.162e+02     
 165.000         235.000            2.133e-01           2.132e-01             290.905           5.955e-06             334.988           2.720e+02     
 170.000         235.000            1.070e-01           1.070e-01             285.593           7.597e-06             324.591           1.886e+02     
 175.000         235.000            3.000e-02           2.999e-02             278.595           9.041e-06             314.038           9.935e+01     
 180.000         235.000            1.400e-05           4.003e-06             299.384           1.000e-05             302.789           3.724e+01     
   0.000         240.000            1.401e-05           2.952e-06             298.839           1.105e-05             122.610           3.725e+01     
   5.000         240.000            2.936e-02           2.935e-02             275.564           9.985e-06             131.059           9.339e+01     
  10.000         240.000            1.020e-01           1.020e-01             279.715           8.428e-06             138.837           1.743e+02     
  15.000         240.000            1.989e-01           1.989e-01             282.418           6.657e-06             146.293           2.494e+02     
  20.000         240.000            3.025e-01           3.024e-01             284.943           5.083e-06             153.461           3.162e+02     
  25.000         240.000            3.921e-01           3.921e-01             288.658           3.859e-06             160.019           3.162e+02     
  30.000         240.000            4.500e-01           4.500e-01             294.393           3.028e-06             164.859           3.162e+02     
  35.000         240.000            4.740e-01           4.740e-01             302.191           2.544e-06             167.630           3.162e+02     
  40.000         240.000            4.789e-01           4.789e-01             311.265           2.271e-06             168.780           3.162e+02     
  45.000         240.000            4.819e-01           4.819e-01             320.175           2.169e-06             170.533           3.162e+02     
  50.000         240.000            4.924e-01           4.924e-01             327.461           2.053e-06             172.204           3.162e+02     
  55.000         240.000            5.130e-01           5.130e-01             332.329           1.893e-06             174.891           3.162e+02     
  60.000         240.000            5.460e-01           5.460e-01             334.852           1.668e-06             178.659           3.162e+02     
  65.000         240.000            5.933e-01           5.933e-01             335.683           1.355e-06             182.509           3.162e+02     
  70.000         240.000            6.535e-01           6.535e-01             335.621           9.848e-07             186.014           3.162e+02     
  75.000         240.000            7.199e-01           7.199e-01             335.274           6.093e-07             188.873           3.162e+02     
  80.000         240.000            7.810e-01           7.810e-01             334.956           2.886e-07             190.915           3.162e+02     
  85.000         240.000            8.242e-01           8.242e-01             334.765           7.435e-08             191.981           3.162e+02     
  90.000         240.000            8.398e-01           8.398e-01             334.704           9.843e-12             232.457           3.162e+02     
  95.000         240.000            8.242e-01           8.242e-01             334.765           7.430e-08              11.985           3.162e+02     
 100.000         240.000            7.810e-01           7.810e-01             334.956           2.885e-07              10.917           3.162e+02     
 105.000         240.000            7.199e-01           7.199e-01             335.274           6.091e-07               8.874           3.162e+02     
 110.000         240.000            6.535e-01           6.535e-01             335.621           9.846e-07               6.014           3.162e+02     
 115.000         240.000            5.933e-01           5.933e-01             335.683           1.355e-06               2.509           3.162e+02     
 120.000         240.000            5.460e-01           5.460e-01             334.852           1.668e-06             358.658           3.162e+02     
 125.000         240.000            5.130e-01           5.130e-01             332.329           1.893e-06             354.889           3.162e+02     
 130.000         240.000            4.924e-01           4.924e-01             327.461           2.053e-06             352.202           3.162e+02     
 135.000         240.000            4.819e-01           4.819e-01             320.175           2.168e-06             350.532           3.162e+02     
 140.000         240.000            4.789e-01           4.789e-01             311.265           2.270e-06             348.778           3.162e+02     
 145.000         240.000            4.740e-01           4.740e-01             302.191           2.544e-06             347.629           3.162e+02     
 150.000         240.000            4.500e-01           4.500e-01             294.393           3.028e-06             344.858           3.162e+02     
 155.000         240.000            3.921e-01           3.921e-01             288.658           3.859e-06             340.018           3.162e+02     
 160.000         240.000            3.025e-01           3.024e-01             284.943           5.083e-06             333.461           3.162e+02     
 165.000         240.000            1.989e-01           1.989e-01             282.418           6.657e-06             326.292           2.494e+02     
 170.000         240.000            1.020e-01           1.020e-01             279.715           8.427e-06             318.836           1.743e+02     
 175.000         240.000            2.936e-02           2.935e-02             275.564           9.984e-06             311.059           9.339e+01     
 180.000         240.000            1.400e-05           2.952e-06             298.838           1.105e-05             302.611           3.724e+01     
   0.000         245.000            1.401e-05           2.024e-06             298.071           1.198e-05             122.447           3.725e+01     
   5.000         245.000            2.875e-02           2.874e-02             272.456           1.082e-05             128.019           8.864e+01     
  10.000         245.000            9.741e-02           9.740e-02             273.639           9.165e-06             132.948           1.627e+02     
  15.000         245.000            1.858e-01           1.858e-01             273.582           7.290e-06             137.442           2.304e+02     
  20.000         245.000            2.785e-01           2.785e-01             273.678           5.604e-06             141.518           3.007e+02     
  25.000         245.000            3.568e-01           3.568e-01             275.308           4.329e-06             145.443           3.162e+02     
  30.000         245.000            4.024e-01           4.024e-01             279.233           3.395e-06             147.602           3.162e+02     
  35.000         245.000            4.127e-01           4.127e-01             285.471           2.828e-06             148.391           3.162e+02     
  40.000         245.000            4.042e-01           4.042e-01             293.228           2.544e-06             149.058           3.162e+02     
  45.000         245.000            3.978e-01           3.978e-01             300.881           2.380e-06             149.717           3.162e+02     
  50.000         245.000            4.055e-01           4.055e-01             306.576           2.222e-06             150.899           3.162e+02     
  55.000         245.000            4.321e-01           4.321e-01             309.257           2.042e-06             154.115           3.162e+02     
  60.000         245.000            4.809e-01           4.809e-01             309.142           1.756e-06             157.198           3.162e+02     
  65.000         245.000            5.551e-01           5.551e-01             307.342           1.397e-06             160.578           3.162e+02     
  70.000         245.000            6.518e-01           6.518e-01             305.070           9.990e-07             163.777           3.162e+02     
  75.000         245.000            7.592e-01           7.592e-01             303.097           6.094e-07             166.406           3.162e+02     
  80.000         245.000            8.581e-01           8.581e-01             301.713           2.872e-07             168.430           3.162e+02     
  85.000         245.000            9.279e-01           9.279e-01             300.926           7.373e-08             169.513           3.162e+02     
  90.000         245.000            9.531e-01           9.531e-01             300.675           1.109e-11             200.647           3.162e+02     
  95.000         245.000            9.279e-01           9.279e-01             300.926           7.368e-08             349.522           3.162e+02     
 100.000         245.000            8.581e-01           8.581e-01             301.713           2.871e-07             348.434           3.162e+02     
 105.000         245.000            7.592e-01           7.592e-01             303.097           6.092e-07             346.408           3.162e+02     
 110.000         245.000            6.518e-01           6.518e-01             305.070           9.988e-07             343.778           3.162e+02     
 115.000         245.000            5.551e-01           5.551e-01             307.342           1.396e-06             340.578           3.162e+02     
 120.000         245.000            4.809e-01           4.809e-01             309.142           1.755e-06             337.197           3.162e+02     
 125.000         245.000            4.321e-01           4.321e-01             309.257           2.042e-06             334.114           3.162e+02     
 130.000         245.000            4.055e-01           4.055e-01             306.576           2.221e-06             330.898           3.162e+02     
 135.000         245.000            3.978e-01           3.978e-01             300.881           2.380e-06             329.715           3.162e+02     
 140.000         245.000            4.042e-01           4.042e-01             293.228           2.543e-06             329.057           3.162e+02     
 145.000         245.000            4.127e-01           4.127e-01             285.471           2.828e-06             328.390           3.162e+02     
 150.000         245.000            4.024e-01           4.024e-01             279.233           3.395e-06             327.601           3.162e+02     
 155.000         245.000            3.568e-01           3.568e-01             275.308           4.329e-06             325.442           3.162e+02     
 160.000         245.000            2.785e-01           2.785e-01             273.678           5.604e-06             321.517           3.007e+02     
 165.000         245.000            1.858e-01           1.858e-01             273.582           7.289e-06             317.442           2.304e+02     
 170.000         245.000            9.741e-02           9.740e-02             273.639           9.164e-06             312.948           1.627e+02     
 175.000         245.000            2.875e-02           2.874e-02             272.456           1.082e-05             308.019           8.865e+01     
 180.000         245.000            1.400e-05           2.023e-06             298.071           1.198e-05             302.447           3.724e+01     
   0.000         250.000            1.401e-05           1.247e-06             296.890           1.276e-05             122.295           3.725e+01     
   5.000         250.000            2.820e-02           2.819e-02             269.298           1.152e-05             124.934           8.492e+01     
  10.000         250.000            9.337e-02           9.336e-02             267.409           9.783e-06             126.955           1.534e+02     
  15.000         250.000            1.744e-01           1.744e-01             264.446           7.820e-06             128.473           2.149e+02     
  20.000         250.000            2.579e-01           2.579e-01             261.978           6.038e-06             129.518           2.801e+02     
  25.000         250.000            3.268e-01           3.268e-01             261.414           4.607e-06             130.085           3.162e+02     
  30.000         250.000            3.628e-01           3.628e-01             263.410           3.624e-06             130.220           3.162e+02     
  35.000         250.000            3.630e-01           3.630e-01             267.898           3.024e-06             130.220           3.162e+02     
  40.000         250.000            3.444e-01           3.444e-01             274.055           2.678e-06             129.898           3.162e+02     
  45.000         250.000            3.297e-01           3.297e-01             280.144           2.484e-06             129.996           3.162e+02     
  50.000         250.000            3.334e-01           3.334e-01             283.998           2.318e-06             130.804           3.162e+02     
  55.000         250.000            3.631e-01           3.631e-01             284.355           2.114e-06             132.688           3.162e+02     
  60.000         250.000            4.262e-01           4.262e-01             281.689           1.823e-06             135.061           3.162e+02     
  65.000         250.000            5.290e-01           5.290e-01             277.635           1.452e-06             137.626           3.162e+02     
  70.000         250.000            6.685e-01           6.685e-01             273.715           1.035e-06             140.034           3.162e+02     
  75.000         250.000            8.272e-01           8.272e-01             270.676           6.339e-07             142.196           3.162e+02     
  80.000         250.000            9.754e-01           9.754e-01             268.644           2.982e-07             143.767           3.162e+02     
  85.000         250.000            1.081e+00           1.081e+00             267.509           7.643e-08             144.612           3.162e+02     
  90.000         250.000            1.119e+00           1.119e+00             267.146           1.228e-11             167.892           3.162e+02     
  95.000         250.000            1.081e+00           1.081e+00             267.509           7.636e-08             324.625           3.162e+02     
 100.000         250.000            9.754e-01           9.754e-01             268.644           2.981e-07             323.773           3.162e+02     
 105.000         250.000            8.272e-01           8.272e-01             270.676           6.338e-07             322.199           3.162e+02     
 110.000         250.000            6.685e-01           6.685e-01             273.715           1.035e-06             320.036           3.162e+02     
 115.000         250.000            5.290e-01           5.290e-01             277.635           1.452e-06             317.627           3.162e+02     
 120.000         250.000            4.262e-01           4.262e-01             281.689           1.823e-06             315.061           3.162e+02     
 125.000         250.000            3.631e-01           3.631e-01             284.355           2.114e-06             312.687           3.162e+02     
 130.000         250.000            3.334e-01           3.334e-01             283.998           2.317e-06             310.803           3.162e+02     
 135.000         250.000            3.297e-01           3.297e-01             280.144           2.483e-06             309.994           3.162e+02     
 140.000         250.000            3.444e-01           3.444e-01             274.055           2.677e-06             309.897           3.162e+02     
 145.000         250.000            3.630e-01           3.630e-01             267.898           3.023e-06             310.219           3.162e+02     
 150.000         250.000            3.628e-01           3.628e-01             263.410           3.624e-06             310.219           3.162e+02     
 155.000         250.000            3.268e-01           3.268e-01             261.414           4.606e-06             310.085           3.162e+02     
 160.000         250.000            2.579e-01           2.579e-01             261.978           6.038e-06             309.517           2.802e+02     
 165.000         250.000            1.744e-01           1.744e-01             264.446           7.819e-06             308.473           2.149e+02     
 170.000         250.000            9.337e-02           9.336e-02             267.409           9.782e-06             306.955           1.534e+02     
 175.000         250.000            2.820e-02           2.819e-02             269.298           1.152e-05             304.934           8.492e+01     
 180.000         250.000            1.400e-05           1.247e-06             296.889           1.276e-05             302.296           3.724e+01     
   0.000         255.000            1.401e-05           6.448e-07             294.797           1.336e-05             122.152           3.725e+01     
   5.000         255.000            2.771e-02           2.770e-02             266.116           1.207e-05             121.823           8.211e+01     
  10.000         255.000            8.993e-02           8.992e-02             261.080           1.026e-05             120.889           1.462e+02     
  15.000         255.000            1.650e-01           1.650e-01             255.088           8.221e-06             119.407           2.028e+02     
  20.000         255.000            2.413e-01           2.413e-01             249.937           6.351e-06             117.441           2.644e+02     
  25.000         255.000            3.033e-01           3.033e-01             247.100           4.810e-06             115.227           3.162e+02     
  30.000         255.000            3.330e-01           3.330e-01             247.112           3.716e-06             113.089           3.162e+02     
  35.000         255.000            3.270e-01           3.270e-01             249.742           3.006e-06             111.254           3.162e+02     
  40.000         255.000            3.020e-01           3.020e-01             254.057           2.602e-06             110.269           3.162e+02     
  45.000         255.000            2.807e-01           2.807e-01             258.225           2.397e-06             110.528           3.162e+02     
  50.000         255.000            2.790e-01           2.790e-01             259.919           2.246e-06             110.861           3.162e+02     
  55.000         255.000            3.072e-01           3.072e-01             257.838           2.081e-06             111.900           3.162e+02     
  60.000         255.000            3.771e-01           3.771e-01             252.832           1.834e-06             113.184           3.162e+02     
  65.000         255.000            4.993e-01           4.993e-01             247.033           1.489e-06             114.411           3.162e+02     
  70.000         255.000            6.721e-01           6.721e-01             242.069           1.083e-06             115.739           3.162e+02     
  75.000         255.000            8.735e-01           8.735e-01             238.463           6.697e-07             116.778           3.162e+02     
  80.000         255.000            1.065e+00           1.065e+00             236.128           3.169e-07             117.497           3.162e+02     
  85.000         255.000            1.202e+00           1.202e+00             234.839           8.140e-08             117.840           3.162e+02     
  90.000         255.000            1.252e+00           1.252e+00             234.428           1.349e-11             134.287           3.162e+02     
  95.000         255.000            1.202e+00           1.202e+00             234.839           8.133e-08             297.855           3.162e+02     
 100.000         255.000            1.065e+00           1.065e+00             236.128           3.168e-07             297.504           3.162e+02     
 105.000         255.000            8.735e-01           8.735e-01             238.463           6.695e-07             296.782           3.162e+02     
 110.000         255.000            6.721e-01           6.721e-01             242.069           1.083e-06             295.742           3.162e+02     
 115.000         255.000            4.993e-01           4.993e-01             247.033           1.488e-06             294.412           3.162e+02     
 120.000         255.000            3.771e-01           3.771e-01             252.832           1.834e-06             293.184           3.162e+02     
 125.000         255.000            3.072e-01           3.072e-01             257.838           2.080e-06             291.900           3.162e+02     
 130.000         255.000            2.790e-01           2.790e-01             259.919           2.246e-06             290.860           3.162e+02     
 135.000         255.000            2.807e-01           2.807e-01             258.225           2.397e-06             290.527           3.162e+02     
 140.000         255.000            3.020e-01           3.020e-01             254.057           2.602e-06             290.268           3.162e+02     
 145.000         255.000            3.270e-01           3.270e-01             249.742           3.006e-06             291.253           3.162e+02     
 150.000         255.000            3.330e-01           3.330e-01             247.112           3.716e-06             293.088           3.162e+02     
 155.000         255.000            3.033e-01           3.033e-01             247.100           4.810e-06             295.227           3.162e+02     
 160.000         255.000            2.413e-01           2.413e-01             249.937           6.350e-06             297.441           2.644e+02     
 165.000         255.000            1.650e-01           1.650e-01             255.088           8.221e-06             299.407           2.028e+02     
 170.000         255.000            8.993e-02           8.992e-02             261.080           1.026e-05             300.889           1.462e+02     
 175.000         255.000            2.771e-02           2.770e-02             266.116           1.207e-05             301.823           8.211e+01     
 180.000         255.000            1.400e-05           6.446e-07             294.795           1.336e-05             302.152           3.724e+01     
   0.000         260.000            1.401e-05           2.359e-07             289.980           1.377e-05             122.013           3.725e+01     
   5.000         260.000            2.729e-02           2.727e-02             262.936           1.245e-05             118.704           8.011e+01     
  10.000         260.000            8.713e-02           8.712e-02             254.715           1.058e-05             114.779           1.410e+02     
  15.000         260.000            1.578e-01           1.578e-01             245.608           8.479e-06             110.260           1.941e+02     
  20.000         260.000            2.291e-01           2.291e-01             237.691           6.529e-06             105.247           2.539e+02     
  25.000         260.000            2.866e-01           2.866e-01             232.549           4.888e-06             100.165           3.162e+02     
  30.000         260.000            3.126e-01           3.126e-01             230.605           3.679e-06              95.556           3.162e+02     
  35.000         260.000            3.032e-01           3.032e-01             231.419           2.860e-06              92.029           3.162e+02     
  40.000         260.000            2.746e-01           2.746e-01             233.847           2.374e-06              90.097           3.162e+02     
  45.000         260.000            2.484e-01           2.484e-01             235.875           2.118e-06              89.320           3.162e+02     
  50.000         260.000            2.406e-01           2.406e-01             235.069           1.992e-06              89.779           3.162e+02     
  55.000         260.000            2.634e-01           2.634e-01             230.241           1.891e-06              90.316           3.162e+02     
  60.000         260.000            3.317e-01           3.317e-01             222.785           1.727e-06              90.646           3.162e+02     
  65.000         260.000            4.594e-01           4.594e-01             215.353           1.456e-06              90.673           3.162e+02     
  70.000         260.000            6.459e-01           6.459e-01             209.533           1.091e-06              90.592           3.162e+02     
  75.000         260.000            8.672e-01           8.672e-01             205.528           6.904e-07              90.331           3.162e+02     
  80.000         260.000            1.079e+00           1.079e+00             203.008           3.317e-07              90.019           3.162e+02     
  85.000         260.000            1.233e+00           1.233e+00             201.632           8.591e-08              89.693           3.162e+02     
  90.000         260.000            1.289e+00           1.289e+00             201.196           1.469e-11             100.771           3.162e+02     
  95.000         260.000            1.233e+00           1.233e+00             201.632           8.584e-08             269.709           3.162e+02     
 100.000         260.000            1.079e+00           1.079e+00             203.008           3.316e-07             270.027           3.162e+02     
 105.000         260.000            8.672e-01           8.672e-01             205.528           6.902e-07             270.336           3.162e+02     
 110.000         260.000            6.459e-01           6.459e-01             209.533           1.091e-06             270.595           3.162e+02     
 115.000         260.000            4.594e-01           4.594e-01             215.353           1.456e-06             270.675           3.162e+02     
 120.000         260.000            3.317e-01           3.317e-01             222.785           1.727e-06             270.647           3.162e+02     
 125.000         260.000            2.634e-01           2.634e-01             230.241           1.890e-06             270.316           3.162e+02     
 130.000         260.000            2.406e-01           2.406e-01             235.069           1.992e-06             269.778           3.162e+02     
 135.000         260.000            2.484e-01           2.484e-01             235.875           2.117e-06             269.319           3.162e+02     
 140.000         260.000            2.746e-01           2.746e-01             233.847           2.373e-06             270.096           3.162e+02     
 145.000         260.000            3.032e-01           3.032e-01             231.419           2.860e-06             272.028           3.162e+02     
 150.000         260.000            3.126e-01           3.126e-01             230.605           3.678e-06             275.555           3.162e+02     
 155.000         260.000            2.866e-01           2.866e-01             232.549           4.888e-06             280.165           3.162e+02     
 160.000         260.000            2.291e-01           2.291e-01             237.691           6.528e-06             285.247           2.539e+02     
 165.000         260.000            1.578e-01           1.578e-01             245.608           8.478e-06             290.260           1.941e+02     
 170.000         260.000            8.713e-02           8.712e-02             254.715           1.058e-05             294.779           1.410e+02     
 175.000         260.000            2.729e-02           2.727e-02             262.936           1.244e-05             298.704           8.012e+01     
 180.000         260.000            1.400e-05           2.358e-07             289.977           1.377e-05             302.014           3.724e+01     
   0.000         265.000            1.401e-05           3.261e-08             268.054           1.397e-05             121.878           3.725e+01     
   5.000         265.000            2.693e-02           2.692e-02             259.788           1.264e-05             115.599           7.890e+01     
  10.000         265.000            8.502e-02           8.501e-02             248.385           1.073e-05             108.661           1.377e+02     
  15.000         265.000            1.527e-01           1.527e-01             236.130           8.592e-06             101.061           1.888e+02     
  20.000         265.000            2.213e-01           2.213e-01             225.406           6.582e-06              92.923           2.486e+02     
  25.000         265.000            2.764e-01           2.764e-01             217.951           4.868e-06              84.817           3.162e+02     
  30.000         265.000            2.998e-01           2.998e-01             214.108           3.559e-06              77.423           3.162e+02     
  35.000         265.000            2.879e-01           2.879e-01             213.252           2.638e-06              71.694           3.162e+02     
  40.000         265.000            2.565e-01           2.565e-01             213.977           2.063e-06              68.308           3.162e+02     
  45.000         265.000            2.265e-01           2.265e-01             213.958           1.758e-06              67.016           3.162e+02     
  50.000         265.000            2.130e-01           2.130e-01             210.502           1.630e-06              67.253           3.162e+02     
  55.000         265.000            2.294e-01           2.294e-01             202.507           1.580e-06              67.443           3.162e+02     
  60.000         265.000            2.931e-01           2.931e-01             192.100           1.505e-06              67.007           3.162e+02     
  65.000         265.000            4.198e-01           4.198e-01             182.670           1.332e-06              65.967           3.162e+02     
  70.000         265.000            6.091e-01           6.091e-01             175.764           1.043e-06              64.643           3.162e+02     
  75.000         265.000            8.356e-01           8.356e-01             171.206           6.844e-07              63.227           3.162e+02     
  80.000         265.000            1.053e+00           1.053e+00             168.399           3.377e-07              61.997           3.162e+02     
  85.000         265.000            1.211e+00           1.211e+00             166.883           8.888e-08              61.132           3.162e+02     
  90.000         265.000            1.268e+00           1.268e+00             166.404           1.530e-11              68.024           3.162e+02     
  95.000         265.000            1.211e+00           1.211e+00             166.883           8.880e-08             241.150           3.162e+02     
 100.000         265.000            1.053e+00           1.053e+00             168.399           3.375e-07             242.006           3.162e+02     
 105.000         265.000            8.356e-01           8.356e-01             171.206           6.841e-07             243.233           3.162e+02     
 110.000         265.000            6.091e-01           6.091e-01             175.764           1.043e-06             244.647           3.162e+02     
 115.000         265.000            4.198e-01           4.198e-01             182.670           1.332e-06             245.969           3.162e+02     
 120.000         265.000            2.931e-01           2.931e-01             192.100           1.505e-06             247.008           3.162e+02     
 125.000         265.000            2.294e-01           2.294e-01             202.507           1.580e-06             247.444           3.162e+02     
 130.000         265.000            2.130e-01           2.130e-01             210.502           1.630e-06             247.253           3.162e+02     
 135.000         265.000            2.265e-01           2.265e-01             213.958           1.758e-06             247.015           3.162e+02     
 140.000         265.000            2.565e-01           2.565e-01             213.977           2.062e-06             248.307           3.162e+02     
 145.000         265.000            2.879e-01           2.879e-01             213.252           2.638e-06             251.693           3.162e+02     
 150.000         265.000            2.998e-01           2.998e-01             214.108           3.559e-06             257.423           3.162e+02     
 155.000         265.000            2.764e-01           2.764e-01             217.951           4.867e-06             264.817           3.162e+02     
 160.000         265.000            2.213e-01           2.213e-01             225.406           6.582e-06             272.923           2.486e+02     
 165.000         265.000            1.527e-01           1.527e-01             236.130           8.591e-06             281.061           1.888e+02     
 170.000         265.000            8.502e-02           8.501e-02             248.385           1.073e-05             288.661           1.377e+02     
 175.000         265.000            2.693e-02           2.692e-02             259.788           1.264e-05             295.599           7.890e+01     
 180.000         265.000            1.400e-05           3.259e-08             268.040           1.397e-05             301.878           3.724e+01     
   0.000         270.000            1.401e-05           4.113e-08             151.465           1.397e-05             121.744           3.725e+01     
   5.000         270.000            2.665e-02           2.664e-02             256.701           1.264e-05             112.528           7.844e+01     
  10.000         270.000            8.360e-02           8.359e-02             242.168           1.071e-05             102.581           1.363e+02     
  15.000         270.000            1.499e-01           1.499e-01             226.791           8.567e-06              91.864           1.868e+02     
  20.000         270.000            2.178e-01           2.178e-01             213.264           6.536e-06              80.532           2.485e+02     
  25.000         270.000            2.721e-01           2.721e-01             203.470           4.789e-06              69.265           3.162e+02     
  30.000         270.000            2.931e-01           2.931e-01             197.718           3.419e-06              58.790           3.162e+02     
  35.000         270.000            2.774e-01           2.774e-01             195.279           2.420e-06              50.275           3.162e+02     
  40.000         270.000            2.420e-01           2.420e-01             194.565           1.765e-06              44.616           3.162e+02     
  45.000         270.000            2.077e-01           2.077e-01             192.897           1.403e-06              42.057           3.162e+02     
  50.000         270.000            1.888e-01           1.888e-01             187.088           1.246e-06              41.831           3.162e+02     
  55.000         270.000            1.993e-01           1.993e-01             175.839           1.212e-06              41.875           3.162e+02     
  60.000         270.000            2.593e-01           2.593e-01             162.106           1.198e-06              41.082           3.162e+02     
  65.000         270.000            3.867e-01           3.867e-01             150.326           1.116e-06              39.434           3.162e+02     
  70.000         270.000            5.815e-01           5.815e-01             142.065           9.170e-07              37.383           3.162e+02     
  75.000         270.000            8.162e-01           8.162e-01             136.733           6.268e-07              35.297           3.162e+02     
  80.000         270.000            1.042e+00           1.042e+00             133.469           3.189e-07              33.553           3.162e+02     
  85.000         270.000            1.205e+00           1.205e+00             131.703           8.552e-08              32.388           3.162e+02     
  90.000         270.000            1.265e+00           1.265e+00             131.143           1.468e-11              35.259           3.162e+02     
  95.000         270.000            1.205e+00           1.205e+00             131.703           8.543e-08             212.407           3.162e+02     
 100.000         270.000            1.042e+00           1.042e+00             133.469           3.187e-07             213.562           3.162e+02     
 105.000         270.000            8.162e-01           8.162e-01             136.733           6.265e-07             215.303           3.162e+02     
 110.000         270.000            5.815e-01           5.815e-01             142.065           9.167e-07             217.387           3.162e+02     
 115.000         270.000            3.867e-01           3.867e-01             150.326           1.116e-06             219.437           3.162e+02     
 120.000         270.000            2.593e-01           2.593e-01             162.106           1.198e-06             221.085           3.162e+02     
 125.000         270.000            1.993e-01           1.993e-01             175.839           1.212e-06             221.876           3.162e+02     
 130.000         270.000            1.888e-01           1.888e-01             187.088           1.246e-06             221.832           3.162e+02     
 135.000         270.000            2.077e-01           2.077e-01             192.897           1.403e-06             222.056           3.162e+02     
 140.000         270.000            2.420e-01           2.420e-01             194.565           1.765e-06             224.615           3.162e+02     
 145.000         270.000            2.774e-01           2.774e-01             195.279           2.419e-06             230.274           3.162e+02     
 150.000         270.000            2.931e-01           2.931e-01             197.718           3.419e-06             238.789           3.162e+02     
 155.000         270.000            2.721e-01           2.721e-01             203.470           4.789e-06             249.264           3.162e+02     
 160.000         270.000            2.178e-01           2.178e-01             213.264           6.535e-06             260.531           2.485e+02     
 165.000         270.000            1.499e-01           1.499e-01             226.791           8.566e-06             271.864           1.869e+02     
 170.000         270.000            8.360e-02           8.359e-02             242.168           1.071e-05             282.582           1.363e+02     
 175.000         270.000            2.665e-02           2.664e-02             256.701           1.264e-05             292.528           7.845e+01     
 180.000         270.000            1.400e-05           4.115e-08             151.463           1.396e-05             301.744           3.724e+01     
   0.000         275.000            1.401e-05           2.612e-07             133.046           1.375e-05             121.608           3.725e+01     
   5.000         275.000            2.645e-02           2.643e-02             253.706           1.250e-05             108.743           8.013e+01     
  10.000         275.000            8.288e-02           8.287e-02             236.143           1.058e-05              95.600           1.393e+02     
  15.000         275.000            1.492e-01           1.492e-01             217.742           8.474e-06              81.549           1.917e+02     
  20.000         275.000            2.184e-01           2.184e-01             201.449           6.490e-06              66.809           2.578e+02     
  25.000         275.000            2.735e-01           2.735e-01             189.245           4.774e-06              52.217           3.162e+02     
  30.000         275.000            2.920e-01           2.920e-01             181.422           3.380e-06              38.494           3.162e+02     
  35.000         275.000            2.703e-01           2.703e-01             177.260           2.315e-06              26.814           3.162e+02     
  40.000         275.000            2.278e-01           2.278e-01             175.184           1.580e-06              18.095           3.162e+02     
  45.000         275.000            1.870e-01           1.870e-01             172.319           1.150e-06              13.260           3.162e+02     
  50.000         275.000            1.617e-01           1.617e-01             164.851           9.413e-07              11.992           3.162e+02     
  55.000         275.000            1.653e-01           1.653e-01             150.820           8.885e-07              12.145           3.162e+02     
  60.000         275.000            2.191e-01           2.190e-01             133.859           8.953e-07              11.728           3.162e+02     
  65.000         275.000            3.439e-01           3.439e-01             119.784           8.728e-07              10.268           3.162e+02     
  70.000         275.000            5.419e-01           5.419e-01             110.228           7.499e-07               8.226           3.162e+02     
  75.000         275.000            7.852e-01           7.852e-01             104.147           5.325e-07               6.079           3.162e+02     
  80.000         275.000            1.022e+00           1.022e+00             100.424           2.785e-07               4.272           3.162e+02     
  85.000         275.000            1.194e+00           1.194e+00              98.399           7.591e-08               3.091           3.162e+02     
  90.000         275.000            1.257e+00           1.257e+00              97.754           1.331e-11               0.896           3.162e+02     
  95.000         275.000            1.194e+00           1.194e+00              98.399           7.583e-08             183.108           3.162e+02     
 100.000         275.000            1.022e+00           1.022e+00             100.424           2.783e-07             184.281           3.162e+02     
 105.000         275.000            7.852e-01           7.852e-01             104.147           5.322e-07             186.084           3.162e+02     
 110.000         275.000            5.419e-01           5.419e-01             110.228           7.497e-07             188.231           3.162e+02     
 115.000         275.000            3.439e-01           3.439e-01             119.784           8.725e-07             190.271           3.162e+02     
 120.000         275.000            2.191e-01           2.190e-01             133.859           8.950e-07             191.730           3.162e+02     
 125.000         275.000            1.653e-01           1.653e-01             150.820           8.882e-07             192.146           3.162e+02     
 130.000         275.000            1.617e-01           1.617e-01             164.851           9.410e-07             191.991           3.162e+02     
 135.000         275.000            1.870e-01           1.870e-01             172.319           1.149e-06             193.259           3.162e+02     
 140.000         275.000            2.278e-01           2.278e-01             175.184           1.580e-06             198.094           3.162e+02     
 145.000         275.000            2.703e-01           2.703e-01             177.260           2.315e-06             206.813           3.162e+02     
 150.000         275.000            2.920e-01           2.920e-01             181.422           3.380e-06             218.493           3.162e+02     
 155.000         275.000            2.735e-01           2.735e-01             189.245           4.774e-06             232.216           3.162e+02     
 160.000         275.000            2.184e-01           2.184e-01             201.449           6.489e-06             246.808           2.578e+02     
 165.000         275.000            1.492e-01           1.492e-01             217.742           8.473e-06             261.548           1.917e+02     
 170.000         275.000            8.288e-02           8.287e-02             236.143           1.058e-05             275.600           1.393e+02     
 175.000         275.000            2.645e-02           2.643e-02             253.706           1.250e-05             288.743           8.013e+01     
 180.000         275.000            1.400e-05           2.612e-07             133.048           1.374e-05             301.609           3.724e+01     
   0.000         280.000            1.401e-05           6.861e-07             128.610           1.332e-05             121.470           3.725e+01     
   5.000         280.000            2.632e-02           2.631e-02             250.827           1.213e-05             105.633           8.160e+01     
  10.000         280.000            8.283e-02           8.282e-02             230.386           1.029e-05              89.302           1.429e+02     
  15.000         280.000            1.506e-01           1.506e-01             209.119           8.301e-06              71.876           1.984e+02     
  20.000         280.000            2.229e-01           2.229e-01             190.131           6.449e-06              53.719           2.697e+02     
  25.000         280.000            2.807e-01           2.807e-01             175.413           4.829e-06              35.860           3.162e+02     
  30.000         280.000            2.978e-01           2.978e-01             165.214           3.444e-06              18.924           3.162e+02     
  35.000         280.000            2.691e-01           2.691e-01             158.883           2.326e-06               3.821           3.162e+02     
  40.000         280.000            2.163e-01           2.163e-01             155.067           1.519e-06             351.134           3.162e+02     
  45.000         280.000            1.656e-01           1.656e-01             151.055           1.027e-06             342.360           3.162e+02     
  50.000         280.000            1.319e-01           1.319e-01             142.561           7.641e-07             338.127           3.162e+02     
  55.000         280.000            1.261e-01           1.261e-01             126.459           6.728e-07             337.584           3.162e+02     
  60.000         280.000            1.671e-01           1.671e-01             106.598           6.679e-07             337.972           3.162e+02     
  65.000         280.000            2.763e-01           2.763e-01              90.514           6.691e-07             337.594           3.162e+02     
  70.000         280.000            4.588e-01           4.588e-01              79.996           5.940e-07             336.365           3.162e+02     
  75.000         280.000            6.898e-01           6.898e-01              73.442           4.347e-07             334.762           3.162e+02     
  80.000         280.000            9.188e-01           9.188e-01              69.453           2.323e-07             333.294           3.162e+02     
  85.000         280.000            1.087e+00           1.087e+00              67.282           6.358e-08             332.507           3.162e+02     
  90.000         280.000            1.149e+00           1.149e+00              66.590           1.246e-11             325.078           3.162e+02     
  95.000         280.000            1.087e+00           1.087e+00              67.282           6.349e-08             152.521           3.162e+02     
 100.000         280.000            9.188e-01           9.188e-01              69.453           2.321e-07             153.301           3.162e+02     
 105.000         280.000            6.898e-01           6.898e-01              73.442           4.344e-07             154.766           3.162e+02     
 110.000         280.000            4.588e-01           4.588e-01              79.996           5.938e-07             156.368           3.162e+02     
 115.000         280.000            2.763e-01           2.763e-01              90.514           6.688e-07             157.596           3.162e+02     
 120.000         280.000            1.671e-01           1.671e-01             106.598           6.676e-07             157.972           3.162e+02     
 125.000         280.000            1.261e-01           1.261e-01             126.459           6.726e-07             157.583           3.162e+02     
 130.000         280.000            1.319e-01           1.319e-01             142.561           7.639e-07             158.124           3.162e+02     
 135.000         280.000            1.656e-01           1.656e-01             151.055           1.027e-06             162.357           3.162e+02     
 140.000         280.000            2.163e-01           2.163e-01             155.067           1.519e-06             171.132           3.162e+02     
 145.000         280.000            2.691e-01           2.691e-01             158.883           2.326e-06             183.820           3.162e+02     
 150.000         280.000            2.978e-01           2.978e-01             165.214           3.444e-06             198.923           3.162e+02     
 155.000         280.000            2.807e-01           2.807e-01             175.413           4.828e-06             215.859           3.162e+02     
 160.000         280.000            2.229e-01           2.229e-01             190.131           6.449e-06             233.719           2.697e+02     
 165.000         280.000            1.506e-01           1.506e-01             209.119           8.300e-06             251.876           1.984e+02     
 170.000         280.000            8.283e-02           8.282e-02             230.386           1.028e-05             269.302           1.429e+02     
 175.000         280.000            2.632e-02           2.631e-02             250.827           1.213e-05             285.633           8.160e+01     
 180.000         280.000            1.400e-05           6.861e-07             128.611           1.332e-05             301.470           3.724e+01     
   0.000         285.000            1.401e-05           1.303e-06             126.625           1.270e-05             121.325           3.725e+01     
   5.000         285.000            2.627e-02           2.625e-02             248.094           1.161e-05             102.600           8.398e+01     
  10.000         285.000            8.344e-02           8.343e-02             224.971           9.884e-06              83.099           1.488e+02     
  15.000         285.000            1.539e-01           1.538e-01             201.056           8.103e-06              62.308           2.090e+02     
  20.000         285.000            2.312e-01           2.312e-01             179.482           6.471e-06              40.856           2.860e+02     
  25.000         285.000            2.945e-01           2.945e-01             162.155           4.999e-06              19.993           3.162e+02     
  30.000         285.000            3.135e-01           3.135e-01             149.246           3.640e-06               0.117           3.162e+02     
  35.000         285.000            2.796e-01           2.796e-01             140.134           2.464e-06             341.644           3.162e+02     
  40.000         285.000            2.155e-01           2.155e-01             133.717           1.588e-06             324.553           3.162e+02     
  45.000         285.000            1.522e-01           1.522e-01             127.750           1.037e-06             310.138           3.162e+02     
  50.000         285.000            1.080e-01           1.080e-01             118.010           7.319e-07             301.550           3.162e+02     
  55.000         285.000            9.222e-02           9.222e-02             100.203           5.868e-07             298.925           3.162e+02     
  60.000         285.000            1.180e-01           1.180e-01              77.805           5.399e-07             300.311           3.162e+02     
  65.000         285.000            2.024e-01           2.024e-01              60.202           5.308e-07             302.326           3.162e+02     
  70.000         285.000            3.510e-01           3.510e-01              49.252           4.731e-07             303.103           3.162e+02     
  75.000         285.000            5.447e-01           5.447e-01              42.646           3.518e-07             302.938           3.162e+02     
  80.000         285.000            7.402e-01           7.402e-01              38.680           1.909e-07             302.372           3.162e+02     
  85.000         285.000            8.856e-01           8.856e-01              36.529           5.316e-08             301.913           3.162e+02     
  90.000         285.000            9.392e-01           9.392e-01              35.843           1.252e-11             290.755           3.162e+02     
  95.000         285.000            8.856e-01           8.856e-01              36.529           5.308e-08             121.922           3.162e+02     
 100.000         285.000            7.402e-01           7.402e-01              38.680           1.908e-07             122.376           3.162e+02     
 105.000         285.000            5.447e-01           5.447e-01              42.646           3.516e-07             122.940           3.162e+02     
 110.000         285.000            3.510e-01           3.510e-01              49.252           4.728e-07             123.103           3.162e+02     
 115.000         285.000            2.024e-01           2.024e-01              60.202           5.305e-07             122.324           3.162e+02     
 120.000         285.000            1.180e-01           1.180e-01              77.805           5.396e-07             120.306           3.162e+02     
 125.000         285.000            9.222e-02           9.222e-02             100.203           5.865e-07             118.919           3.162e+02     
 130.000         285.000            1.080e-01           1.080e-01             118.010           7.316e-07             121.544           3.162e+02     
 135.000         285.000            1.522e-01           1.522e-01             127.750           1.037e-06             130.133           3.162e+02     
 140.000         285.000            2.155e-01           2.155e-01             133.717           1.588e-06             144.550           3.162e+02     
 145.000         285.000            2.796e-01           2.796e-01             140.134           2.464e-06             161.642           3.162e+02     
 150.000         285.000            3.135e-01           3.135e-01             149.246           3.639e-06             180.117           3.162e+02     
 155.000         285.000            2.945e-01           2.945e-01             162.155           4.998e-06             199.992           3.162e+02     
 160.000         285.000            2.312e-01           2.312e-01             179.482           6.470e-06             220.856           2.860e+02     
 165.000         285.000            1.539e-01           1.538e-01             201.056           8.102e-06             242.308           2.090e+02     
 170.000         285.000            8.344e-02           8.343e-02             224.971           9.883e-06             263.099           1.488e+02     
 175.000         285.000            2.627e-02           2.625e-02             248.094           1.161e-05             282.600           8.399e+01     
 180.000         285.000            1.400e-05           1.303e-06             126.626           1.270e-05             301.326           3.724e+01     
   0.000         290.000            1.401e-05           2.093e-06             125.488           1.191e-05             121.173           3.725e+01     
   5.000         290.000            2.629e-02           2.628e-02             245.530           1.093e-05              99.666           8.741e+01     
  10.000         290.000            8.466e-02           8.465e-02             219.965           9.389e-06              77.051           1.575e+02     
  15.000         290.000            1.588e-01           1.588e-01             193.663           7.890e-06              52.994           2.238e+02     
  20.000         290.000            2.429e-01           2.429e-01             169.657           6.558e-06              28.530           3.067e+02     
  25.000         290.000            3.154e-01           3.154e-01             149.702           5.275e-06               5.086           3.162e+02     
  30.000         290.000            3.427e-01           3.426e-01             133.896           3.946e-06             342.641           3.162e+02     
  35.000         290.000            3.102e-01           3.102e-01             121.603           2.762e-06             320.845           3.162e+02     
  40.000         290.000            2.379e-01           2.379e-01             111.809           1.826e-06             299.374           3.162e+02     
  45.000         290.000            1.607e-01           1.607e-01             102.649           1.231e-06             280.047           3.162e+02     
  50.000         290.000            1.040e-01           1.040e-01              90.473           8.749e-07             266.512           3.162e+02     
  55.000         290.000            7.886e-02           7.886e-02              70.842           6.516e-07             260.096           3.162e+02     
  60.000         290.000            9.313e-02           9.313e-02              46.740           5.173e-07             260.762           3.162e+02     
  65.000         290.000            1.564e-01           1.564e-01              28.351           4.379e-07             264.904           3.162e+02     
  70.000         290.000            2.712e-01           2.712e-01              17.406           3.719e-07             269.153           3.162e+02     
  75.000         290.000            4.224e-01           4.224e-01              11.025           2.694e-07             271.565           3.162e+02     
  80.000         290.000            5.760e-01           5.760e-01               7.261           1.456e-07             272.744           3.162e+02     
  85.000         290.000            6.907e-01           6.907e-01               5.233           4.057e-08             273.277           3.162e+02     
  90.000         290.000            7.331e-01           7.331e-01               4.589           1.260e-11             259.976           3.162e+02     
  95.000         290.000            6.907e-01           6.907e-01               5.233           4.050e-08              93.281           3.162e+02     
 100.000         290.000            5.760e-01           5.760e-01               7.261           1.455e-07              92.744           3.162e+02     
 105.000         290.000            4.224e-01           4.224e-01              11.025           2.692e-07              91.563           3.162e+02     
 110.000         290.000            2.712e-01           2.712e-01              17.406           3.717e-07              89.149           3.162e+02     
 115.000         290.000            1.564e-01           1.564e-01              28.351           4.376e-07              84.898           3.162e+02     
 120.000         290.000            9.313e-02           9.313e-02              46.740           5.171e-07              80.753           3.162e+02     
 125.000         290.000            7.886e-02           7.886e-02              70.842           6.514e-07              80.087           3.162e+02     
 130.000         290.000            1.040e-01           1.040e-01              90.473           8.747e-07              86.504           3.162e+02     
 135.000         290.000            1.607e-01           1.607e-01             102.649           1.231e-06             100.041           3.162e+02     
 140.000         290.000            2.379e-01           2.379e-01             111.809           1.826e-06             119.371           3.162e+02     
 145.000         290.000            3.102e-01           3.102e-01             121.603           2.762e-06             140.843           3.162e+02     
 150.000         290.000            3.427e-01           3.426e-01             133.896           3.945e-06             162.640           3.162e+02     
 155.000         290.000            3.154e-01           3.154e-01             149.702           5.275e-06             185.085           3.162e+02     
 160.000         290.000            2.429e-01           2.429e-01             169.657           6.557e-06             208.529           3.067e+02     
 165.000         290.000            1.588e-01           1.588e-01             193.663           7.889e-06             232.994           2.239e+02     
 170.000         290.000            8.466e-02           8.465e-02             219.965           9.388e-06             257.051           1.575e+02     
 175.000         290.000            2.629e-02           2.628e-02             245.530           1.093e-05             279.666           8.741e+01     
 180.000         290.000            1.400e-05           2.093e-06             125.489           1.191e-05             301.173           3.724e+01     
   0.000         295.000            1.401e-05           3.032e-06             124.744           1.097e-05             121.009           3.725e+01     
   5.000         295.000            2.638e-02           2.637e-02             243.158           1.012e-05              96.852           9.205e+01     
  10.000         295.000            8.644e-02           8.643e-02             215.421           8.809e-06              71.225           1.693e+02     
  15.000         295.000            1.653e-01           1.653e-01             187.034           7.657e-06              44.097           2.438e+02     
  20.000         295.000            2.578e-01           2.578e-01             160.799           6.685e-06              17.036           3.162e+02     
  25.000         295.000            3.437e-01           3.437e-01             138.309           5.711e-06             351.354           3.162e+02     
  30.000         295.000            3.879e-01           3.879e-01             119.683           4.456e-06             326.659           3.162e+02     
  35.000         295.000            3.682e-01           3.682e-01             104.331           3.184e-06             302.291           3.162e+02     
  40.000         295.000            2.960e-01           2.960e-01              91.283           2.223e-06             277.095           3.162e+02     
  45.000         295.000            2.068e-01           2.068e-01              78.915           1.619e-06             253.798           3.162e+02     
  50.000         295.000            1.340e-01           1.340e-01              64.334           1.212e-06             236.458           3.162e+02     
  55.000         295.000            9.564e-02           9.564e-02              44.040           8.768e-07             225.246           3.162e+02     
  60.000         295.000            9.852e-02           9.851e-02              19.910           6.021e-07             221.988           3.162e+02     
  65.000         295.000            1.452e-01           1.452e-01               0.660           4.009e-07             224.922           3.162e+02     
  70.000         295.000            2.329e-01           2.329e-01             348.898           2.670e-07             231.167           3.162e+02     
  75.000         295.000            3.475e-01           3.475e-01             342.088           1.724e-07             237.873           3.162e+02     
  80.000         295.000            4.630e-01           4.630e-01             338.146           8.687e-08             242.186           3.162e+02     
  85.000         295.000            5.489e-01           5.489e-01             336.054           2.349e-08             244.712           3.162e+02     
  90.000         295.000            5.806e-01           5.806e-01             335.394           1.205e-11             232.118           3.162e+02     
  95.000         295.000            5.489e-01           5.489e-01             336.054           2.343e-08              64.705           3.162e+02     
 100.000         295.000            4.630e-01           4.630e-01             338.146           8.676e-08              62.179           3.162e+02     
 105.000         295.000            3.475e-01           3.475e-01             342.088           1.722e-07              57.865           3.162e+02     
 110.000         295.000            2.329e-01           2.329e-01             348.898           2.668e-07              51.156           3.162e+02     
 115.000         295.000            1.452e-01           1.452e-01               0.660           4.007e-07              44.910           3.162e+02     
 120.000         295.000            9.852e-02           9.851e-02              19.910           6.019e-07              41.976           3.162e+02     
 125.000         295.000            9.564e-02           9.564e-02              44.040           8.767e-07              45.236           3.162e+02     
 130.000         295.000            1.340e-01           1.340e-01              64.334           1.212e-06              56.450           3.162e+02     
 135.000         295.000            2.068e-01           2.068e-01              78.915           1.619e-06              73.792           3.162e+02     
 140.000         295.000            2.960e-01           2.960e-01              91.283           2.223e-06              97.091           3.162e+02     
 145.000         295.000            3.682e-01           3.682e-01             104.331           3.183e-06             122.289           3.162e+02     
 150.000         295.000            3.879e-01           3.879e-01             119.683           4.455e-06             146.658           3.162e+02     
 155.000         295.000            3.437e-01           3.437e-01             138.309           5.711e-06             171.353           3.162e+02     
 160.000         295.000            2.578e-01           2.578e-01             160.799           6.684e-06             197.036           3.162e+02     
 165.000         295.000            1.653e-01           1.653e-01             187.034           7.656e-06             224.096           2.438e+02     
 170.000         295.000            8.644e-02           8.643e-02             215.421           8.808e-06             251.224           1.694e+02     
 175.000         295.000            2.638e-02           2.637e-02             243.158           1.012e-05             276.851           9.206e+01     
 180.000         295.000            1.400e-05           3.032e-06             124.744           1.097e-05             301.009           3.724e+01     
   0.000         300.000            1.401e-05           4.092e-06             124.211           9.914e-06             120.829           3.725e+01     
   5.000         300.000            2.655e-02           2.654e-02             241.000           9.200e-06              94.178           9.816e+01     
  10.000         300.000            8.875e-02           8.875e-02             211.384           8.151e-06              65.688           1.852e+02     
  15.000         300.000            1.730e-01           1.730e-01             181.237           7.383e-06              35.775           2.700e+02     
  20.000         300.000            2.752e-01           2.752e-01             153.024           6.794e-06               6.590           3.162e+02     
  25.000         300.000            3.787e-01           3.787e-01             128.202           6.146e-06             339.163           3.162e+02     
  30.000         300.000            4.496e-01           4.496e-01             107.064           4.988e-06             312.745           3.162e+02     
  35.000         300.000            4.571e-01           4.571e-01              89.217           3.737e-06             285.695           3.162e+02     
  40.000         300.000            3.980e-01           3.980e-01              73.828           2.782e-06             258.247           3.162e+02     
  45.000         300.000            3.013e-01           3.013e-01              59.550           2.207e-06             232.386           3.162e+02     
  50.000         300.000            2.074e-01           2.074e-01              44.279           1.778e-06             211.720           3.162e+02     
  55.000         300.000            1.451e-01           1.451e-01              25.468           1.307e-06             197.672           3.162e+02     
  60.000         300.000            1.257e-01           1.257e-01               3.116           8.528e-07             188.619           3.162e+02     
  65.000         300.000            1.481e-01           1.481e-01             342.690           4.802e-07             184.748           3.162e+02     
  70.000         300.000            2.046e-01           2.046e-01             328.513           2.374e-07             185.529           3.162e+02     
  75.000         300.000            2.810e-01           2.810e-01             319.864           1.048e-07             189.999           3.162e+02     
  80.000         300.000            3.578e-01           3.578e-01             314.835           3.920e-08             196.061           3.162e+02     
  85.000         300.000            4.145e-01           4.145e-01             312.197           8.779e-09             200.990           3.162e+02     
  90.000         300.000            4.353e-01           4.353e-01             311.372           1.122e-11             206.715           3.162e+02     
  95.000         300.000            4.145e-01           4.145e-01             312.197           8.751e-09              20.926           3.162e+02     
 100.000         300.000            3.578e-01           3.578e-01             314.835           3.914e-08              16.026           3.162e+02     
 105.000         300.000            2.810e-01           2.810e-01             319.864           1.047e-07               9.973           3.162e+02     
 110.000         300.000            2.046e-01           2.046e-01             328.513           2.373e-07               5.510           3.162e+02     
 115.000         300.000            1.481e-01           1.481e-01             342.690           4.801e-07               4.734           3.162e+02     
 120.000         300.000            1.257e-01           1.257e-01               3.116           8.527e-07               8.608           3.162e+02     
 125.000         300.000            1.451e-01           1.451e-01              25.468           1.307e-06              17.664           3.162e+02     
 130.000         300.000            2.074e-01           2.074e-01              44.279           1.777e-06              31.713           3.162e+02     
 135.000         300.000            3.013e-01           3.013e-01              59.550           2.207e-06              52.381           3.162e+02     
 140.000         300.000            3.980e-01           3.980e-01              73.828           2.781e-06              78.243           3.162e+02     
 145.000         300.000            4.571e-01           4.571e-01              89.217           3.737e-06             105.693           3.162e+02     
 150.000         300.000            4.496e-01           4.496e-01             107.064           4.987e-06             132.743           3.162e+02     
 155.000         300.000            3.787e-01           3.787e-01             128.202           6.145e-06             159.162           3.162e+02     
 160.000         300.000            2.752e-01           2.752e-01             153.024           6.793e-06             186.589           3.162e+02     
 165.000         300.000            1.730e-01           1.730e-01             181.237           7.382e-06             215.774           2.700e+02     
 170.000         300.000            8.875e-02           8.875e-02             211.384           8.150e-06             245.688           1.852e+02     
 175.000         300.000            2.655e-02           2.654e-02             241.000           9.199e-06             274.178           9.817e+01     
 180.000         300.000            1.400e-05           4.092e-06             124.212           9.913e-06             300.829           3.724e+01     
   0.000         305.000            1.401e-05           5.240e-06             123.806           8.766e-06             120.628           3.725e+01     
   5.000         305.000            2.677e-02           2.676e-02             239.071           8.196e-06              91.664           1.061e+02     
  10.000         305.000            9.154e-02           9.153e-02             207.885           7.419e-06              60.506           2.061e+02     
  15.000         305.000            1.819e-01           1.819e-01             176.321           7.036e-06              28.153           3.049e+02     
  20.000         305.000            2.946e-01           2.946e-01             146.423           7.016e-06             357.060           3.162e+02     
  25.000         305.000            4.187e-01           4.187e-01             119.546           6.561e-06             328.300           3.162e+02     
  30.000         305.000            5.252e-01           5.252e-01              96.303           5.520e-06             300.817           3.162e+02     
  35.000         305.000            5.745e-01           5.745e-01              76.605           4.340e-06             272.052           3.162e+02     
  40.000         305.000            5.431e-01           5.431e-01              59.779           3.460e-06             243.112           3.162e+02     
  45.000         305.000            4.459e-01           4.459e-01              44.695           2.964e-06             215.858           3.162e+02     
  50.000         305.000            3.263e-01           3.263e-01              29.785           2.514e-06             193.572           3.162e+02     
  55.000         305.000            2.265e-01           2.265e-01              13.154           1.940e-06             176.161           3.162e+02     
  60.000         305.000            1.681e-01           1.681e-01             353.611           1.280e-06             162.968           3.162e+02     
  65.000         305.000            1.524e-01           1.524e-01             333.074           7.278e-07             151.648           3.162e+02     
  70.000         305.000            1.692e-01           1.692e-01             315.874           3.537e-07             142.690           3.162e+02     
  75.000         305.000            2.042e-01           2.042e-01             304.019           1.439e-07             135.302           3.162e+02     
  80.000         305.000            2.424e-01           2.424e-01             296.767           4.644e-08             129.322           3.162e+02     
  85.000         305.000            2.711e-01           2.711e-01             292.911           9.016e-09             124.642           3.162e+02     
  90.000         305.000            2.817e-01           2.817e-01             291.703           1.048e-11             185.098           3.162e+02     
  95.000         305.000            2.711e-01           2.711e-01             292.911           9.021e-09             304.539           3.162e+02     
 100.000         305.000            2.424e-01           2.424e-01             296.767           4.645e-08             309.277           3.162e+02     
 105.000         305.000            2.042e-01           2.042e-01             304.019           1.439e-07             315.276           3.162e+02     
 110.000         305.000            1.692e-01           1.692e-01             315.874           3.537e-07             322.673           3.162e+02     
 115.000         305.000            1.524e-01           1.524e-01             333.074           7.278e-07             331.636           3.162e+02     
 120.000         305.000            1.681e-01           1.681e-01             353.611           1.280e-06             342.959           3.162e+02     
 125.000         305.000            2.265e-01           2.265e-01              13.154           1.940e-06             356.154           3.162e+02     
 130.000         305.000            3.263e-01           3.263e-01              29.785           2.514e-06              13.567           3.162e+02     
 135.000         305.000            4.459e-01           4.459e-01              44.695           2.964e-06              35.853           3.162e+02     
 140.000         305.000            5.431e-01           5.431e-01              59.779           3.459e-06              63.109           3.162e+02     
 145.000         305.000            5.745e-01           5.745e-01              76.605           4.340e-06              92.049           3.162e+02     
 150.000         305.000            5.252e-01           5.252e-01              96.303           5.520e-06             120.816           3.162e+02     
 155.000         305.000            4.187e-01           4.187e-01             119.546           6.561e-06             148.299           3.162e+02     
 160.000         305.000            2.946e-01           2.946e-01             146.423           7.015e-06             177.059           3.162e+02     
 165.000         305.000            1.819e-01           1.819e-01             176.321           7.035e-06             208.152           3.049e+02     
 170.000         305.000            9.154e-02           9.153e-02             207.885           7.418e-06             240.505           2.061e+02     
 175.000         305.000            2.677e-02           2.676e-02             239.071           8.195e-06             271.664           1.061e+02     
 180.000         305.000            1.400e-05           5.240e-06             123.806           8.765e-06             300.628           3.724e+01     
   0.000         310.000            1.401e-05           6.442e-06             123.483           7.564e-06             120.397           3.725e+01     
   5.000         310.000            2.705e-02           2.705e-02             237.386           7.132e-06              89.325           1.164e+02     
  10.000         310.000            9.476e-02           9.475e-02             204.942           6.618e-06              55.736           2.337e+02     
  15.000         310.000            1.918e-01           1.918e-01             172.313           6.579e-06              21.313           3.162e+02     
  20.000         310.000            3.152e-01           3.152e-01             141.053           6.996e-06             348.899           3.162e+02     
  25.000         310.000            4.612e-01           4.612e-01             112.435           6.833e-06             319.360           3.162e+02     
  30.000         310.000            6.091e-01           6.091e-01              87.465           5.960e-06             290.781           3.162e+02     
  35.000         310.000            7.118e-01           7.118e-01              66.391           4.952e-06             261.006           3.162e+02     
  40.000         310.000            7.216e-01           7.216e-01              48.631           4.240e-06             230.759           3.162e+02     
  45.000         310.000            6.319e-01           6.318e-01              33.120           3.761e-06             203.474           3.162e+02     
  50.000         310.000            4.843e-01           4.843e-01              18.542           3.312e-06             180.204           3.162e+02     
  55.000         310.000            3.361e-01           3.361e-01               3.384           2.633e-06             160.839           3.162e+02     
  60.000         310.000            2.259e-01           2.259e-01             346.169           1.858e-06             144.181           3.162e+02     
  65.000         310.000            1.641e-01           1.641e-01             326.563           1.128e-06             129.574           3.162e+02     
  70.000         310.000            1.418e-01           1.418e-01             306.937           6.277e-07             115.533           3.162e+02     
  75.000         310.000            1.437e-01           1.437e-01             290.925           3.074e-07             102.968           3.162e+02     
  80.000         310.000            1.553e-01           1.553e-01             280.104           1.228e-07              92.669           3.162e+02     
  85.000         310.000            1.663e-01           1.663e-01             274.087           2.883e-08              85.509           3.162e+02     
  90.000         310.000            1.706e-01           1.706e-01             272.173           9.562e-12             168.545           3.162e+02     
  95.000         310.000            1.663e-01           1.663e-01             274.087           2.886e-08             265.466           3.162e+02     
 100.000         310.000            1.553e-01           1.553e-01             280.104           1.229e-07             272.647           3.162e+02     
 105.000         310.000            1.437e-01           1.437e-01             290.925           3.075e-07             282.952           3.162e+02     
 110.000         310.000            1.418e-01           1.418e-01             306.937           6.278e-07             295.522           3.162e+02     
 115.000         310.000            1.641e-01           1.641e-01             326.563           1.128e-06             309.565           3.162e+02     
 120.000         310.000            2.259e-01           2.259e-01             346.169           1.858e-06             324.175           3.162e+02     
 125.000         310.000            3.361e-01           3.361e-01               3.384           2.633e-06             340.834           3.162e+02     
 130.000         310.000            4.843e-01           4.843e-01              18.542           3.311e-06               0.199           3.162e+02     
 135.000         310.000            6.319e-01           6.318e-01              33.120           3.761e-06              23.471           3.162e+02     
 140.000         310.000            7.216e-01           7.216e-01              48.631           4.240e-06              50.756           3.162e+02     
 145.000         310.000            7.118e-01           7.118e-01              66.391           4.951e-06              81.003           3.162e+02     
 150.000         310.000            6.091e-01           6.091e-01              87.465           5.959e-06             110.780           3.162e+02     
 155.000         310.000            4.612e-01           4.612e-01             112.435           6.833e-06             139.359           3.162e+02     
 160.000         310.000            3.152e-01           3.152e-01             141.053           6.995e-06             168.898           3.162e+02     
 165.000         310.000            1.918e-01           1.918e-01             172.313           6.579e-06             201.311           3.162e+02     
 170.000         310.000            9.476e-02           9.475e-02             204.942           6.617e-06             235.735           2.338e+02     
 175.000         310.000            2.705e-02           2.705e-02             237.386           7.131e-06             269.325           1.164e+02     
 180.000         310.000            1.400e-05           6.442e-06             123.483           7.563e-06             300.397           3.724e+01     
   0.000         315.000            1.401e-05           7.661e-06             123.216           6.345e-06             120.126           3.725e+01     
   5.000         315.000            2.739e-02           2.738e-02             235.955           6.040e-06              87.172           1.299e+02     
  10.000         315.000            9.837e-02           9.836e-02             202.565           5.756e-06              51.420           2.709e+02     
  15.000         315.000            2.025e-01           2.024e-01             169.219           6.128e-06              15.055           3.162e+02     
  20.000         315.000            3.365e-01           3.365e-01             136.946           6.778e-06             341.939           3.162e+02     
  25.000         315.000            5.036e-01           5.036e-01             106.905           6.883e-06             311.844           3.162e+02     
  30.000         315.000            6.941e-01           6.941e-01              80.510           6.248e-06             282.699           3.162e+02     
  35.000         315.000            8.566e-01           8.566e-01              58.329           5.441e-06             252.074           3.162e+02     
  40.000         315.000            9.175e-01           9.175e-01              39.803           4.894e-06             221.725           3.162e+02     
  45.000         315.000            8.431e-01           8.431e-01              23.813           4.555e-06             194.212           3.162e+02     
  50.000         315.000            6.689e-01           6.689e-01               9.087           4.001e-06             170.933           3.162e+02     
  55.000         315.000            4.678e-01           4.678e-01             354.246           3.273e-06             150.536           3.162e+02     
  60.000         315.000            3.008e-01           3.008e-01             337.765           2.396e-06             132.244           3.162e+02     
  65.000         315.000            1.933e-01           1.933e-01             318.373           1.591e-06             115.301           3.162e+02     
  70.000         315.000            1.407e-01           1.407e-01             296.689           9.683e-07              99.754           3.162e+02     
  75.000         315.000            1.252e-01           1.252e-01             276.497           5.286e-07              86.334           3.162e+02     
  80.000         315.000            1.279e-01           1.279e-01             261.647           2.249e-07              75.817           3.162e+02     
  85.000         315.000            1.350e-01           1.350e-01             253.110           5.672e-08              69.057           3.162e+02     
  90.000         315.000            1.382e-01           1.382e-01             250.370           8.199e-12             156.203           3.162e+02     
  95.000         315.000            1.350e-01           1.350e-01             253.110           5.676e-08             249.030           3.162e+02     
 100.000         315.000            1.279e-01           1.279e-01             261.647           2.249e-07             255.802           3.162e+02     
 105.000         315.000            1.252e-01           1.252e-01             276.497           5.287e-07             266.323           3.162e+02     
 110.000         315.000            1.407e-01           1.407e-01             296.689           9.684e-07             279.746           3.162e+02     
 115.000         315.000            1.933e-01           1.933e-01             318.373           1.591e-06             295.294           3.162e+02     
 120.000         315.000            3.008e-01           3.008e-01             337.765           2.396e-06             312.238           3.162e+02     
 125.000         315.000            4.678e-01           4.678e-01             354.246           3.273e-06             330.531           3.162e+02     
 130.000         315.000            6.689e-01           6.689e-01               9.087           4.001e-06             350.929           3.162e+02     
 135.000         315.000            8.431e-01           8.431e-01              23.813           4.555e-06              14.209           3.162e+02     
 140.000         315.000            9.175e-01           9.175e-01              39.803           4.894e-06              41.723           3.162e+02     
 145.000         315.000            8.566e-01           8.566e-01              58.329           5.441e-06              72.072           3.162e+02     
 150.000         315.000            6.941e-01           6.941e-01              80.510           6.248e-06             102.697           3.162e+02     
 155.000         315.000            5.036e-01           5.036e-01             106.905           6.882e-06             131.843           3.162e+02     
 160.000         315.000            3.365e-01           3.365e-01             136.946           6.777e-06             161.937           3.162e+02     
 165.000         315.000            2.025e-01           2.024e-01             169.219           6.127e-06             195.053           3.162e+02     
 170.000         315.000            9.837e-02           9.836e-02             202.565           5.755e-06             231.419           2.709e+02     
 175.000         315.000            2.739e-02           2.738e-02             235.955           6.039e-06             267.172           1.299e+02     
 180.000         315.000            1.400e-05           7.661e-06             123.216           6.344e-06             300.126           3.724e+01     
   0.000         320.000            1.401e-05           8.860e-06             122.988           5.146e-06             119.798           3.725e+01     
   5.000         320.000            2.777e-02           2.776e-02             234.786           4.949e-06              85.209           1.479e+02     
  10.000         320.000            1.023e-01           1.023e-01             200.751           4.847e-06              47.584           3.162e+02     
  15.000         320.000            2.139e-01           2.139e-01             167.028           5.439e-06               9.657           3.162e+02     
  20.000         320.000            3.579e-01           3.579e-01             134.106           6.312e-06             336.079           3.162e+02     
  25.000         320.000            5.435e-01           5.435e-01             102.965           6.639e-06             305.592           3.162e+02     
  30.000         320.000            7.735e-01           7.735e-01              75.377           6.311e-06             275.633           3.162e+02     
  35.000         320.000            9.959e-01           9.959e-01              52.225           5.701e-06             245.163           3.162e+02     
  40.000         320.000            1.113e+00           1.113e+00              32.951           5.351e-06             215.131           3.162e+02     
  45.000         320.000            1.062e+00           1.062e+00              16.332           5.076e-06             188.280           3.162e+02     
  50.000         320.000            8.675e-01           8.675e-01               1.020           4.577e-06             164.969           3.162e+02     
  55.000         320.000            6.166e-01           6.166e-01             345.593           3.663e-06             144.632           3.162e+02     
  60.000         320.000            3.958e-01           3.958e-01             328.415           2.722e-06             125.707           3.162e+02     
  65.000         320.000            2.488e-01           2.488e-01             307.877           1.841e-06             108.022           3.162e+02     
  70.000         320.000            1.769e-01           1.769e-01             284.197           1.160e-06              91.915           3.162e+02     
  75.000         320.000            1.581e-01           1.581e-01             261.667           6.564e-07              78.255           3.162e+02     
  80.000         320.000            1.659e-01           1.659e-01             245.154           2.984e-07              67.935           3.162e+02     
  85.000         320.000            1.791e-01           1.791e-01             235.789           7.630e-08              61.406           3.162e+02     
  90.000         320.000            1.849e-01           1.849e-01             232.810           6.615e-12             145.456           3.162e+02     
  95.000         320.000            1.791e-01           1.791e-01             235.789           7.635e-08             241.382           3.162e+02     
 100.000         320.000            1.659e-01           1.659e-01             245.154           2.985e-07             247.922           3.162e+02     
 105.000         320.000            1.581e-01           1.581e-01             261.667           6.565e-07             258.245           3.162e+02     
 110.000         320.000            1.769e-01           1.769e-01             284.197           1.160e-06             271.908           3.162e+02     
 115.000         320.000            2.488e-01           2.488e-01             307.877           1.841e-06             288.016           3.162e+02     
 120.000         320.000            3.958e-01           3.958e-01             328.415           2.722e-06             305.702           3.162e+02     
 125.000         320.000            6.166e-01           6.166e-01             345.593           3.663e-06             324.629           3.162e+02     
 130.000         320.000            8.675e-01           8.675e-01               1.020           4.577e-06             344.966           3.162e+02     
 135.000         320.000            1.062e+00           1.062e+00              16.332           5.076e-06               8.277           3.162e+02     
 140.000         320.000            1.113e+00           1.113e+00              32.951           5.350e-06              35.129           3.162e+02     
 145.000         320.000            9.959e-01           9.959e-01              52.225           5.700e-06              65.162           3.162e+02     
 150.000         320.000            7.735e-01           7.735e-01              75.377           6.311e-06              95.632           3.162e+02     
 155.000         320.000            5.435e-01           5.435e-01             102.965           6.638e-06             125.590           3.162e+02     
 160.000         320.000            3.579e-01           3.579e-01             134.106           6.311e-06             156.077           3.162e+02     
 165.000         320.000            2.139e-01           2.139e-01             167.028           5.438e-06             189.654           3.162e+02     
 170.000         320.000            1.023e-01           1.023e-01             200.751           4.847e-06             227.582           3.162e+02     
 175.000         320.000            2.777e-02           2.776e-02             234.786           4.948e-06             265.208           1.480e+02     
 180.000         320.000            1.400e-05           8.859e-06             122.988           5.145e-06             299.798           3.724e+01     
   0.000         325.000            1.401e-05           1.000e-05             122.789           4.004e-06             119.385           3.725e+01     
   5.000         325.000            2.819e-02           2.818e-02             233.883           3.892e-06              83.427           1.726e+02     
  10.000         325.000            1.066e-01           1.066e-01             199.490           3.915e-06              44.228           3.162e+02     
  15.000         325.000            2.261e-01           2.261e-01             165.714           4.624e-06               5.216           3.162e+02     
  20.000         325.000            3.794e-01           3.794e-01             132.513           5.584e-06             331.181           3.162e+02     
  25.000         325.000            5.796e-01           5.796e-01             100.607           6.121e-06             300.666           3.162e+02     
  30.000         325.000            8.420e-01           8.420e-01              72.032           6.004e-06             270.329           3.162e+02     
  35.000         325.000            1.119e+00           1.119e+00              47.995           5.721e-06             239.646           3.162e+02     
  40.000         325.000            1.294e+00           1.294e+00              27.983           5.489e-06             210.837           3.162e+02     
  45.000         325.000            1.274e+00           1.274e+00              10.670           5.310e-06             184.811           3.162e+02     
  50.000         325.000            1.068e+00           1.068e+00             354.604           4.768e-06             162.399           3.162e+02     
  55.000         325.000            7.766e-01           7.766e-01             338.258           3.845e-06             142.503           3.162e+02     
  60.000         325.000            5.096e-01           5.096e-01             319.880           2.780e-06             124.132           3.162e+02     
  65.000         325.000            3.315e-01           3.315e-01             297.870           1.792e-06             106.767           3.162e+02     
  70.000         325.000            2.498e-01           2.498e-01             273.000           1.105e-06              90.555           3.162e+02     
  75.000         325.000            2.379e-01           2.379e-01             250.288           6.126e-07              76.629           3.162e+02     
  80.000         325.000            2.597e-01           2.597e-01             234.227           2.743e-07              65.993           3.162e+02     
  85.000         325.000            2.851e-01           2.851e-01             225.272           6.947e-08              59.237           3.162e+02     
  90.000         325.000            2.956e-01           2.956e-01             222.439           5.279e-12             133.669           3.162e+02     
  95.000         325.000            2.851e-01           2.851e-01             225.272           6.951e-08             239.209           3.162e+02     
 100.000         325.000            2.597e-01           2.597e-01             234.227           2.744e-07             245.978           3.162e+02     
 105.000         325.000            2.379e-01           2.379e-01             250.288           6.126e-07             256.618           3.162e+02     
 110.000         325.000            2.498e-01           2.498e-01             273.000           1.105e-06             270.548           3.162e+02     
 115.000         325.000            3.315e-01           3.315e-01             297.870           1.792e-06             286.761           3.162e+02     
 120.000         325.000            5.096e-01           5.096e-01             319.880           2.780e-06             304.128           3.162e+02     
 125.000         325.000            7.766e-01           7.766e-01             338.258           3.845e-06             322.499           3.162e+02     
 130.000         325.000            1.068e+00           1.068e+00             354.604           4.768e-06             342.396           3.162e+02     
 135.000         325.000            1.274e+00           1.274e+00              10.670           5.310e-06               4.809           3.162e+02     
 140.000         325.000            1.294e+00           1.294e+00              27.983           5.489e-06              30.835           3.162e+02     
 145.000         325.000            1.119e+00           1.119e+00              47.995           5.720e-06              59.645           3.162e+02     
 150.000         325.000            8.420e-01           8.420e-01              72.032           6.003e-06              90.327           3.162e+02     
 155.000         325.000            5.796e-01           5.796e-01             100.607           6.120e-06             120.665           3.162e+02     
 160.000         325.000            3.794e-01           3.794e-01             132.513           5.584e-06             151.179           3.162e+02     
 165.000         325.000            2.261e-01           2.261e-01             165.714           4.623e-06             185.213           3.162e+02     
 170.000         325.000            1.066e-01           1.066e-01             199.490           3.914e-06             224.226           3.162e+02     
 175.000         325.000            2.819e-02           2.818e-02             233.883           3.891e-06             263.426           1.726e+02     
 180.000         325.000            1.400e-05           1.000e-05             122.789           4.003e-06             299.384           3.724e+01     
   0.000         330.000            1.401e-05           1.105e-05             122.610           2.952e-06             118.839           3.725e+01     
   5.000         330.000            2.864e-02           2.863e-02             233.248           2.902e-06              81.796           2.079e+02     
  10.000         330.000            1.110e-01           1.110e-01             198.765           2.991e-06              41.318           3.162e+02     
  15.000         330.000            2.391e-01           2.391e-01             165.231           3.702e-06               1.466           3.162e+02     
  20.000         330.000            4.014e-01           4.014e-01             132.120           4.637e-06             326.921           3.162e+02     
  25.000         330.000            6.118e-01           6.118e-01              99.811           5.257e-06             296.408           3.162e+02     
  30.000         330.000            8.975e-01           8.975e-01              70.469           5.357e-06             266.150           3.162e+02     
  35.000         330.000            1.219e+00           1.219e+00              45.648           5.310e-06             235.999           3.162e+02     
  40.000         330.000            1.449e+00           1.449e+00              24.956           5.346e-06             207.916           3.162e+02     
  45.000         330.000            1.465e+00           1.465e+00               7.021           5.133e-06             183.630           3.162e+02     
  50.000         330.000            1.258e+00           1.258e+00             350.306           4.587e-06             162.650           3.162e+02     
  55.000         330.000            9.343e-01           9.343e-01             333.194           3.613e-06             144.354           3.162e+02     
  60.000         330.000            6.272e-01           6.271e-01             313.854           2.515e-06             127.419           3.162e+02     
  65.000         330.000            4.218e-01           4.218e-01             290.750           1.563e-06             111.344           3.162e+02     
  70.000         330.000            3.342e-01           3.342e-01             265.156           8.804e-07              96.071           3.162e+02     
  75.000         330.000            3.334e-01           3.334e-01             242.499           4.449e-07              82.287           3.162e+02     
  80.000         330.000            3.732e-01           3.732e-01             226.828           1.847e-07              71.188           3.162e+02     
  85.000         330.000            4.138e-01           4.138e-01             218.164           4.416e-08              63.967           3.162e+02     
  90.000         330.000            4.302e-01           4.302e-01             215.427           4.468e-12             120.639           3.162e+02     
  95.000         330.000            4.138e-01           4.138e-01             218.164           4.418e-08             243.927           3.162e+02     
 100.000         330.000            3.732e-01           3.732e-01             226.828           1.847e-07             251.168           3.162e+02     
 105.000         330.000            3.334e-01           3.334e-01             242.499           4.450e-07             262.275           3.162e+02     
 110.000         330.000            3.342e-01           3.342e-01             265.156           8.804e-07             276.062           3.162e+02     
 115.000         330.000            4.218e-01           4.218e-01             290.750           1.563e-06             291.337           3.162e+02     
 120.000         330.000            6.272e-01           6.271e-01             313.854           2.514e-06             307.414           3.162e+02     
 125.000         330.000            9.343e-01           9.343e-01             333.194           3.613e-06             324.351           3.162e+02     
 130.000         330.000            1.258e+00           1.258e+00             350.306           4.587e-06             342.647           3.162e+02     
 135.000         330.000            1.465e+00           1.465e+00               7.021           5.133e-06               3.628           3.162e+02     
 140.000         330.000            1.449e+00           1.449e+00              24.956           5.346e-06              27.914           3.162e+02     
 145.000         330.000            1.219e+00           1.219e+00              45.648           5.310e-06              55.997           3.162e+02     
 150.000         330.000            8.975e-01           8.975e-01              70.469           5.357e-06              86.148           3.162e+02     
 155.000         330.000            6.118e-01           6.118e-01              99.811           5.257e-06             116.406           3.162e+02     
 160.000         330.000            4.014e-01           4.014e-01             132.120           4.637e-06             146.919           3.162e+02     
 165.000         330.000            2.391e-01           2.391e-01             165.231           3.702e-06             181.463           3.162e+02     
 170.000         330.000            1.110e-01           1.110e-01             198.765           2.990e-06             221.316           3.162e+02     
 175.000         330.000            2.864e-02           2.863e-02             233.248           2.902e-06             261.795           2.079e+02     
 180.000         330.000            1.400e-05           1.105e-05             122.611           2.952e-06             298.838           3.724e+01     
   0.000         335.000            1.401e-05           1.198e-05             122.447           2.024e-06             118.071           3.725e+01     
   5.000         335.000            2.911e-02           2.911e-02             232.881           2.013e-06              80.246           2.616e+02     
  10.000         335.000            1.157e-01           1.157e-01             198.554           2.116e-06              38.760           3.162e+02     
  15.000         335.000            2.529e-01           2.529e-01             165.525           2.732e-06             358.226           3.162e+02     
  20.000         335.000            4.244e-01           4.244e-01             132.856           3.551e-06             323.579           3.162e+02     
  25.000         335.000            6.416e-01           6.416e-01             100.531           4.151e-06             292.809           3.162e+02     
  30.000         335.000            9.407e-01           9.407e-01              70.692           4.406e-06             262.860           3.162e+02     
  35.000         335.000            1.295e+00           1.295e+00              45.229           4.548e-06             233.757           3.162e+02     
  40.000         335.000            1.571e+00           1.571e+00              23.972           4.705e-06             206.890           3.162e+02     
  45.000         335.000            1.623e+00           1.623e+00               5.575           4.636e-06             184.119           3.162e+02     
  50.000         335.000            1.422e+00           1.422e+00             348.453           4.103e-06             165.318           3.162e+02     
  55.000         335.000            1.072e+00           1.072e+00             330.929           3.173e-06             149.131           3.162e+02     
  60.000         335.000            7.255e-01           7.255e-01             311.060           2.062e-06             135.158           3.162e+02     
  65.000         335.000            4.905e-01           4.905e-01             287.147           1.186e-06             122.180           3.162e+02     
  70.000         335.000            3.943e-01           3.943e-01             260.513           5.916e-07             110.002           3.162e+02     
  75.000         335.000            4.038e-01           4.038e-01             237.076           2.538e-07              98.942           3.162e+02     
  80.000         335.000            4.629e-01           4.629e-01             221.059           8.875e-08              89.068           3.162e+02     
  85.000         335.000            5.203e-01           5.203e-01             212.277           1.869e-08              81.977           3.162e+02     
  90.000         335.000            5.432e-01           5.432e-01             209.513           4.007e-12             109.373           3.162e+02     
  95.000         335.000            5.203e-01           5.203e-01             212.277           1.869e-08             261.912           3.162e+02     
 100.000         335.000            4.629e-01           4.629e-01             221.059           8.873e-08             269.039           3.162e+02     
 105.000         335.000            4.038e-01           4.038e-01             237.076           2.537e-07             278.926           3.162e+02     
 110.000         335.000            3.943e-01           3.943e-01             260.513           5.915e-07             289.992           3.162e+02     
 115.000         335.000            4.905e-01           4.905e-01             287.147           1.186e-06             302.174           3.162e+02     
 120.000         335.000            7.255e-01           7.255e-01             311.060           2.062e-06             315.153           3.162e+02     
 125.000         335.000            1.072e+00           1.072e+00             330.929           3.173e-06             329.128           3.162e+02     
 130.000         335.000            1.422e+00           1.422e+00             348.453           4.103e-06             345.316           3.162e+02     
 135.000         335.000            1.623e+00           1.623e+00               5.575           4.636e-06               4.117           3.162e+02     
 140.000         335.000            1.571e+00           1.571e+00              23.972           4.705e-06              26.888           3.162e+02     
 145.000         335.000            1.295e+00           1.295e+00              45.229           4.548e-06              53.755           3.162e+02     
 150.000         335.000            9.407e-01           9.407e-01              70.692           4.406e-06              82.858           3.162e+02     
 155.000         335.000            6.416e-01           6.416e-01             100.531           4.151e-06             112.806           3.162e+02     
 160.000         335.000            4.244e-01           4.244e-01             132.856           3.551e-06             143.576           3.162e+02     
 165.000         335.000            2.529e-01           2.529e-01             165.525           2.732e-06             178.223           3.162e+02     
 170.000         335.000            1.157e-01           1.157e-01             198.554           2.116e-06             218.757           3.162e+02     
 175.000         335.000            2.911e-02           2.911e-02             232.881           2.012e-06             260.244           2.617e+02     
 180.000         335.000            1.400e-05           1.198e-05             122.447           2.023e-06             298.071           3.724e+01     
   0.000         340.000            1.401e-05           1.276e-05             122.295           1.247e-06             116.890           3.725e+01     
   5.000         340.000            2.960e-02           2.960e-02             232.778           1.255e-06              78.606           3.162e+02     
  10.000         340.000            1.205e-01           1.205e-01             198.831           1.338e-06              36.329           3.162e+02     
  15.000         340.000            2.675e-01           2.675e-01             166.529           1.794e-06             355.147           3.162e+02     
  20.000         340.000            4.492e-01           4.492e-01             134.618           2.421e-06             320.363           3.162e+02     
  25.000         340.000            6.712e-01           6.712e-01             102.681           2.952e-06             289.566           3.162e+02     
  30.000         340.000            9.751e-01           9.751e-01              72.677           3.266e-06             259.826           3.162e+02     
  35.000         340.000            1.347e+00           1.347e+00              46.769           3.493e-06             232.138           3.162e+02     
  40.000         340.000            1.658e+00           1.658e+00              25.092           3.699e-06             207.086           3.162e+02     
  45.000         340.000            1.744e+00           1.744e+00               6.397           3.665e-06             186.405           3.162e+02     
  50.000         340.000            1.552e+00           1.552e+00             349.093           3.232e-06             170.002           3.162e+02     
  55.000         340.000            1.179e+00           1.179e+00             331.446           2.462e-06             156.841           3.162e+02     
  60.000         340.000            7.946e-01           7.946e-01             311.356           1.601e-06             146.481           3.162e+02     
  65.000         340.000            5.283e-01           5.283e-01             286.725           8.856e-07             138.504           3.162e+02     
  70.000         340.000            4.221e-01           4.221e-01             258.603           4.172e-07             133.038           3.162e+02     
  75.000         340.000            4.428e-01           4.428e-01             233.719           1.637e-07             129.489           3.162e+02     
  80.000         340.000            5.241e-01           5.241e-01             216.961           5.096e-08             127.988           3.162e+02     
  85.000         340.000            6.015e-01           6.015e-01             207.909           9.612e-09             128.034           3.162e+02     
  90.000         340.000            6.322e-01           6.322e-01             205.080           3.390e-12             102.842           3.162e+02     
  95.000         340.000            6.015e-01           6.015e-01             207.909           9.590e-09             307.979           3.162e+02     
 100.000         340.000            5.241e-01           5.241e-01             216.961           5.091e-08             307.964           3.162e+02     
 105.000         340.000            4.428e-01           4.428e-01             233.719           1.636e-07             309.474           3.162e+02     
 110.000         340.000            4.221e-01           4.221e-01             258.603           4.171e-07             313.029           3.162e+02     
 115.000         340.000            5.283e-01           5.283e-01             286.725           8.855e-07             318.498           3.162e+02     
 120.000         340.000            7.946e-01           7.946e-01             311.356           1.601e-06             326.477           3.162e+02     
 125.000         340.000            1.179e+00           1.179e+00             331.446           2.462e-06             336.838           3.162e+02     
 130.000         340.000            1.552e+00           1.552e+00             349.093           3.232e-06             349.999           3.162e+02     
 135.000         340.000            1.744e+00           1.744e+00               6.397           3.665e-06               6.402           3.162e+02     
 140.000         340.000            1.658e+00           1.658e+00              25.092           3.698e-06              27.084           3.162e+02     
 145.000         340.000            1.347e+00           1.347e+00              46.769           3.493e-06              52.136           3.162e+02     
 150.000         340.000            9.751e-01           9.751e-01              72.677           3.266e-06              79.823           3.162e+02     
 155.000         340.000            6.712e-01           6.712e-01             102.681           2.952e-06             109.563           3.162e+02     
 160.000         340.000            4.492e-01           4.492e-01             134.618           2.421e-06             140.360           3.162e+02     
 165.000         340.000            2.675e-01           2.675e-01             166.529           1.794e-06             175.143           3.162e+02     
 170.000         340.000            1.205e-01           1.205e-01             198.831           1.338e-06             216.325           3.162e+02     
 175.000         340.000            2.960e-02           2.960e-02             232.778           1.255e-06             258.603           3.162e+02     
 180.000         340.000            1.400e-05           1.276e-05             122.296           1.247e-06             296.889           3.724e+01     
   0.000         345.000            1.401e-05           1.336e-05             122.152           6.448e-07             114.797           3.725e+01     
   5.000         345.000            3.009e-02           3.009e-02             232.936           6.570e-07              76.419           3.162e+02     
  10.000         345.000            1.254e-01           1.254e-01             199.569           7.032e-07              33.414           3.162e+02     
  15.000         345.000            2.827e-01           2.827e-01             168.174           9.791e-07             351.360           3.162e+02     
  20.000         345.000            4.762e-01           4.762e-01             137.282           1.385e-06             316.322           3.162e+02     
  25.000         345.000            7.033e-01           7.033e-01             106.123           1.779e-06             285.928           3.162e+02     
  30.000         345.000            1.006e+00           1.006e+00              76.340           2.063e-06             257.261           3.162e+02     
  35.000         345.000            1.383e+00           1.383e+00              50.236           2.307e-06             230.823           3.162e+02     
  40.000         345.000            1.713e+00           1.713e+00              28.289           2.493e-06             207.880           3.162e+02     
  45.000         345.000            1.825e+00           1.825e+00               9.411           2.443e-06             189.930           3.162e+02     
  50.000         345.000            1.644e+00           1.644e+00             352.028           2.159e-06             176.392           3.162e+02     
  55.000         345.000            1.258e+00           1.258e+00             334.351           1.655e-06             166.749           3.162e+02     
  60.000         345.000            8.439e-01           8.439e-01             314.108           1.103e-06             160.863           3.162e+02     
  65.000         345.000            5.535e-01           5.535e-01             288.794           6.526e-07             158.774           3.162e+02     
  70.000         345.000            4.432e-01           4.432e-01             259.247           3.444e-07             159.764           3.162e+02     
  75.000         345.000            4.812e-01           4.812e-01             233.171           1.636e-07             163.310           3.162e+02     
  80.000         345.000            5.905e-01           5.905e-01             215.986           6.505e-08             167.811           3.162e+02     
  85.000         345.000            6.924e-01           6.924e-01             206.864           1.539e-08             171.600           3.162e+02     
  90.000         345.000            7.326e-01           7.326e-01             204.036           2.334e-12             101.765           3.162e+02     
  95.000         345.000            6.924e-01           6.924e-01             206.864           1.536e-08             351.598           3.162e+02     
 100.000         345.000            5.905e-01           5.905e-01             215.986           6.498e-08             347.806           3.162e+02     
 105.000         345.000            4.812e-01           4.812e-01             233.171           1.635e-07             343.304           3.162e+02     
 110.000         345.000            4.432e-01           4.432e-01             259.247           3.442e-07             339.758           3.162e+02     
 115.000         345.000            5.535e-01           5.535e-01             288.794           6.525e-07             338.769           3.162e+02     
 120.000         345.000            8.439e-01           8.439e-01             314.108           1.103e-06             340.858           3.162e+02     
 125.000         345.000            1.258e+00           1.258e+00             334.351           1.655e-06             346.745           3.162e+02     
 130.000         345.000            1.644e+00           1.644e+00             352.028           2.159e-06             356.389           3.162e+02     
 135.000         345.000            1.825e+00           1.825e+00               9.411           2.443e-06               9.927           3.162e+02     
 140.000         345.000            1.713e+00           1.713e+00              28.289           2.493e-06              27.877           3.162e+02     
 145.000         345.000            1.383e+00           1.383e+00              50.236           2.307e-06              50.819           3.162e+02     
 150.000         345.000            1.006e+00           1.006e+00              76.340           2.063e-06              77.258           3.162e+02     
 155.000         345.000            7.033e-01           7.033e-01             106.123           1.779e-06             105.925           3.162e+02     
 160.000         345.000            4.762e-01           4.762e-01             137.282           1.385e-06             136.318           3.162e+02     
 165.000         345.000            2.827e-01           2.827e-01             168.174           9.791e-07             171.355           3.162e+02     
 170.000         345.000            1.254e-01           1.254e-01             199.569           7.031e-07             213.408           3.162e+02     
 175.000         345.000            3.009e-02           3.009e-02             232.936           6.569e-07             256.415           3.162e+02     
 180.000         345.000            1.400e-05           1.336e-05             122.152           6.446e-07             294.795           3.724e+01     
   0.000         350.000            1.401e-05           1.377e-05             122.013           2.359e-07             109.980           3.725e+01     
   5.000         350.000            3.059e-02           3.059e-02             233.348           2.437e-07              72.012           3.162e+02     
  10.000         350.000            1.301e-01           1.301e-01             200.739           2.569e-07              27.742           3.162e+02     
  15.000         350.000            2.984e-01           2.984e-01             170.390           3.796e-07             343.833           3.162e+02     
  20.000         350.000            5.056e-01           5.056e-01             140.712           5.866e-07             308.342           3.162e+02     
  25.000         350.000            7.398e-01           7.398e-01             110.667           8.193e-07             278.965           3.162e+02     
  30.000         350.000            1.038e+00           1.038e+00              81.509           1.013e-06             252.349           3.162e+02     
  35.000         350.000            1.409e+00           1.409e+00              55.511           1.173e-06             228.879           3.162e+02     
  40.000         350.000            1.743e+00           1.743e+00              33.448           1.270e-06             209.305           3.162e+02     
  45.000         350.000            1.870e+00           1.870e+00              14.440           1.255e-06             194.775           3.162e+02     
  50.000         350.000            1.701e+00           1.701e+00             356.951           1.110e-06             184.773           3.162e+02     
  55.000         350.000            1.313e+00           1.313e+00             339.132           8.802e-07             179.445           3.162e+02     
  60.000         350.000            8.878e-01           8.878e-01             318.571           6.415e-07             178.250           3.162e+02     
  65.000         350.000            5.902e-01           5.902e-01             292.602           4.492e-07             180.273           3.162e+02     
  70.000         350.000            4.892e-01           4.892e-01             262.382           2.977e-07             183.803           3.162e+02     
  75.000         350.000            5.537e-01           5.537e-01             236.290           1.797e-07             187.439           3.162e+02     
  80.000         350.000            6.972e-01           6.972e-01             219.448           8.642e-08             190.233           3.162e+02     
  85.000         350.000            8.271e-01           8.271e-01             210.594           2.293e-08             192.017           3.162e+02     
  90.000         350.000            8.780e-01           8.780e-01             207.858           1.111e-12             105.773           3.162e+02     
  95.000         350.000            8.271e-01           8.271e-01             210.594           2.290e-08              12.021           3.162e+02     
 100.000         350.000            6.972e-01           6.972e-01             219.448           8.635e-08              10.233           3.162e+02     
 105.000         350.000            5.537e-01           5.537e-01             236.290           1.796e-07               7.436           3.162e+02     
 110.000         350.000            4.892e-01           4.892e-01             262.382           2.976e-07               3.799           3.162e+02     
 115.000         350.000            5.902e-01           5.902e-01             292.602           4.491e-07               0.268           3.162e+02     
 120.000         350.000            8.878e-01           8.878e-01             318.571           6.414e-07             358.244           3.162e+02     
 125.000         350.000            1.313e+00           1.313e+00             339.132           8.801e-07             359.440           3.162e+02     
 130.000         350.000            1.701e+00           1.701e+00             356.951           1.110e-06               4.768           3.162e+02     
 135.000         350.000            1.870e+00           1.870e+00              14.440           1.255e-06              14.771           3.162e+02     
 140.000         350.000            1.743e+00           1.743e+00              33.448           1.270e-06              29.301           3.162e+02     
 145.000         350.000            1.409e+00           1.409e+00              55.511           1.173e-06              48.874           3.162e+02     
 150.000         350.000            1.038e+00           1.038e+00              81.509           1.013e-06              72.345           3.162e+02     
 155.000         350.000            7.398e-01           7.398e-01             110.667           8.193e-07              98.961           3.162e+02     
 160.000         350.000            5.056e-01           5.056e-01             140.712           5.866e-07             128.337           3.162e+02     
 165.000         350.000            2.984e-01           2.984e-01             170.390           3.796e-07             163.826           3.162e+02     
 170.000         350.000            1.301e-01           1.301e-01             200.739           2.568e-07             207.733           3.162e+02     
 175.000         350.000            3.059e-02           3.059e-02             233.348           2.437e-07             252.006           3.162e+02     
 180.000         350.000            1.400e-05           1.377e-05             122.014           2.358e-07             289.977           3.724e+01     
   0.000         355.000            1.401e-05           1.397e-05             121.878           3.261e-08              88.054           3.725e+01     
   5.000         355.000            3.108e-02           3.108e-02             234.008           3.385e-08              52.081           3.162e+02     
  10.000         355.000            1.347e-01           1.347e-01             202.317           3.668e-08               1.236           3.162e+02     
  15.000         355.000            3.140e-01           3.140e-01             173.113           7.351e-08             312.923           3.162e+02     
  20.000         355.000            5.368e-01           5.368e-01             144.773           1.501e-07             280.307           3.162e+02     
  25.000         355.000            7.815e-01           7.815e-01             116.089           2.425e-07             256.393           3.162e+02     
  30.000         355.000            1.077e+00           1.077e+00              87.930           3.183e-07             235.993           3.162e+02     
  35.000         355.000            1.433e+00           1.433e+00              62.369           3.625e-07             219.428           3.162e+02     
  40.000         355.000            1.755e+00           1.755e+00              40.374           3.690e-07             207.019           3.162e+02     
  45.000         355.000            1.882e+00           1.882e+00              21.279           3.455e-07             200.168           3.162e+02     
  50.000         355.000            1.722e+00           1.722e+00               3.606           3.099e-07             198.415           3.162e+02     
  55.000         355.000            1.344e+00           1.344e+00             345.455           2.826e-07             200.864           3.162e+02     
  60.000         355.000            9.284e-01           9.284e-01             324.332           2.707e-07             204.702           3.162e+02     
  65.000         355.000            6.454e-01           6.454e-01             297.779           2.517e-07             207.395           3.162e+02     
  70.000         355.000            5.701e-01           5.701e-01             267.849           2.134e-07             208.499           3.162e+02     
  75.000         355.000            6.708e-01           6.708e-01             242.922           1.514e-07             208.420           3.162e+02     
  80.000         355.000            8.527e-01           8.527e-01             227.034           7.957e-08             207.838           3.162e+02     
  85.000         355.000            1.012e+00           1.012e+00             218.672           2.200e-08             207.340           3.162e+02     
  90.000         355.000            1.074e+00           1.074e+00             216.082           2.337e-13             114.461           3.162e+02     
  95.000         355.000            1.012e+00           1.012e+00             218.672           2.197e-08              27.340           3.162e+02     
 100.000         355.000            8.527e-01           8.527e-01             227.034           7.952e-08              27.836           3.162e+02     
 105.000         355.000            6.708e-01           6.708e-01             242.922           1.513e-07              28.417           3.162e+02     
 110.000         355.000            5.701e-01           5.701e-01             267.849           2.134e-07              28.494           3.162e+02     
 115.000         355.000            6.454e-01           6.454e-01             297.779           2.517e-07              27.388           3.162e+02     
 120.000         355.000            9.284e-01           9.284e-01             324.332           2.706e-07              24.693           3.162e+02     
 125.000         355.000            1.344e+00           1.344e+00             345.455           2.826e-07              20.854           3.162e+02     
 130.000         355.000            1.722e+00           1.722e+00               3.606           3.100e-07              18.405           3.162e+02     
 135.000         355.000            1.882e+00           1.882e+00              21.279           3.456e-07              20.160           3.162e+02     
 140.000         355.000            1.755e+00           1.755e+00              40.374           3.690e-07              27.012           3.162e+02     
 145.000         355.000            1.433e+00           1.433e+00              62.369           3.626e-07              39.422           3.162e+02     
 150.000         355.000            1.077e+00           1.077e+00              87.930           3.184e-07              55.988           3.162e+02     
 155.000         355.000            7.815e-01           7.815e-01             116.089           2.426e-07              76.388           3.162e+02     
 160.000         355.000            5.368e-01           5.368e-01             144.773           1.501e-07             100.303           3.162e+02     
 165.000         355.000            3.140e-01           3.140e-01             173.113           7.354e-08             132.914           3.162e+02     
 170.000         355.000            1.347e-01           1.347e-01             202.317           3.669e-08             181.217           3.162e+02     
 175.000         355.000            3.108e-02           3.108e-02             234.008           3.384e-08             232.061           3.162e+02     
 180.000         355.000            1.400e-05           1.397e-05             121.878           3.259e-08             268.040           3.724e+01     
