Theta [deg.]  Phi   [deg.]  Abs(Grlz)[      ]   Abs(Theta)[      ]  Phase(Theta)[deg.]  Abs(Phi  )[      ]  Phase(Phi  )[deg.]  Ax.Ratio[      ]    
------------------------------------------------------------------------------------------------------------------------------------------------------
   0.000           0.000            1.010e-05           6.285e-08             347.333           1.004e-05             316.683           2.491e+01     
   5.000           0.000            2.316e-02           2.315e-02             301.074           9.778e-06             333.426           9.096e+01     
  10.000           0.000            8.304e-02           8.303e-02             319.211           9.209e-06             351.006           1.802e+02     
  15.000           0.000            1.669e-01           1.669e-01             338.555           8.577e-06               9.168           2.739e+02     
  20.000           0.000            2.794e-01           2.794e-01             357.427           8.043e-06              27.125           3.162e+02     
  25.000           0.000            4.320e-01           4.320e-01              13.400           7.627e-06              43.728           3.162e+02     
  30.000           0.000            6.149e-01           6.149e-01              25.217           7.145e-06              58.113           3.162e+02     
  35.000           0.000            7.942e-01           7.942e-01              33.076           6.483e-06              69.972           3.162e+02     
  40.000           0.000            9.359e-01           9.359e-01              37.825           5.557e-06              79.576           3.162e+02     
  45.000           0.000            1.028e+00           1.028e+00              40.456           4.496e-06              87.620           3.162e+02     
  50.000           0.000            1.081e+00           1.081e+00              41.966           3.406e-06              94.752           3.162e+02     
  55.000           0.000            1.110e+00           1.110e+00              43.245           2.444e-06             101.732           3.162e+02     
  60.000           0.000            1.128e+00           1.128e+00              44.912           1.682e-06             109.177           3.162e+02     
  65.000           0.000            1.143e+00           1.143e+00              47.200           1.097e-06             116.714           3.162e+02     
  70.000           0.000            1.158e+00           1.158e+00              49.967           6.751e-07             124.202           3.162e+02     
  75.000           0.000            1.173e+00           1.173e+00              52.821           3.743e-07             130.927           3.162e+02     
  80.000           0.000            1.189e+00           1.189e+00              55.286           1.664e-07             136.200           3.162e+02     
  85.000           0.000            1.200e+00           1.200e+00              56.947           4.129e-08             139.547           3.162e+02     
  90.000           0.000            1.204e+00           1.204e+00              57.532           1.388e-11             139.992           3.162e+02     
  95.000           0.000            1.200e+00           1.200e+00              56.947           4.127e-08             319.526           3.162e+02     
 100.000           0.000            1.189e+00           1.189e+00              55.286           1.663e-07             316.189           3.162e+02     
 105.000           0.000            1.173e+00           1.173e+00              52.821           3.742e-07             310.919           3.162e+02     
 110.000           0.000            1.158e+00           1.158e+00              49.967           6.751e-07             304.197           3.162e+02     
 115.000           0.000            1.143e+00           1.143e+00              47.200           1.097e-06             296.709           3.162e+02     
 120.000           0.000            1.128e+00           1.128e+00              44.912           1.682e-06             289.173           3.162e+02     
 125.000           0.000            1.110e+00           1.110e+00              43.245           2.444e-06             281.729           3.162e+02     
 130.000           0.000            1.081e+00           1.081e+00              41.966           3.406e-06             274.749           3.162e+02     
 135.000           0.000            1.028e+00           1.028e+00              40.456           4.496e-06             267.618           3.162e+02     
 140.000           0.000            9.359e-01           9.359e-01              37.825           5.557e-06             259.575           3.162e+02     
 145.000           0.000            7.942e-01           7.942e-01              33.076           6.482e-06             249.971           3.162e+02     
 150.000           0.000            6.149e-01           6.149e-01              25.217           7.145e-06             238.112           3.162e+02     
 155.000           0.000            4.320e-01           4.320e-01              13.400           7.626e-06             223.727           3.162e+02     
 160.000           0.000            2.794e-01           2.794e-01             357.427           8.043e-06             207.124           3.162e+02     
 165.000           0.000            1.669e-01           1.669e-01             338.555           8.577e-06             189.167           2.739e+02     
 170.000           0.000            8.304e-02           8.303e-02             319.211           9.208e-06             171.005           1.802e+02     
 175.000           0.000            2.316e-02           2.315e-02             301.074           9.777e-06             153.426           9.097e+01     
 180.000           0.000            1.010e-05           6.286e-08             347.346           1.004e-05             136.682           2.489e+01     
   0.000           5.000            1.010e-05           2.573e-07             331.219           9.845e-06             316.479           2.491e+01     
   5.000           5.000            2.363e-02           2.362e-02             303.667           9.892e-06             336.080           9.120e+01     
  10.000           5.000            8.594e-02           8.594e-02             324.242           9.493e-06             355.927           1.812e+02     
  15.000           5.000            1.751e-01           1.751e-01             345.937           8.976e-06              16.509           2.746e+02     
  20.000           5.000            2.959e-01           2.959e-01               7.060           8.559e-06              37.047           3.162e+02     
  25.000           5.000            4.583e-01           4.583e-01              25.282           8.271e-06              56.325           3.162e+02     
  30.000           5.000            6.498e-01           6.498e-01              39.448           7.885e-06              73.419           3.162e+02     
  35.000           5.000            8.336e-01           8.336e-01              49.760           7.258e-06              87.990           3.162e+02     
  40.000           5.000            9.749e-01           9.749e-01              56.993           6.273e-06             100.238           3.162e+02     
  45.000           5.000            1.064e+00           1.064e+00              62.029           5.085e-06             110.683           3.162e+02     
  50.000           5.000            1.115e+00           1.115e+00              65.742           3.821e-06             119.859           3.162e+02     
  55.000           5.000            1.148e+00           1.148e+00              68.914           2.697e-06             128.362           3.162e+02     
  60.000           5.000            1.178e+00           1.178e+00              72.100           1.813e-06             136.733           3.162e+02     
  65.000           5.000            1.212e+00           1.212e+00              75.510           1.144e-06             144.825           3.162e+02     
  70.000           5.000            1.249e+00           1.249e+00              79.027           6.796e-07             152.593           3.162e+02     
  75.000           5.000            1.287e+00           1.287e+00              82.326           3.645e-07             159.490           3.162e+02     
  80.000           5.000            1.320e+00           1.320e+00              85.021           1.578e-07             164.900           3.162e+02     
  85.000           5.000            1.343e+00           1.343e+00              86.779           3.850e-08             168.341           3.162e+02     
  90.000           5.000            1.352e+00           1.352e+00              87.390           1.452e-11             169.769           3.162e+02     
  95.000           5.000            1.343e+00           1.343e+00              86.779           3.847e-08             348.323           3.162e+02     
 100.000           5.000            1.320e+00           1.320e+00              85.021           1.577e-07             344.891           3.162e+02     
 105.000           5.000            1.287e+00           1.287e+00              82.326           3.644e-07             339.484           3.162e+02     
 110.000           5.000            1.249e+00           1.249e+00              79.027           6.795e-07             332.588           3.162e+02     
 115.000           5.000            1.212e+00           1.212e+00              75.510           1.144e-06             324.821           3.162e+02     
 120.000           5.000            1.178e+00           1.178e+00              72.100           1.813e-06             316.730           3.162e+02     
 125.000           5.000            1.148e+00           1.148e+00              68.914           2.697e-06             308.359           3.162e+02     
 130.000           5.000            1.115e+00           1.115e+00              65.742           3.821e-06             299.857           3.162e+02     
 135.000           5.000            1.064e+00           1.064e+00              62.029           5.085e-06             290.681           3.162e+02     
 140.000           5.000            9.749e-01           9.749e-01              56.993           6.273e-06             280.237           3.162e+02     
 145.000           5.000            8.336e-01           8.336e-01              49.760           7.257e-06             267.989           3.162e+02     
 150.000           5.000            6.498e-01           6.498e-01              39.448           7.885e-06             253.418           3.162e+02     
 155.000           5.000            4.583e-01           4.583e-01              25.282           8.270e-06             236.324           3.162e+02     
 160.000           5.000            2.959e-01           2.959e-01               7.060           8.558e-06             217.046           3.162e+02     
 165.000           5.000            1.751e-01           1.751e-01             345.937           8.975e-06             196.509           2.746e+02     
 170.000           5.000            8.594e-02           8.594e-02             324.242           9.493e-06             175.927           1.812e+02     
 175.000           5.000            2.363e-02           2.362e-02             303.667           9.892e-06             156.079           9.120e+01     
 180.000           5.000            1.010e-05           2.573e-07             331.226           9.845e-06             136.479           2.489e+01     
   0.000          10.000            1.010e-05           5.974e-07             326.054           9.505e-06             316.270           2.491e+01     
   5.000          10.000            2.414e-02           2.413e-02             306.070           9.788e-06             337.989           9.394e+01     
  10.000          10.000            8.929e-02           8.928e-02             328.811           9.549e-06             359.945           1.870e+02     
  15.000          10.000            1.847e-01           1.847e-01             352.529           9.198e-06              22.723           2.818e+02     
  20.000          10.000            3.151e-01           3.151e-01              15.619           8.907e-06              45.595           3.162e+02     
  25.000          10.000            4.892e-01           4.892e-01              35.957           8.753e-06              67.336           3.162e+02     
  30.000          10.000            6.937e-01           6.937e-01              52.520           8.495e-06              86.997           3.162e+02     
  35.000          10.000            8.916e-01           8.916e-01              65.491           7.973e-06             104.180           3.162e+02     
  40.000          10.000            1.048e+00           1.048e+00              75.523           7.018e-06             118.971           3.162e+02     
  45.000          10.000            1.152e+00           1.151e+00              83.305           5.769e-06             131.707           3.162e+02     
  50.000          10.000            1.214e+00           1.214e+00              89.471           4.336e-06             142.892           3.162e+02     
  55.000          10.000            1.256e+00           1.256e+00              94.580           3.012e-06             153.017           3.162e+02     
  60.000          10.000            1.291e+00           1.291e+00              99.066           1.939e-06             162.516           3.162e+02     
  65.000          10.000            1.327e+00           1.327e+00             103.167           1.172e-06             171.754           3.162e+02     
  70.000          10.000            1.363e+00           1.363e+00             106.912           6.546e-07             180.485           3.162e+02     
  75.000          10.000            1.396e+00           1.396e+00             110.166           3.306e-07             188.316           3.162e+02     
  80.000          10.000            1.423e+00           1.423e+00             112.717           1.364e-07             194.563           3.162e+02     
  85.000          10.000            1.440e+00           1.440e+00             114.349           3.223e-08             198.609           3.162e+02     
  90.000          10.000            1.446e+00           1.446e+00             114.910           1.498e-11             197.865           3.162e+02     
  95.000          10.000            1.440e+00           1.440e+00             114.349           3.220e-08              18.598           3.162e+02     
 100.000          10.000            1.423e+00           1.423e+00             112.717           1.363e-07              14.557           3.162e+02     
 105.000          10.000            1.396e+00           1.396e+00             110.166           3.305e-07               8.311           3.162e+02     
 110.000          10.000            1.363e+00           1.363e+00             106.912           6.545e-07               0.482           3.162e+02     
 115.000          10.000            1.327e+00           1.327e+00             103.167           1.172e-06             351.751           3.162e+02     
 120.000          10.000            1.291e+00           1.291e+00              99.066           1.939e-06             342.514           3.162e+02     
 125.000          10.000            1.256e+00           1.256e+00              94.580           3.012e-06             333.015           3.162e+02     
 130.000          10.000            1.214e+00           1.214e+00              89.470           4.336e-06             322.890           3.162e+02     
 135.000          10.000            1.152e+00           1.151e+00              83.305           5.768e-06             311.706           3.162e+02     
 140.000          10.000            1.048e+00           1.048e+00              75.523           7.017e-06             298.970           3.162e+02     
 145.000          10.000            8.916e-01           8.916e-01              65.491           7.972e-06             284.179           3.162e+02     
 150.000          10.000            6.937e-01           6.937e-01              52.520           8.494e-06             266.996           3.162e+02     
 155.000          10.000            4.892e-01           4.892e-01              35.957           8.752e-06             247.335           3.162e+02     
 160.000          10.000            3.151e-01           3.151e-01              15.619           8.906e-06             225.594           3.162e+02     
 165.000          10.000            1.847e-01           1.847e-01             352.529           9.197e-06             202.722           2.818e+02     
 170.000          10.000            8.929e-02           8.928e-02             328.811           9.548e-06             179.944           1.870e+02     
 175.000          10.000            2.414e-02           2.413e-02             306.070           9.787e-06             157.988           9.395e+01     
 180.000          10.000            1.010e-05           5.974e-07             326.059           9.505e-06             136.270           2.489e+01     
   0.000          15.000            1.010e-05           1.073e-06             323.528           9.030e-06             316.052           2.491e+01     
   5.000          15.000            2.468e-02           2.467e-02             308.264           9.517e-06             339.746           9.751e+01     
  10.000          15.000            9.298e-02           9.297e-02             332.871           9.454e-06               3.621           1.940e+02     
  15.000          15.000            1.955e-01           1.955e-01             358.254           9.252e-06              28.347           2.899e+02     
  20.000          15.000            3.359e-01           3.359e-01              22.971           9.079e-06              53.235           3.162e+02     
  25.000          15.000            5.219e-01           5.219e-01              45.183           9.038e-06              77.130           3.162e+02     
  30.000          15.000            7.418e-01           7.418e-01              64.014           8.912e-06              99.095           3.162e+02     
  35.000          15.000            9.631e-01           9.631e-01              79.581           8.555e-06             118.608           3.162e+02     
  40.000          15.000            1.153e+00           1.153e+00              92.359           7.728e-06             135.600           3.162e+02     
  45.000          15.000            1.298e+00           1.298e+00             102.822           6.465e-06             150.632           3.162e+02     
  50.000          15.000            1.398e+00           1.398e+00             111.386           4.954e-06             163.381           3.162e+02     
  55.000          15.000            1.463e+00           1.463e+00             118.439           3.427e-06             174.937           3.162e+02     
  60.000          15.000            1.502e+00           1.502e+00             124.339           2.155e-06             185.828           3.162e+02     
  65.000          15.000            1.523e+00           1.523e+00             129.359           1.251e-06             196.490           3.162e+02     
  70.000          15.000            1.529e+00           1.529e+00             133.641           6.633e-07             206.932           3.162e+02     
  75.000          15.000            1.527e+00           1.527e+00             137.187           3.188e-07             216.616           3.162e+02     
  80.000          15.000            1.521e+00           1.521e+00             139.890           1.267e-07             224.593           3.162e+02     
  85.000          15.000            1.515e+00           1.515e+00             141.598           2.929e-08             229.907           3.162e+02     
  90.000          15.000            1.513e+00           1.513e+00             142.184           1.519e-11             223.837           3.162e+02     
  95.000          15.000            1.515e+00           1.515e+00             141.598           2.926e-08              49.908           3.162e+02     
 100.000          15.000            1.521e+00           1.521e+00             139.890           1.266e-07              44.592           3.162e+02     
 105.000          15.000            1.527e+00           1.527e+00             137.187           3.187e-07              36.615           3.162e+02     
 110.000          15.000            1.529e+00           1.529e+00             133.641           6.631e-07              26.930           3.162e+02     
 115.000          15.000            1.523e+00           1.523e+00             129.359           1.251e-06              16.489           3.162e+02     
 120.000          15.000            1.502e+00           1.502e+00             124.339           2.155e-06               5.827           3.162e+02     
 125.000          15.000            1.463e+00           1.463e+00             118.439           3.427e-06             354.935           3.162e+02     
 130.000          15.000            1.398e+00           1.398e+00             111.386           4.954e-06             343.380           3.162e+02     
 135.000          15.000            1.298e+00           1.298e+00             102.822           6.464e-06             330.631           3.162e+02     
 140.000          15.000            1.153e+00           1.153e+00              92.359           7.728e-06             315.599           3.162e+02     
 145.000          15.000            9.631e-01           9.631e-01              79.581           8.555e-06             298.607           3.162e+02     
 150.000          15.000            7.418e-01           7.418e-01              64.014           8.911e-06             279.094           3.162e+02     
 155.000          15.000            5.219e-01           5.219e-01              45.183           9.038e-06             257.128           3.162e+02     
 160.000          15.000            3.359e-01           3.359e-01              22.971           9.078e-06             233.234           3.162e+02     
 165.000          15.000            1.955e-01           1.955e-01             358.254           9.252e-06             208.345           2.899e+02     
 170.000          15.000            9.298e-02           9.297e-02             332.871           9.454e-06             183.620           1.940e+02     
 175.000          15.000            2.468e-02           2.467e-02             308.264           9.517e-06             159.745           9.752e+01     
 180.000          15.000            1.010e-05           1.073e-06             323.531           9.029e-06             136.051           2.489e+01     
   0.000          20.000            1.010e-05           1.669e-06             322.016           8.434e-06             315.820           2.491e+01     
   5.000          20.000            2.524e-02           2.523e-02             310.231           9.087e-06             341.336           1.020e+02     
  10.000          20.000            9.696e-02           9.695e-02             336.396           9.188e-06               6.933           2.022e+02     
  15.000          20.000            2.069e-01           2.069e-01               3.070           9.129e-06              33.324           2.988e+02     
  20.000          20.000            3.568e-01           3.568e-01              29.040           9.049e-06              59.876           3.162e+02     
  25.000          20.000            5.523e-01           5.523e-01              52.808           9.080e-06              85.570           3.162e+02     
  30.000          20.000            7.845e-01           7.845e-01              73.641           9.056e-06             109.514           3.162e+02     
  35.000          20.000            1.030e+00           1.030e+00              91.536           8.899e-06             131.330           3.162e+02     
  40.000          20.000            1.264e+00           1.264e+00             106.735           8.253e-06             150.037           3.162e+02     
  45.000          20.000            1.468e+00           1.467e+00             119.497           7.091e-06             166.106           3.162e+02     
  50.000          20.000            1.628e+00           1.628e+00             130.113           5.541e-06             180.048           3.162e+02     
  55.000          20.000            1.737e+00           1.737e+00             138.944           3.861e-06             192.711           3.162e+02     
  60.000          20.000            1.794e+00           1.794e+00             146.366           2.418e-06             204.736           3.162e+02     
  65.000          20.000            1.806e+00           1.806e+00             152.686           1.373e-06             216.677           3.162e+02     
  70.000          20.000            1.785e+00           1.785e+00             158.073           7.208e-07             228.667           3.162e+02     
  75.000          20.000            1.749e+00           1.749e+00             162.530           3.423e-07             240.075           3.162e+02     
  80.000          20.000            1.713e+00           1.713e+00             165.928           1.358e-07             249.611           3.162e+02     
  85.000          20.000            1.686e+00           1.686e+00             168.077           3.154e-08             255.994           3.162e+02     
  90.000          20.000            1.677e+00           1.677e+00             168.815           1.455e-11             248.260           3.162e+02     
  95.000          20.000            1.686e+00           1.686e+00             168.077           3.152e-08              76.001           3.162e+02     
 100.000          20.000            1.713e+00           1.713e+00             165.928           1.357e-07              69.614           3.162e+02     
 105.000          20.000            1.749e+00           1.749e+00             162.530           3.422e-07              60.076           3.162e+02     
 110.000          20.000            1.785e+00           1.785e+00             158.073           7.207e-07              48.666           3.162e+02     
 115.000          20.000            1.806e+00           1.806e+00             152.686           1.373e-06              36.676           3.162e+02     
 120.000          20.000            1.794e+00           1.794e+00             146.366           2.417e-06              24.735           3.162e+02     
 125.000          20.000            1.737e+00           1.737e+00             138.944           3.861e-06              12.710           3.162e+02     
 130.000          20.000            1.628e+00           1.628e+00             130.113           5.541e-06               0.047           3.162e+02     
 135.000          20.000            1.468e+00           1.467e+00             119.497           7.091e-06             346.105           3.162e+02     
 140.000          20.000            1.264e+00           1.264e+00             106.735           8.252e-06             330.036           3.162e+02     
 145.000          20.000            1.030e+00           1.030e+00              91.536           8.898e-06             311.329           3.162e+02     
 150.000          20.000            7.845e-01           7.845e-01              73.641           9.056e-06             289.513           3.162e+02     
 155.000          20.000            5.523e-01           5.523e-01              52.808           9.079e-06             265.569           3.162e+02     
 160.000          20.000            3.568e-01           3.568e-01              29.040           9.048e-06             239.875           3.162e+02     
 165.000          20.000            2.069e-01           2.069e-01               3.070           9.128e-06             213.323           2.988e+02     
 170.000          20.000            9.696e-02           9.695e-02             336.396           9.187e-06             186.932           2.022e+02     
 175.000          20.000            2.524e-02           2.523e-02             310.231           9.087e-06             161.335           1.020e+02     
 180.000          20.000            1.010e-05           1.669e-06             322.019           8.433e-06             135.819           2.489e+01     
   0.000          25.000            1.010e-05           2.368e-06             320.999           7.734e-06             315.570           2.491e+01     
   5.000          25.000            2.582e-02           2.581e-02             311.961           8.508e-06             342.747           1.076e+02     
  10.000          25.000            1.011e-01           1.011e-01             339.368           8.752e-06               9.862           2.119e+02     
  15.000          25.000            2.185e-01           2.185e-01               6.963           8.822e-06              37.626           3.086e+02     
  20.000          25.000            3.763e-01           3.763e-01              33.804           8.805e-06              65.471           3.162e+02     
  25.000          25.000            5.758e-01           5.758e-01              58.768           8.879e-06              93.034           3.162e+02     
  30.000          25.000            8.103e-01           8.103e-01              81.272           8.869e-06             118.509           3.162e+02     
  35.000          25.000            1.067e+00           1.067e+00             101.169           8.841e-06             141.583           3.162e+02     
  40.000          25.000            1.332e+00           1.332e+00             118.424           8.389e-06             161.762           3.162e+02     
  45.000          25.000            1.586e+00           1.586e+00             133.088           7.392e-06             178.859           3.162e+02     
  50.000          25.000            1.805e+00           1.805e+00             145.396           5.895e-06             193.432           3.162e+02     
  55.000          25.000            1.964e+00           1.964e+00             155.750           4.160e-06             206.624           3.162e+02     
  60.000          25.000            2.054e+00           2.054e+00             164.586           2.630e-06             219.439           3.162e+02     
  65.000          25.000            2.081e+00           2.081e+00             172.236           1.502e-06             231.756           3.162e+02     
  70.000          25.000            2.063e+00           2.063e+00             178.841           7.874e-07             244.129           3.162e+02     
  75.000          25.000            2.025e+00           2.025e+00             184.349           3.783e-07             255.927           3.162e+02     
  80.000          25.000            1.986e+00           1.986e+00             188.559           1.513e-07             265.764           3.162e+02     
  85.000          25.000            1.958e+00           1.958e+00             191.220           3.543e-08             272.248           3.162e+02     
  90.000          25.000            1.948e+00           1.948e+00             192.133           1.306e-11             273.367           3.162e+02     
  95.000          25.000            1.958e+00           1.958e+00             191.220           3.541e-08              92.254           3.162e+02     
 100.000          25.000            1.986e+00           1.986e+00             188.559           1.512e-07              85.766           3.162e+02     
 105.000          25.000            2.025e+00           2.025e+00             184.349           3.783e-07              75.928           3.162e+02     
 110.000          25.000            2.063e+00           2.063e+00             178.841           7.873e-07              64.129           3.162e+02     
 115.000          25.000            2.081e+00           2.081e+00             172.236           1.502e-06              51.756           3.162e+02     
 120.000          25.000            2.054e+00           2.054e+00             164.586           2.630e-06              39.438           3.162e+02     
 125.000          25.000            1.964e+00           1.964e+00             155.750           4.159e-06              26.623           3.162e+02     
 130.000          25.000            1.805e+00           1.805e+00             145.396           5.895e-06              13.431           3.162e+02     
 135.000          25.000            1.586e+00           1.586e+00             133.088           7.392e-06             358.858           3.162e+02     
 140.000          25.000            1.332e+00           1.332e+00             118.424           8.388e-06             341.761           3.162e+02     
 145.000          25.000            1.067e+00           1.067e+00             101.169           8.841e-06             321.582           3.162e+02     
 150.000          25.000            8.103e-01           8.103e-01              81.272           8.869e-06             298.507           3.162e+02     
 155.000          25.000            5.758e-01           5.758e-01              58.768           8.879e-06             273.032           3.162e+02     
 160.000          25.000            3.763e-01           3.763e-01              33.804           8.805e-06             245.469           3.162e+02     
 165.000          25.000            2.185e-01           2.185e-01               6.963           8.821e-06             217.624           3.086e+02     
 170.000          25.000            1.011e-01           1.011e-01             339.368           8.752e-06             189.860           2.119e+02     
 175.000          25.000            2.582e-02           2.581e-02             311.961           8.507e-06             162.746           1.076e+02     
 180.000          25.000            1.010e-05           2.368e-06             321.001           7.734e-06             135.569           2.489e+01     
   0.000          30.000            1.010e-05           3.149e-06             320.259           6.954e-06             315.294           2.491e+01     
   5.000          30.000            2.641e-02           2.640e-02             313.444           7.796e-06             343.968           1.146e+02     
  10.000          30.000            1.054e-01           1.054e-01             341.783           8.157e-06              12.398           2.232e+02     
  15.000          30.000            2.299e-01           2.299e-01               9.945           8.337e-06              41.247           3.162e+02     
  20.000          30.000            3.930e-01           3.930e-01              37.289           8.353e-06              70.011           3.162e+02     
  25.000          30.000            5.887e-01           5.887e-01              63.076           8.367e-06              98.521           3.162e+02     
  30.000          30.000            8.093e-01           8.093e-01              86.910           8.307e-06             125.446           3.162e+02     
  35.000          30.000            1.051e+00           1.051e+00             108.524           8.269e-06             150.046           3.162e+02     
  40.000          30.000            1.312e+00           1.312e+00             127.601           8.031e-06             171.238           3.162e+02     
  45.000          30.000            1.576e+00           1.576e+00             143.968           7.218e-06             189.468           3.162e+02     
  50.000          30.000            1.815e+00           1.815e+00             157.800           5.818e-06             204.305           3.162e+02     
  55.000          30.000            1.998e+00           1.998e+00             169.536           4.176e-06             217.355           3.162e+02     
  60.000          30.000            2.110e+00           2.110e+00             179.656           2.666e-06             229.605           3.162e+02     
  65.000          30.000            2.158e+00           2.158e+00             188.491           1.540e-06             241.523           3.162e+02     
  70.000          30.000            2.164e+00           2.164e+00             196.143           8.151e-07             253.243           3.162e+02     
  75.000          30.000            2.149e+00           2.149e+00             202.503           3.912e-07             264.189           3.162e+02     
  80.000          30.000            2.130e+00           2.130e+00             207.328           1.561e-07             273.203           3.162e+02     
  85.000          30.000            2.117e+00           2.117e+00             210.354           3.657e-08             279.101           3.162e+02     
  90.000          30.000            2.112e+00           2.112e+00             211.386           1.200e-11             301.053           3.162e+02     
  95.000          30.000            2.117e+00           2.117e+00             210.354           3.655e-08              99.100           3.162e+02     
 100.000          30.000            2.130e+00           2.130e+00             207.328           1.560e-07              93.202           3.162e+02     
 105.000          30.000            2.149e+00           2.149e+00             202.503           3.912e-07              84.188           3.162e+02     
 110.000          30.000            2.164e+00           2.164e+00             196.143           8.150e-07              73.242           3.162e+02     
 115.000          30.000            2.158e+00           2.158e+00             188.491           1.540e-06              61.522           3.162e+02     
 120.000          30.000            2.110e+00           2.110e+00             179.656           2.666e-06              49.604           3.162e+02     
 125.000          30.000            1.998e+00           1.998e+00             169.536           4.176e-06              37.354           3.162e+02     
 130.000          30.000            1.815e+00           1.815e+00             157.800           5.818e-06              24.304           3.162e+02     
 135.000          30.000            1.576e+00           1.576e+00             143.968           7.217e-06               9.466           3.162e+02     
 140.000          30.000            1.312e+00           1.312e+00             127.601           8.031e-06             351.237           3.162e+02     
 145.000          30.000            1.051e+00           1.051e+00             108.524           8.268e-06             330.045           3.162e+02     
 150.000          30.000            8.093e-01           8.093e-01              86.910           8.307e-06             305.445           3.162e+02     
 155.000          30.000            5.887e-01           5.887e-01              63.076           8.366e-06             278.519           3.162e+02     
 160.000          30.000            3.930e-01           3.930e-01              37.289           8.353e-06             250.009           3.162e+02     
 165.000          30.000            2.299e-01           2.299e-01               9.945           8.336e-06             221.245           3.162e+02     
 170.000          30.000            1.054e-01           1.054e-01             341.783           8.157e-06             192.396           2.233e+02     
 175.000          30.000            2.641e-02           2.640e-02             313.443           7.796e-06             163.966           1.146e+02     
 180.000          30.000            1.010e-05           3.149e-06             320.260           6.953e-06             135.293           2.489e+01     
   0.000          35.000            1.010e-05           3.987e-06             319.688           6.115e-06             314.984           2.491e+01     
   5.000          35.000            2.700e-02           2.699e-02             314.672           6.975e-06             344.989           1.233e+02     
  10.000          35.000            1.097e-01           1.097e-01             343.643           7.420e-06              14.542           2.368e+02     
  15.000          35.000            2.407e-01           2.407e-01              12.045           7.690e-06              44.211           3.162e+02     
  20.000          35.000            4.059e-01           4.059e-01              39.551           7.729e-06              73.968           3.162e+02     
  25.000          35.000            5.888e-01           5.888e-01              65.801           7.646e-06             102.746           3.162e+02     
  30.000          35.000            7.777e-01           7.777e-01              90.636           7.457e-06             130.742           3.162e+02     
  35.000          35.000            9.744e-01           9.744e-01             113.765           7.371e-06             156.541           3.162e+02     
  40.000          35.000            1.186e+00           1.186e+00             134.624           7.211e-06             179.008           3.162e+02     
  45.000          35.000            1.405e+00           1.405e+00             152.769           6.520e-06             197.357           3.162e+02     
  50.000          35.000            1.605e+00           1.605e+00             168.244           5.322e-06             212.457           3.162e+02     
  55.000          35.000            1.758e+00           1.758e+00             181.482           3.862e-06             225.273           3.162e+02     
  60.000          35.000            1.854e+00           1.854e+00             192.977           2.508e-06             236.752           3.162e+02     
  65.000          35.000            1.902e+00           1.902e+00             203.043           1.477e-06             248.098           3.162e+02     
  70.000          35.000            1.920e+00           1.920e+00             211.738           7.934e-07             258.093           3.162e+02     
  75.000          35.000            1.926e+00           1.926e+00             218.902           3.834e-07             267.184           3.162e+02     
  80.000          35.000            1.928e+00           1.928e+00             224.278           1.526e-07             274.518           3.162e+02     
  85.000          35.000            1.930e+00           1.930e+00             227.615           3.552e-08             279.014           3.162e+02     
  90.000          35.000            1.931e+00           1.931e+00             228.747           1.281e-11             329.027           3.162e+02     
  95.000          35.000            1.930e+00           1.930e+00             227.615           3.551e-08              99.006           3.162e+02     
 100.000          35.000            1.928e+00           1.928e+00             224.278           1.526e-07              94.514           3.162e+02     
 105.000          35.000            1.926e+00           1.926e+00             218.902           3.833e-07              87.181           3.162e+02     
 110.000          35.000            1.920e+00           1.920e+00             211.738           7.934e-07              78.090           3.162e+02     
 115.000          35.000            1.902e+00           1.902e+00             203.043           1.477e-06              68.097           3.162e+02     
 120.000          35.000            1.854e+00           1.854e+00             192.977           2.508e-06              56.750           3.162e+02     
 125.000          35.000            1.758e+00           1.758e+00             181.482           3.862e-06              45.272           3.162e+02     
 130.000          35.000            1.605e+00           1.605e+00             168.244           5.321e-06              32.455           3.162e+02     
 135.000          35.000            1.405e+00           1.405e+00             152.769           6.520e-06              17.355           3.162e+02     
 140.000          35.000            1.186e+00           1.186e+00             134.624           7.210e-06             359.006           3.162e+02     
 145.000          35.000            9.744e-01           9.744e-01             113.765           7.371e-06             336.539           3.162e+02     
 150.000          35.000            7.777e-01           7.777e-01              90.636           7.457e-06             310.740           3.162e+02     
 155.000          35.000            5.888e-01           5.888e-01              65.801           7.646e-06             282.744           3.162e+02     
 160.000          35.000            4.059e-01           4.059e-01              39.551           7.729e-06             253.966           3.162e+02     
 165.000          35.000            2.407e-01           2.407e-01              12.045           7.689e-06             224.209           3.162e+02     
 170.000          35.000            1.097e-01           1.097e-01             343.643           7.420e-06             194.540           2.368e+02     
 175.000          35.000            2.700e-02           2.699e-02             314.672           6.975e-06             164.987           1.233e+02     
 180.000          35.000            1.010e-05           3.987e-06             319.689           6.115e-06             134.983           2.489e+01     
   0.000          40.000            1.010e-05           4.858e-06             319.228           5.245e-06             314.627           2.491e+01     
   5.000          40.000            2.758e-02           2.757e-02             315.643           6.073e-06             345.803           1.341e+02     
  10.000          40.000            1.140e-01           1.139e-01             344.959           6.566e-06              16.309           2.532e+02     
  15.000          40.000            2.506e-01           2.506e-01              13.309           6.906e-06              46.564           3.162e+02     
  20.000          40.000            4.144e-01           4.144e-01              40.674           6.934e-06              76.585           3.162e+02     
  25.000          40.000            5.766e-01           5.766e-01              67.056           6.688e-06             105.799           3.162e+02     
  30.000          40.000            7.187e-01           7.186e-01              92.588           6.432e-06             134.421           3.162e+02     
  35.000          40.000            8.460e-01           8.460e-01             117.112           6.233e-06             161.659           3.162e+02     
  40.000          40.000            9.753e-01           9.753e-01             139.919           6.002e-06             184.794           3.162e+02     
  45.000          40.000            1.108e+00           1.108e+00             160.238           5.487e-06             203.635           3.162e+02     
  50.000          40.000            1.228e+00           1.228e+00             177.861           4.530e-06             218.872           3.162e+02     
  55.000          40.000            1.314e+00           1.314e+00             193.126           3.352e-06             231.711           3.162e+02     
  60.000          40.000            1.364e+00           1.364e+00             206.505           2.222e-06             241.908           3.162e+02     
  65.000          40.000            1.388e+00           1.388e+00             218.272           1.339e-06             250.980           3.162e+02     
  70.000          40.000            1.402e+00           1.402e+00             228.409           7.406e-07             258.982           3.162e+02     
  75.000          40.000            1.415e+00           1.415e+00             236.693           3.670e-07             265.810           3.162e+02     
  80.000          40.000            1.428e+00           1.428e+00             242.838           1.486e-07             271.040           3.162e+02     
  85.000          40.000            1.439e+00           1.439e+00             246.615           3.507e-08             273.943           3.162e+02     
  90.000          40.000            1.443e+00           1.443e+00             247.888           1.533e-11             352.097           3.162e+02     
  95.000          40.000            1.439e+00           1.439e+00             246.615           3.506e-08              93.926           3.162e+02     
 100.000          40.000            1.428e+00           1.428e+00             242.838           1.486e-07              91.032           3.162e+02     
 105.000          40.000            1.415e+00           1.415e+00             236.693           3.669e-07              85.805           3.162e+02     
 110.000          40.000            1.402e+00           1.402e+00             228.409           7.405e-07              78.978           3.162e+02     
 115.000          40.000            1.388e+00           1.388e+00             218.272           1.339e-06              70.977           3.162e+02     
 120.000          40.000            1.364e+00           1.364e+00             206.505           2.221e-06              61.906           3.162e+02     
 125.000          40.000            1.314e+00           1.314e+00             193.126           3.352e-06              51.710           3.162e+02     
 130.000          40.000            1.228e+00           1.228e+00             177.861           4.530e-06              38.870           3.162e+02     
 135.000          40.000            1.108e+00           1.108e+00             160.238           5.487e-06              23.633           3.162e+02     
 140.000          40.000            9.753e-01           9.753e-01             139.919           6.002e-06               4.792           3.162e+02     
 145.000          40.000            8.460e-01           8.460e-01             117.112           6.232e-06             341.657           3.162e+02     
 150.000          40.000            7.187e-01           7.186e-01              92.588           6.432e-06             314.419           3.162e+02     
 155.000          40.000            5.766e-01           5.766e-01              67.056           6.688e-06             285.796           3.162e+02     
 160.000          40.000            4.144e-01           4.144e-01              40.674           6.933e-06             256.582           3.162e+02     
 165.000          40.000            2.506e-01           2.506e-01              13.309           6.905e-06             226.561           3.162e+02     
 170.000          40.000            1.140e-01           1.139e-01             344.959           6.566e-06             196.306           2.532e+02     
 175.000          40.000            2.758e-02           2.757e-02             315.643           6.072e-06             165.800           1.342e+02     
 180.000          40.000            1.010e-05           4.858e-06             319.229           5.244e-06             134.625           2.489e+01     
   0.000          45.000            1.010e-05           5.735e-06             318.845           4.368e-06             314.204           2.491e+01     
   5.000          45.000            2.814e-02           2.814e-02             316.356           5.121e-06             346.404           1.481e+02     
  10.000          45.000            1.180e-01           1.180e-01             345.749           5.626e-06              17.724           2.735e+02     
  15.000          45.000            2.594e-01           2.594e-01              13.788           6.034e-06              48.866           3.162e+02     
  20.000          45.000            4.186e-01           4.186e-01              40.756           6.047e-06              78.479           3.162e+02     
  25.000          45.000            5.540e-01           5.540e-01              66.985           5.748e-06             107.717           3.162e+02     
  30.000          45.000            6.410e-01           6.410e-01              92.950           5.386e-06             137.086           3.162e+02     
  35.000          45.000            6.900e-01           6.900e-01             118.827           5.014e-06             164.644           3.162e+02     
  40.000          45.000            7.291e-01           7.291e-01             143.989           4.752e-06             188.948           3.162e+02     
  45.000          45.000            7.729e-01           7.729e-01             167.324           4.337e-06             208.587           3.162e+02     
  50.000          45.000            8.144e-01           8.144e-01             188.168           3.650e-06             224.193           3.162e+02     
  55.000          45.000            8.429e-01           8.429e-01             206.603           2.754e-06             235.888           3.162e+02     
  60.000          45.000            8.585e-01           8.585e-01             222.985           1.889e-06             245.026           3.162e+02     
  65.000          45.000            8.707e-01           8.707e-01             237.463           1.193e-06             252.265           3.162e+02     
  70.000          45.000            8.880e-01           8.880e-01             249.861           6.950e-07             258.041           3.162e+02     
  75.000          45.000            9.121e-01           9.121e-01             259.840           3.631e-07             262.551           3.162e+02     
  80.000          45.000            9.380e-01           9.380e-01             267.107           1.524e-07             266.751           3.162e+02     
  85.000          45.000            9.579e-01           9.579e-01             271.503           3.731e-08             268.209           3.162e+02     
  90.000          45.000            9.653e-01           9.653e-01             272.972           1.761e-11               8.560           3.162e+02     
  95.000          45.000            9.579e-01           9.579e-01             271.503           3.730e-08              88.189           3.162e+02     
 100.000          45.000            9.380e-01           9.380e-01             267.107           1.524e-07              86.741           3.162e+02     
 105.000          45.000            9.121e-01           9.121e-01             259.840           3.630e-07              82.545           3.162e+02     
 110.000          45.000            8.880e-01           8.880e-01             249.861           6.950e-07              78.037           3.162e+02     
 115.000          45.000            8.707e-01           8.707e-01             237.463           1.193e-06              72.262           3.162e+02     
 120.000          45.000            8.585e-01           8.585e-01             222.985           1.889e-06              65.024           3.162e+02     
 125.000          45.000            8.429e-01           8.429e-01             206.603           2.754e-06              55.886           3.162e+02     
 130.000          45.000            8.144e-01           8.144e-01             188.168           3.649e-06              44.191           3.162e+02     
 135.000          45.000            7.729e-01           7.729e-01             167.324           4.337e-06              28.585           3.162e+02     
 140.000          45.000            7.291e-01           7.291e-01             143.989           4.752e-06               8.946           3.162e+02     
 145.000          45.000            6.900e-01           6.900e-01             118.827           5.013e-06             344.641           3.162e+02     
 150.000          45.000            6.410e-01           6.410e-01              92.950           5.386e-06             317.083           3.162e+02     
 155.000          45.000            5.540e-01           5.540e-01              66.985           5.747e-06             287.714           3.162e+02     
 160.000          45.000            4.186e-01           4.186e-01              40.756           6.047e-06             258.476           3.162e+02     
 165.000          45.000            2.594e-01           2.594e-01              13.788           6.034e-06             228.863           3.162e+02     
 170.000          45.000            1.180e-01           1.180e-01             345.749           5.626e-06             197.721           2.735e+02     
 175.000          45.000            2.814e-02           2.814e-02             316.356           5.121e-06             166.401           1.481e+02     
 180.000          45.000            1.010e-05           5.734e-06             318.846           4.368e-06             134.203           2.489e+01     
   0.000          50.000            1.010e-05           6.591e-06             318.516           3.512e-06             313.688           2.491e+01     
   5.000          50.000            2.868e-02           2.868e-02             316.811           4.156e-06             346.787           1.663e+02     
  10.000          50.000            1.219e-01           1.219e-01             346.033           4.639e-06              18.829           2.992e+02     
  15.000          50.000            2.669e-01           2.669e-01              13.536           4.993e-06              50.212           3.162e+02     
  20.000          50.000            4.189e-01           4.189e-01              39.902           5.119e-06              79.802           3.162e+02     
  25.000          50.000            5.242e-01           5.241e-01              65.764           4.816e-06             108.733           3.162e+02     
  30.000          50.000            5.558e-01           5.558e-01              91.966           4.311e-06             137.994           3.162e+02     
  35.000          50.000            5.335e-01           5.334e-01             119.264           3.914e-06             166.064           3.162e+02     
  40.000          50.000            5.009e-01           5.009e-01             147.530           3.613e-06             191.475           3.162e+02     
  45.000          50.000            4.868e-01           4.868e-01             175.395           3.309e-06             212.429           3.162e+02     
  50.000          50.000            4.927e-01           4.927e-01             201.298           2.812e-06             227.761           3.162e+02     
  55.000          50.000            5.099e-01           5.099e-01             224.591           2.189e-06             239.001           3.162e+02     
  60.000          50.000            5.350e-01           5.350e-01             245.242           1.572e-06             247.096           3.162e+02     
  65.000          50.000            5.705e-01           5.705e-01             263.134           1.050e-06             253.419           3.162e+02     
  70.000          50.000            6.166e-01           6.166e-01             277.952           6.544e-07             257.269           3.162e+02     
  75.000          50.000            6.681e-01           6.681e-01             289.433           3.652e-07             260.126           3.162e+02     
  80.000          50.000            7.153e-01           7.153e-01             297.519           1.636e-07             262.111           3.162e+02     
  85.000          50.000            7.484e-01           7.484e-01             302.298           4.166e-08             262.953           3.162e+02     
  90.000          50.000            7.602e-01           7.602e-01             303.876           1.774e-11              19.458           3.162e+02     
  95.000          50.000            7.484e-01           7.484e-01             302.298           4.166e-08              82.933           3.162e+02     
 100.000          50.000            7.153e-01           7.153e-01             297.519           1.636e-07              82.101           3.162e+02     
 105.000          50.000            6.681e-01           6.681e-01             289.433           3.652e-07              80.120           3.162e+02     
 110.000          50.000            6.166e-01           6.166e-01             277.952           6.543e-07              77.265           3.162e+02     
 115.000          50.000            5.705e-01           5.705e-01             263.134           1.050e-06              73.415           3.162e+02     
 120.000          50.000            5.350e-01           5.350e-01             245.242           1.572e-06              67.093           3.162e+02     
 125.000          50.000            5.099e-01           5.099e-01             224.591           2.189e-06              58.999           3.162e+02     
 130.000          50.000            4.927e-01           4.927e-01             201.298           2.812e-06              47.759           3.162e+02     
 135.000          50.000            4.868e-01           4.868e-01             175.395           3.309e-06              32.427           3.162e+02     
 140.000          50.000            5.009e-01           5.009e-01             147.530           3.613e-06              11.473           3.162e+02     
 145.000          50.000            5.335e-01           5.334e-01             119.264           3.914e-06             346.061           3.162e+02     
 150.000          50.000            5.558e-01           5.558e-01              91.966           4.311e-06             317.991           3.162e+02     
 155.000          50.000            5.242e-01           5.241e-01              65.764           4.816e-06             288.730           3.162e+02     
 160.000          50.000            4.189e-01           4.189e-01              39.902           5.118e-06             259.798           3.162e+02     
 165.000          50.000            2.669e-01           2.669e-01              13.536           4.993e-06             230.208           3.162e+02     
 170.000          50.000            1.219e-01           1.219e-01             346.033           4.638e-06             198.826           2.993e+02     
 175.000          50.000            2.868e-02           2.868e-02             316.811           4.156e-06             166.785           1.663e+02     
 180.000          50.000            1.010e-05           6.590e-06             318.517           3.512e-06             133.686           2.489e+01     
   0.000          55.000            1.010e-05           7.400e-06             318.227           2.703e-06             313.032           2.491e+01     
   5.000          55.000            2.918e-02           2.918e-02             317.012           3.215e-06             346.948           1.909e+02     
  10.000          55.000            1.254e-01           1.254e-01             345.833           3.646e-06              19.693           3.162e+02     
  15.000          55.000            2.732e-01           2.732e-01              12.606           4.014e-06              51.298           3.162e+02     
  20.000          55.000            4.159e-01           4.159e-01              38.213           4.194e-06              80.765           3.162e+02     
  25.000          55.000            4.903e-01           4.903e-01              63.572           3.946e-06             109.110           3.162e+02     
  30.000          55.000            4.725e-01           4.725e-01              89.939           3.452e-06             137.832           3.162e+02     
  35.000          55.000            3.970e-01           3.970e-01             118.934           2.976e-06             166.153           3.162e+02     
  40.000          55.000            3.257e-01           3.257e-01             151.584           2.711e-06             192.670           3.162e+02     
  45.000          55.000            2.989e-01           2.989e-01             186.226           2.445e-06             213.984           3.162e+02     
  50.000          55.000            3.194e-01           3.194e-01             218.800           2.118e-06             229.976           3.162e+02     
  55.000          55.000            3.712e-01           3.712e-01             246.838           1.707e-06             241.095           3.162e+02     
  60.000          55.000            4.406e-01           4.406e-01             270.235           1.281e-06             248.883           3.162e+02     
  65.000          55.000            5.205e-01           5.205e-01             289.436           9.028e-07             253.589           3.162e+02     
  70.000          55.000            6.052e-01           6.052e-01             304.716           5.976e-07             256.661           3.162e+02     
  75.000          55.000            6.864e-01           6.864e-01             316.277           3.528e-07             258.853           3.162e+02     
  80.000          55.000            7.540e-01           7.540e-01             324.329           1.652e-07             260.396           3.162e+02     
  85.000          55.000            7.987e-01           7.987e-01             329.069           4.326e-08             261.060           3.162e+02     
  90.000          55.000            8.143e-01           8.143e-01             330.633           1.548e-11              25.440           3.162e+02     
  95.000          55.000            7.987e-01           7.987e-01             329.069           4.326e-08              81.041           3.162e+02     
 100.000          55.000            7.540e-01           7.540e-01             324.329           1.652e-07              80.387           3.162e+02     
 105.000          55.000            6.864e-01           6.864e-01             316.277           3.528e-07              78.847           3.162e+02     
 110.000          55.000            6.052e-01           6.052e-01             304.716           5.975e-07              76.656           3.162e+02     
 115.000          55.000            5.205e-01           5.205e-01             289.436           9.028e-07              73.586           3.162e+02     
 120.000          55.000            4.406e-01           4.406e-01             270.235           1.281e-06              68.880           3.162e+02     
 125.000          55.000            3.712e-01           3.712e-01             246.838           1.707e-06              61.093           3.162e+02     
 130.000          55.000            3.194e-01           3.194e-01             218.800           2.118e-06              49.974           3.162e+02     
 135.000          55.000            2.989e-01           2.989e-01             186.226           2.445e-06              33.982           3.162e+02     
 140.000          55.000            3.257e-01           3.257e-01             151.584           2.711e-06              12.667           3.162e+02     
 145.000          55.000            3.970e-01           3.970e-01             118.934           2.976e-06             346.150           3.162e+02     
 150.000          55.000            4.725e-01           4.725e-01              89.939           3.451e-06             317.828           3.162e+02     
 155.000          55.000            4.903e-01           4.903e-01              63.572           3.946e-06             289.106           3.162e+02     
 160.000          55.000            4.159e-01           4.159e-01              38.213           4.194e-06             260.761           3.162e+02     
 165.000          55.000            2.732e-01           2.732e-01              12.606           4.014e-06             231.294           3.162e+02     
 170.000          55.000            1.254e-01           1.254e-01             345.833           3.646e-06             199.689           3.162e+02     
 175.000          55.000            2.918e-02           2.918e-02             317.012           3.215e-06             166.945           1.909e+02     
 180.000          55.000            1.010e-05           7.399e-06             318.227           2.703e-06             133.029           2.489e+01     
   0.000          60.000            1.010e-05           8.137e-06             317.966           1.965e-06             312.154           2.491e+01     
   5.000          60.000            2.964e-02           2.964e-02             316.963           2.336e-06             346.881           2.258e+02     
  10.000          60.000            1.287e-01           1.287e-01             345.176           2.693e-06              20.429           3.162e+02     
  15.000          60.000            2.782e-01           2.782e-01              11.050           3.058e-06              52.343           3.162e+02     
  20.000          60.000            4.104e-01           4.104e-01              35.776           3.236e-06              81.638           3.162e+02     
  25.000          60.000            4.552e-01           4.552e-01              60.577           3.175e-06             109.681           3.162e+02     
  30.000          60.000            3.971e-01           3.971e-01              87.202           2.756e-06             136.946           3.162e+02     
  35.000          60.000            2.903e-01           2.903e-01             118.519           2.310e-06             164.593           3.162e+02     
  40.000          60.000            2.134e-01           2.134e-01             157.464           1.996e-06             191.313           3.162e+02     
  45.000          60.000            2.117e-01           2.117e-01             200.270           1.791e-06             213.332           3.162e+02     
  50.000          60.000            2.794e-01           2.794e-01             236.911           1.561e-06             230.315           3.162e+02     
  55.000          60.000            3.852e-01           3.852e-01             265.154           1.292e-06             242.468           3.162e+02     
  60.000          60.000            5.023e-01           5.023e-01             287.534           1.000e-06             249.805           3.162e+02     
  65.000          60.000            6.177e-01           6.177e-01             305.778           7.337e-07             254.432           3.162e+02     
  70.000          60.000            7.258e-01           7.258e-01             320.524           5.028e-07             257.437           3.162e+02     
  75.000          60.000            8.214e-01           8.214e-01             331.932           3.058e-07             259.569           3.162e+02     
  80.000          60.000            8.976e-01           8.976e-01             340.044           1.463e-07             261.086           3.162e+02     
  85.000          60.000            9.471e-01           9.471e-01             344.892           3.881e-08             261.764           3.162e+02     
  90.000          60.000            9.642e-01           9.642e-01             346.503           1.204e-11              26.020           3.162e+02     
  95.000          60.000            9.471e-01           9.471e-01             344.892           3.881e-08              81.746           3.162e+02     
 100.000          60.000            8.976e-01           8.976e-01             340.044           1.463e-07              81.077           3.162e+02     
 105.000          60.000            8.214e-01           8.214e-01             331.932           3.058e-07              79.563           3.162e+02     
 110.000          60.000            7.258e-01           7.258e-01             320.524           5.028e-07              77.432           3.162e+02     
 115.000          60.000            6.177e-01           6.177e-01             305.778           7.337e-07              74.428           3.162e+02     
 120.000          60.000            5.023e-01           5.023e-01             287.534           1.000e-06              69.802           3.162e+02     
 125.000          60.000            3.852e-01           3.852e-01             265.154           1.292e-06              62.465           3.162e+02     
 130.000          60.000            2.794e-01           2.794e-01             236.911           1.561e-06              50.313           3.162e+02     
 135.000          60.000            2.117e-01           2.117e-01             200.270           1.791e-06              33.329           3.162e+02     
 140.000          60.000            2.134e-01           2.134e-01             157.464           1.996e-06              11.309           3.162e+02     
 145.000          60.000            2.903e-01           2.903e-01             118.519           2.309e-06             344.589           3.162e+02     
 150.000          60.000            3.971e-01           3.971e-01              87.202           2.756e-06             316.943           3.162e+02     
 155.000          60.000            4.552e-01           4.552e-01              60.577           3.174e-06             289.677           3.162e+02     
 160.000          60.000            4.104e-01           4.104e-01              35.776           3.235e-06             261.634           3.162e+02     
 165.000          60.000            2.782e-01           2.782e-01              11.050           3.058e-06             232.339           3.162e+02     
 170.000          60.000            1.287e-01           1.287e-01             345.176           2.693e-06             200.424           3.162e+02     
 175.000          60.000            2.964e-02           2.964e-02             316.963           2.336e-06             166.877           2.259e+02     
 180.000          60.000            1.010e-05           8.137e-06             317.967           1.965e-06             132.151           2.489e+01     
   0.000          65.000            1.010e-05           8.781e-06             317.727           1.321e-06             310.899           2.491e+01     
   5.000          65.000            3.006e-02           3.005e-02             316.672           1.556e-06             346.574           2.788e+02     
  10.000          65.000            1.316e-01           1.316e-01             344.087           1.827e-06              21.244           3.162e+02     
  15.000          65.000            2.822e-01           2.822e-01               8.913           2.171e-06              53.680           3.162e+02     
  20.000          65.000            4.033e-01           4.033e-01              32.654           2.424e-06              82.689           3.162e+02     
  25.000          65.000            4.208e-01           4.208e-01              56.892           2.493e-06             109.810           3.162e+02     
  30.000          65.000            3.325e-01           3.325e-01              84.041           2.210e-06             135.628           3.162e+02     
  35.000          65.000            2.141e-01           2.141e-01             118.757           1.842e-06             162.273           3.162e+02     
  40.000          65.000            1.570e-01           1.570e-01             165.749           1.516e-06             187.560           3.162e+02     
  45.000          65.000            2.024e-01           2.024e-01             213.361           1.293e-06             210.366           3.162e+02     
  50.000          65.000            3.284e-01           3.284e-01             247.981           1.117e-06             229.006           3.162e+02     
  55.000          65.000            4.857e-01           4.857e-01             273.308           9.303e-07             241.596           3.162e+02     
  60.000          65.000            6.370e-01           6.370e-01             293.749           7.288e-07             250.383           3.162e+02     
  65.000          65.000            7.688e-01           7.688e-01             311.028           5.401e-07             256.126           3.162e+02     
  70.000          65.000            8.818e-01           8.818e-01             325.513           3.723e-07             259.945           3.162e+02     
  75.000          65.000            9.777e-01           9.777e-01             337.072           2.246e-07             263.179           3.162e+02     
  80.000          65.000            1.054e+00           1.054e+00             345.479           1.073e-07             264.899           3.162e+02     
  85.000          65.000            1.103e+00           1.103e+00             350.574           2.836e-08             265.670           3.162e+02     
  90.000          65.000            1.121e+00           1.121e+00             352.280           8.842e-12              20.370           3.162e+02     
  95.000          65.000            1.103e+00           1.103e+00             350.574           2.835e-08              85.651           3.162e+02     
 100.000          65.000            1.054e+00           1.054e+00             345.479           1.073e-07              84.889           3.162e+02     
 105.000          65.000            9.777e-01           9.777e-01             337.072           2.246e-07              83.173           3.162e+02     
 110.000          65.000            8.818e-01           8.818e-01             325.513           3.722e-07              79.941           3.162e+02     
 115.000          65.000            7.688e-01           7.688e-01             311.027           5.401e-07              76.122           3.162e+02     
 120.000          65.000            6.370e-01           6.370e-01             293.749           7.287e-07              70.380           3.162e+02     
 125.000          65.000            4.857e-01           4.857e-01             273.308           9.302e-07              61.593           3.162e+02     
 130.000          65.000            3.284e-01           3.284e-01             247.981           1.117e-06              49.003           3.162e+02     
 135.000          65.000            2.024e-01           2.024e-01             213.361           1.293e-06              30.363           3.162e+02     
 140.000          65.000            1.570e-01           1.570e-01             165.749           1.516e-06               7.557           3.162e+02     
 145.000          65.000            2.141e-01           2.141e-01             118.757           1.842e-06             342.269           3.162e+02     
 150.000          65.000            3.325e-01           3.325e-01              84.041           2.210e-06             315.624           3.162e+02     
 155.000          65.000            4.208e-01           4.208e-01              56.892           2.492e-06             289.805           3.162e+02     
 160.000          65.000            4.033e-01           4.033e-01              32.654           2.423e-06             262.684           3.162e+02     
 165.000          65.000            2.822e-01           2.822e-01               8.913           2.171e-06             233.675           3.162e+02     
 170.000          65.000            1.316e-01           1.316e-01             344.087           1.827e-06             201.239           3.162e+02     
 175.000          65.000            3.006e-02           3.005e-02             316.671           1.556e-06             166.569           2.789e+02     
 180.000          65.000            1.010e-05           8.781e-06             317.727           1.321e-06             130.896           2.489e+01     
   0.000          70.000            1.010e-05           9.312e-06             317.503           7.907e-07             308.920           2.491e+01     
   5.000          70.000            3.041e-02           3.041e-02             316.144           9.067e-07             345.998           3.162e+02     
  10.000          70.000            1.341e-01           1.341e-01             342.592           1.092e-06              22.594           3.162e+02     
  15.000          70.000            2.853e-01           2.853e-01               6.235           1.399e-06              55.955           3.162e+02     
  20.000          70.000            3.955e-01           3.955e-01              28.887           1.700e-06              84.563           3.162e+02     
  25.000          70.000            3.886e-01           3.886e-01              52.560           1.837e-06             110.315           3.162e+02     
  30.000          70.000            2.791e-01           2.791e-01              80.593           1.721e-06             134.235           3.162e+02     
  35.000          70.000            1.643e-01           1.643e-01             120.063           1.497e-06             158.049           3.162e+02     
  40.000          70.000            1.429e-01           1.429e-01             174.453           1.186e-06             181.468           3.162e+02     
  45.000          70.000            2.452e-01           2.452e-01             220.229           9.480e-07             203.943           3.162e+02     
  50.000          70.000            4.298e-01           4.298e-01             250.444           7.745e-07             223.787           3.162e+02     
  55.000          70.000            6.325e-01           6.325e-01             273.091           6.242e-07             238.898           3.162e+02     
  60.000          70.000            8.111e-01           8.111e-01             292.101           4.854e-07             250.015           3.162e+02     
  65.000          70.000            9.560e-01           9.560e-01             308.684           3.571e-07             257.840           3.162e+02     
  70.000          70.000            1.075e+00           1.075e+00             322.920           2.416e-07             263.849           3.162e+02     
  75.000          70.000            1.174e+00           1.174e+00             334.475           1.442e-07             267.527           3.162e+02     
  80.000          70.000            1.254e+00           1.254e+00             342.974           6.766e-08             270.000           3.162e+02     
  85.000          70.000            1.307e+00           1.307e+00             348.157           1.760e-08             271.087           3.162e+02     
  90.000          70.000            1.325e+00           1.325e+00             349.897           6.516e-12               9.072           3.162e+02     
  95.000          70.000            1.307e+00           1.307e+00             348.157           1.760e-08              91.064           3.162e+02     
 100.000          70.000            1.254e+00           1.254e+00             342.974           6.765e-08              89.989           3.162e+02     
 105.000          70.000            1.174e+00           1.174e+00             334.475           1.442e-07              87.519           3.162e+02     
 110.000          70.000            1.075e+00           1.075e+00             322.920           2.416e-07              83.843           3.162e+02     
 115.000          70.000            9.560e-01           9.560e-01             308.684           3.570e-07              77.835           3.162e+02     
 120.000          70.000            8.111e-01           8.111e-01             292.101           4.854e-07              70.011           3.162e+02     
 125.000          70.000            6.325e-01           6.325e-01             273.091           6.241e-07              58.895           3.162e+02     
 130.000          70.000            4.298e-01           4.298e-01             250.444           7.744e-07              43.784           3.162e+02     
 135.000          70.000            2.452e-01           2.452e-01             220.229           9.479e-07              23.939           3.162e+02     
 140.000          70.000            1.429e-01           1.429e-01             174.453           1.186e-06               1.464           3.162e+02     
 145.000          70.000            1.643e-01           1.643e-01             120.063           1.497e-06             338.045           3.162e+02     
 150.000          70.000            2.791e-01           2.791e-01              80.593           1.721e-06             314.230           3.162e+02     
 155.000          70.000            3.886e-01           3.886e-01              52.560           1.837e-06             290.311           3.162e+02     
 160.000          70.000            3.955e-01           3.955e-01              28.887           1.700e-06             264.557           3.162e+02     
 165.000          70.000            2.853e-01           2.853e-01               6.235           1.399e-06             235.949           3.162e+02     
 170.000          70.000            1.341e-01           1.341e-01             342.592           1.092e-06             202.587           3.162e+02     
 175.000          70.000            3.041e-02           3.041e-02             316.144           9.066e-07             165.992           3.162e+02     
 180.000          70.000            1.010e-05           9.312e-06             317.503           7.907e-07             128.916           2.489e+01     
   0.000          75.000            1.010e-05           9.713e-06             317.291           3.895e-07             305.274           2.491e+01     
   5.000          75.000            3.070e-02           3.070e-02             315.390           4.175e-07             345.069           3.162e+02     
  10.000          75.000            1.363e-01           1.363e-01             340.716           5.272e-07              25.731           3.162e+02     
  15.000          75.000            2.879e-01           2.879e-01               3.050           7.828e-07              60.662           3.162e+02     
  20.000          75.000            3.880e-01           3.880e-01              24.493           1.096e-06              88.261           3.162e+02     
  25.000          75.000            3.600e-01           3.600e-01              47.534           1.326e-06             111.713           3.162e+02     
  30.000          75.000            2.363e-01           2.363e-01              76.742           1.350e-06             132.613           3.162e+02     
  35.000          75.000            1.348e-01           1.348e-01             122.034           1.185e-06             153.042           3.162e+02     
  40.000          75.000            1.577e-01           1.577e-01             180.009           9.230e-07             173.372           3.162e+02     
  45.000          75.000            3.190e-01           3.190e-01             220.466           7.091e-07             194.032           3.162e+02     
  50.000          75.000            5.591e-01           5.591e-01             247.006           5.260e-07             214.572           3.162e+02     
  55.000          75.000            8.055e-01           8.055e-01             267.871           3.991e-07             232.487           3.162e+02     
  60.000          75.000            1.018e+00           1.018e+00             285.968           3.032e-07             247.021           3.162e+02     
  65.000          75.000            1.193e+00           1.193e+00             302.008           2.216e-07             258.629           3.162e+02     
  70.000          75.000            1.342e+00           1.342e+00             315.845           1.490e-07             266.452           3.162e+02     
  75.000          75.000            1.469e+00           1.469e+00             327.066           8.771e-08             272.044           3.162e+02     
  80.000          75.000            1.573e+00           1.573e+00             335.295           4.045e-08             275.709           3.162e+02     
  85.000          75.000            1.642e+00           1.642e+00             340.302           1.033e-08             277.390           3.162e+02     
  90.000          75.000            1.666e+00           1.666e+00             341.980           4.712e-12             354.649           3.162e+02     
  95.000          75.000            1.642e+00           1.642e+00             340.302           1.032e-08              97.361           3.162e+02     
 100.000          75.000            1.573e+00           1.573e+00             335.295           4.044e-08              95.695           3.162e+02     
 105.000          75.000            1.469e+00           1.469e+00             327.066           8.769e-08              92.035           3.162e+02     
 110.000          75.000            1.342e+00           1.342e+00             315.845           1.490e-07              86.446           3.162e+02     
 115.000          75.000            1.193e+00           1.193e+00             302.008           2.215e-07              78.624           3.162e+02     
 120.000          75.000            1.018e+00           1.018e+00             285.968           3.031e-07              67.017           3.162e+02     
 125.000          75.000            8.055e-01           8.055e-01             267.871           3.990e-07              52.483           3.162e+02     
 130.000          75.000            5.591e-01           5.591e-01             247.006           5.260e-07              34.568           3.162e+02     
 135.000          75.000            3.190e-01           3.190e-01             220.466           7.090e-07              14.028           3.162e+02     
 140.000          75.000            1.577e-01           1.577e-01             180.009           9.229e-07             353.367           3.162e+02     
 145.000          75.000            1.348e-01           1.348e-01             122.034           1.185e-06             333.038           3.162e+02     
 150.000          75.000            2.363e-01           2.363e-01              76.742           1.350e-06             312.609           3.162e+02     
 155.000          75.000            3.600e-01           3.600e-01              47.534           1.325e-06             291.708           3.162e+02     
 160.000          75.000            3.880e-01           3.880e-01              24.493           1.096e-06             268.255           3.162e+02     
 165.000          75.000            2.879e-01           2.879e-01               3.050           7.826e-07             240.654           3.162e+02     
 170.000          75.000            1.363e-01           1.363e-01             340.716           5.271e-07             205.722           3.162e+02     
 175.000          75.000            3.070e-02           3.070e-02             315.390           4.175e-07             165.060           3.162e+02     
 180.000          75.000            1.010e-05           9.713e-06             317.291           3.895e-07             125.268           2.489e+01     
   0.000          80.000            1.010e-05           9.973e-06             317.085           1.300e-07             296.248           2.491e+01     
   5.000          80.000            3.093e-02           3.093e-02             314.419           1.105e-07             343.353           3.162e+02     
  10.000          80.000            1.380e-01           1.380e-01             338.485           1.661e-07              35.847           3.162e+02     
  15.000          80.000            2.902e-01           2.902e-01             359.392           3.594e-07              72.038           3.162e+02     
  20.000          80.000            3.820e-01           3.820e-01              19.475           6.403e-07              95.911           3.162e+02     
  25.000          80.000            3.365e-01           3.365e-01              41.694           8.974e-07             114.851           3.162e+02     
  30.000          80.000            2.030e-01           2.030e-01              72.066           1.006e-06             131.244           3.162e+02     
  35.000          80.000            1.191e-01           1.191e-01             123.294           9.334e-07             147.089           3.162e+02     
  40.000          80.000            1.875e-01           1.875e-01             180.807           7.325e-07             163.183           3.162e+02     
  45.000          80.000            4.040e-01           4.040e-01             216.022           5.143e-07             181.271           3.162e+02     
  50.000          80.000            6.921e-01           6.921e-01             239.939           3.457e-07             200.591           3.162e+02     
  55.000          80.000            9.779e-01           9.779e-01             259.660           2.418e-07             220.639           3.162e+02     
  60.000          80.000            1.231e+00           1.231e+00             277.234           1.794e-07             238.678           3.162e+02     
  65.000          80.000            1.455e+00           1.455e+00             292.930           1.337e-07             253.377           3.162e+02     
  70.000          80.000            1.662e+00           1.662e+00             306.395           9.250e-08             263.663           3.162e+02     
  75.000          80.000            1.849e+00           1.849e+00             317.189           5.547e-08             270.826           3.162e+02     
  80.000          80.000            2.004e+00           2.004e+00             325.015           2.573e-08             275.425           3.162e+02     
  85.000          80.000            2.107e+00           2.107e+00             329.737           6.790e-09             277.803           3.162e+02     
  90.000          80.000            2.143e+00           2.143e+00             331.314           2.798e-12             338.317           3.162e+02     
  95.000          80.000            2.107e+00           2.107e+00             329.737           6.785e-09              97.769           3.162e+02     
 100.000          80.000            2.004e+00           2.004e+00             325.015           2.571e-08              95.409           3.162e+02     
 105.000          80.000            1.849e+00           1.849e+00             317.189           5.546e-08              90.816           3.162e+02     
 110.000          80.000            1.662e+00           1.662e+00             306.395           9.247e-08              83.655           3.162e+02     
 115.000          80.000            1.455e+00           1.455e+00             292.930           1.337e-07              73.370           3.162e+02     
 120.000          80.000            1.231e+00           1.231e+00             277.234           1.793e-07              58.672           3.162e+02     
 125.000          80.000            9.779e-01           9.779e-01             259.660           2.418e-07              40.634           3.162e+02     
 130.000          80.000            6.921e-01           6.921e-01             239.939           3.456e-07              20.586           3.162e+02     
 135.000          80.000            4.040e-01           4.040e-01             216.022           5.142e-07               1.266           3.162e+02     
 140.000          80.000            1.875e-01           1.875e-01             180.807           7.324e-07             343.178           3.162e+02     
 145.000          80.000            1.191e-01           1.191e-01             123.294           9.333e-07             327.086           3.162e+02     
 150.000          80.000            2.030e-01           2.030e-01              72.066           1.006e-06             311.240           3.162e+02     
 155.000          80.000            3.365e-01           3.365e-01              41.694           8.972e-07             294.846           3.162e+02     
 160.000          80.000            3.820e-01           3.820e-01              19.475           6.401e-07             275.904           3.162e+02     
 165.000          80.000            2.902e-01           2.902e-01             359.392           3.593e-07             252.029           3.162e+02     
 170.000          80.000            1.380e-01           1.380e-01             338.485           1.661e-07             215.831           3.162e+02     
 175.000          80.000            3.093e-02           3.093e-02             314.419           1.105e-07             163.337           3.162e+02     
 180.000          80.000            1.010e-05           9.972e-06             317.085           1.300e-07             116.238           2.489e+01     
   0.000          85.000            1.010e-05           1.008e-05             316.884           1.997e-08             252.394           2.491e+01     
   5.000          85.000            3.108e-02           3.108e-02             313.240           3.153e-10             307.256           3.162e+02     
  10.000          85.000            1.394e-01           1.394e-01             335.924           3.214e-08              90.962           3.162e+02     
  15.000          85.000            2.924e-01           2.924e-01             355.297           1.568e-07             102.276           3.162e+02     
  20.000          85.000            3.786e-01           3.786e-01              13.844           3.566e-07             111.967           3.162e+02     
  25.000          85.000            3.197e-01           3.197e-01              34.891           5.661e-07             121.381           3.162e+02     
  30.000          85.000            1.786e-01           1.786e-01              65.877           6.908e-07             130.549           3.162e+02     
  35.000          85.000            1.101e-01           1.101e-01             122.063           6.803e-07             140.258           3.162e+02     
  40.000          85.000            2.175e-01           2.175e-01             177.300           5.521e-07             151.040           3.162e+02     
  45.000          85.000            4.788e-01           4.787e-01             208.386           3.824e-07             164.574           3.162e+02     
  50.000          85.000            8.007e-01           8.007e-01             230.257           2.419e-07             181.506           3.162e+02     
  55.000          85.000            1.110e+00           1.110e+00             249.050           1.579e-07             202.205           3.162e+02     
  60.000          85.000            1.389e+00           1.389e+00             266.244           1.168e-07             223.126           3.162e+02     
  65.000          85.000            1.656e+00           1.656e+00             281.739           9.314e-08             240.385           3.162e+02     
  70.000          85.000            1.921e+00           1.921e+00             294.972           7.011e-08             252.242           3.162e+02     
  75.000          85.000            2.175e+00           2.175e+00             305.459           4.493e-08             260.099           3.162e+02     
  80.000          85.000            2.389e+00           2.389e+00             312.971           2.174e-08             264.998           3.162e+02     
  85.000          85.000            2.533e+00           2.533e+00             317.464           5.652e-09             267.517           3.162e+02     
  90.000          85.000            2.583e+00           2.583e+00             318.957           9.339e-13             313.838           3.162e+02     
  95.000          85.000            2.533e+00           2.533e+00             317.464           5.648e-09              87.481           3.162e+02     
 100.000          85.000            2.389e+00           2.389e+00             312.971           2.173e-08              84.980           3.162e+02     
 105.000          85.000            2.175e+00           2.175e+00             305.459           4.492e-08              80.087           3.162e+02     
 110.000          85.000            1.921e+00           1.921e+00             294.972           7.009e-08              72.233           3.162e+02     
 115.000          85.000            1.656e+00           1.656e+00             281.739           9.312e-08              60.378           3.162e+02     
 120.000          85.000            1.389e+00           1.389e+00             266.244           1.168e-07              43.119           3.162e+02     
 125.000          85.000            1.110e+00           1.110e+00             249.050           1.578e-07              22.198           3.162e+02     
 130.000          85.000            8.007e-01           8.007e-01             230.257           2.418e-07               1.500           3.162e+02     
 135.000          85.000            4.788e-01           4.787e-01             208.386           3.823e-07             344.569           3.162e+02     
 140.000          85.000            2.175e-01           2.175e-01             177.300           5.520e-07             331.035           3.162e+02     
 145.000          85.000            1.101e-01           1.101e-01             122.063           6.802e-07             320.254           3.162e+02     
 150.000          85.000            1.786e-01           1.786e-01              65.877           6.906e-07             310.545           3.162e+02     
 155.000          85.000            3.197e-01           3.197e-01              34.891           5.660e-07             301.377           3.162e+02     
 160.000          85.000            3.786e-01           3.786e-01              13.844           3.565e-07             291.963           3.162e+02     
 165.000          85.000            2.924e-01           2.924e-01             355.296           1.567e-07             282.272           3.162e+02     
 170.000          85.000            1.394e-01           1.394e-01             335.924           3.210e-08             270.956           3.162e+02     
 175.000          85.000            3.108e-02           3.108e-02             313.240           3.174e-10             127.054           3.162e+02     
 180.000          85.000            1.010e-05           1.008e-05             316.883           1.999e-08              72.383           2.489e+01     
   0.000          90.000            1.010e-05           1.004e-05             316.683           6.285e-08             167.333           2.491e+01     
   5.000          90.000            3.116e-02           3.116e-02             311.864           1.085e-07             165.125           3.162e+02     
  10.000          90.000            1.404e-01           1.404e-01             333.062           1.523e-07             159.036           3.162e+02     
  15.000          90.000            2.949e-01           2.949e-01             350.801           1.996e-07             150.762           3.162e+02     
  20.000          90.000            3.789e-01           3.789e-01               7.627           2.604e-07             142.327           3.162e+02     
  25.000          90.000            3.115e-01           3.115e-01              27.023           3.347e-07             135.827           3.162e+02     
  30.000          90.000            1.630e-01           1.630e-01              57.385           3.973e-07             132.363           3.162e+02     
  35.000          90.000            1.015e-01           1.015e-01             116.779           4.128e-07             132.294           3.162e+02     
  40.000          90.000            2.331e-01           2.331e-01             170.268           3.624e-07             135.673           3.162e+02     
  45.000          90.000            5.231e-01           5.231e-01             198.276           2.658e-07             143.481           3.162e+02     
  50.000          90.000            8.618e-01           8.618e-01             218.217           1.701e-07             156.982           3.162e+02     
  55.000          90.000            1.171e+00           1.171e+00             235.843           1.082e-07             177.550           3.162e+02     
  60.000          90.000            1.445e+00           1.445e+00             252.404           8.266e-08             201.560           3.162e+02     
  65.000          90.000            1.711e+00           1.711e+00             267.590           7.415e-08             221.747           3.162e+02     
  70.000          90.000            1.990e+00           1.990e+00             280.633           6.369e-08             235.186           3.162e+02     
  75.000          90.000            2.267e+00           2.267e+00             290.944           4.524e-08             243.701           3.162e+02     
  80.000          90.000            2.508e+00           2.508e+00             298.286           2.346e-08             248.935           3.162e+02     
  85.000          90.000            2.672e+00           2.672e+00             302.653           6.361e-09             251.867           3.162e+02     
  90.000          90.000            2.730e+00           2.730e+00             304.099           2.256e-13             225.716           3.162e+02     
  95.000          90.000            2.672e+00           2.672e+00             302.653           6.358e-09              71.839           3.162e+02     
 100.000          90.000            2.508e+00           2.508e+00             298.286           2.345e-08              68.921           3.162e+02     
 105.000          90.000            2.267e+00           2.267e+00             290.944           4.523e-08              63.691           3.162e+02     
 110.000          90.000            1.990e+00           1.990e+00             280.633           6.367e-08              55.179           3.162e+02     
 115.000          90.000            1.711e+00           1.711e+00             267.590           7.413e-08              41.739           3.162e+02     
 120.000          90.000            1.445e+00           1.445e+00             252.404           8.264e-08              21.552           3.162e+02     
 125.000          90.000            1.171e+00           1.171e+00             235.843           1.082e-07             357.541           3.162e+02     
 130.000          90.000            8.618e-01           8.618e-01             218.217           1.701e-07             336.974           3.162e+02     
 135.000          90.000            5.231e-01           5.231e-01             198.276           2.658e-07             323.475           3.162e+02     
 140.000          90.000            2.331e-01           2.331e-01             170.268           3.623e-07             315.668           3.162e+02     
 145.000          90.000            1.015e-01           1.015e-01             116.779           4.127e-07             312.290           3.162e+02     
 150.000          90.000            1.630e-01           1.630e-01              57.385           3.972e-07             312.360           3.162e+02     
 155.000          90.000            3.115e-01           3.115e-01              27.023           3.346e-07             315.827           3.162e+02     
 160.000          90.000            3.789e-01           3.789e-01               7.627           2.603e-07             322.331           3.162e+02     
 165.000          90.000            2.949e-01           2.949e-01             350.801           1.996e-07             330.771           3.162e+02     
 170.000          90.000            1.404e-01           1.404e-01             333.062           1.523e-07             339.048           3.162e+02     
 175.000          90.000            3.116e-02           3.116e-02             311.864           1.085e-07             345.139           3.162e+02     
 180.000          90.000            1.010e-05           1.004e-05             316.682           6.286e-08             347.346           2.489e+01     
   0.000          95.000            1.010e-05           9.845e-06             316.479           2.573e-07             151.219           2.491e+01     
   5.000          95.000            3.116e-02           3.115e-02             310.302           4.153e-07             162.853           3.162e+02     
  10.000          95.000            1.409e-01           1.409e-01             329.914           5.070e-07             169.350           3.162e+02     
  15.000          95.000            2.976e-01           2.976e-01             345.949           4.839e-07             171.801           3.162e+02     
  20.000          95.000            3.837e-01           3.837e-01               0.888           3.732e-07             168.815           3.162e+02     
  25.000          95.000            3.141e-01           3.141e-01              18.118           2.542e-07             157.627           3.162e+02     
  30.000          95.000            1.580e-01           1.580e-01              46.051           2.004e-07             138.489           3.162e+02     
  35.000          95.000            9.006e-02           9.006e-02             105.969           2.095e-07             121.690           3.162e+02     
  40.000          95.000            2.235e-01           2.235e-01             159.999           2.242e-07             114.900           3.162e+02     
  45.000          95.000            5.223e-01           5.223e-01             185.967           1.957e-07             117.224           3.162e+02     
  50.000          95.000            8.657e-01           8.657e-01             203.890           1.365e-07             128.428           3.162e+02     
  55.000          95.000            1.164e+00           1.164e+00             219.786           8.579e-08             149.932           3.162e+02     
  60.000          95.000            1.406e+00           1.406e+00             235.022           6.623e-08             179.062           3.162e+02     
  65.000          95.000            1.628e+00           1.628e+00             249.343           6.717e-08             204.163           3.162e+02     
  70.000          95.000            1.858e+00           1.858e+00             261.912           6.623e-08             220.303           3.162e+02     
  75.000          95.000            2.093e+00           2.093e+00             271.987           5.199e-08             230.192           3.162e+02     
  80.000          95.000            2.302e+00           2.302e+00             279.209           2.876e-08             236.278           3.162e+02     
  85.000          95.000            2.447e+00           2.447e+00             283.513           8.105e-09             239.916           3.162e+02     
  90.000          95.000            2.498e+00           2.498e+00             284.939           1.455e-12             158.795           3.162e+02     
  95.000          95.000            2.447e+00           2.447e+00             283.513           8.101e-09              59.901           3.162e+02     
 100.000          95.000            2.302e+00           2.302e+00             279.209           2.875e-08              56.270           3.162e+02     
 105.000          95.000            2.093e+00           2.093e+00             271.987           5.198e-08              50.187           3.162e+02     
 110.000          95.000            1.858e+00           1.858e+00             261.912           6.621e-08              40.297           3.162e+02     
 115.000          95.000            1.628e+00           1.628e+00             249.343           6.715e-08              24.157           3.162e+02     
 120.000          95.000            1.406e+00           1.406e+00             235.022           6.621e-08             359.054           3.162e+02     
 125.000          95.000            1.164e+00           1.164e+00             219.786           8.578e-08             329.923           3.162e+02     
 130.000          95.000            8.657e-01           8.657e-01             203.890           1.365e-07             308.420           3.162e+02     
 135.000          95.000            5.223e-01           5.223e-01             185.967           1.957e-07             297.216           3.162e+02     
 140.000          95.000            2.235e-01           2.235e-01             159.999           2.242e-07             294.894           3.162e+02     
 145.000          95.000            9.006e-02           9.006e-02             105.969           2.095e-07             301.685           3.162e+02     
 150.000          95.000            1.580e-01           1.580e-01              46.051           2.003e-07             318.490           3.162e+02     
 155.000          95.000            3.141e-01           3.141e-01              18.118           2.541e-07             337.633           3.162e+02     
 160.000          95.000            3.837e-01           3.837e-01               0.888           3.731e-07             348.823           3.162e+02     
 165.000          95.000            2.976e-01           2.976e-01             345.949           4.839e-07             351.808           3.162e+02     
 170.000          95.000            1.409e-01           1.409e-01             329.914           5.069e-07             349.357           3.162e+02     
 175.000          95.000            3.116e-02           3.115e-02             310.302           4.153e-07             342.860           3.162e+02     
 180.000          95.000            1.010e-05           9.845e-06             316.479           2.573e-07             331.226           2.489e+01     
   0.000         100.000            1.010e-05           9.505e-06             316.270           5.974e-07             146.054           2.491e+01     
   5.000         100.000            3.107e-02           3.107e-02             308.564           9.096e-07             161.000           3.162e+02     
  10.000         100.000            1.410e-01           1.410e-01             326.513           1.087e-06             171.219           3.162e+02     
  15.000         100.000            3.005e-01           3.005e-01             340.787           1.003e-06             178.515           3.162e+02     
  20.000         100.000            3.936e-01           3.936e-01             353.725           6.914e-07             182.488           3.162e+02     
  25.000         100.000            3.296e-01           3.296e-01               8.389           3.234e-07             180.672           3.162e+02     
  30.000         100.000            1.675e-01           1.675e-01              32.086           9.862e-08             160.876           3.162e+02     
  35.000         100.000            7.859e-02           7.859e-02              87.740           6.552e-08             109.117           3.162e+02     
  40.000         100.000            1.865e-01           1.865e-01             145.876           1.249e-07              86.337           3.162e+02     
  45.000         100.000            4.700e-01           4.700e-01             171.404           1.517e-07              85.692           3.162e+02     
  50.000         100.000            8.117e-01           8.117e-01             187.455           1.161e-07              96.339           3.162e+02     
  55.000         100.000            1.109e+00           1.109e+00             201.148           6.519e-08             118.848           3.162e+02     
  60.000         100.000            1.333e+00           1.333e+00             214.212           4.270e-08             156.152           3.162e+02     
  65.000         100.000            1.509e+00           1.509e+00             226.710           4.798e-08             190.623           3.162e+02     
  70.000         100.000            1.672e+00           1.672e+00             238.000           5.624e-08             210.941           3.162e+02     
  75.000         100.000            1.831e+00           1.831e+00             247.324           4.948e-08             222.487           3.162e+02     
  80.000         100.000            1.972e+00           1.972e+00             254.166           2.928e-08             229.447           3.162e+02     
  85.000         100.000            2.072e+00           2.072e+00             258.303           8.399e-09             233.543           3.162e+02     
  90.000         100.000            2.107e+00           2.107e+00             259.684           3.875e-12             133.399           3.162e+02     
  95.000         100.000            2.072e+00           2.072e+00             258.303           8.394e-09              53.541           3.162e+02     
 100.000         100.000            1.972e+00           1.972e+00             254.166           2.927e-08              49.445           3.162e+02     
 105.000         100.000            1.831e+00           1.831e+00             247.324           4.946e-08              42.486           3.162e+02     
 110.000         100.000            1.672e+00           1.672e+00             238.000           5.623e-08              30.939           3.162e+02     
 115.000         100.000            1.509e+00           1.509e+00             226.710           4.797e-08              10.618           3.162e+02     
 120.000         100.000            1.333e+00           1.333e+00             214.212           4.268e-08             336.143           3.162e+02     
 125.000         100.000            1.109e+00           1.109e+00             201.148           6.518e-08             298.837           3.162e+02     
 130.000         100.000            8.117e-01           8.117e-01             187.455           1.161e-07             276.330           3.162e+02     
 135.000         100.000            4.700e-01           4.700e-01             171.404           1.516e-07             265.683           3.162e+02     
 140.000         100.000            1.865e-01           1.865e-01             145.876           1.248e-07             266.327           3.162e+02     
 145.000         100.000            7.859e-02           7.859e-02              87.740           6.548e-08             289.110           3.162e+02     
 150.000         100.000            1.675e-01           1.675e-01              32.086           9.858e-08             340.887           3.162e+02     
 155.000         100.000            3.296e-01           3.296e-01               8.389           3.233e-07               0.680           3.162e+02     
 160.000         100.000            3.936e-01           3.936e-01             353.725           6.913e-07               2.494           3.162e+02     
 165.000         100.000            3.005e-01           3.005e-01             340.787           1.003e-06             358.520           3.162e+02     
 170.000         100.000            1.410e-01           1.410e-01             326.513           1.087e-06             351.223           3.162e+02     
 175.000         100.000            3.107e-02           3.107e-02             308.564           9.095e-07             341.004           3.162e+02     
 180.000         100.000            1.010e-05           9.505e-06             316.270           5.974e-07             326.059           2.489e+01     
   0.000         105.000            1.010e-05           9.030e-06             316.052           1.073e-06             143.528           2.491e+01     
   5.000         105.000            3.091e-02           3.091e-02             306.662           1.572e-06             159.138           2.612e+02     
  10.000         105.000            1.406e-01           1.405e-01             322.879           1.868e-06             170.512           3.162e+02     
  15.000         105.000            3.033e-01           3.033e-01             335.362           1.742e-06             179.680           3.162e+02     
  20.000         105.000            4.083e-01           4.083e-01             346.259           1.216e-06             187.112           3.162e+02     
  25.000         105.000            3.596e-01           3.596e-01             358.194           5.628e-07             193.260           3.162e+02     
  30.000         105.000            1.974e-01           1.974e-01              16.698           1.215e-07             195.767           3.162e+02     
  35.000         105.000            7.779e-02           7.779e-02              61.176           2.185e-09              99.529           3.162e+02     
  40.000         105.000            1.330e-01           1.330e-01             125.483           6.734e-08              47.287           3.162e+02     
  45.000         105.000            3.709e-01           3.709e-01             153.888           1.241e-07              51.127           3.162e+02     
  50.000         105.000            6.984e-01           6.984e-01             169.019           1.018e-07              61.917           3.162e+02     
  55.000         105.000            1.011e+00           1.011e+00             180.715           4.576e-08              82.314           3.162e+02     
  60.000         105.000            1.257e+00           1.257e+00             191.368           1.662e-08             129.674           3.162e+02     
  65.000         105.000            1.438e+00           1.438e+00             201.428           2.211e-08             185.323           3.162e+02     
  70.000         105.000            1.577e+00           1.577e+00             210.612           3.736e-08             210.118           3.162e+02     
  75.000         105.000            1.693e+00           1.693e+00             218.378           3.915e-08             221.985           3.162e+02     
  80.000         105.000            1.787e+00           1.787e+00             224.229           2.531e-08             228.902           3.162e+02     
  85.000         105.000            1.850e+00           1.850e+00             227.843           7.824e-09             233.166           3.162e+02     
  90.000         105.000            1.872e+00           1.872e+00             229.062           5.770e-12             109.734           3.162e+02     
  95.000         105.000            1.850e+00           1.850e+00             227.843           7.819e-09              53.179           3.162e+02     
 100.000         105.000            1.787e+00           1.787e+00             224.229           2.530e-08              48.909           3.162e+02     
 105.000         105.000            1.693e+00           1.693e+00             218.378           3.913e-08              41.990           3.162e+02     
 110.000         105.000            1.577e+00           1.577e+00             210.612           3.734e-08              30.122           3.162e+02     
 115.000         105.000            1.438e+00           1.438e+00             201.428           2.210e-08               5.323           3.162e+02     
 120.000         105.000            1.257e+00           1.257e+00             191.368           1.661e-08             309.659           3.162e+02     
 125.000         105.000            1.011e+00           1.011e+00             180.715           4.576e-08             262.301           3.162e+02     
 130.000         105.000            6.984e-01           6.984e-01             169.019           1.018e-07             241.907           3.162e+02     
 135.000         105.000            3.709e-01           3.709e-01             153.888           1.241e-07             231.117           3.162e+02     
 140.000         105.000            1.330e-01           1.330e-01             125.483           6.733e-08             227.272           3.162e+02     
 145.000         105.000            7.779e-02           7.779e-02              61.176           2.178e-09             279.504           3.162e+02     
 150.000         105.000            1.974e-01           1.974e-01              16.698           1.215e-07              15.781           3.162e+02     
 155.000         105.000            3.596e-01           3.596e-01             358.194           5.628e-07              13.266           3.162e+02     
 160.000         105.000            4.083e-01           4.083e-01             346.259           1.216e-06               7.116           3.162e+02     
 165.000         105.000            3.033e-01           3.033e-01             335.362           1.742e-06             359.683           3.162e+02     
 170.000         105.000            1.406e-01           1.405e-01             322.879           1.868e-06             350.515           3.162e+02     
 175.000         105.000            3.091e-02           3.091e-02             306.662           1.572e-06             339.140           2.611e+02     
 180.000         105.000            1.010e-05           9.029e-06             316.051           1.073e-06             323.531           2.489e+01     
   0.000         110.000            1.010e-05           8.434e-06             315.820           1.669e-06             142.016           2.491e+01     
   5.000         110.000            3.067e-02           3.067e-02             304.606           2.376e-06             157.183           2.110e+02     
  10.000         110.000            1.396e-01           1.396e-01             319.030           2.816e-06             168.591           3.162e+02     
  15.000         110.000            3.057e-01           3.057e-01             329.719           2.670e-06             178.234           3.162e+02     
  20.000         110.000            4.268e-01           4.268e-01             338.611           1.937e-06             186.937           3.162e+02     
  25.000         110.000            4.041e-01           4.041e-01             347.922           9.884e-07             196.421           3.162e+02     
  30.000         110.000            2.539e-01           2.539e-01               1.502           2.947e-07             209.442           3.162e+02     
  35.000         110.000            1.048e-01           1.048e-01              31.307           3.268e-08             254.369           3.162e+02     
  40.000         110.000            8.936e-02           8.936e-02              93.102           4.614e-08             351.329           3.162e+02     
  45.000         110.000            2.488e-01           2.488e-01             130.966           9.342e-08              14.489           3.162e+02     
  50.000         110.000            5.301e-01           5.301e-01             147.813           7.305e-08              25.567           3.162e+02     
  55.000         110.000            8.458e-01           8.458e-01             158.842           2.199e-08              37.449           3.162e+02     
  60.000         110.000            1.131e+00           1.131e+00             167.952           3.576e-10             116.485           3.162e+02     
  65.000         110.000            1.360e+00           1.360e+00             176.115           1.354e-08             215.220           3.162e+02     
  70.000         110.000            1.535e+00           1.535e+00             183.385           3.302e-08             225.165           3.162e+02     
  75.000         110.000            1.667e+00           1.667e+00             189.500           3.822e-08             231.022           3.162e+02     
  80.000         110.000            1.762e+00           1.762e+00             194.131           2.571e-08             235.263           3.162e+02     
  85.000         110.000            1.820e+00           1.820e+00             197.014           8.156e-09             238.075           3.162e+02     
  90.000         110.000            1.840e+00           1.840e+00             197.993           6.369e-12              81.021           3.162e+02     
  95.000         110.000            1.820e+00           1.820e+00             197.014           8.152e-09              58.101           3.162e+02     
 100.000         110.000            1.762e+00           1.762e+00             194.131           2.570e-08              55.278           3.162e+02     
 105.000         110.000            1.667e+00           1.667e+00             189.500           3.821e-08              51.034           3.162e+02     
 110.000         110.000            1.535e+00           1.535e+00             183.385           3.301e-08              45.178           3.162e+02     
 115.000         110.000            1.360e+00           1.360e+00             176.115           1.353e-08              35.241           3.162e+02     
 120.000         110.000            1.131e+00           1.131e+00             167.952           3.559e-10             296.408           3.162e+02     
 125.000         110.000            8.458e-01           8.458e-01             158.842           2.199e-08             217.428           3.162e+02     
 130.000         110.000            5.301e-01           5.301e-01             147.813           7.305e-08             205.555           3.162e+02     
 135.000         110.000            2.488e-01           2.488e-01             130.966           9.342e-08             194.477           3.162e+02     
 140.000         110.000            8.936e-02           8.936e-02              93.102           4.615e-08             171.313           3.162e+02     
 145.000         110.000            1.048e-01           1.048e-01              31.307           3.270e-08              74.377           3.162e+02     
 150.000         110.000            2.539e-01           2.539e-01               1.502           2.947e-07              29.448           3.162e+02     
 155.000         110.000            4.041e-01           4.041e-01             347.922           9.885e-07              16.425           3.162e+02     
 160.000         110.000            4.268e-01           4.268e-01             338.611           1.937e-06               6.939           3.162e+02     
 165.000         110.000            3.057e-01           3.057e-01             329.719           2.670e-06             358.236           3.162e+02     
 170.000         110.000            1.396e-01           1.396e-01             319.030           2.816e-06             348.593           3.162e+02     
 175.000         110.000            3.067e-02           3.067e-02             304.606           2.376e-06             337.185           2.110e+02     
 180.000         110.000            1.010e-05           8.433e-06             315.819           1.669e-06             322.019           2.489e+01     
   0.000         115.000            1.010e-05           7.734e-06             315.570           2.368e-06             140.999           2.491e+01     
   5.000         115.000            3.035e-02           3.035e-02             302.409           3.288e-06             155.116           1.778e+02     
  10.000         115.000            1.380e-01           1.380e-01             314.986           3.885e-06             165.936           3.162e+02     
  15.000         115.000            3.071e-01           3.071e-01             323.892           3.744e-06             175.292           3.162e+02     
  20.000         115.000            4.472e-01           4.472e-01             330.878           2.835e-06             184.040           3.162e+02     
  25.000         115.000            4.608e-01           4.608e-01             337.860           1.641e-06             194.309           3.162e+02     
  30.000         115.000            3.398e-01           3.398e-01             347.546           6.451e-07             208.480           3.162e+02     
  35.000         115.000            1.775e-01           1.775e-01               6.120           1.825e-07             237.290           3.162e+02     
  40.000         115.000            9.341e-02           9.341e-02              47.922           7.551e-08             284.878           3.162e+02     
  45.000         115.000            1.529e-01           1.529e-01              96.355           6.719e-08             317.113           3.162e+02     
  50.000         115.000            3.444e-01           3.444e-01             120.649           4.582e-08             322.196           3.162e+02     
  55.000         115.000            6.104e-01           6.104e-01             133.946           1.988e-08             295.671           3.162e+02     
  60.000         115.000            8.900e-01           8.900e-01             143.416           2.687e-08             251.314           3.162e+02     
  65.000         115.000            1.143e+00           1.143e+00             151.124           5.589e-08             236.006           3.162e+02     
  70.000         115.000            1.353e+00           1.353e+00             157.591           7.608e-08             233.650           3.162e+02     
  75.000         115.000            1.515e+00           1.515e+00             162.832           6.853e-08             235.360           3.162e+02     
  80.000         115.000            1.629e+00           1.629e+00             166.720           4.172e-08             236.913           3.162e+02     
  85.000         115.000            1.697e+00           1.697e+00             169.116           1.261e-08             238.081           3.162e+02     
  90.000         115.000            1.720e+00           1.720e+00             169.925           6.745e-12              45.471           3.162e+02     
  95.000         115.000            1.697e+00           1.697e+00             169.116           1.261e-08              58.108           3.162e+02     
 100.000         115.000            1.629e+00           1.629e+00             166.720           4.171e-08              56.928           3.162e+02     
 105.000         115.000            1.515e+00           1.515e+00             162.832           6.853e-08              55.372           3.162e+02     
 110.000         115.000            1.353e+00           1.353e+00             157.591           7.609e-08              53.662           3.162e+02     
 115.000         115.000            1.143e+00           1.143e+00             151.124           5.589e-08              56.019           3.162e+02     
 120.000         115.000            8.900e-01           8.900e-01             143.416           2.689e-08              71.328           3.162e+02     
 125.000         115.000            6.104e-01           6.104e-01             133.946           1.989e-08             115.668           3.162e+02     
 130.000         115.000            3.444e-01           3.444e-01             120.649           4.583e-08             142.185           3.162e+02     
 135.000         115.000            1.529e-01           1.529e-01              96.355           6.721e-08             137.103           3.162e+02     
 140.000         115.000            9.341e-02           9.341e-02              47.922           7.554e-08             104.872           3.162e+02     
 145.000         115.000            1.775e-01           1.775e-01               6.120           1.825e-07              57.293           3.162e+02     
 150.000         115.000            3.398e-01           3.398e-01             347.546           6.452e-07              28.483           3.162e+02     
 155.000         115.000            4.608e-01           4.608e-01             337.860           1.641e-06              14.311           3.162e+02     
 160.000         115.000            4.472e-01           4.472e-01             330.878           2.835e-06               4.042           3.162e+02     
 165.000         115.000            3.071e-01           3.071e-01             323.892           3.744e-06             355.293           3.162e+02     
 170.000         115.000            1.380e-01           1.380e-01             314.986           3.885e-06             345.937           3.162e+02     
 175.000         115.000            3.035e-02           3.035e-02             302.409           3.288e-06             335.117           1.778e+02     
 180.000         115.000            1.010e-05           7.734e-06             315.569           2.368e-06             321.001           2.489e+01     
   0.000         120.000            1.010e-05           6.954e-06             315.294           3.149e-06             140.259           2.491e+01     
   5.000         120.000            2.996e-02           2.996e-02             300.080           4.271e-06             152.932           1.544e+02     
  10.000         120.000            1.357e-01           1.357e-01             310.759           5.021e-06             162.762           3.102e+02     
  15.000         120.000            3.067e-01           3.067e-01             317.907           4.910e-06             171.360           3.162e+02     
  20.000         120.000            4.666e-01           4.666e-01             323.117           3.875e-06             179.432           3.162e+02     
  25.000         120.000            5.241e-01           5.241e-01             328.131           2.433e-06             189.068           3.162e+02     
  30.000         120.000            4.512e-01           4.512e-01             335.025           1.202e-06             201.129           3.162e+02     
  35.000         120.000            3.041e-01           3.041e-01             347.100           5.228e-07             218.611           3.162e+02     
  40.000         120.000            1.786e-01           1.786e-01              10.389           2.653e-07             240.133           3.162e+02     
  45.000         120.000            1.464e-01           1.464e-01              47.732           1.814e-07             252.255           3.162e+02     
  50.000         120.000            2.242e-01           2.242e-01              80.827           1.523e-07             250.111           3.162e+02     
  55.000         120.000            3.834e-01           3.834e-01             100.891           1.671e-07             240.235           3.162e+02     
  60.000         120.000            5.798e-01           5.798e-01             113.744           2.054e-07             230.767           3.162e+02     
  65.000         120.000            7.764e-01           7.764e-01             123.068           2.348e-07             226.592           3.162e+02     
  70.000         120.000            9.500e-01           9.500e-01             130.237           2.230e-07             225.772           3.162e+02     
  75.000         120.000            1.089e+00           1.089e+00             135.703           1.671e-07             226.491           3.162e+02     
  80.000         120.000            1.190e+00           1.190e+00             139.593           9.020e-08             227.585           3.162e+02     
  85.000         120.000            1.250e+00           1.250e+00             141.929           2.547e-08             228.216           3.162e+02     
  90.000         120.000            1.270e+00           1.270e+00             142.709           8.306e-12               8.284           3.162e+02     
  95.000         120.000            1.250e+00           1.250e+00             141.929           2.548e-08              48.236           3.162e+02     
 100.000         120.000            1.190e+00           1.190e+00             139.593           9.021e-08              47.595           3.162e+02     
 105.000         120.000            1.089e+00           1.089e+00             135.703           1.671e-07              46.499           3.162e+02     
 110.000         120.000            9.500e-01           9.500e-01             130.237           2.230e-07              45.779           3.162e+02     
 115.000         120.000            7.764e-01           7.764e-01             123.068           2.349e-07              46.598           3.162e+02     
 120.000         120.000            5.798e-01           5.798e-01             113.744           2.054e-07              50.772           3.162e+02     
 125.000         120.000            3.834e-01           3.834e-01             100.891           1.671e-07              60.238           3.162e+02     
 130.000         120.000            2.242e-01           2.242e-01              80.827           1.524e-07              70.111           3.162e+02     
 135.000         120.000            1.464e-01           1.464e-01              47.732           1.814e-07              72.253           3.162e+02     
 140.000         120.000            1.786e-01           1.786e-01              10.389           2.654e-07              60.132           3.162e+02     
 145.000         120.000            3.041e-01           3.041e-01             347.100           5.228e-07              38.612           3.162e+02     
 150.000         120.000            4.512e-01           4.512e-01             335.025           1.202e-06              21.130           3.162e+02     
 155.000         120.000            5.241e-01           5.241e-01             328.131           2.433e-06               9.069           3.162e+02     
 160.000         120.000            4.666e-01           4.666e-01             323.117           3.875e-06             359.433           3.162e+02     
 165.000         120.000            3.067e-01           3.067e-01             317.907           4.910e-06             351.361           3.162e+02     
 170.000         120.000            1.357e-01           1.357e-01             310.759           5.021e-06             342.763           3.102e+02     
 175.000         120.000            2.996e-02           2.996e-02             300.080           4.271e-06             332.933           1.544e+02     
 180.000         120.000            1.010e-05           6.953e-06             315.293           3.149e-06             320.260           2.489e+01     
   0.000         125.000            1.010e-05           6.115e-06             314.984           3.987e-06             139.688           2.491e+01     
   5.000         125.000            2.951e-02           2.950e-02             297.632           5.285e-06             150.635           1.372e+02     
  10.000         125.000            1.328e-01           1.328e-01             306.359           6.167e-06             159.185           2.707e+02     
  15.000         125.000            3.039e-01           3.039e-01             311.772           6.105e-06             166.709           3.162e+02     
  20.000         125.000            4.817e-01           4.817e-01             315.335           5.031e-06             173.779           3.162e+02     
  25.000         125.000            5.857e-01           5.857e-01             318.708           3.406e-06             181.581           3.162e+02     
  30.000         125.000            5.751e-01           5.751e-01             323.638           2.003e-06             191.485           3.162e+02     
  35.000         125.000            4.747e-01           4.747e-01             332.098           1.155e-06             203.052           3.162e+02     
  40.000         125.000            3.519e-01           3.519e-01             346.311           7.800e-07             214.549           3.162e+02     
  45.000         125.000            2.703e-01           2.703e-01               7.513           6.418e-07             219.639           3.162e+02     
  50.000         125.000            2.566e-01           2.566e-01              32.456           6.379e-07             219.013           3.162e+02     
  55.000         125.000            3.005e-01           3.005e-01              54.658           6.904e-07             215.990           3.162e+02     
  60.000         125.000            3.754e-01           3.754e-01              71.568           7.279e-07             214.047           3.162e+02     
  65.000         125.000            4.577e-01           4.577e-01              84.113           6.923e-07             212.542           3.162e+02     
  70.000         125.000            5.327e-01           5.327e-01              93.483           5.651e-07             212.372           3.162e+02     
  75.000         125.000            5.937e-01           5.937e-01             100.367           3.801e-07             212.847           3.162e+02     
  80.000         125.000            6.379e-01           6.379e-01             105.111           1.909e-07             213.464           3.162e+02     
  85.000         125.000            6.645e-01           6.645e-01             107.897           5.146e-08             213.700           3.162e+02     
  90.000         125.000            6.733e-01           6.733e-01             108.815           1.068e-11             335.493           3.162e+02     
  95.000         125.000            6.645e-01           6.645e-01             107.897           5.147e-08              33.714           3.162e+02     
 100.000         125.000            6.379e-01           6.379e-01             105.111           1.909e-07              33.471           3.162e+02     
 105.000         125.000            5.937e-01           5.937e-01             100.367           3.801e-07              32.852           3.162e+02     
 110.000         125.000            5.327e-01           5.327e-01              93.483           5.651e-07              32.375           3.162e+02     
 115.000         125.000            4.577e-01           4.577e-01              84.113           6.924e-07              32.545           3.162e+02     
 120.000         125.000            3.754e-01           3.754e-01              71.568           7.280e-07              34.049           3.162e+02     
 125.000         125.000            3.005e-01           3.005e-01              54.658           6.905e-07              35.991           3.162e+02     
 130.000         125.000            2.566e-01           2.566e-01              32.456           6.380e-07              39.013           3.162e+02     
 135.000         125.000            2.703e-01           2.703e-01               7.513           6.419e-07              39.639           3.162e+02     
 140.000         125.000            3.519e-01           3.519e-01             346.311           7.801e-07              34.548           3.162e+02     
 145.000         125.000            4.747e-01           4.747e-01             332.098           1.155e-06              23.052           3.162e+02     
 150.000         125.000            5.751e-01           5.751e-01             323.638           2.003e-06              11.485           3.162e+02     
 155.000         125.000            5.857e-01           5.857e-01             318.708           3.406e-06               1.581           3.162e+02     
 160.000         125.000            4.817e-01           4.817e-01             315.335           5.031e-06             353.779           3.162e+02     
 165.000         125.000            3.039e-01           3.039e-01             311.772           6.105e-06             346.709           3.162e+02     
 170.000         125.000            1.328e-01           1.328e-01             306.359           6.167e-06             339.185           2.707e+02     
 175.000         125.000            2.951e-02           2.950e-02             297.632           5.284e-06             330.635           1.372e+02     
 180.000         125.000            1.010e-05           6.115e-06             314.983           3.987e-06             319.689           2.489e+01     
   0.000         130.000            1.010e-05           5.245e-06             314.627           4.858e-06             139.228           2.491e+01     
   5.000         130.000            2.899e-02           2.899e-02             295.076           6.289e-06             148.231           1.242e+02     
  10.000         130.000            1.291e-01           1.291e-01             301.794           7.266e-06             155.273           2.417e+02     
  15.000         130.000            2.981e-01           2.981e-01             305.483           7.261e-06             161.500           3.162e+02     
  20.000         130.000            4.893e-01           4.893e-01             307.500           6.146e-06             167.225           3.162e+02     
  25.000         130.000            6.356e-01           6.356e-01             309.467           4.482e-06             173.417           3.162e+02     
  30.000         130.000            6.913e-01           6.913e-01             312.937           3.021e-06             180.960           3.162e+02     
  35.000         130.000            6.583e-01           6.583e-01             319.205           2.101e-06             188.826           3.162e+02     
  40.000         130.000            5.792e-01           5.792e-01             329.014           1.668e-06             195.756           3.162e+02     
  45.000         130.000            5.036e-01           5.036e-01             342.042           1.584e-06             199.906           3.162e+02     
  50.000         130.000            4.567e-01           4.567e-01             356.617           1.643e-06             200.410           3.162e+02     
  55.000         130.000            4.350e-01           4.350e-01              10.609           1.714e-06             199.613           3.162e+02     
  60.000         130.000            4.241e-01           4.241e-01              22.732           1.671e-06             198.887           3.162e+02     
  65.000         130.000            4.133e-01           4.133e-01              32.714           1.463e-06             198.943           3.162e+02     
  70.000         130.000            4.004e-01           4.004e-01              40.692           1.118e-06             198.670           3.162e+02     
  75.000         130.000            3.871e-01           3.871e-01              46.819           7.137e-07             198.755           3.162e+02     
  80.000         130.000            3.761e-01           3.761e-01              51.168           3.449e-07             198.929           3.162e+02     
  85.000         130.000            3.691e-01           3.691e-01              53.769           9.061e-08             198.862           3.162e+02     
  90.000         130.000            3.667e-01           3.667e-01              54.634           1.199e-11             306.122           3.162e+02     
  95.000         130.000            3.691e-01           3.691e-01              53.769           9.063e-08              18.872           3.162e+02     
 100.000         130.000            3.761e-01           3.761e-01              51.168           3.449e-07              18.935           3.162e+02     
 105.000         130.000            3.871e-01           3.871e-01              46.819           7.138e-07              18.758           3.162e+02     
 110.000         130.000            4.004e-01           4.004e-01              40.692           1.118e-06              18.673           3.162e+02     
 115.000         130.000            4.133e-01           4.133e-01              32.714           1.463e-06              18.945           3.162e+02     
 120.000         130.000            4.241e-01           4.241e-01              22.732           1.671e-06              18.888           3.162e+02     
 125.000         130.000            4.350e-01           4.350e-01              10.608           1.714e-06              19.614           3.162e+02     
 130.000         130.000            4.567e-01           4.567e-01             356.617           1.643e-06              20.410           3.162e+02     
 135.000         130.000            5.036e-01           5.036e-01             342.042           1.584e-06              19.905           3.162e+02     
 140.000         130.000            5.792e-01           5.792e-01             329.014           1.668e-06              15.755           3.162e+02     
 145.000         130.000            6.583e-01           6.583e-01             319.205           2.101e-06               8.825           3.162e+02     
 150.000         130.000            6.913e-01           6.913e-01             312.937           3.021e-06               0.959           3.162e+02     
 155.000         130.000            6.356e-01           6.356e-01             309.467           4.482e-06             353.417           3.162e+02     
 160.000         130.000            4.893e-01           4.893e-01             307.500           6.146e-06             347.224           3.162e+02     
 165.000         130.000            2.981e-01           2.981e-01             305.483           7.261e-06             341.499           3.162e+02     
 170.000         130.000            1.291e-01           1.291e-01             301.794           7.266e-06             335.273           2.417e+02     
 175.000         130.000            2.899e-02           2.899e-02             295.076           6.289e-06             328.232           1.242e+02     
 180.000         130.000            1.010e-05           5.244e-06             314.625           4.858e-06             319.229           2.489e+01     
   0.000         135.000            1.010e-05           4.368e-06             314.204           5.735e-06             138.845           2.491e+01     
   5.000         135.000            2.843e-02           2.842e-02             292.424           7.246e-06             145.731           1.141e+02     
  10.000         135.000            1.249e-01           1.249e-01             297.067           8.265e-06             151.073           2.198e+02     
  15.000         135.000            2.891e-01           2.891e-01             299.017           8.376e-06             155.867           3.098e+02     
  20.000         135.000            4.870e-01           4.870e-01             299.540           7.196e-06             160.011           3.162e+02     
  25.000         135.000            6.649e-01           6.649e-01             300.224           5.567e-06             164.488           3.162e+02     
  30.000         135.000            7.774e-01           7.774e-01             302.479           4.179e-06             169.952           3.162e+02     
  35.000         135.000            8.119e-01           8.119e-01             307.204           3.222e-06             175.623           3.162e+02     
  40.000         135.000            7.933e-01           7.933e-01             314.508           2.843e-06             180.634           3.162e+02     
  45.000         135.000            7.590e-01           7.590e-01             323.539           2.836e-06             183.762           3.162e+02     
  50.000         135.000            7.300e-01           7.300e-01             332.771           2.965e-06             185.347           3.162e+02     
  55.000         135.000            7.051e-01           7.051e-01             340.823           2.985e-06             185.523           3.162e+02     
  60.000         135.000            6.757e-01           6.757e-01             347.042           2.783e-06             185.314           3.162e+02     
  65.000         135.000            6.389e-01           6.389e-01             351.430           2.331e-06             185.045           3.162e+02     
  70.000         135.000            5.992e-01           5.991e-01             354.305           1.711e-06             184.834           3.162e+02     
  75.000         135.000            5.629e-01           5.629e-01             356.060           1.056e-06             184.694           3.162e+02     
  80.000         135.000            5.351e-01           5.351e-01             357.049           4.946e-07             184.911           3.162e+02     
  85.000         135.000            5.179e-01           5.179e-01             357.539           1.275e-07             184.618           3.162e+02     
  90.000         135.000            5.122e-01           5.122e-01             357.685           1.133e-11             276.237           3.162e+02     
  95.000         135.000            5.179e-01           5.179e-01             357.539           1.276e-07               4.626           3.162e+02     
 100.000         135.000            5.351e-01           5.351e-01             357.049           4.947e-07               4.916           3.162e+02     
 105.000         135.000            5.629e-01           5.629e-01             356.060           1.057e-06               4.697           3.162e+02     
 110.000         135.000            5.992e-01           5.991e-01             354.305           1.711e-06               4.836           3.162e+02     
 115.000         135.000            6.389e-01           6.389e-01             351.430           2.331e-06               5.046           3.162e+02     
 120.000         135.000            6.757e-01           6.757e-01             347.042           2.783e-06               5.315           3.162e+02     
 125.000         135.000            7.051e-01           7.051e-01             340.823           2.985e-06               5.523           3.162e+02     
 130.000         135.000            7.300e-01           7.300e-01             332.771           2.965e-06               5.347           3.162e+02     
 135.000         135.000            7.590e-01           7.590e-01             323.539           2.836e-06               3.761           3.162e+02     
 140.000         135.000            7.933e-01           7.933e-01             314.508           2.843e-06               0.633           3.162e+02     
 145.000         135.000            8.119e-01           8.119e-01             307.204           3.222e-06             355.622           3.162e+02     
 150.000         135.000            7.774e-01           7.774e-01             302.479           4.179e-06             349.952           3.162e+02     
 155.000         135.000            6.649e-01           6.649e-01             300.224           5.567e-06             344.487           3.162e+02     
 160.000         135.000            4.870e-01           4.870e-01             299.540           7.196e-06             340.011           3.162e+02     
 165.000         135.000            2.891e-01           2.891e-01             299.017           8.376e-06             335.867           3.098e+02     
 170.000         135.000            1.249e-01           1.249e-01             297.067           8.265e-06             331.073           2.198e+02     
 175.000         135.000            2.843e-02           2.842e-02             292.423           7.245e-06             325.731           1.141e+02     
 180.000         135.000            1.010e-05           4.368e-06             314.203           5.734e-06             318.846           2.489e+01     
   0.000         140.000            1.010e-05           3.512e-06             313.688           6.591e-06             138.516           2.491e+01     
   5.000         140.000            2.782e-02           2.781e-02             289.687           8.119e-06             143.146           1.062e+02     
  10.000         140.000            1.201e-01           1.201e-01             292.180           9.117e-06             146.621           2.029e+02     
  15.000         140.000            2.769e-01           2.769e-01             292.344           9.158e-06             149.482           2.880e+02     
  20.000         140.000            4.736e-01           4.736e-01             291.362           8.092e-06             152.266           3.162e+02     
  25.000         140.000            6.680e-01           6.680e-01             290.770           6.536e-06             154.961           3.162e+02     
  30.000         140.000            8.169e-01           8.169e-01             291.856           5.173e-06             158.282           3.162e+02     
  35.000         140.000            8.985e-01           8.985e-01             295.270           4.322e-06             162.635           3.162e+02     
  40.000         140.000            9.258e-01           9.258e-01             300.839           3.985e-06             166.393           3.162e+02     
  45.000         140.000            9.290e-01           9.290e-01             307.556           3.998e-06             169.085           3.162e+02     
  50.000         140.000            9.280e-01           9.280e-01             313.978           4.075e-06             170.706           3.162e+02     
  55.000         140.000            9.244e-01           9.244e-01             318.947           3.995e-06             171.637           3.162e+02     
  60.000         140.000            9.135e-01           9.135e-01             322.011           3.576e-06             171.480           3.162e+02     
  65.000         140.000            8.955e-01           8.955e-01             323.340           2.870e-06             171.086           3.162e+02     
  70.000         140.000            8.753e-01           8.753e-01             323.438           2.028e-06             170.753           3.162e+02     
  75.000         140.000            8.580e-01           8.580e-01             322.885           1.212e-06             170.388           3.162e+02     
  80.000         140.000            8.462e-01           8.462e-01             322.173           5.570e-07             170.041           3.162e+02     
  85.000         140.000            8.397e-01           8.397e-01             321.632           1.412e-07             169.637           3.162e+02     
  90.000         140.000            8.377e-01           8.377e-01             321.434           9.825e-12             242.884           3.162e+02     
  95.000         140.000            8.397e-01           8.397e-01             321.632           1.412e-07             349.645           3.162e+02     
 100.000         140.000            8.462e-01           8.462e-01             322.173           5.571e-07             350.045           3.162e+02     
 105.000         140.000            8.580e-01           8.580e-01             322.885           1.213e-06             350.390           3.162e+02     
 110.000         140.000            8.753e-01           8.753e-01             323.438           2.028e-06             350.754           3.162e+02     
 115.000         140.000            8.955e-01           8.955e-01             323.340           2.871e-06             351.086           3.162e+02     
 120.000         140.000            9.135e-01           9.135e-01             322.011           3.576e-06             351.481           3.162e+02     
 125.000         140.000            9.244e-01           9.244e-01             318.947           3.995e-06             351.637           3.162e+02     
 130.000         140.000            9.280e-01           9.280e-01             313.978           4.075e-06             350.705           3.162e+02     
 135.000         140.000            9.290e-01           9.290e-01             307.556           3.999e-06             349.084           3.162e+02     
 140.000         140.000            9.258e-01           9.258e-01             300.839           3.986e-06             346.392           3.162e+02     
 145.000         140.000            8.985e-01           8.985e-01             295.270           4.322e-06             342.634           3.162e+02     
 150.000         140.000            8.169e-01           8.169e-01             291.856           5.173e-06             338.282           3.162e+02     
 155.000         140.000            6.680e-01           6.680e-01             290.770           6.536e-06             334.960           3.162e+02     
 160.000         140.000            4.736e-01           4.736e-01             291.362           8.092e-06             332.265           3.162e+02     
 165.000         140.000            2.769e-01           2.769e-01             292.344           9.158e-06             329.482           2.880e+02     
 170.000         140.000            1.201e-01           1.201e-01             292.179           9.117e-06             326.621           2.029e+02     
 175.000         140.000            2.782e-02           2.781e-02             289.687           8.119e-06             323.146           1.062e+02     
 180.000         140.000            1.010e-05           3.512e-06             313.686           6.590e-06             318.517           2.489e+01     
   0.000         145.000            1.010e-05           2.703e-06             313.032           7.400e-06             138.227           2.491e+01     
   5.000         145.000            2.718e-02           2.717e-02             286.881           8.880e-06             140.488           9.996e+01     
  10.000         145.000            1.148e-01           1.148e-01             287.132           9.787e-06             141.944           1.897e+02     
  15.000         145.000            2.619e-01           2.619e-01             285.425           9.757e-06             143.020           2.685e+02     
  20.000         145.000            4.498e-01           4.497e-01             282.852           8.762e-06             144.073           3.162e+02     
  25.000         145.000            6.447e-01           6.447e-01             280.883           7.323e-06             144.803           3.162e+02     
  30.000         145.000            8.052e-01           8.052e-01             280.687           5.949e-06             146.484           3.162e+02     
  35.000         145.000            9.031e-01           9.031e-01             282.759           5.100e-06             148.916           3.162e+02     
  40.000         145.000            9.430e-01           9.430e-01             286.814           4.781e-06             151.834           3.162e+02     
  45.000         145.000            9.519e-01           9.519e-01             291.838           4.666e-06             154.208           3.162e+02     
  50.000         145.000            9.531e-01           9.531e-01             296.440           4.584e-06             155.607           3.162e+02     
  55.000         145.000            9.542e-01           9.542e-01             299.490           4.292e-06             156.087           3.162e+02     
  60.000         145.000            9.558e-01           9.558e-01             300.568           3.684e-06             155.886           3.162e+02     
  65.000         145.000            9.594e-01           9.594e-01             299.940           2.859e-06             155.767           3.162e+02     
  70.000         145.000            9.679e-01           9.679e-01             298.265           1.946e-06             154.999           3.162e+02     
  75.000         145.000            9.815e-01           9.815e-01             296.267           1.127e-06             154.238           3.162e+02     
  80.000         145.000            9.969e-01           9.969e-01             294.519           5.049e-07             153.565           3.162e+02     
  85.000         145.000            1.009e+00           1.009e+00             293.366           1.257e-07             152.967           3.162e+02     
  90.000         145.000            1.013e+00           1.013e+00             292.966           8.970e-12             206.715           3.162e+02     
  95.000         145.000            1.009e+00           1.009e+00             293.366           1.257e-07             332.975           3.162e+02     
 100.000         145.000            9.969e-01           9.969e-01             294.519           5.050e-07             333.569           3.162e+02     
 105.000         145.000            9.815e-01           9.815e-01             296.267           1.127e-06             334.240           3.162e+02     
 110.000         145.000            9.679e-01           9.679e-01             298.265           1.946e-06             335.000           3.162e+02     
 115.000         145.000            9.594e-01           9.594e-01             299.940           2.859e-06             335.768           3.162e+02     
 120.000         145.000            9.558e-01           9.558e-01             300.568           3.684e-06             335.886           3.162e+02     
 125.000         145.000            9.542e-01           9.542e-01             299.490           4.292e-06             336.087           3.162e+02     
 130.000         145.000            9.531e-01           9.531e-01             296.440           4.584e-06             335.606           3.162e+02     
 135.000         145.000            9.519e-01           9.519e-01             291.838           4.666e-06             334.207           3.162e+02     
 140.000         145.000            9.430e-01           9.430e-01             286.814           4.781e-06             331.833           3.162e+02     
 145.000         145.000            9.031e-01           9.031e-01             282.759           5.100e-06             328.915           3.162e+02     
 150.000         145.000            8.052e-01           8.052e-01             280.687           5.949e-06             326.483           3.162e+02     
 155.000         145.000            6.447e-01           6.447e-01             280.883           7.324e-06             324.802           3.162e+02     
 160.000         145.000            4.498e-01           4.497e-01             282.852           8.762e-06             324.072           3.162e+02     
 165.000         145.000            2.619e-01           2.619e-01             285.425           9.757e-06             323.019           2.685e+02     
 170.000         145.000            1.148e-01           1.148e-01             287.132           9.787e-06             321.944           1.898e+02     
 175.000         145.000            2.718e-02           2.717e-02             286.881           8.879e-06             320.488           9.997e+01     
 180.000         145.000            1.010e-05           2.703e-06             313.029           7.399e-06             318.227           2.489e+01     
   0.000         150.000            1.010e-05           1.965e-06             312.154           8.137e-06             137.966           2.491e+01     
   5.000         150.000            2.653e-02           2.652e-02             284.018           9.503e-06             137.772           9.509e+01     
  10.000         150.000            1.093e-01           1.093e-01             281.927           1.026e-05             137.071           1.794e+02     
  15.000         150.000            2.448e-01           2.448e-01             278.217           1.011e-05             136.202           2.529e+02     
  20.000         150.000            4.177e-01           4.177e-01             273.893           9.071e-06             135.086           3.162e+02     
  25.000         150.000            5.999e-01           5.999e-01             270.344           7.727e-06             134.314           3.162e+02     
  30.000         150.000            7.510e-01           7.510e-01             268.619           6.382e-06             134.057           3.162e+02     
  35.000         150.000            8.384e-01           8.384e-01             269.104           5.478e-06             134.832           3.162e+02     
  40.000         150.000            8.608e-01           8.608e-01             271.495           4.979e-06             136.274           3.162e+02     
  45.000         150.000            8.448e-01           8.448e-01             274.854           4.738e-06             138.208           3.162e+02     
  50.000         150.000            8.196e-01           8.196e-01             277.839           4.432e-06             138.892           3.162e+02     
  55.000         150.000            8.019e-01           8.019e-01             279.247           3.950e-06             138.763           3.162e+02     
  60.000         150.000            7.985e-01           7.985e-01             278.571           3.257e-06             138.186           3.162e+02     
  65.000         150.000            8.128e-01           8.128e-01             276.133           2.429e-06             137.119           3.162e+02     
  70.000         150.000            8.449e-01           8.449e-01             272.786           1.606e-06             135.825           3.162e+02     
  75.000         150.000            8.890e-01           8.890e-01             269.445           9.078e-07             134.519           3.162e+02     
  80.000         150.000            9.338e-01           9.338e-01             266.763           3.992e-07             133.376           3.162e+02     
  85.000         150.000            9.669e-01           9.669e-01             265.075           9.757e-08             132.500           3.162e+02     
  90.000         150.000            9.791e-01           9.791e-01             264.503           8.822e-12             171.356           3.162e+02     
  95.000         150.000            9.669e-01           9.669e-01             265.075           9.761e-08             312.509           3.162e+02     
 100.000         150.000            9.338e-01           9.338e-01             266.763           3.993e-07             313.380           3.162e+02     
 105.000         150.000            8.890e-01           8.890e-01             269.445           9.079e-07             314.521           3.162e+02     
 110.000         150.000            8.449e-01           8.449e-01             272.786           1.606e-06             315.826           3.162e+02     
 115.000         150.000            8.128e-01           8.128e-01             276.133           2.430e-06             317.119           3.162e+02     
 120.000         150.000            7.985e-01           7.985e-01             278.571           3.258e-06             318.186           3.162e+02     
 125.000         150.000            8.019e-01           8.019e-01             279.247           3.950e-06             318.762           3.162e+02     
 130.000         150.000            8.196e-01           8.196e-01             277.839           4.432e-06             318.892           3.162e+02     
 135.000         150.000            8.448e-01           8.448e-01             274.854           4.738e-06             318.207           3.162e+02     
 140.000         150.000            8.608e-01           8.608e-01             271.495           4.979e-06             316.273           3.162e+02     
 145.000         150.000            8.384e-01           8.384e-01             269.104           5.478e-06             314.831           3.162e+02     
 150.000         150.000            7.510e-01           7.510e-01             268.619           6.382e-06             314.056           3.162e+02     
 155.000         150.000            5.999e-01           5.999e-01             270.344           7.728e-06             314.313           3.162e+02     
 160.000         150.000            4.177e-01           4.177e-01             273.893           9.071e-06             315.086           3.162e+02     
 165.000         150.000            2.448e-01           2.448e-01             278.217           1.011e-05             316.202           2.529e+02     
 170.000         150.000            1.093e-01           1.093e-01             281.927           1.025e-05             317.070           1.794e+02     
 175.000         150.000            2.653e-02           2.652e-02             284.018           9.503e-06             317.772           9.509e+01     
 180.000         150.000            1.010e-05           1.965e-06             312.151           8.137e-06             317.967           2.489e+01     
   0.000         155.000            1.010e-05           1.321e-06             310.899           8.781e-06             137.727           2.491e+01     
   5.000         155.000            2.586e-02           2.585e-02             281.116           9.974e-06             135.014           9.131e+01     
  10.000         155.000            1.037e-01           1.037e-01             276.571           1.051e-05             132.027           1.712e+02     
  15.000         155.000            2.267e-01           2.267e-01             270.683           1.021e-05             129.059           2.401e+02     
  20.000         155.000            3.810e-01           3.810e-01             264.379           9.126e-06             125.929           3.080e+02     
  25.000         155.000            5.424e-01           5.424e-01             258.959           7.833e-06             123.358           3.162e+02     
  30.000         155.000            6.727e-01           6.727e-01             255.355           6.461e-06             120.998           3.162e+02     
  35.000         155.000            7.370e-01           7.370e-01             253.844           5.469e-06             119.707           3.162e+02     
  40.000         155.000            7.306e-01           7.306e-01             254.118           4.764e-06             119.770           3.162e+02     
  45.000         155.000            6.806e-01           6.806e-01             255.357           4.279e-06             120.048           3.162e+02     
  50.000         155.000            6.228e-01           6.228e-01             256.330           3.831e-06             119.714           3.162e+02     
  55.000         155.000            5.815e-01           5.815e-01             255.798           3.294e-06             119.032           3.162e+02     
  60.000         155.000            5.690e-01           5.690e-01             253.167           2.660e-06             117.897           3.162e+02     
  65.000         155.000            5.897e-01           5.897e-01             248.869           1.946e-06             115.893           3.162e+02     
  70.000         155.000            6.410e-01           6.410e-01             244.020           1.273e-06             113.731           3.162e+02     
  75.000         155.000            7.115e-01           7.115e-01             239.684           7.140e-07             111.702           3.162e+02     
  80.000         155.000            7.830e-01           7.830e-01             236.454           3.136e-07             110.090           3.162e+02     
  85.000         155.000            8.358e-01           8.358e-01             234.516           7.688e-08             108.910           3.162e+02     
  90.000         155.000            8.553e-01           8.553e-01             233.874           8.456e-12             137.901           3.162e+02     
  95.000         155.000            8.358e-01           8.358e-01             234.516           7.692e-08             288.919           3.162e+02     
 100.000         155.000            7.830e-01           7.830e-01             236.454           3.136e-07             290.094           3.162e+02     
 105.000         155.000            7.115e-01           7.115e-01             239.684           7.141e-07             291.704           3.162e+02     
 110.000         155.000            6.410e-01           6.410e-01             244.020           1.274e-06             293.732           3.162e+02     
 115.000         155.000            5.897e-01           5.897e-01             248.869           1.946e-06             295.893           3.162e+02     
 120.000         155.000            5.690e-01           5.690e-01             253.167           2.660e-06             297.897           3.162e+02     
 125.000         155.000            5.815e-01           5.815e-01             255.798           3.294e-06             299.032           3.162e+02     
 130.000         155.000            6.228e-01           6.228e-01             256.330           3.831e-06             299.713           3.162e+02     
 135.000         155.000            6.806e-01           6.806e-01             255.357           4.279e-06             300.047           3.162e+02     
 140.000         155.000            7.306e-01           7.306e-01             254.118           4.764e-06             299.770           3.162e+02     
 145.000         155.000            7.370e-01           7.370e-01             253.844           5.469e-06             299.706           3.162e+02     
 150.000         155.000            6.727e-01           6.727e-01             255.355           6.461e-06             300.998           3.162e+02     
 155.000         155.000            5.424e-01           5.424e-01             258.959           7.833e-06             303.357           3.162e+02     
 160.000         155.000            3.810e-01           3.810e-01             264.379           9.127e-06             305.928           3.080e+02     
 165.000         155.000            2.267e-01           2.267e-01             270.683           1.021e-05             309.058           2.401e+02     
 170.000         155.000            1.037e-01           1.037e-01             276.571           1.051e-05             312.026           1.713e+02     
 175.000         155.000            2.586e-02           2.585e-02             281.116           9.973e-06             315.014           9.132e+01     
 180.000         155.000            1.010e-05           1.321e-06             310.896           8.781e-06             317.727           2.489e+01     
   0.000         160.000            1.010e-05           7.907e-07             308.920           9.312e-06             137.503           2.491e+01     
   5.000         160.000            2.521e-02           2.520e-02             278.191           1.028e-05             132.231           8.847e+01     
  10.000         160.000            9.823e-02           9.822e-02             271.078           1.057e-05             126.842           1.650e+02     
  15.000         160.000            2.087e-01           2.087e-01             262.804           1.007e-05             121.618           2.297e+02     
  20.000         160.000            3.434e-01           3.434e-01             254.233           8.919e-06             116.319           2.928e+02     
  25.000         160.000            4.822e-01           4.822e-01             246.605           7.518e-06             111.224           3.162e+02     
  30.000         160.000            5.907e-01           5.907e-01             240.743           6.168e-06             106.866           3.162e+02     
  35.000         160.000            6.346e-01           6.345e-01             236.788           5.135e-06             104.095           3.162e+02     
  40.000         160.000            6.073e-01           6.073e-01             234.361           4.282e-06             102.189           3.162e+02     
  45.000         160.000            5.357e-01           5.357e-01             232.707           3.657e-06             100.936           3.162e+02     
  50.000         160.000            4.585e-01           4.585e-01             230.783           3.143e-06              99.587           3.162e+02     
  55.000         160.000            4.047e-01           4.047e-01             227.545           2.636e-06              97.959           3.162e+02     
  60.000         160.000            3.883e-01           3.883e-01             222.621           2.104e-06              95.743           3.162e+02     
  65.000         160.000            4.125e-01           4.125e-01             216.750           1.556e-06              93.173           3.162e+02     
  70.000         160.000            4.725e-01           4.725e-01             211.201           1.037e-06              90.572           3.162e+02     
  75.000         160.000            5.544e-01           5.544e-01             206.827           5.958e-07              88.341           3.162e+02     
  80.000         160.000            6.373e-01           6.373e-01             203.843           2.665e-07              86.537           3.162e+02     
  85.000         160.000            6.987e-01           6.987e-01             202.145           6.614e-08              85.299           3.162e+02     
  90.000         160.000            7.213e-01           7.213e-01             201.597           7.482e-12             104.116           3.162e+02     
  95.000         160.000            6.987e-01           6.987e-01             202.145           6.617e-08             265.306           3.162e+02     
 100.000         160.000            6.373e-01           6.373e-01             203.843           2.666e-07             266.540           3.162e+02     
 105.000         160.000            5.544e-01           5.544e-01             206.827           5.959e-07             268.342           3.162e+02     
 110.000         160.000            4.725e-01           4.725e-01             211.201           1.037e-06             270.572           3.162e+02     
 115.000         160.000            4.125e-01           4.125e-01             216.750           1.556e-06             273.173           3.162e+02     
 120.000         160.000            3.883e-01           3.883e-01             222.621           2.104e-06             275.743           3.162e+02     
 125.000         160.000            4.047e-01           4.047e-01             227.545           2.637e-06             277.958           3.162e+02     
 130.000         160.000            4.585e-01           4.585e-01             230.783           3.143e-06             279.587           3.162e+02     
 135.000         160.000            5.357e-01           5.357e-01             232.707           3.657e-06             280.935           3.162e+02     
 140.000         160.000            6.073e-01           6.073e-01             234.361           4.282e-06             282.188           3.162e+02     
 145.000         160.000            6.346e-01           6.345e-01             236.788           5.136e-06             284.095           3.162e+02     
 150.000         160.000            5.907e-01           5.907e-01             240.743           6.168e-06             286.866           3.162e+02     
 155.000         160.000            4.822e-01           4.822e-01             246.605           7.518e-06             291.224           3.162e+02     
 160.000         160.000            3.434e-01           3.434e-01             254.233           8.919e-06             296.318           2.928e+02     
 165.000         160.000            2.087e-01           2.087e-01             262.804           1.007e-05             301.618           2.297e+02     
 170.000         160.000            9.823e-02           9.822e-02             271.078           1.057e-05             306.842           1.650e+02     
 175.000         160.000            2.521e-02           2.520e-02             278.191           1.028e-05             312.231           8.847e+01     
 180.000         160.000            1.010e-05           7.907e-07             308.916           9.312e-06             317.503           2.489e+01     
   0.000         165.000            1.010e-05           3.895e-07             305.274           9.713e-06             137.291           2.491e+01     
   5.000         165.000            2.457e-02           2.456e-02             275.262           1.042e-05             129.443           8.644e+01     
  10.000         165.000            9.302e-02           9.301e-02             265.471           1.043e-05             121.554           1.603e+02     
  15.000         165.000            1.918e-01           1.918e-01             254.587           9.736e-06             113.920           2.215e+02     
  20.000         165.000            3.087e-01           3.087e-01             243.447           8.506e-06             106.292           2.802e+02     
  25.000         165.000            4.282e-01           4.282e-01             233.294           7.079e-06              98.957           3.162e+02     
  30.000         165.000            5.211e-01           5.211e-01             224.897           5.706e-06              92.400           3.162e+02     
  35.000         165.000            5.556e-01           5.556e-01             218.256           4.554e-06              87.132           3.162e+02     
  40.000         165.000            5.234e-01           5.234e-01             212.837           3.636e-06              83.387           3.162e+02     
  45.000         165.000            4.481e-01           4.481e-01             207.828           2.978e-06              81.328           3.162e+02     
  50.000         165.000            3.679e-01           3.679e-01             202.321           2.455e-06              79.060           3.162e+02     
  55.000         165.000            3.122e-01           3.122e-01             195.688           2.021e-06              76.904           3.162e+02     
  60.000         165.000            2.943e-01           2.943e-01             188.209           1.620e-06              74.523           3.162e+02     
  65.000         165.000            3.151e-01           3.151e-01             181.115           1.226e-06              71.936           3.162e+02     
  70.000         165.000            3.680e-01           3.680e-01             175.529           8.423e-07              69.683           3.162e+02     
  75.000         165.000            4.399e-01           4.399e-01             171.708           4.990e-07              67.666           3.162e+02     
  80.000         165.000            5.126e-01           5.126e-01             169.355           2.289e-07              66.089           3.162e+02     
  85.000         165.000            5.665e-01           5.665e-01             168.100           5.773e-08              65.078           3.162e+02     
  90.000         165.000            5.863e-01           5.863e-01             167.708           6.419e-12              67.760           3.162e+02     
  95.000         165.000            5.665e-01           5.665e-01             168.100           5.777e-08             245.083           3.162e+02     
 100.000         165.000            5.126e-01           5.126e-01             169.355           2.290e-07             246.091           3.162e+02     
 105.000         165.000            4.399e-01           4.399e-01             171.708           4.991e-07             247.666           3.162e+02     
 110.000         165.000            3.680e-01           3.680e-01             175.529           8.425e-07             249.683           3.162e+02     
 115.000         165.000            3.151e-01           3.151e-01             181.115           1.226e-06             251.936           3.162e+02     
 120.000         165.000            2.943e-01           2.943e-01             188.209           1.620e-06             254.522           3.162e+02     
 125.000         165.000            3.122e-01           3.122e-01             195.688           2.021e-06             256.903           3.162e+02     
 130.000         165.000            3.679e-01           3.679e-01             202.321           2.455e-06             259.060           3.162e+02     
 135.000         165.000            4.481e-01           4.481e-01             207.828           2.978e-06             261.327           3.162e+02     
 140.000         165.000            5.234e-01           5.234e-01             212.837           3.636e-06             263.386           3.162e+02     
 145.000         165.000            5.556e-01           5.556e-01             218.256           4.554e-06             267.131           3.162e+02     
 150.000         165.000            5.211e-01           5.211e-01             224.897           5.706e-06             272.400           3.162e+02     
 155.000         165.000            4.282e-01           4.282e-01             233.294           7.079e-06             278.957           3.162e+02     
 160.000         165.000            3.087e-01           3.087e-01             243.447           8.506e-06             286.291           2.802e+02     
 165.000         165.000            1.918e-01           1.918e-01             254.587           9.736e-06             293.920           2.215e+02     
 170.000         165.000            9.302e-02           9.301e-02             265.471           1.043e-05             301.554           1.603e+02     
 175.000         165.000            2.457e-02           2.456e-02             275.262           1.042e-05             309.443           8.644e+01     
 180.000         165.000            1.010e-05           3.895e-07             305.268           9.713e-06             317.291           2.489e+01     
   0.000         170.000            1.010e-05           1.300e-07             296.248           9.973e-06             137.085           2.491e+01     
   5.000         170.000            2.397e-02           2.396e-02             272.352           1.040e-05             126.670           8.516e+01     
  10.000         170.000            8.825e-02           8.824e-02             259.790           1.013e-05             116.205           1.572e+02     
  15.000         170.000            1.770e-01           1.770e-01             246.087           9.256e-06             106.020           2.154e+02     
  20.000         170.000            2.796e-01           2.796e-01             232.115           7.958e-06              95.913           2.708e+02     
  25.000         170.000            3.859e-01           3.859e-01             219.239           6.519e-06              86.211           3.162e+02     
  30.000         170.000            4.719e-01           4.719e-01             208.277           5.135e-06              77.367           3.162e+02     
  35.000         170.000            5.077e-01           5.077e-01             199.131           3.937e-06              69.993           3.162e+02     
  40.000         170.000            4.817e-01           4.817e-01             191.098           2.967e-06              64.398           3.162e+02     
  45.000         170.000            4.127e-01           4.127e-01             183.223           2.261e-06              60.401           3.162e+02     
  50.000         170.000            3.359e-01           3.359e-01             174.571           1.752e-06              57.954           3.162e+02     
  55.000         170.000            2.806e-01           2.806e-01             164.728           1.391e-06              56.120           3.162e+02     
  60.000         170.000            2.598e-01           2.598e-01             154.475           1.107e-06              54.425           3.162e+02     
  65.000         170.000            2.732e-01           2.732e-01             145.515           8.537e-07              52.695           3.162e+02     
  70.000         170.000            3.131e-01           3.131e-01             139.002           6.025e-07              51.068           3.162e+02     
  75.000         170.000            3.676e-01           3.676e-01             134.879           3.676e-07              49.533           3.162e+02     
  80.000         170.000            4.222e-01           4.222e-01             132.515           1.730e-07              48.296           3.162e+02     
  85.000         170.000            4.625e-01           4.625e-01             131.326           4.433e-08              47.568           3.162e+02     
  90.000         170.000            4.773e-01           4.773e-01             130.966           5.875e-12              29.100           3.162e+02     
  95.000         170.000            4.625e-01           4.625e-01             131.326           4.438e-08             227.571           3.162e+02     
 100.000         170.000            4.222e-01           4.222e-01             132.515           1.731e-07             228.297           3.162e+02     
 105.000         170.000            3.676e-01           3.676e-01             134.879           3.678e-07             229.533           3.162e+02     
 110.000         170.000            3.131e-01           3.131e-01             139.002           6.027e-07             231.068           3.162e+02     
 115.000         170.000            2.732e-01           2.732e-01             145.515           8.538e-07             232.694           3.162e+02     
 120.000         170.000            2.598e-01           2.598e-01             154.475           1.107e-06             234.424           3.162e+02     
 125.000         170.000            2.806e-01           2.806e-01             164.728           1.392e-06             236.118           3.162e+02     
 130.000         170.000            3.359e-01           3.359e-01             174.571           1.752e-06             237.953           3.162e+02     
 135.000         170.000            4.127e-01           4.127e-01             183.223           2.261e-06             240.400           3.162e+02     
 140.000         170.000            4.817e-01           4.817e-01             191.098           2.967e-06             244.398           3.162e+02     
 145.000         170.000            5.077e-01           5.077e-01             199.131           3.937e-06             249.993           3.162e+02     
 150.000         170.000            4.719e-01           4.719e-01             208.277           5.135e-06             257.367           3.162e+02     
 155.000         170.000            3.859e-01           3.859e-01             219.239           6.519e-06             266.210           3.162e+02     
 160.000         170.000            2.796e-01           2.796e-01             232.115           7.958e-06             275.913           2.708e+02     
 165.000         170.000            1.770e-01           1.770e-01             246.087           9.256e-06             286.020           2.154e+02     
 170.000         170.000            8.825e-02           8.824e-02             259.790           1.013e-05             296.205           1.572e+02     
 175.000         170.000            2.397e-02           2.396e-02             272.352           1.040e-05             306.670           8.516e+01     
 180.000         170.000            1.010e-05           1.300e-07             296.238           9.972e-06             317.085           2.489e+01     
   0.000         175.000            1.010e-05           1.997e-08             252.394           1.008e-05             136.884           2.491e+01     
   5.000         175.000            2.340e-02           2.339e-02             269.483           1.022e-05             123.935           8.457e+01     
  10.000         175.000            8.407e-02           8.406e-02             254.084           9.721e-06             110.849           1.554e+02     
  15.000         175.000            1.649e-01           1.649e-01             237.411           8.678e-06              98.006           2.118e+02     
  20.000         175.000            2.578e-01           2.578e-01             220.458           7.345e-06              85.302           2.657e+02     
  25.000         175.000            3.575e-01           3.575e-01             204.859           5.920e-06              73.141           3.162e+02     
  30.000         175.000            4.434e-01           4.434e-01             191.574           4.539e-06              61.960           3.162e+02     
  35.000         175.000            4.848e-01           4.848e-01             180.437           3.314e-06              52.408           3.162e+02     
  40.000         175.000            4.660e-01           4.660e-01             170.578           2.311e-06              44.824           3.162e+02     
  45.000         175.000            4.014e-01           4.014e-01             160.851           1.586e-06              39.488           3.162e+02     
  50.000         175.000            3.246e-01           3.246e-01             150.098           1.097e-06              36.536           3.162e+02     
  55.000         175.000            2.664e-01           2.664e-01             137.697           7.952e-07              35.278           3.162e+02     
  60.000         175.000            2.422e-01           2.422e-01             124.484           6.101e-07              34.626           3.162e+02     
  65.000         175.000            2.521e-01           2.521e-01             112.662           4.668e-07              34.251           3.162e+02     
  70.000         175.000            2.875e-01           2.875e-01             103.889           3.386e-07              33.405           3.162e+02     
  75.000         175.000            3.358e-01           3.358e-01              98.228           2.144e-07              32.280           3.162e+02     
  80.000         175.000            3.837e-01           3.837e-01              94.925           1.044e-07              31.226           3.162e+02     
  85.000         175.000            4.185e-01           4.185e-01              93.242           2.736e-08              30.674           3.162e+02     
  90.000         175.000            4.312e-01           4.312e-01              92.729           5.975e-12             350.623           3.162e+02     
  95.000         175.000            4.185e-01           4.185e-01              93.242           2.740e-08             210.674           3.162e+02     
 100.000         175.000            3.837e-01           3.837e-01              94.925           1.044e-07             211.225           3.162e+02     
 105.000         175.000            3.358e-01           3.358e-01              98.228           2.145e-07             212.279           3.162e+02     
 110.000         175.000            2.875e-01           2.875e-01             103.889           3.387e-07             213.404           3.162e+02     
 115.000         175.000            2.521e-01           2.521e-01             112.662           4.670e-07             214.250           3.162e+02     
 120.000         175.000            2.422e-01           2.422e-01             124.484           6.102e-07             214.625           3.162e+02     
 125.000         175.000            2.664e-01           2.664e-01             137.697           7.953e-07             215.277           3.162e+02     
 130.000         175.000            3.246e-01           3.246e-01             150.098           1.097e-06             216.535           3.162e+02     
 135.000         175.000            4.014e-01           4.014e-01             160.851           1.586e-06             219.488           3.162e+02     
 140.000         175.000            4.660e-01           4.660e-01             170.578           2.311e-06             224.824           3.162e+02     
 145.000         175.000            4.848e-01           4.848e-01             180.437           3.314e-06             232.407           3.162e+02     
 150.000         175.000            4.434e-01           4.434e-01             191.574           4.539e-06             241.960           3.162e+02     
 155.000         175.000            3.575e-01           3.575e-01             204.859           5.920e-06             253.141           3.162e+02     
 160.000         175.000            2.578e-01           2.578e-01             220.458           7.345e-06             265.302           2.657e+02     
 165.000         175.000            1.649e-01           1.649e-01             237.411           8.678e-06             278.006           2.118e+02     
 170.000         175.000            8.407e-02           8.406e-02             254.084           9.721e-06             290.848           1.554e+02     
 175.000         175.000            2.340e-02           2.339e-02             269.483           1.022e-05             303.935           8.457e+01     
 180.000         175.000            1.010e-05           1.999e-08             252.383           1.008e-05             316.883           2.489e+01     
   0.000         180.000            1.010e-05           6.285e-08             167.333           1.004e-05             136.683           2.491e+01     
   5.000         180.000            2.288e-02           2.287e-02             266.680           9.807e-06             120.593           8.657e+01     
  10.000         180.000            8.057e-02           8.057e-02             248.430           9.070e-06             104.814           1.589e+02     
  15.000         180.000            1.558e-01           1.557e-01             228.728           7.955e-06              89.166           2.157e+02     
  20.000         180.000            2.436e-01           2.436e-01             208.817           6.659e-06              73.729           2.709e+02     
  25.000         180.000            3.422e-01           3.422e-01             190.693           5.307e-06              59.034           3.162e+02     
  30.000         180.000            4.309e-01           4.309e-01             175.441           3.970e-06              45.486           3.162e+02     
  35.000         180.000            4.757e-01           4.757e-01             162.780           2.746e-06              33.647           3.162e+02     
  40.000         180.000            4.571e-01           4.571e-01             151.662           1.736e-06              23.679           3.162e+02     
  45.000         180.000            3.886e-01           3.886e-01             140.736           1.023e-06              16.128           3.162e+02     
  50.000         180.000            3.055e-01           3.055e-01             128.531           5.780e-07              11.549           3.162e+02     
  55.000         180.000            2.417e-01           2.417e-01             113.983           3.399e-07              10.296           3.162e+02     
  60.000         180.000            2.147e-01           2.147e-01              97.792           2.279e-07              11.446           3.162e+02     
  65.000         180.000            2.255e-01           2.255e-01              82.883           1.679e-07              13.208           3.162e+02     
  70.000         180.000            2.645e-01           2.645e-01              71.724           1.269e-07              13.812           3.162e+02     
  75.000         180.000            3.176e-01           3.176e-01              64.496           8.630e-08              13.303           3.162e+02     
  80.000         180.000            3.697e-01           3.697e-01              60.238           4.484e-08              12.422           3.162e+02     
  85.000         180.000            4.073e-01           4.073e-01              58.041           1.227e-08              12.076           3.162e+02     
  90.000         180.000            4.210e-01           4.210e-01              57.365           6.541e-12             314.503           3.162e+02     
  95.000         180.000            4.073e-01           4.073e-01              58.041           1.229e-08             192.066           3.162e+02     
 100.000         180.000            3.697e-01           3.697e-01              60.238           4.489e-08             192.418           3.162e+02     
 105.000         180.000            3.176e-01           3.176e-01              64.496           8.637e-08             193.299           3.162e+02     
 110.000         180.000            2.645e-01           2.645e-01              71.724           1.270e-07             193.809           3.162e+02     
 115.000         180.000            2.255e-01           2.255e-01              82.883           1.679e-07             193.206           3.162e+02     
 120.000         180.000            2.147e-01           2.147e-01              97.792           2.280e-07             191.444           3.162e+02     
 125.000         180.000            2.417e-01           2.417e-01             113.983           3.400e-07             190.295           3.162e+02     
 130.000         180.000            3.055e-01           3.055e-01             128.531           5.780e-07             191.548           3.162e+02     
 135.000         180.000            3.886e-01           3.886e-01             140.736           1.023e-06             196.128           3.162e+02     
 140.000         180.000            4.571e-01           4.571e-01             151.662           1.736e-06             203.679           3.162e+02     
 145.000         180.000            4.757e-01           4.757e-01             162.780           2.746e-06             213.647           3.162e+02     
 150.000         180.000            4.309e-01           4.309e-01             175.441           3.970e-06             225.486           3.162e+02     
 155.000         180.000            3.422e-01           3.422e-01             190.693           5.307e-06             239.034           3.162e+02     
 160.000         180.000            2.436e-01           2.436e-01             208.817           6.659e-06             253.729           2.709e+02     
 165.000         180.000            1.558e-01           1.557e-01             228.728           7.955e-06             269.166           2.157e+02     
 170.000         180.000            8.057e-02           8.057e-02             248.430           9.070e-06             284.813           1.589e+02     
 175.000         180.000            2.288e-02           2.287e-02             266.680           9.806e-06             300.593           8.658e+01     
 180.000         180.000            1.010e-05           6.286e-08             167.346           1.004e-05             316.682           2.489e+01     
   0.000         185.000            1.010e-05           2.573e-07             151.219           9.845e-06             136.479           2.491e+01     
   5.000         185.000            2.240e-02           2.240e-02             263.969           9.361e-06             117.888           8.768e+01     
  10.000         185.000            7.781e-02           7.780e-02             242.904           8.444e-06              99.381           1.615e+02     
  15.000         185.000            1.497e-01           1.497e-01             220.245           7.303e-06              80.861           2.200e+02     
  20.000         185.000            2.365e-01           2.365e-01             197.585           6.072e-06              62.638           2.789e+02     
  25.000         185.000            3.373e-01           3.373e-01             177.244           4.800e-06              45.380           3.162e+02     
  30.000         185.000            4.285e-01           4.284e-01             160.280           3.504e-06              29.401           3.162e+02     
  35.000         185.000            4.710e-01           4.710e-01             146.217           2.286e-06              14.979           3.162e+02     
  40.000         185.000            4.447e-01           4.447e-01             133.856           1.293e-06               1.723           3.162e+02     
  45.000         185.000            3.659e-01           3.659e-01             121.709           6.286e-07             349.697           3.162e+02     
  50.000         185.000            2.740e-01           2.740e-01             108.057           2.629e-07             338.860           3.162e+02     
  55.000         185.000            2.048e-01           2.048e-01              91.400           1.009e-07             330.981           3.162e+02     
  60.000         185.000            1.757e-01           1.757e-01              72.301           4.343e-08             330.197           3.162e+02     
  65.000         185.000            1.861e-01           1.861e-01              54.596           2.483e-08             336.682           3.162e+02     
  70.000         185.000            2.251e-01           2.251e-01              41.604           2.061e-08             343.868           3.162e+02     
  75.000         185.000            2.780e-01           2.780e-01              33.385           1.760e-08             347.004           3.162e+02     
  80.000         185.000            3.297e-01           3.297e-01              28.610           1.111e-08             347.682           3.162e+02     
  85.000         185.000            3.668e-01           3.668e-01              26.157           3.408e-09             348.392           3.162e+02     
  90.000         185.000            3.803e-01           3.803e-01              25.404           7.296e-12             281.853           3.162e+02     
  95.000         185.000            3.668e-01           3.668e-01              26.157           3.422e-09             168.362           3.162e+02     
 100.000         185.000            3.297e-01           3.297e-01              28.610           1.114e-08             167.667           3.162e+02     
 105.000         185.000            2.780e-01           2.780e-01              33.385           1.763e-08             166.994           3.162e+02     
 110.000         185.000            2.251e-01           2.251e-01              41.604           2.064e-08             163.863           3.162e+02     
 115.000         185.000            1.861e-01           1.861e-01              54.596           2.486e-08             156.683           3.162e+02     
 120.000         185.000            1.757e-01           1.757e-01              72.301           4.346e-08             150.201           3.162e+02     
 125.000         185.000            2.048e-01           2.048e-01              91.400           1.010e-07             150.984           3.162e+02     
 130.000         185.000            2.740e-01           2.740e-01             108.057           2.629e-07             158.861           3.162e+02     
 135.000         185.000            3.659e-01           3.659e-01             121.709           6.286e-07             169.697           3.162e+02     
 140.000         185.000            4.447e-01           4.447e-01             133.856           1.293e-06             181.723           3.162e+02     
 145.000         185.000            4.710e-01           4.710e-01             146.217           2.286e-06             194.979           3.162e+02     
 150.000         185.000            4.285e-01           4.284e-01             160.280           3.504e-06             209.401           3.162e+02     
 155.000         185.000            3.373e-01           3.373e-01             177.244           4.800e-06             225.380           3.162e+02     
 160.000         185.000            2.365e-01           2.365e-01             197.585           6.072e-06             242.638           2.789e+02     
 165.000         185.000            1.497e-01           1.497e-01             220.245           7.303e-06             260.861           2.200e+02     
 170.000         185.000            7.781e-02           7.780e-02             242.904           8.444e-06             279.381           1.615e+02     
 175.000         185.000            2.240e-02           2.240e-02             263.969           9.361e-06             297.887           8.768e+01     
 180.000         185.000            1.010e-05           2.573e-07             151.226           9.845e-06             316.479           2.489e+01     
   0.000         190.000            1.010e-05           5.974e-07             146.054           9.505e-06             136.270           2.491e+01     
   5.000         190.000            2.199e-02           2.198e-02             261.376           8.811e-06             115.266           8.960e+01     
  10.000         190.000            7.580e-02           7.579e-02             237.599           7.782e-06              94.053           1.661e+02     
  15.000         190.000            1.466e-01           1.466e-01             212.186           6.659e-06              72.632           2.287e+02     
  20.000         190.000            2.353e-01           2.353e-01             187.131           5.540e-06              51.611           2.941e+02     
  25.000         190.000            3.397e-01           3.397e-01             164.879           4.383e-06              31.813           3.162e+02     
  30.000         190.000            4.311e-01           4.311e-01             146.253           3.153e-06              13.420           3.162e+02     
  35.000         190.000            4.674e-01           4.674e-01             130.547           1.960e-06             356.273           3.162e+02     
  40.000         190.000            4.305e-01           4.305e-01             116.478           1.004e-06             339.010           3.162e+02     
  45.000         190.000            3.418e-01           3.418e-01             102.532           4.087e-07             319.863           3.162e+02     
  50.000         190.000            2.441e-01           2.441e-01              86.912           1.355e-07             294.034           3.162e+02     
  55.000         190.000            1.728e-01           1.728e-01              67.909           4.740e-08             258.567           3.162e+02     
  60.000         190.000            1.421e-01           1.421e-01              46.050           2.379e-08             224.042           3.162e+02     
  65.000         190.000            1.485e-01           1.485e-01              25.864           1.096e-08             205.960           3.162e+02     
  70.000         190.000            1.798e-01           1.798e-01              11.260           3.092e-09             202.743           3.162e+02     
  75.000         190.000            2.222e-01           2.222e-01               2.129           4.439e-10             238.209           3.162e+02     
  80.000         190.000            2.629e-01           2.629e-01             356.853           4.022e-10             300.563           3.162e+02     
  85.000         190.000            2.920e-01           2.920e-01             354.145           2.381e-10             318.111           3.162e+02     
  90.000         190.000            3.024e-01           3.024e-01             353.315           7.813e-12             252.862           3.162e+02     
  95.000         190.000            2.920e-01           2.920e-01             354.145           2.422e-10             137.988           3.162e+02     
 100.000         190.000            2.629e-01           2.629e-01             356.853           4.076e-10             120.595           3.162e+02     
 105.000         190.000            2.222e-01           2.222e-01               2.129           4.457e-10              58.530           3.162e+02     
 110.000         190.000            1.798e-01           1.798e-01              11.260           3.088e-09              22.857           3.162e+02     
 115.000         190.000            1.485e-01           1.485e-01              25.864           1.095e-08              26.013           3.162e+02     
 120.000         190.000            1.421e-01           1.421e-01              46.050           2.379e-08              44.075           3.162e+02     
 125.000         190.000            1.728e-01           1.728e-01              67.909           4.741e-08              78.585           3.162e+02     
 130.000         190.000            2.441e-01           2.441e-01              86.912           1.355e-07             114.040           3.162e+02     
 135.000         190.000            3.418e-01           3.418e-01             102.532           4.087e-07             139.865           3.162e+02     
 140.000         190.000            4.305e-01           4.305e-01             116.478           1.004e-06             159.011           3.162e+02     
 145.000         190.000            4.674e-01           4.674e-01             130.547           1.960e-06             176.274           3.162e+02     
 150.000         190.000            4.311e-01           4.311e-01             146.253           3.153e-06             193.420           3.162e+02     
 155.000         190.000            3.397e-01           3.397e-01             164.879           4.383e-06             211.813           3.162e+02     
 160.000         190.000            2.353e-01           2.353e-01             187.131           5.540e-06             231.611           2.941e+02     
 165.000         190.000            1.466e-01           1.466e-01             212.186           6.659e-06             252.632           2.287e+02     
 170.000         190.000            7.580e-02           7.579e-02             237.599           7.782e-06             274.053           1.661e+02     
 175.000         190.000            2.199e-02           2.198e-02             261.376           8.810e-06             295.266           8.960e+01     
 180.000         190.000            1.010e-05           5.974e-07             146.059           9.505e-06             316.270           2.489e+01     
   0.000         195.000            1.010e-05           1.073e-06             143.528           9.030e-06             136.052           2.491e+01     
   5.000         195.000            2.163e-02           2.162e-02             258.927           8.174e-06             112.751           9.242e+01     
  10.000         195.000            7.449e-02           7.449e-02             232.603           7.088e-06              88.899           1.732e+02     
  15.000         195.000            1.460e-01           1.460e-01             204.760           6.036e-06              64.629           2.426e+02     
  20.000         195.000            2.384e-01           2.384e-01             177.733           5.070e-06              40.911           3.162e+02     
  25.000         195.000            3.461e-01           3.461e-01             153.808           4.054e-06              18.747           3.162e+02     
  30.000         195.000            4.358e-01           4.358e-01             133.408           2.907e-06             358.176           3.162e+02     
  35.000         195.000            4.659e-01           4.659e-01             115.636           1.745e-06             338.561           3.162e+02     
  40.000         195.000            4.231e-01           4.231e-01              99.222           8.240e-07             317.352           3.162e+02     
  45.000         195.000            3.325e-01           3.325e-01              82.781           3.067e-07             288.984           3.162e+02     
  50.000         195.000            2.358e-01           2.358e-01              64.727           1.116e-07             245.079           3.162e+02     
  55.000         195.000            1.651e-01           1.651e-01              43.598           8.881e-08             196.331           3.162e+02     
  60.000         195.000            1.320e-01           1.320e-01              19.905           9.082e-08             167.053           3.162e+02     
  65.000         195.000            1.319e-01           1.319e-01             357.795           6.656e-08             149.813           3.162e+02     
  70.000         195.000            1.531e-01           1.531e-01             341.198           3.614e-08             136.994           3.162e+02     
  75.000         195.000            1.832e-01           1.832e-01             330.371           1.400e-08             125.609           3.162e+02     
  80.000         195.000            2.121e-01           2.121e-01             323.882           3.880e-09             113.803           3.162e+02     
  85.000         195.000            2.324e-01           2.324e-01             320.464           6.818e-10             101.067           3.162e+02     
  90.000         195.000            2.397e-01           2.397e-01             319.400           7.715e-12             226.659           3.162e+02     
  95.000         195.000            2.324e-01           2.324e-01             320.464           6.737e-10             281.089           3.162e+02     
 100.000         195.000            2.121e-01           2.121e-01             323.882           3.862e-09             293.838           3.162e+02     
 105.000         195.000            1.832e-01           1.832e-01             330.371           1.397e-08             305.637           3.162e+02     
 110.000         195.000            1.531e-01           1.531e-01             341.198           3.610e-08             317.014           3.162e+02     
 115.000         195.000            1.319e-01           1.319e-01             357.795           6.652e-08             329.828           3.162e+02     
 120.000         195.000            1.320e-01           1.320e-01              19.905           9.078e-08             347.067           3.162e+02     
 125.000         195.000            1.651e-01           1.651e-01              43.598           8.879e-08              16.344           3.162e+02     
 130.000         195.000            2.358e-01           2.358e-01              64.727           1.116e-07              65.089           3.162e+02     
 135.000         195.000            3.325e-01           3.325e-01              82.781           3.067e-07             108.987           3.162e+02     
 140.000         195.000            4.231e-01           4.231e-01              99.222           8.240e-07             137.354           3.162e+02     
 145.000         195.000            4.659e-01           4.659e-01             115.636           1.745e-06             158.562           3.162e+02     
 150.000         195.000            4.358e-01           4.358e-01             133.408           2.907e-06             178.177           3.162e+02     
 155.000         195.000            3.461e-01           3.461e-01             153.808           4.054e-06             198.747           3.162e+02     
 160.000         195.000            2.384e-01           2.384e-01             177.733           5.070e-06             220.911           3.162e+02     
 165.000         195.000            1.460e-01           1.460e-01             204.760           6.036e-06             244.629           2.426e+02     
 170.000         195.000            7.449e-02           7.449e-02             232.603           7.088e-06             268.899           1.732e+02     
 175.000         195.000            2.163e-02           2.162e-02             258.927           8.173e-06             292.750           9.243e+01     
 180.000         195.000            1.010e-05           1.073e-06             143.531           9.029e-06             316.051           2.489e+01     
   0.000         200.000            1.010e-05           1.669e-06             142.016           8.434e-06             135.820           2.491e+01     
   5.000         200.000            2.133e-02           2.132e-02             256.648           7.471e-06             110.363           9.626e+01     
  10.000         200.000            7.385e-02           7.384e-02             228.001           6.381e-06              83.995           1.831e+02     
  15.000         200.000            1.474e-01           1.474e-01             198.128           5.437e-06              57.016           2.623e+02     
  20.000         200.000            2.442e-01           2.442e-01             169.557           4.643e-06              30.818           3.162e+02     
  25.000         200.000            3.538e-01           3.538e-01             144.125           3.777e-06               6.600           3.162e+02     
  30.000         200.000            4.406e-01           4.406e-01             121.791           2.717e-06             344.275           3.162e+02     
  35.000         200.000            4.686e-01           4.686e-01             101.576           1.649e-06             322.048           3.162e+02     
  40.000         200.000            4.311e-01           4.311e-01              82.418           7.348e-07             297.587           3.162e+02     
  45.000         200.000            3.513e-01           3.513e-01              63.356           2.419e-07             260.880           3.162e+02     
  50.000         200.000            2.629e-01           2.629e-01              43.422           1.250e-07             201.233           3.162e+02     
  55.000         200.000            1.920e-01           1.920e-01              21.729           1.800e-07             155.789           3.162e+02     
  60.000         200.000            1.507e-01           1.507e-01             358.343           2.226e-07             131.739           3.162e+02     
  65.000         200.000            1.383e-01           1.383e-01             335.545           1.979e-07             115.610           3.162e+02     
  70.000         200.000            1.471e-01           1.471e-01             316.654           1.300e-07             102.541           3.162e+02     
  75.000         200.000            1.667e-01           1.667e-01             303.129           6.936e-08              91.427           3.162e+02     
  80.000         200.000            1.878e-01           1.878e-01             294.476           2.819e-08              82.028           3.162e+02     
  85.000         200.000            2.033e-01           2.033e-01             289.735           6.662e-09              74.971           3.162e+02     
  90.000         200.000            2.090e-01           2.090e-01             288.230           7.116e-12             202.127           3.162e+02     
  95.000         200.000            2.033e-01           2.033e-01             289.735           6.634e-09             254.972           3.162e+02     
 100.000         200.000            1.878e-01           1.878e-01             294.476           2.813e-08             262.034           3.162e+02     
 105.000         200.000            1.667e-01           1.667e-01             303.129           6.928e-08             271.434           3.162e+02     
 110.000         200.000            1.471e-01           1.471e-01             316.654           1.299e-07             282.548           3.162e+02     
 115.000         200.000            1.383e-01           1.383e-01             335.545           1.978e-07             295.616           3.162e+02     
 120.000         200.000            1.507e-01           1.507e-01             358.343           2.226e-07             311.745           3.162e+02     
 125.000         200.000            1.920e-01           1.920e-01              21.729           1.799e-07             335.796           3.162e+02     
 130.000         200.000            2.629e-01           2.629e-01              43.422           1.250e-07              21.241           3.162e+02     
 135.000         200.000            3.513e-01           3.513e-01              63.356           2.419e-07              80.885           3.162e+02     
 140.000         200.000            4.311e-01           4.311e-01              82.418           7.348e-07             117.589           3.162e+02     
 145.000         200.000            4.686e-01           4.686e-01             101.576           1.649e-06             142.049           3.162e+02     
 150.000         200.000            4.406e-01           4.406e-01             121.791           2.716e-06             164.275           3.162e+02     
 155.000         200.000            3.538e-01           3.538e-01             144.125           3.777e-06             186.600           3.162e+02     
 160.000         200.000            2.442e-01           2.442e-01             169.557           4.642e-06             210.817           3.162e+02     
 165.000         200.000            1.474e-01           1.474e-01             198.128           5.437e-06             237.016           2.623e+02     
 170.000         200.000            7.385e-02           7.384e-02             228.001           6.380e-06             263.995           1.831e+02     
 175.000         200.000            2.133e-02           2.132e-02             256.648           7.471e-06             290.362           9.627e+01     
 180.000         200.000            1.010e-05           1.669e-06             142.019           8.433e-06             315.819           2.489e+01     
   0.000         205.000            1.010e-05           2.368e-06             140.999           7.734e-06             135.570           2.491e+01     
   5.000         205.000            2.108e-02           2.107e-02             254.564           6.722e-06             108.123           1.013e+02     
  10.000         205.000            7.378e-02           7.377e-02             223.867           5.672e-06              79.419           1.961e+02     
  15.000         205.000            1.505e-01           1.505e-01             192.398           4.854e-06              49.954           2.889e+02     
  20.000         205.000            2.515e-01           2.515e-01             162.675           4.228e-06              21.579           3.162e+02     
  25.000         205.000            3.608e-01           3.608e-01             135.868           3.597e-06             354.800           3.162e+02     
  30.000         205.000            4.440e-01           4.440e-01             111.487           2.652e-06             331.052           3.162e+02     
  35.000         205.000            4.760e-01           4.760e-01              88.647           1.539e-06             308.084           3.162e+02     
  40.000         205.000            4.565e-01           4.565e-01              66.816           6.422e-07             280.931           3.162e+02     
  45.000         205.000            4.003e-01           4.003e-01              45.790           1.907e-07             234.692           3.162e+02     
  50.000         205.000            3.259e-01           3.259e-01              25.306           1.659e-07             163.263           3.162e+02     
  55.000         205.000            2.513e-01           2.513e-01               4.755           3.393e-07             124.943           3.162e+02     
  60.000         205.000            1.919e-01           1.919e-01             343.416           4.658e-07             104.225           3.162e+02     
  65.000         205.000            1.565e-01           1.565e-01             321.436           4.605e-07              89.604           3.162e+02     
  70.000         205.000            1.449e-01           1.449e-01             300.787           3.543e-07              77.806           3.162e+02     
  75.000         205.000            1.502e-01           1.502e-01             284.113           2.131e-07              67.868           3.162e+02     
  80.000         205.000            1.626e-01           1.626e-01             272.624           9.814e-08              60.434           3.162e+02     
  85.000         205.000            1.738e-01           1.738e-01             266.097           2.500e-08              55.384           3.162e+02     
  90.000         205.000            1.782e-01           1.782e-01             263.997           6.492e-12             179.403           3.162e+02     
  95.000         205.000            1.738e-01           1.738e-01             266.097           2.495e-08             235.386           3.162e+02     
 100.000         205.000            1.626e-01           1.626e-01             272.624           9.803e-08             240.437           3.162e+02     
 105.000         205.000            1.502e-01           1.502e-01             284.113           2.129e-07             247.871           3.162e+02     
 110.000         205.000            1.449e-01           1.449e-01             300.787           3.541e-07             257.809           3.162e+02     
 115.000         205.000            1.565e-01           1.565e-01             321.436           4.603e-07             269.607           3.162e+02     
 120.000         205.000            1.919e-01           1.919e-01             343.416           4.657e-07             284.228           3.162e+02     
 125.000         205.000            2.513e-01           2.513e-01               4.755           3.392e-07             304.947           3.162e+02     
 130.000         205.000            3.259e-01           3.259e-01              25.306           1.659e-07             343.268           3.162e+02     
 135.000         205.000            4.003e-01           4.003e-01              45.790           1.906e-07              54.697           3.162e+02     
 140.000         205.000            4.565e-01           4.565e-01              66.816           6.421e-07             100.932           3.162e+02     
 145.000         205.000            4.760e-01           4.760e-01              88.647           1.539e-06             128.084           3.162e+02     
 150.000         205.000            4.440e-01           4.440e-01             111.487           2.652e-06             151.053           3.162e+02     
 155.000         205.000            3.608e-01           3.608e-01             135.868           3.597e-06             174.800           3.162e+02     
 160.000         205.000            2.515e-01           2.515e-01             162.675           4.227e-06             201.579           3.162e+02     
 165.000         205.000            1.505e-01           1.505e-01             192.398           4.853e-06             229.953           2.889e+02     
 170.000         205.000            7.378e-02           7.377e-02             223.867           5.672e-06             259.419           1.962e+02     
 175.000         205.000            2.108e-02           2.107e-02             254.564           6.722e-06             288.123           1.013e+02     
 180.000         205.000            1.010e-05           2.368e-06             141.001           7.734e-06             315.569           2.489e+01     
   0.000         210.000            1.010e-05           3.149e-06             140.259           6.954e-06             135.294           2.491e+01     
   5.000         210.000            2.088e-02           2.088e-02             252.695           5.947e-06             106.050           1.078e+02     
  10.000         210.000            7.420e-02           7.419e-02             220.255           4.971e-06              75.245           2.130e+02     
  15.000         210.000            1.546e-01           1.546e-01             187.621           4.275e-06              43.588           3.162e+02     
  20.000         210.000            2.593e-01           2.593e-01             157.090           3.789e-06              13.380           3.162e+02     
  25.000         210.000            3.659e-01           3.659e-01             129.047           3.324e-06             344.992           3.162e+02     
  30.000         210.000            4.447e-01           4.447e-01             102.599           2.499e-06             320.003           3.162e+02     
  35.000         210.000            4.856e-01           4.855e-01              77.166           1.448e-06             295.541           3.162e+02     
  40.000         210.000            4.935e-01           4.935e-01              53.061           5.527e-07             266.224           3.162e+02     
  45.000         210.000            4.698e-01           4.698e-01              30.897           1.596e-07             209.888           3.162e+02     
  50.000         210.000            4.125e-01           4.125e-01              10.706           2.588e-07             135.525           3.162e+02     
  55.000         210.000            3.306e-01           3.306e-01             351.703           5.835e-07             103.012           3.162e+02     
  60.000         210.000            2.458e-01           2.458e-01             332.603           8.407e-07              84.990           3.162e+02     
  65.000         210.000            1.796e-01           1.796e-01             312.270           8.775e-07              71.571           3.162e+02     
  70.000         210.000            1.415e-01           1.415e-01             290.981           7.196e-07              60.798           3.162e+02     
  75.000         210.000            1.286e-01           1.286e-01             271.361           4.697e-07              52.204           3.162e+02     
  80.000         210.000            1.305e-01           1.305e-01             256.538           2.276e-07              45.795           3.162e+02     
  85.000         210.000            1.367e-01           1.367e-01             247.758           5.892e-08              41.339           3.162e+02     
  90.000         210.000            1.397e-01           1.397e-01             244.897           6.086e-12             160.135           3.162e+02     
  95.000         210.000            1.367e-01           1.367e-01             247.758           5.883e-08             221.345           3.162e+02     
 100.000         210.000            1.305e-01           1.305e-01             256.538           2.274e-07             225.799           3.162e+02     
 105.000         210.000            1.286e-01           1.286e-01             271.361           4.694e-07             232.207           3.162e+02     
 110.000         210.000            1.415e-01           1.415e-01             290.981           7.194e-07             240.801           3.162e+02     
 115.000         210.000            1.796e-01           1.796e-01             312.270           8.773e-07             251.573           3.162e+02     
 120.000         210.000            2.458e-01           2.458e-01             332.603           8.405e-07             264.992           3.162e+02     
 125.000         210.000            3.306e-01           3.306e-01             351.703           5.833e-07             283.014           3.162e+02     
 130.000         210.000            4.125e-01           4.125e-01              10.706           2.587e-07             315.528           3.162e+02     
 135.000         210.000            4.698e-01           4.698e-01              30.897           1.596e-07              29.892           3.162e+02     
 140.000         210.000            4.935e-01           4.935e-01              53.061           5.527e-07              86.226           3.162e+02     
 145.000         210.000            4.856e-01           4.855e-01              77.166           1.448e-06             115.542           3.162e+02     
 150.000         210.000            4.447e-01           4.447e-01             102.599           2.498e-06             140.002           3.162e+02     
 155.000         210.000            3.659e-01           3.659e-01             129.047           3.323e-06             164.991           3.162e+02     
 160.000         210.000            2.593e-01           2.593e-01             157.090           3.789e-06             193.379           3.162e+02     
 165.000         210.000            1.546e-01           1.546e-01             187.621           4.275e-06             223.587           3.162e+02     
 170.000         210.000            7.420e-02           7.419e-02             220.255           4.971e-06             255.244           2.131e+02     
 175.000         210.000            2.088e-02           2.088e-02             252.695           5.946e-06             286.049           1.078e+02     
 180.000         210.000            1.010e-05           3.149e-06             140.260           6.953e-06             315.293           2.489e+01     
   0.000         215.000            1.010e-05           3.987e-06             139.688           6.115e-06             134.984           2.491e+01     
   5.000         215.000            2.073e-02           2.073e-02             251.063           5.163e-06             104.157           1.161e+02     
  10.000         215.000            7.501e-02           7.501e-02             217.205           4.285e-06              71.542           2.346e+02     
  15.000         215.000            1.595e-01           1.595e-01             183.804           3.693e-06              38.038           3.162e+02     
  20.000         215.000            2.667e-01           2.667e-01             152.771           3.428e-06               5.181           3.162e+02     
  25.000         215.000            3.683e-01           3.683e-01             123.659           2.993e-06             336.335           3.162e+02     
  30.000         215.000            4.416e-01           4.416e-01              95.226           2.294e-06             310.230           3.162e+02     
  35.000         215.000            4.930e-01           4.930e-01              67.360           1.319e-06             284.545           3.162e+02     
  40.000         215.000            5.321e-01           5.321e-01              41.397           4.908e-07             252.785           3.162e+02     
  45.000         215.000            5.435e-01           5.435e-01              18.535           1.616e-07             185.606           3.162e+02     
  50.000         215.000            5.034e-01           5.034e-01             358.624           3.812e-07             117.772           3.162e+02     
  55.000         215.000            4.135e-01           4.135e-01             340.490           8.673e-07              89.421           3.162e+02     
  60.000         215.000            3.037e-01           3.037e-01             322.538           1.246e-06              71.913           3.162e+02     
  65.000         215.000            2.089e-01           2.089e-01             303.155           1.333e-06              59.017           3.162e+02     
  70.000         215.000            1.484e-01           1.484e-01             281.617           1.133e-06              48.918           3.162e+02     
  75.000         215.000            1.220e-01           1.220e-01             259.917           7.645e-07              40.959           3.162e+02     
  80.000         215.000            1.179e-01           1.179e-01             242.338           3.801e-07              35.121           3.162e+02     
  85.000         215.000            1.222e-01           1.222e-01             231.621           1.013e-07              31.402           3.162e+02     
  90.000         215.000            1.248e-01           1.248e-01             228.105           5.767e-12             145.187           3.162e+02     
  95.000         215.000            1.222e-01           1.222e-01             231.621           1.011e-07             211.411           3.162e+02     
 100.000         215.000            1.179e-01           1.179e-01             242.338           3.799e-07             215.126           3.162e+02     
 105.000         215.000            1.220e-01           1.220e-01             259.917           7.642e-07             220.962           3.162e+02     
 110.000         215.000            1.484e-01           1.484e-01             281.617           1.133e-06             228.920           3.162e+02     
 115.000         215.000            2.089e-01           2.089e-01             303.155           1.332e-06             239.019           3.162e+02     
 120.000         215.000            3.037e-01           3.037e-01             322.538           1.246e-06             251.915           3.162e+02     
 125.000         215.000            4.135e-01           4.135e-01             340.490           8.672e-07             269.423           3.162e+02     
 130.000         215.000            5.034e-01           5.034e-01             358.624           3.812e-07             297.774           3.162e+02     
 135.000         215.000            5.435e-01           5.435e-01              18.535           1.616e-07               5.609           3.162e+02     
 140.000         215.000            5.321e-01           5.321e-01              41.397           4.908e-07              72.786           3.162e+02     
 145.000         215.000            4.930e-01           4.930e-01              67.360           1.319e-06             104.545           3.162e+02     
 150.000         215.000            4.416e-01           4.416e-01              95.226           2.294e-06             130.229           3.162e+02     
 155.000         215.000            3.683e-01           3.683e-01             123.659           2.993e-06             156.334           3.162e+02     
 160.000         215.000            2.667e-01           2.667e-01             152.771           3.428e-06             185.179           3.162e+02     
 165.000         215.000            1.595e-01           1.595e-01             183.804           3.693e-06             218.036           3.162e+02     
 170.000         215.000            7.501e-02           7.501e-02             217.205           4.285e-06             251.541           2.346e+02     
 175.000         215.000            2.073e-02           2.073e-02             251.063           5.162e-06             284.156           1.161e+02     
 180.000         215.000            1.010e-05           3.987e-06             139.689           6.115e-06             314.983           2.489e+01     
   0.000         220.000            1.010e-05           4.858e-06             139.228           5.245e-06             134.627           2.491e+01     
   5.000         220.000            2.063e-02           2.062e-02             249.683           4.387e-06             102.453           1.267e+02     
  10.000         220.000            7.611e-02           7.611e-02             214.737           3.621e-06              68.368           2.618e+02     
  15.000         220.000            1.648e-01           1.648e-01             180.924           3.105e-06              33.395           3.162e+02     
  20.000         220.000            2.737e-01           2.737e-01             149.656           2.943e-06             358.942           3.162e+02     
  25.000         220.000            3.685e-01           3.685e-01             119.688           2.643e-06             328.692           3.162e+02     
  30.000         220.000            4.345e-01           4.345e-01              89.445           2.020e-06             301.396           3.162e+02     
  35.000         220.000            4.951e-01           4.951e-01              59.361           1.213e-06             274.288           3.162e+02     
  40.000         220.000            5.635e-01           5.635e-01              31.823           4.631e-07             238.387           3.162e+02     
  45.000         220.000            6.072e-01           6.072e-01               8.312           2.006e-07             168.708           3.162e+02     
  50.000         220.000            5.833e-01           5.833e-01             348.215           4.927e-07             109.000           3.162e+02     
  55.000         220.000            4.885e-01           4.885e-01             329.901           1.037e-06              81.622           3.162e+02     
  60.000         220.000            3.621e-01           3.621e-01             311.530           1.501e-06              64.467           3.162e+02     
  65.000         220.000            2.513e-01           2.513e-01             291.392           1.619e-06              51.188           3.162e+02     
  70.000         220.000            1.822e-01           1.822e-01             268.925           1.399e-06              41.217           3.162e+02     
  75.000         220.000            1.550e-01           1.550e-01             246.614           9.599e-07              33.429           3.162e+02     
  80.000         220.000            1.544e-01           1.544e-01             228.964           4.840e-07              27.781           3.162e+02     
  85.000         220.000            1.627e-01           1.627e-01             218.384           1.300e-07              24.223           3.162e+02     
  90.000         220.000            1.670e-01           1.670e-01             214.938           5.431e-12             132.830           3.162e+02     
  95.000         220.000            1.627e-01           1.627e-01             218.384           1.299e-07             204.235           3.162e+02     
 100.000         220.000            1.544e-01           1.544e-01             228.964           4.837e-07             207.786           3.162e+02     
 105.000         220.000            1.550e-01           1.550e-01             246.614           9.596e-07             213.433           3.162e+02     
 110.000         220.000            1.822e-01           1.822e-01             268.925           1.398e-06             221.220           3.162e+02     
 115.000         220.000            2.513e-01           2.513e-01             291.392           1.619e-06             231.191           3.162e+02     
 120.000         220.000            3.621e-01           3.621e-01             311.530           1.501e-06             244.469           3.162e+02     
 125.000         220.000            4.885e-01           4.885e-01             329.901           1.037e-06             261.624           3.162e+02     
 130.000         220.000            5.833e-01           5.833e-01             348.215           4.926e-07             289.002           3.162e+02     
 135.000         220.000            6.072e-01           6.072e-01               8.312           2.006e-07             348.710           3.162e+02     
 140.000         220.000            5.635e-01           5.635e-01              31.823           4.631e-07              58.387           3.162e+02     
 145.000         220.000            4.951e-01           4.951e-01              59.361           1.213e-06              94.288           3.162e+02     
 150.000         220.000            4.345e-01           4.345e-01              89.445           2.019e-06             121.395           3.162e+02     
 155.000         220.000            3.685e-01           3.685e-01             119.688           2.643e-06             148.691           3.162e+02     
 160.000         220.000            2.737e-01           2.737e-01             149.656           2.943e-06             178.941           3.162e+02     
 165.000         220.000            1.648e-01           1.648e-01             180.924           3.105e-06             213.393           3.162e+02     
 170.000         220.000            7.611e-02           7.611e-02             214.737           3.620e-06             248.367           2.618e+02     
 175.000         220.000            2.063e-02           2.062e-02             249.683           4.387e-06             282.452           1.267e+02     
 180.000         220.000            1.010e-05           4.858e-06             139.229           5.244e-06             314.625           2.489e+01     
   0.000         225.000            1.010e-05           5.735e-06             138.845           4.368e-06             134.204           2.491e+01     
   5.000         225.000            2.056e-02           2.055e-02             248.569           3.636e-06             100.938           1.405e+02     
  10.000         225.000            7.741e-02           7.741e-02             212.860           2.986e-06              65.772           2.963e+02     
  15.000         225.000            1.702e-01           1.701e-01             178.942           2.581e-06              28.604           3.162e+02     
  20.000         225.000            2.802e-01           2.802e-01             147.674           2.425e-06             353.733           3.162e+02     
  25.000         225.000            3.673e-01           3.673e-01             117.103           2.201e-06             322.112           3.162e+02     
  30.000         225.000            4.247e-01           4.247e-01              85.317           1.744e-06             293.215           3.162e+02     
  35.000         225.000            4.914e-01           4.914e-01              53.277           1.059e-06             263.889           3.162e+02     
  40.000         225.000            5.835e-01           5.835e-01              24.361           4.663e-07             225.061           3.162e+02     
  45.000         225.000            6.541e-01           6.541e-01               0.124           2.843e-07             161.335           3.162e+02     
  50.000         225.000            6.451e-01           6.451e-01             339.395           5.463e-07             107.726           3.162e+02     
  55.000         225.000            5.515e-01           5.515e-01             320.092           1.054e-06              79.740           3.162e+02     
  60.000         225.000            4.224e-01           4.224e-01             300.173           1.466e-06              61.573           3.162e+02     
  65.000         225.000            3.148e-01           3.148e-01             278.223           1.577e-06              47.987           3.162e+02     
  70.000         225.000            2.577e-01           2.577e-01             254.920           1.365e-06              37.404           3.162e+02     
  75.000         225.000            2.476e-01           2.476e-01             233.841           9.427e-07              29.302           3.162e+02     
  80.000         225.000            2.640e-01           2.640e-01             218.418           4.724e-07              23.067           3.162e+02     
  85.000         225.000            2.841e-01           2.841e-01             209.491           1.274e-07              19.509           3.162e+02     
  90.000         225.000            2.926e-01           2.926e-01             206.609           5.245e-12             120.080           3.162e+02     
  95.000         225.000            2.841e-01           2.841e-01             209.491           1.273e-07             199.524           3.162e+02     
 100.000         225.000            2.640e-01           2.640e-01             218.418           4.722e-07             203.074           3.162e+02     
 105.000         225.000            2.476e-01           2.476e-01             233.841           9.424e-07             209.307           3.162e+02     
 110.000         225.000            2.577e-01           2.577e-01             254.920           1.365e-06             217.408           3.162e+02     
 115.000         225.000            3.148e-01           3.148e-01             278.223           1.577e-06             227.990           3.162e+02     
 120.000         225.000            4.224e-01           4.224e-01             300.173           1.466e-06             241.576           3.162e+02     
 125.000         225.000            5.515e-01           5.515e-01             320.092           1.054e-06             259.742           3.162e+02     
 130.000         225.000            6.451e-01           6.451e-01             339.395           5.462e-07             287.727           3.162e+02     
 135.000         225.000            6.541e-01           6.541e-01               0.124           2.843e-07             341.336           3.162e+02     
 140.000         225.000            5.835e-01           5.835e-01              24.361           4.663e-07              45.060           3.162e+02     
 145.000         225.000            4.914e-01           4.914e-01              53.277           1.059e-06              83.887           3.162e+02     
 150.000         225.000            4.247e-01           4.247e-01              85.317           1.744e-06             113.213           3.162e+02     
 155.000         225.000            3.673e-01           3.673e-01             117.103           2.201e-06             142.110           3.162e+02     
 160.000         225.000            2.802e-01           2.802e-01             147.674           2.424e-06             173.730           3.162e+02     
 165.000         225.000            1.702e-01           1.701e-01             178.942           2.580e-06             208.602           3.162e+02     
 170.000         225.000            7.741e-02           7.741e-02             212.860           2.986e-06             245.771           2.963e+02     
 175.000         225.000            2.056e-02           2.055e-02             248.569           3.636e-06             280.936           1.405e+02     
 180.000         225.000            1.010e-05           5.734e-06             138.846           4.368e-06             314.203           2.489e+01     
   0.000         230.000            1.010e-05           6.591e-06             138.516           3.512e-06             133.688           2.491e+01     
   5.000         230.000            2.052e-02           2.051e-02             247.731           2.925e-06              99.601           1.586e+02     
  10.000         230.000            7.882e-02           7.881e-02             211.569           2.391e-06              63.787           3.162e+02     
  15.000         230.000            1.755e-01           1.755e-01             177.801           2.069e-06              25.933           3.162e+02     
  20.000         230.000            2.864e-01           2.864e-01             146.742           1.893e-06             349.539           3.162e+02     
  25.000         230.000            3.661e-01           3.661e-01             115.847           1.723e-06             316.298           3.162e+02     
  30.000         230.000            4.146e-01           4.146e-01              82.884           1.420e-06             285.401           3.162e+02     
  35.000         230.000            4.842e-01           4.842e-01              49.248           9.117e-07             253.403           3.162e+02     
  40.000         230.000            5.934e-01           5.934e-01              19.197           5.066e-07             213.322           3.162e+02     
  45.000         230.000            6.839e-01           6.839e-01             354.277           3.811e-07             160.520           3.162e+02     
  50.000         230.000            6.863e-01           6.863e-01             332.785           5.753e-07             113.585           3.162e+02     
  55.000         230.000            5.971e-01           5.971e-01             312.242           9.086e-07              83.321           3.162e+02     
  60.000         230.000            4.756e-01           4.756e-01             290.493           1.171e-06              63.631           3.162e+02     
  65.000         230.000            3.871e-01           3.871e-01             266.742           1.203e-06              48.802           3.162e+02     
  70.000         230.000            3.606e-01           3.606e-01             243.148           1.026e-06              37.275           3.162e+02     
  75.000         230.000            3.858e-01           3.858e-01             223.671           7.018e-07              28.505           3.162e+02     
  80.000         230.000            4.336e-01           4.336e-01             210.293           3.540e-07              22.249           3.162e+02     
  85.000         230.000            4.750e-01           4.750e-01             202.752           9.500e-08              18.329           3.162e+02     
  90.000         230.000            4.909e-01           4.909e-01             200.335           5.547e-12             106.076           3.162e+02     
  95.000         230.000            4.750e-01           4.750e-01             202.752           9.494e-08             198.349           3.162e+02     
 100.000         230.000            4.336e-01           4.336e-01             210.293           3.539e-07             202.259           3.162e+02     
 105.000         230.000            3.858e-01           3.858e-01             223.671           7.016e-07             208.512           3.162e+02     
 110.000         230.000            3.606e-01           3.606e-01             243.148           1.026e-06             217.280           3.162e+02     
 115.000         230.000            3.871e-01           3.871e-01             266.742           1.203e-06             228.806           3.162e+02     
 120.000         230.000            4.756e-01           4.756e-01             290.493           1.171e-06             243.635           3.162e+02     
 125.000         230.000            5.971e-01           5.971e-01             312.242           9.085e-07             263.324           3.162e+02     
 130.000         230.000            6.863e-01           6.863e-01             332.785           5.753e-07             293.587           3.162e+02     
 135.000         230.000            6.839e-01           6.839e-01             354.277           3.812e-07             340.520           3.162e+02     
 140.000         230.000            5.934e-01           5.934e-01              19.197           5.066e-07              33.320           3.162e+02     
 145.000         230.000            4.842e-01           4.842e-01              49.248           9.116e-07              73.400           3.162e+02     
 150.000         230.000            4.146e-01           4.146e-01              82.884           1.420e-06             105.399           3.162e+02     
 155.000         230.000            3.661e-01           3.661e-01             115.847           1.723e-06             136.295           3.162e+02     
 160.000         230.000            2.864e-01           2.864e-01             146.742           1.893e-06             169.536           3.162e+02     
 165.000         230.000            1.755e-01           1.755e-01             177.801           2.069e-06             205.930           3.162e+02     
 170.000         230.000            7.882e-02           7.881e-02             211.569           2.391e-06             243.786           3.162e+02     
 175.000         230.000            2.052e-02           2.051e-02             247.731           2.925e-06             279.599           1.586e+02     
 180.000         230.000            1.010e-05           6.590e-06             138.517           3.512e-06             313.686           2.489e+01     
   0.000         235.000            1.010e-05           7.400e-06             138.227           2.703e-06             133.032           2.491e+01     
   5.000         235.000            2.050e-02           2.050e-02             247.175           2.267e-06              98.411           1.834e+02     
  10.000         235.000            8.024e-02           8.024e-02             210.853           1.845e-06              62.433           3.162e+02     
  15.000         235.000            1.807e-01           1.807e-01             177.446           1.562e-06              24.086           3.162e+02     
  20.000         235.000            2.927e-01           2.927e-01             146.772           1.378e-06             346.322           3.162e+02     
  25.000         235.000            3.664e-01           3.664e-01             115.841           1.249e-06             311.028           3.162e+02     
  30.000         235.000            4.072e-01           4.072e-01              82.154           1.079e-06             277.814           3.162e+02     
  35.000         235.000            4.773e-01           4.773e-01              47.424           7.996e-07             243.402           3.162e+02     
  40.000         235.000            5.970e-01           5.970e-01              16.626           5.630e-07             204.980           3.162e+02     
  45.000         235.000            6.987e-01           6.987e-01             351.282           4.928e-07             161.766           3.162e+02     
  50.000         235.000            7.044e-01           7.044e-01             329.263           5.740e-07             123.398           3.162e+02     
  55.000         235.000            6.128e-01           6.128e-01             307.724           7.058e-07              94.330           3.162e+02     
  60.000         235.000            4.946e-01           4.946e-01             284.306           7.706e-07              72.768           3.162e+02     
  65.000         235.000            4.246e-01           4.246e-01             258.659           7.276e-07              55.058           3.162e+02     
  70.000         235.000            4.323e-01           4.323e-01             234.210           5.829e-07              42.131           3.162e+02     
  75.000         235.000            4.997e-01           4.997e-01             215.212           3.823e-07              32.150           3.162e+02     
  80.000         235.000            5.868e-01           5.868e-01             202.718           1.876e-07              24.955           3.162e+02     
  85.000         235.000            6.556e-01           6.556e-01             195.820           4.945e-08              20.372           3.162e+02     
  90.000         235.000            6.812e-01           6.812e-01             193.625           6.386e-12              93.802           3.162e+02     
  95.000         235.000            6.556e-01           6.556e-01             195.820           4.942e-08             200.402           3.162e+02     
 100.000         235.000            5.868e-01           5.868e-01             202.718           1.875e-07             204.970           3.162e+02     
 105.000         235.000            4.997e-01           4.997e-01             215.212           3.823e-07             212.159           3.162e+02     
 110.000         235.000            4.323e-01           4.323e-01             234.210           5.828e-07             222.138           3.162e+02     
 115.000         235.000            4.246e-01           4.246e-01             258.659           7.276e-07             235.063           3.162e+02     
 120.000         235.000            4.946e-01           4.946e-01             284.306           7.706e-07             252.772           3.162e+02     
 125.000         235.000            6.128e-01           6.128e-01             307.724           7.058e-07             274.333           3.162e+02     
 130.000         235.000            7.044e-01           7.044e-01             329.263           5.740e-07             303.399           3.162e+02     
 135.000         235.000            6.987e-01           6.987e-01             351.282           4.929e-07             341.765           3.162e+02     
 140.000         235.000            5.970e-01           5.970e-01              16.626           5.630e-07              24.977           3.162e+02     
 145.000         235.000            4.773e-01           4.773e-01              47.424           7.996e-07              63.399           3.162e+02     
 150.000         235.000            4.072e-01           4.072e-01              82.154           1.079e-06              97.810           3.162e+02     
 155.000         235.000            3.664e-01           3.664e-01             115.841           1.249e-06             131.024           3.162e+02     
 160.000         235.000            2.927e-01           2.927e-01             146.772           1.378e-06             166.318           3.162e+02     
 165.000         235.000            1.807e-01           1.807e-01             177.446           1.561e-06             204.083           3.162e+02     
 170.000         235.000            8.024e-02           8.024e-02             210.853           1.845e-06             242.430           3.162e+02     
 175.000         235.000            2.050e-02           2.050e-02             247.175           2.267e-06             278.409           1.834e+02     
 180.000         235.000            1.010e-05           7.399e-06             138.227           2.703e-06             313.029           2.489e+01     
   0.000         240.000            1.010e-05           8.137e-06             137.966           1.965e-06             132.154           2.491e+01     
   5.000         240.000            2.050e-02           2.050e-02             246.907           1.675e-06              97.306           2.186e+02     
  10.000         240.000            8.162e-02           8.162e-02             210.697           1.357e-06              61.707           3.162e+02     
  15.000         240.000            1.855e-01           1.855e-01             177.826           1.108e-06              23.313           3.162e+02     
  20.000         240.000            2.991e-01           2.991e-01             147.681           9.426e-07             344.559           3.162e+02     
  25.000         240.000            3.693e-01           3.693e-01             116.979           8.595e-07             306.227           3.162e+02     
  30.000         240.000            4.051e-01           4.051e-01              83.077           7.698e-07             270.117           3.162e+02     
  35.000         240.000            4.750e-01           4.750e-01              47.891           6.731e-07             234.294           3.162e+02     
  40.000         240.000            5.996e-01           5.996e-01              16.866           6.081e-07             199.098           3.162e+02     
  45.000         240.000            7.031e-01           7.031e-01             351.524           5.694e-07             164.429           3.162e+02     
  50.000         240.000            6.999e-01           6.999e-01             329.455           5.641e-07             135.300           3.162e+02     
  55.000         240.000            5.910e-01           5.910e-01             307.441           5.253e-07             111.041           3.162e+02     
  60.000         240.000            4.591e-01           4.591e-01             282.515           4.496e-07              90.053           3.162e+02     
  65.000         240.000            3.921e-01           3.921e-01             254.092           3.422e-07              72.341           3.162e+02     
  70.000         240.000            4.233e-01           4.233e-01             227.110           2.289e-07              57.421           3.162e+02     
  75.000         240.000            5.285e-01           5.285e-01             207.098           1.306e-07              45.244           3.162e+02     
  80.000         240.000            6.555e-01           6.555e-01             194.517           5.796e-08              36.013           3.162e+02     
  85.000         240.000            7.539e-01           7.539e-01             187.748           1.431e-08              29.817           3.162e+02     
  90.000         240.000            7.904e-01           7.904e-01             185.617           7.003e-12              86.472           3.162e+02     
  95.000         240.000            7.539e-01           7.539e-01             187.748           1.430e-08             209.871           3.162e+02     
 100.000         240.000            6.555e-01           6.555e-01             194.517           5.796e-08             216.039           3.162e+02     
 105.000         240.000            5.285e-01           5.285e-01             207.098           1.306e-07             225.260           3.162e+02     
 110.000         240.000            4.233e-01           4.233e-01             227.110           2.289e-07             237.432           3.162e+02     
 115.000         240.000            3.921e-01           3.921e-01             254.092           3.422e-07             252.348           3.162e+02     
 120.000         240.000            4.591e-01           4.591e-01             282.515           4.497e-07             270.057           3.162e+02     
 125.000         240.000            5.910e-01           5.910e-01             307.440           5.253e-07             291.043           3.162e+02     
 130.000         240.000            6.999e-01           6.999e-01             329.455           5.641e-07             315.300           3.162e+02     
 135.000         240.000            7.031e-01           7.031e-01             351.524           5.695e-07             344.427           3.162e+02     
 140.000         240.000            5.996e-01           5.996e-01              16.866           6.081e-07              19.094           3.162e+02     
 145.000         240.000            4.750e-01           4.750e-01              47.891           6.731e-07              54.290           3.162e+02     
 150.000         240.000            4.051e-01           4.051e-01              83.077           7.698e-07              90.113           3.162e+02     
 155.000         240.000            3.693e-01           3.693e-01             116.979           8.595e-07             126.223           3.162e+02     
 160.000         240.000            2.991e-01           2.991e-01             147.681           9.425e-07             164.554           3.162e+02     
 165.000         240.000            1.855e-01           1.855e-01             177.826           1.108e-06             203.309           3.162e+02     
 170.000         240.000            8.162e-02           8.162e-02             210.697           1.357e-06             241.704           3.162e+02     
 175.000         240.000            2.050e-02           2.050e-02             246.907           1.675e-06             277.304           2.187e+02     
 180.000         240.000            1.010e-05           8.137e-06             137.967           1.965e-06             312.151           2.489e+01     
   0.000         245.000            1.010e-05           8.781e-06             137.727           1.321e-06             130.899           2.491e+01     
   5.000         245.000            2.051e-02           2.051e-02             246.926           1.159e-06              96.158           2.724e+02     
  10.000         245.000            8.287e-02           8.287e-02             211.083           9.372e-07              61.584           3.162e+02     
  15.000         245.000            1.899e-01           1.899e-01             178.894           7.251e-07              23.708           3.162e+02     
  20.000         245.000            3.056e-01           3.056e-01             149.392           5.695e-07             343.426           3.162e+02     
  25.000         245.000            3.754e-01           3.754e-01             119.148           5.006e-07             301.034           3.162e+02     
  30.000         245.000            4.100e-01           4.100e-01              85.526           5.076e-07             261.857           3.162e+02     
  35.000         245.000            4.804e-01           4.804e-01              50.569           5.477e-07             226.997           3.162e+02     
  40.000         245.000            6.058e-01           6.058e-01              19.877           5.835e-07             195.680           3.162e+02     
  45.000         245.000            7.041e-01           7.041e-01             354.985           5.910e-07             169.835           3.162e+02     
  50.000         245.000            6.829e-01           6.829e-01             333.396           5.336e-07             149.358           3.162e+02     
  55.000         245.000            5.451e-01           5.451e-01             311.562           4.081e-07             130.736           3.162e+02     
  60.000         245.000            3.856e-01           3.856e-01             285.415           2.723e-07             117.135           3.162e+02     
  65.000         245.000            3.076e-01           3.076e-01             252.860           1.515e-07             106.232           3.162e+02     
  70.000         245.000            3.528e-01           3.528e-01             221.199           6.946e-08              97.829           3.162e+02     
  75.000         245.000            4.924e-01           4.924e-01             199.196           2.591e-08              93.297           3.162e+02     
  80.000         245.000            6.607e-01           6.607e-01             186.279           7.297e-09              89.963           3.162e+02     
  85.000         245.000            7.917e-01           7.917e-01             179.587           1.184e-09              88.836           3.162e+02     
  90.000         245.000            8.405e-01           8.405e-01             177.511           6.276e-12              85.042           3.162e+02     
  95.000         245.000            7.917e-01           7.917e-01             179.587           1.190e-09             268.915           3.162e+02     
 100.000         245.000            6.607e-01           6.607e-01             186.279           7.312e-09             269.995           3.162e+02     
 105.000         245.000            4.924e-01           4.924e-01             199.196           2.594e-08             273.313           3.162e+02     
 110.000         245.000            3.528e-01           3.528e-01             221.199           6.950e-08             277.837           3.162e+02     
 115.000         245.000            3.076e-01           3.076e-01             252.860           1.516e-07             286.237           3.162e+02     
 120.000         245.000            3.856e-01           3.856e-01             285.415           2.724e-07             297.137           3.162e+02     
 125.000         245.000            5.451e-01           5.451e-01             311.562           4.081e-07             310.736           3.162e+02     
 130.000         245.000            6.829e-01           6.829e-01             333.396           5.336e-07             329.356           3.162e+02     
 135.000         245.000            7.041e-01           7.041e-01             354.985           5.911e-07             349.832           3.162e+02     
 140.000         245.000            6.058e-01           6.058e-01              19.877           5.835e-07              15.677           3.162e+02     
 145.000         245.000            4.804e-01           4.804e-01              50.569           5.477e-07              46.993           3.162e+02     
 150.000         245.000            4.100e-01           4.100e-01              85.526           5.076e-07              81.852           3.162e+02     
 155.000         245.000            3.754e-01           3.754e-01             119.148           5.005e-07             121.028           3.162e+02     
 160.000         245.000            3.056e-01           3.056e-01             149.392           5.695e-07             163.419           3.162e+02     
 165.000         245.000            1.899e-01           1.899e-01             178.894           7.250e-07             203.703           3.162e+02     
 170.000         245.000            8.287e-02           8.287e-02             211.083           9.371e-07             241.581           3.162e+02     
 175.000         245.000            2.051e-02           2.051e-02             246.926           1.159e-06             276.155           2.724e+02     
 180.000         245.000            1.010e-05           8.781e-06             137.727           1.321e-06             310.896           2.489e+01     
   0.000         250.000            1.010e-05           9.312e-06             137.503           7.907e-07             128.920           2.491e+01     
   5.000         250.000            2.053e-02           2.053e-02             247.233           7.306e-07              94.696           3.162e+02     
  10.000         250.000            8.395e-02           8.395e-02             211.994           5.909e-07              61.992           3.162e+02     
  15.000         250.000            1.935e-01           1.935e-01             180.616           4.223e-07              25.435           3.162e+02     
  20.000         250.000            3.120e-01           3.120e-01             151.848           2.907e-07             343.247           3.162e+02     
  25.000         250.000            3.842e-01           3.842e-01             122.243           2.622e-07             296.463           3.162e+02     
  30.000         250.000            4.217e-01           4.217e-01              89.322           3.093e-07             253.698           3.162e+02     
  35.000         250.000            4.945e-01           4.945e-01              55.197           4.058e-07             219.328           3.162e+02     
  40.000         250.000            6.187e-01           6.186e-01              25.304           4.927e-07             194.093           3.162e+02     
  45.000         250.000            7.086e-01           7.086e-01               1.165           5.152e-07             175.431           3.162e+02     
  50.000         250.000            6.685e-01           6.685e-01             340.387           4.559e-07             162.593           3.162e+02     
  55.000         250.000            5.024e-01           5.024e-01             319.288           3.423e-07             154.286           3.162e+02     
  60.000         250.000            3.153e-01           3.153e-01             292.586           2.233e-07             151.328           3.162e+02     
  65.000         250.000            2.249e-01           2.249e-01             255.163           1.334e-07             153.801           3.162e+02     
  70.000         250.000            2.817e-01           2.817e-01             217.571           8.030e-08             160.890           3.162e+02     
  75.000         250.000            4.547e-01           4.547e-01             193.958           4.624e-08             168.874           3.162e+02     
  80.000         250.000            6.650e-01           6.650e-01             181.247           2.266e-08             175.437           3.162e+02     
  85.000         250.000            8.299e-01           8.299e-01             174.914           6.220e-09             179.849           3.162e+02     
  90.000         250.000            8.916e-01           8.916e-01             172.977           4.101e-12              90.208           3.162e+02     
  95.000         250.000            8.299e-01           8.299e-01             174.914           6.225e-09             359.792           3.162e+02     
 100.000         250.000            6.650e-01           6.650e-01             181.247           2.267e-08             355.410           3.162e+02     
 105.000         250.000            4.547e-01           4.547e-01             193.958           4.627e-08             348.858           3.162e+02     
 110.000         250.000            2.817e-01           2.817e-01             217.571           8.034e-08             340.880           3.162e+02     
 115.000         250.000            2.249e-01           2.249e-01             255.163           1.334e-07             333.795           3.162e+02     
 120.000         250.000            3.153e-01           3.153e-01             292.586           2.234e-07             331.325           3.162e+02     
 125.000         250.000            5.024e-01           5.024e-01             319.288           3.423e-07             334.284           3.162e+02     
 130.000         250.000            6.685e-01           6.685e-01             340.387           4.560e-07             342.591           3.162e+02     
 135.000         250.000            7.086e-01           7.086e-01               1.165           5.152e-07             355.428           3.162e+02     
 140.000         250.000            6.187e-01           6.186e-01              25.304           4.928e-07              14.089           3.162e+02     
 145.000         250.000            4.945e-01           4.945e-01              55.197           4.058e-07              39.323           3.162e+02     
 150.000         250.000            4.217e-01           4.217e-01              89.322           3.093e-07              73.691           3.162e+02     
 155.000         250.000            3.842e-01           3.842e-01             122.243           2.622e-07             116.455           3.162e+02     
 160.000         250.000            3.120e-01           3.120e-01             151.848           2.906e-07             163.238           3.162e+02     
 165.000         250.000            1.935e-01           1.935e-01             180.616           4.222e-07             205.428           3.162e+02     
 170.000         250.000            8.395e-02           8.395e-02             211.994           5.908e-07             241.987           3.162e+02     
 175.000         250.000            2.053e-02           2.053e-02             247.233           7.306e-07             274.693           3.162e+02     
 180.000         250.000            1.010e-05           9.312e-06             137.503           7.907e-07             308.916           2.489e+01     
   0.000         255.000            1.010e-05           9.713e-06             137.291           3.895e-07             125.274           2.491e+01     
   5.000         255.000            2.056e-02           2.055e-02             247.823           3.967e-07              92.254           3.162e+02     
  10.000         255.000            8.480e-02           8.480e-02             213.410           3.226e-07              62.750           3.162e+02     
  15.000         255.000            1.964e-01           1.964e-01             182.963           2.036e-07              28.875           3.162e+02     
  20.000         255.000            3.176e-01           3.176e-01             155.015           1.094e-07             343.710           3.162e+02     
  25.000         255.000            3.946e-01           3.946e-01             126.189           1.034e-07             286.642           3.162e+02     
  30.000         255.000            4.387e-01           4.387e-01              94.280           1.711e-07             241.934           3.162e+02     
  35.000         255.000            5.155e-01           5.155e-01              61.417           2.735e-07             213.922           3.162e+02     
  40.000         255.000            6.374e-01           6.374e-01              32.608           3.547e-07             195.004           3.162e+02     
  45.000         255.000            7.185e-01           7.185e-01               9.281           3.760e-07             181.597           3.162e+02     
  50.000         255.000            6.643e-01           6.643e-01             349.240           3.392e-07             176.460           3.162e+02     
  55.000         255.000            4.806e-01           4.806e-01             328.860           2.763e-07             176.489           3.162e+02     
  60.000         255.000            2.778e-01           2.778e-01             302.127           2.212e-07             181.047           3.162e+02     
  65.000         255.000            1.821e-01           1.821e-01             261.141           1.860e-07             187.419           3.162e+02     
  70.000         255.000            2.507e-01           2.507e-01             219.476           1.503e-07             192.509           3.162e+02     
  75.000         255.000            4.513e-01           4.513e-01             195.632           1.072e-07             195.654           3.162e+02     
  80.000         255.000            6.957e-01           6.957e-01             183.536           5.757e-08             197.241           3.162e+02     
  85.000         255.000            8.883e-01           8.883e-01             177.637           1.621e-08             198.108           3.162e+02     
  90.000         255.000            9.606e-01           9.606e-01             175.844           1.770e-12             105.584           3.162e+02     
  95.000         255.000            8.883e-01           8.883e-01             177.637           1.622e-08              18.076           3.162e+02     
 100.000         255.000            6.957e-01           6.957e-01             183.536           5.758e-08              17.224           3.162e+02     
 105.000         255.000            4.513e-01           4.513e-01             195.632           1.072e-07              15.641           3.162e+02     
 110.000         255.000            2.507e-01           2.507e-01             219.476           1.504e-07              12.499           3.162e+02     
 115.000         255.000            1.821e-01           1.821e-01             261.141           1.860e-07               7.411           3.162e+02     
 120.000         255.000            2.778e-01           2.778e-01             302.127           2.212e-07               1.040           3.162e+02     
 125.000         255.000            4.806e-01           4.806e-01             328.860           2.763e-07             356.485           3.162e+02     
 130.000         255.000            6.643e-01           6.643e-01             349.240           3.393e-07             356.457           3.162e+02     
 135.000         255.000            7.185e-01           7.185e-01               9.281           3.760e-07               1.594           3.162e+02     
 140.000         255.000            6.374e-01           6.374e-01              32.608           3.548e-07              15.000           3.162e+02     
 145.000         255.000            5.155e-01           5.155e-01              61.417           2.735e-07              33.917           3.162e+02     
 150.000         255.000            4.387e-01           4.387e-01              94.280           1.711e-07              61.928           3.162e+02     
 155.000         255.000            3.946e-01           3.946e-01             126.189           1.034e-07             106.632           3.162e+02     
 160.000         255.000            3.176e-01           3.176e-01             155.015           1.094e-07             163.697           3.162e+02     
 165.000         255.000            1.964e-01           1.964e-01             182.963           2.036e-07             208.866           3.162e+02     
 170.000         255.000            8.480e-02           8.480e-02             213.410           3.225e-07             242.743           3.162e+02     
 175.000         255.000            2.056e-02           2.055e-02             247.823           3.966e-07             272.248           3.162e+02     
 180.000         255.000            1.010e-05           9.713e-06             137.291           3.895e-07             305.268           2.489e+01     
   0.000         260.000            1.010e-05           9.973e-06             137.085           1.300e-07             116.248           2.491e+01     
   5.000         260.000            2.058e-02           2.058e-02             248.690           1.641e-07              86.680           3.162e+02     
  10.000         260.000            8.539e-02           8.539e-02             215.316           1.346e-07              63.310           3.162e+02     
  15.000         260.000            1.982e-01           1.982e-01             185.921           6.700e-08              35.423           3.162e+02     
  20.000         260.000            3.218e-01           3.218e-01             158.882           1.812e-08             342.387           3.162e+02     
  25.000         260.000            4.048e-01           4.048e-01             130.956           3.028e-08             258.882           3.162e+02     
  30.000         260.000            4.576e-01           4.576e-01             100.261           9.171e-08             223.322           3.162e+02     
  35.000         260.000            5.392e-01           5.392e-01              68.907           1.654e-07             205.804           3.162e+02     
  40.000         260.000            6.569e-01           6.569e-01              41.303           2.156e-07             195.509           3.162e+02     
  45.000         260.000            7.279e-01           7.279e-01              18.668           2.287e-07             192.109           3.162e+02     
  50.000         260.000            6.644e-01           6.644e-01             358.959           2.195e-07             193.946           3.162e+02     
  55.000         260.000            4.765e-01           4.765e-01             338.605           2.127e-07             200.039           3.162e+02     
  60.000         260.000            2.753e-01           2.753e-01             311.399           2.157e-07             206.611           3.162e+02     
  65.000         260.000            1.878e-01           1.878e-01             269.692           2.167e-07             210.905           3.162e+02     
  70.000         260.000            2.720e-01           2.720e-01             228.862           1.917e-07             212.693           3.162e+02     
  75.000         260.000            4.947e-01           4.947e-01             205.991           1.396e-07             212.887           3.162e+02     
  80.000         260.000            7.628e-01           7.628e-01             194.389           7.442e-08             212.407           3.162e+02     
  85.000         260.000            9.738e-01           9.738e-01             188.721           1.994e-08             212.182           3.162e+02     
  90.000         260.000            1.053e+00           1.053e+00             186.998           5.411e-13             144.491           3.162e+02     
  95.000         260.000            9.738e-01           9.738e-01             188.721           1.994e-08              32.157           3.162e+02     
 100.000         260.000            7.628e-01           7.628e-01             194.389           7.443e-08              32.393           3.162e+02     
 105.000         260.000            4.947e-01           4.947e-01             205.991           1.396e-07              32.877           3.162e+02     
 110.000         260.000            2.720e-01           2.720e-01             228.862           1.917e-07              32.684           3.162e+02     
 115.000         260.000            1.878e-01           1.878e-01             269.692           2.167e-07              30.897           3.162e+02     
 120.000         260.000            2.753e-01           2.753e-01             311.399           2.157e-07              26.603           3.162e+02     
 125.000         260.000            4.765e-01           4.765e-01             338.605           2.128e-07              20.032           3.162e+02     
 130.000         260.000            6.644e-01           6.644e-01             358.959           2.196e-07              13.941           3.162e+02     
 135.000         260.000            7.279e-01           7.279e-01              18.668           2.287e-07              12.105           3.162e+02     
 140.000         260.000            6.569e-01           6.569e-01              41.303           2.157e-07              15.506           3.162e+02     
 145.000         260.000            5.392e-01           5.392e-01              68.907           1.655e-07              25.802           3.162e+02     
 150.000         260.000            4.576e-01           4.576e-01             100.261           9.174e-08              43.320           3.162e+02     
 155.000         260.000            4.048e-01           4.048e-01             130.956           3.030e-08              78.876           3.162e+02     
 160.000         260.000            3.218e-01           3.218e-01             158.882           1.812e-08             162.359           3.162e+02     
 165.000         260.000            1.982e-01           1.982e-01             185.921           6.699e-08             215.407           3.162e+02     
 170.000         260.000            8.539e-02           8.539e-02             215.316           1.346e-07             243.300           3.162e+02     
 175.000         260.000            2.058e-02           2.058e-02             248.690           1.641e-07             266.671           3.162e+02     
 180.000         260.000            1.010e-05           9.972e-06             137.085           1.300e-07             296.238           2.489e+01     
   0.000         265.000            1.010e-05           1.008e-05             136.884           1.997e-08              72.394           2.491e+01     
   5.000         265.000            2.060e-02           2.060e-02             249.828           3.809e-08              66.469           3.162e+02     
  10.000         265.000            8.569e-02           8.569e-02             217.696           2.776e-08              60.610           3.162e+02     
  15.000         265.000            1.989e-01           1.989e-01             189.480           6.139e-09              59.179           3.162e+02     
  20.000         265.000            3.239e-01           3.239e-01             163.460           2.736e-09             192.572           3.162e+02     
  25.000         265.000            4.125e-01           4.125e-01             136.555           2.806e-08             200.199           3.162e+02     
  30.000         265.000            4.740e-01           4.740e-01             107.209           6.722e-08             195.057           3.162e+02     
  35.000         265.000            5.594e-01           5.594e-01              77.475           9.585e-08             191.642           3.162e+02     
  40.000         265.000            6.699e-01           6.699e-01              51.125           1.047e-07             192.673           3.162e+02     
  45.000         265.000            7.273e-01           7.273e-01              29.066           1.036e-07             200.761           3.162e+02     
  50.000         265.000            6.563e-01           6.563e-01               9.299           1.121e-07             213.111           3.162e+02     
  55.000         265.000            4.749e-01           4.749e-01             348.196           1.391e-07             224.180           3.162e+02     
  60.000         265.000            2.934e-01           2.934e-01             319.739           1.716e-07             230.369           3.162e+02     
  65.000         265.000            2.323e-01           2.323e-01             279.469           1.871e-07             232.414           3.162e+02     
  70.000         265.000            3.439e-01           3.439e-01             243.182           1.682e-07             232.169           3.162e+02     
  75.000         265.000            5.912e-01           5.912e-01             222.277           1.207e-07             230.913           3.162e+02     
  80.000         265.000            8.790e-01           8.790e-01             211.226           6.293e-08             229.494           3.162e+02     
  85.000         265.000            1.103e+00           1.103e+00             205.720           1.716e-08             228.478           3.162e+02     
  90.000         265.000            1.187e+00           1.187e+00             204.034           3.807e-13             210.088           3.162e+02     
  95.000         265.000            1.103e+00           1.103e+00             205.720           1.716e-08              48.456           3.162e+02     
 100.000         265.000            8.790e-01           8.790e-01             211.226           6.293e-08              49.482           3.162e+02     
 105.000         265.000            5.912e-01           5.912e-01             222.277           1.207e-07              50.903           3.162e+02     
 110.000         265.000            3.439e-01           3.439e-01             243.182           1.682e-07              52.160           3.162e+02     
 115.000         265.000            2.323e-01           2.323e-01             279.469           1.871e-07              52.405           3.162e+02     
 120.000         265.000            2.934e-01           2.934e-01             319.739           1.716e-07              50.359           3.162e+02     
 125.000         265.000            4.749e-01           4.749e-01             348.196           1.392e-07              44.170           3.162e+02     
 130.000         265.000            6.563e-01           6.563e-01               9.299           1.121e-07              33.102           3.162e+02     
 135.000         265.000            7.273e-01           7.273e-01              29.066           1.036e-07              20.756           3.162e+02     
 140.000         265.000            6.699e-01           6.699e-01              51.125           1.048e-07              12.673           3.162e+02     
 145.000         265.000            5.594e-01           5.594e-01              77.475           9.589e-08              11.646           3.162e+02     
 150.000         265.000            4.740e-01           4.740e-01             107.209           6.724e-08              15.065           3.162e+02     
 155.000         265.000            4.125e-01           4.125e-01             136.555           2.807e-08              20.218           3.162e+02     
 160.000         265.000            3.239e-01           3.239e-01             163.460           2.735e-09              12.645           3.162e+02     
 165.000         265.000            1.989e-01           1.989e-01             189.480           6.135e-09             239.131           3.162e+02     
 170.000         265.000            8.569e-02           8.569e-02             217.696           2.776e-08             240.588           3.162e+02     
 175.000         265.000            2.060e-02           2.060e-02             249.828           3.810e-08             246.454           3.162e+02     
 180.000         265.000            1.010e-05           1.008e-05             136.883           1.999e-08             252.383           2.489e+01     
   0.000         270.000            1.010e-05           1.004e-05             136.683           6.285e-08             347.333           2.491e+01     
   5.000         270.000            2.062e-02           2.062e-02             251.228           2.210e-08             342.290           3.162e+02     
  10.000         270.000            8.567e-02           8.567e-02             220.543           2.201e-09             290.973           3.162e+02     
  15.000         270.000            1.983e-01           1.983e-01             193.639           1.378e-08             198.489           3.162e+02     
  20.000         270.000            3.234e-01           3.234e-01             168.778           4.877e-08             184.024           3.162e+02     
  25.000         270.000            4.157e-01           4.157e-01             143.040           8.313e-08             175.945           3.162e+02     
  30.000         270.000            4.837e-01           4.837e-01             115.144           9.460e-08             170.193           3.162e+02     
  35.000         270.000            5.701e-01           5.701e-01              87.074           7.675e-08             167.817           3.162e+02     
  40.000         270.000            6.700e-01           6.700e-01              62.032           4.454e-08             173.776           3.162e+02     
  45.000         270.000            7.112e-01           7.112e-01              40.599           2.370e-08             200.769           3.162e+02     
  50.000         270.000            6.329e-01           6.329e-01              20.718           3.228e-08             239.035           3.162e+02     
  55.000         270.000            4.639e-01           4.639e-01             358.662           6.671e-08             255.471           3.162e+02     
  60.000         270.000            3.130e-01           3.130e-01             328.957           1.044e-07             259.525           3.162e+02     
  65.000         270.000            2.898e-01           2.898e-01             290.935           1.227e-07             259.284           3.162e+02     
  70.000         270.000            4.354e-01           4.354e-01             259.419           1.115e-07             257.571           3.162e+02     
  75.000         270.000            7.067e-01           7.067e-01             240.777           7.889e-08             255.489           3.162e+02     
  80.000         270.000            1.008e+00           1.008e+00             230.510           4.034e-08             253.628           3.162e+02     
  85.000         270.000            1.239e+00           1.239e+00             225.281           1.082e-08             252.346           3.162e+02     
  90.000         270.000            1.324e+00           1.324e+00             223.666           5.107e-13             261.378           3.162e+02     
  95.000         270.000            1.239e+00           1.239e+00             225.281           1.081e-08              72.327           3.162e+02     
 100.000         270.000            1.008e+00           1.008e+00             230.510           4.033e-08              73.617           3.162e+02     
 105.000         270.000            7.067e-01           7.067e-01             240.777           7.888e-08              75.480           3.162e+02     
 110.000         270.000            4.354e-01           4.354e-01             259.419           1.115e-07              77.562           3.162e+02     
 115.000         270.000            2.898e-01           2.898e-01             290.935           1.227e-07              79.274           3.162e+02     
 120.000         270.000            3.130e-01           3.130e-01             328.957           1.044e-07              79.513           3.162e+02     
 125.000         270.000            4.639e-01           4.639e-01             358.662           6.671e-08              75.455           3.162e+02     
 130.000         270.000            6.329e-01           6.329e-01              20.718           3.230e-08              59.017           3.162e+02     
 135.000         270.000            7.112e-01           7.112e-01              40.599           2.372e-08              20.769           3.162e+02     
 140.000         270.000            6.700e-01           6.700e-01              62.032           4.457e-08             353.788           3.162e+02     
 145.000         270.000            5.701e-01           5.701e-01              87.074           7.676e-08             347.828           3.162e+02     
 150.000         270.000            4.837e-01           4.837e-01             115.144           9.460e-08             350.204           3.162e+02     
 155.000         270.000            4.157e-01           4.157e-01             143.040           8.311e-08             355.957           3.162e+02     
 160.000         270.000            3.234e-01           3.234e-01             168.778           4.875e-08               4.039           3.162e+02     
 165.000         270.000            1.983e-01           1.983e-01             193.639           1.377e-08              18.516           3.162e+02     
 170.000         270.000            8.567e-02           8.567e-02             220.543           2.204e-09             111.040           3.162e+02     
 175.000         270.000            2.062e-02           2.062e-02             251.228           2.211e-08             162.303           3.162e+02     
 180.000         270.000            1.010e-05           1.004e-05             136.682           6.286e-08             167.346           2.489e+01     
   0.000         275.000            1.010e-05           9.845e-06             136.479           2.573e-07             331.219           2.491e+01     
   5.000         275.000            2.063e-02           2.063e-02             252.877           1.010e-07             310.572           3.162e+02     
  10.000         275.000            8.540e-02           8.540e-02             223.822           4.548e-08             264.616           3.162e+02     
  15.000         275.000            1.965e-01           1.965e-01             198.399           6.760e-08             212.782           3.162e+02     
  20.000         275.000            3.200e-01           3.200e-01             174.873           1.209e-07             186.885           3.162e+02     
  25.000         275.000            4.132e-01           4.132e-01             150.487           1.548e-07             170.871           3.162e+02     
  30.000         275.000            4.835e-01           4.835e-01             124.155           1.405e-07             158.148           3.162e+02     
  35.000         275.000            5.670e-01           5.670e-01              97.771           8.995e-08             146.101           3.162e+02     
  40.000         275.000            6.544e-01           6.544e-01              74.119           3.345e-08             132.063           3.162e+02     
  45.000         275.000            6.804e-01           6.804e-01              53.540           3.057e-09              93.366           3.162e+02     
  50.000         275.000            5.978e-01           5.978e-01              33.925           1.037e-08             330.212           3.162e+02     
  55.000         275.000            4.429e-01           4.429e-01              11.526           4.300e-08             312.498           3.162e+02     
  60.000         275.000            3.196e-01           3.196e-01             341.562           7.592e-08             304.042           3.162e+02     
  65.000         275.000            3.244e-01           3.244e-01             305.820           8.998e-08             298.069           3.162e+02     
  70.000         275.000            4.868e-01           4.868e-01             277.562           8.053e-08             293.398           3.162e+02     
  75.000         275.000            7.603e-01           7.603e-01             260.597           5.570e-08             289.736           3.162e+02     
  80.000         275.000            1.054e+00           1.054e+00             251.046           2.790e-08             287.025           3.162e+02     
  85.000         275.000            1.275e+00           1.275e+00             246.124           7.368e-09             285.256           3.162e+02     
  90.000         275.000            1.357e+00           1.357e+00             244.596           7.035e-13             312.060           3.162e+02     
  95.000         275.000            1.275e+00           1.275e+00             246.124           7.364e-09             105.250           3.162e+02     
 100.000         275.000            1.054e+00           1.054e+00             251.046           2.789e-08             107.021           3.162e+02     
 105.000         275.000            7.603e-01           7.603e-01             260.597           5.569e-08             109.731           3.162e+02     
 110.000         275.000            4.868e-01           4.868e-01             277.562           8.051e-08             113.392           3.162e+02     
 115.000         275.000            3.244e-01           3.244e-01             305.820           8.997e-08             118.061           3.162e+02     
 120.000         275.000            3.196e-01           3.196e-01             341.562           7.590e-08             124.032           3.162e+02     
 125.000         275.000            4.429e-01           4.429e-01              11.526           4.299e-08             132.482           3.162e+02     
 130.000         275.000            5.978e-01           5.978e-01              33.925           1.036e-08             150.179           3.162e+02     
 135.000         275.000            6.804e-01           6.804e-01              53.540           3.052e-09             273.423           3.162e+02     
 140.000         275.000            6.544e-01           6.544e-01              74.119           3.344e-08             312.083           3.162e+02     
 145.000         275.000            5.670e-01           5.670e-01              97.771           8.994e-08             326.112           3.162e+02     
 150.000         275.000            4.835e-01           4.835e-01             124.155           1.405e-07             338.156           3.162e+02     
 155.000         275.000            4.132e-01           4.132e-01             150.487           1.548e-07             350.878           3.162e+02     
 160.000         275.000            3.200e-01           3.200e-01             174.873           1.208e-07               6.893           3.162e+02     
 165.000         275.000            1.965e-01           1.965e-01             198.399           6.757e-08              32.794           3.162e+02     
 170.000         275.000            8.540e-02           8.540e-02             223.822           4.547e-08              84.634           3.162e+02     
 175.000         275.000            2.063e-02           2.063e-02             252.877           1.010e-07             130.582           3.162e+02     
 180.000         275.000            1.010e-05           9.845e-06             136.479           2.573e-07             151.226           2.489e+01     
   0.000         280.000            1.010e-05           9.505e-06             136.270           5.974e-07             326.054           2.491e+01     
   5.000         280.000            2.064e-02           2.064e-02             254.765           2.947e-07             303.155           3.162e+02     
  10.000         280.000            8.484e-02           8.484e-02             227.537           1.688e-07             266.101           3.162e+02     
  15.000         280.000            1.936e-01           1.936e-01             203.760           1.769e-07             223.967           3.162e+02     
  20.000         280.000            3.138e-01           3.138e-01             181.781           2.343e-07             195.295           3.162e+02     
  25.000         280.000            4.048e-01           4.048e-01             158.989           2.676e-07             174.818           3.162e+02     
  30.000         280.000            4.724e-01           4.724e-01             134.384           2.371e-07             156.882           3.162e+02     
  35.000         280.000            5.484e-01           5.484e-01             109.721           1.684e-07             137.242           3.162e+02     
  40.000         280.000            6.236e-01           6.236e-01              87.530           1.004e-07             110.891           3.162e+02     
  45.000         280.000            6.407e-01           6.407e-01              68.091           6.771e-08              74.508           3.162e+02     
  50.000         280.000            5.618e-01           5.618e-01              49.372           7.452e-08              36.709           3.162e+02     
  55.000         280.000            4.228e-01           4.228e-01              27.823           1.004e-07              11.159           3.162e+02     
  60.000         280.000            3.156e-01           3.156e-01             359.329           1.189e-07             355.056           3.162e+02     
  65.000         280.000            3.226e-01           3.226e-01             326.085           1.153e-07             344.126           3.162e+02     
  70.000         280.000            4.663e-01           4.663e-01             299.595           9.164e-08             336.055           3.162e+02     
  75.000         280.000            7.045e-01           7.045e-01             283.353           5.850e-08             330.036           3.162e+02     
  80.000         280.000            9.588e-01           9.588e-01             274.124           2.775e-08             325.703           3.162e+02     
  85.000         280.000            1.149e+00           1.149e+00             269.362           7.498e-09             321.792           3.162e+02     
  90.000         280.000            1.219e+00           1.219e+00             267.884           1.500e-12             357.582           3.162e+02     
  95.000         280.000            1.149e+00           1.149e+00             269.362           7.495e-09             141.806           3.162e+02     
 100.000         280.000            9.588e-01           9.588e-01             274.124           2.774e-08             145.709           3.162e+02     
 105.000         280.000            7.045e-01           7.045e-01             283.353           5.849e-08             150.039           3.162e+02     
 110.000         280.000            4.663e-01           4.663e-01             299.595           9.162e-08             156.056           3.162e+02     
 115.000         280.000            3.226e-01           3.226e-01             326.085           1.153e-07             164.125           3.162e+02     
 120.000         280.000            3.156e-01           3.156e-01             359.329           1.189e-07             175.054           3.162e+02     
 125.000         280.000            4.228e-01           4.228e-01              27.823           1.004e-07             191.156           3.162e+02     
 130.000         280.000            5.618e-01           5.618e-01              49.372           7.449e-08             216.706           3.162e+02     
 135.000         280.000            6.407e-01           6.407e-01              68.091           6.767e-08             254.510           3.162e+02     
 140.000         280.000            6.236e-01           6.236e-01              87.530           1.004e-07             290.897           3.162e+02     
 145.000         280.000            5.484e-01           5.484e-01             109.721           1.684e-07             317.247           3.162e+02     
 150.000         280.000            4.724e-01           4.724e-01             134.384           2.370e-07             336.887           3.162e+02     
 155.000         280.000            4.048e-01           4.048e-01             158.989           2.675e-07             354.822           3.162e+02     
 160.000         280.000            3.138e-01           3.138e-01             181.781           2.342e-07              15.300           3.162e+02     
 165.000         280.000            1.936e-01           1.936e-01             203.760           1.768e-07              43.975           3.162e+02     
 170.000         280.000            8.484e-02           8.484e-02             227.537           1.688e-07              86.111           3.162e+02     
 175.000         280.000            2.064e-02           2.064e-02             254.765           2.947e-07             123.162           3.162e+02     
 180.000         280.000            1.010e-05           9.505e-06             136.270           5.974e-07             146.059           2.489e+01     
   0.000         285.000            1.010e-05           9.030e-06             136.052           1.073e-06             323.528           2.491e+01     
   5.000         285.000            2.064e-02           2.064e-02             256.877           5.960e-07             301.406           2.654e+02     
  10.000         285.000            8.404e-02           8.404e-02             231.664           3.706e-07             269.801           3.162e+02     
  15.000         285.000            1.898e-01           1.898e-01             209.716           3.354e-07             233.517           3.162e+02     
  20.000         285.000            3.053e-01           3.053e-01             189.529           3.748e-07             204.932           3.162e+02     
  25.000         285.000            3.914e-01           3.914e-01             168.631           4.004e-07             182.280           3.162e+02     
  30.000         285.000            4.521e-01           4.521e-01             145.996           3.629e-07             161.256           3.162e+02     
  35.000         285.000            5.165e-01           5.165e-01             123.140           2.986e-07             138.022           3.162e+02     
  40.000         285.000            5.803e-01           5.803e-01             102.442           2.498e-07             110.467           3.162e+02     
  45.000         285.000            5.969e-01           5.969e-01              84.306           2.455e-07              78.867           3.162e+02     
  50.000         285.000            5.335e-01           5.335e-01              66.955           2.833e-07              55.639           3.162e+02     
  55.000         285.000            4.172e-01           4.172e-01              47.319           3.134e-07              38.144           3.162e+02     
  60.000         285.000            3.213e-01           3.213e-01              22.084           3.034e-07              25.057           3.162e+02     
  65.000         285.000            3.137e-01           3.137e-01             352.572           2.493e-07              14.974           3.162e+02     
  70.000         285.000            4.153e-01           4.153e-01             327.579           1.739e-07               6.675           3.162e+02     
  75.000         285.000            5.951e-01           5.951e-01             311.392           1.000e-07               0.022           3.162e+02     
  80.000         285.000            7.914e-01           7.914e-01             302.006           4.384e-08             354.943           3.162e+02     
  85.000         285.000            9.399e-01           9.399e-01             297.150           1.062e-08             351.473           3.162e+02     
  90.000         285.000            9.949e-01           9.949e-01             295.645           3.291e-12              28.540           3.162e+02     
  95.000         285.000            9.399e-01           9.399e-01             297.150           1.062e-08             171.496           3.162e+02     
 100.000         285.000            7.914e-01           7.914e-01             302.006           4.384e-08             174.953           3.162e+02     
 105.000         285.000            5.951e-01           5.951e-01             311.392           1.000e-07             180.028           3.162e+02     
 110.000         285.000            4.153e-01           4.153e-01             327.579           1.739e-07             186.678           3.162e+02     
 115.000         285.000            3.137e-01           3.137e-01             352.572           2.492e-07             194.975           3.162e+02     
 120.000         285.000            3.213e-01           3.213e-01              22.084           3.034e-07             205.057           3.162e+02     
 125.000         285.000            4.172e-01           4.172e-01              47.319           3.134e-07             218.143           3.162e+02     
 130.000         285.000            5.335e-01           5.335e-01              66.955           2.833e-07             235.637           3.162e+02     
 135.000         285.000            5.969e-01           5.969e-01              84.306           2.455e-07             258.865           3.162e+02     
 140.000         285.000            5.803e-01           5.803e-01             102.442           2.498e-07             290.468           3.162e+02     
 145.000         285.000            5.165e-01           5.165e-01             123.140           2.985e-07             318.024           3.162e+02     
 150.000         285.000            4.521e-01           4.521e-01             145.996           3.628e-07             341.258           3.162e+02     
 155.000         285.000            3.914e-01           3.914e-01             168.631           4.003e-07               2.283           3.162e+02     
 160.000         285.000            3.053e-01           3.053e-01             189.529           3.747e-07              24.935           3.162e+02     
 165.000         285.000            1.898e-01           1.898e-01             209.716           3.354e-07              53.522           3.162e+02     
 170.000         285.000            8.404e-02           8.404e-02             231.664           3.706e-07              89.807           3.162e+02     
 175.000         285.000            2.064e-02           2.064e-02             256.877           5.959e-07             121.411           2.654e+02     
 180.000         285.000            1.010e-05           9.029e-06             136.051           1.073e-06             143.531           2.489e+01     
   0.000         290.000            1.010e-05           8.434e-06             135.820           1.669e-06             322.016           2.491e+01     
   5.000         290.000            2.065e-02           2.065e-02             259.198           1.001e-06             301.581           2.131e+02     
  10.000         290.000            8.305e-02           8.305e-02             236.183           6.518e-07             274.323           3.162e+02     
  15.000         290.000            1.852e-01           1.852e-01             216.254           5.455e-07             242.891           3.162e+02     
  20.000         290.000            2.953e-01           2.953e-01             198.120           5.443e-07             215.742           3.162e+02     
  25.000         290.000            3.753e-01           3.753e-01             179.464           5.521e-07             192.296           3.162e+02     
  30.000         290.000            4.266e-01           4.266e-01             159.145           5.126e-07             169.484           3.162e+02     
  35.000         290.000            4.770e-01           4.770e-01             138.288           4.493e-07             142.718           3.162e+02     
  40.000         290.000            5.298e-01           5.298e-01             119.095           4.610e-07             114.977           3.162e+02     
  45.000         290.000            5.516e-01           5.516e-01             102.209           5.428e-07              89.846           3.162e+02     
  50.000         290.000            5.132e-01           5.132e-01              86.230           6.453e-07              70.235           3.162e+02     
  55.000         290.000            4.291e-01           4.291e-01              68.685           6.965e-07              55.249           3.162e+02     
  60.000         290.000            3.523e-01           3.523e-01              47.204           6.450e-07              43.651           3.162e+02     
  65.000         290.000            3.371e-01           3.371e-01              22.511           5.064e-07              34.242           3.162e+02     
  70.000         290.000            4.051e-01           4.051e-01               0.254           3.337e-07              26.515           3.162e+02     
  75.000         290.000            5.367e-01           5.367e-01             344.564           1.834e-07              19.946           3.162e+02     
  80.000         290.000            6.856e-01           6.856e-01             334.994           7.735e-08              14.787           3.162e+02     
  85.000         290.000            8.004e-01           8.004e-01             329.936           1.827e-08              11.168           3.162e+02     
  90.000         290.000            8.432e-01           8.432e-01             328.359           5.635e-12              52.328           3.162e+02     
  95.000         290.000            8.004e-01           8.004e-01             329.936           1.827e-08             191.192           3.162e+02     
 100.000         290.000            6.856e-01           6.856e-01             334.994           7.735e-08             194.797           3.162e+02     
 105.000         290.000            5.367e-01           5.367e-01             344.564           1.834e-07             199.952           3.162e+02     
 110.000         290.000            4.051e-01           4.051e-01               0.254           3.337e-07             206.518           3.162e+02     
 115.000         290.000            3.371e-01           3.371e-01              22.511           5.064e-07             214.243           3.162e+02     
 120.000         290.000            3.523e-01           3.523e-01              47.204           6.449e-07             223.651           3.162e+02     
 125.000         290.000            4.291e-01           4.291e-01              68.685           6.965e-07             235.248           3.162e+02     
 130.000         290.000            5.132e-01           5.132e-01              86.230           6.453e-07             250.233           3.162e+02     
 135.000         290.000            5.516e-01           5.516e-01             102.209           5.427e-07             269.843           3.162e+02     
 140.000         290.000            5.298e-01           5.298e-01             119.095           4.609e-07             294.975           3.162e+02     
 145.000         290.000            4.770e-01           4.770e-01             138.288           4.491e-07             322.718           3.162e+02     
 150.000         290.000            4.266e-01           4.266e-01             159.145           5.125e-07             349.485           3.162e+02     
 155.000         290.000            3.753e-01           3.753e-01             179.465           5.520e-07              12.298           3.162e+02     
 160.000         290.000            2.953e-01           2.953e-01             198.120           5.442e-07              35.745           3.162e+02     
 165.000         290.000            1.852e-01           1.852e-01             216.254           5.454e-07              62.895           3.162e+02     
 170.000         290.000            8.305e-02           8.305e-02             236.183           6.517e-07              94.328           3.162e+02     
 175.000         290.000            2.065e-02           2.065e-02             259.198           1.000e-06             121.584           2.131e+02     
 180.000         290.000            1.010e-05           8.433e-06             135.819           1.669e-06             142.019           2.489e+01     
   0.000         295.000            1.010e-05           7.734e-06             135.570           2.368e-06             320.999           2.491e+01     
   5.000         295.000            2.066e-02           2.066e-02             261.710           1.502e-06             302.680           1.789e+02     
  10.000         295.000            8.193e-02           8.193e-02             241.072           1.013e-06             279.322           3.162e+02     
  15.000         295.000            1.801e-01           1.801e-01             223.349           8.131e-07             252.361           3.162e+02     
  20.000         295.000            2.849e-01           2.849e-01             207.526           7.511e-07             227.520           3.162e+02     
  25.000         295.000            3.594e-01           3.594e-01             191.473           6.914e-07             203.658           3.162e+02     
  30.000         295.000            4.018e-01           4.018e-01             173.889           6.451e-07             179.735           3.162e+02     
  35.000         295.000            4.385e-01           4.385e-01             155.363           6.310e-07             153.116           3.162e+02     
  40.000         295.000            4.807e-01           4.807e-01             137.751           7.058e-07             124.957           3.162e+02     
  45.000         295.000            5.081e-01           5.081e-01             121.931           8.921e-07             100.885           3.162e+02     
  50.000         295.000            4.957e-01           4.957e-01             106.948           1.089e-06              82.666           3.162e+02     
  55.000         295.000            4.473e-01           4.473e-01              90.882           1.192e-06              67.600           3.162e+02     
  60.000         295.000            3.987e-01           3.987e-01              72.137           1.107e-06              56.913           3.162e+02     
  65.000         295.000            3.932e-01           3.932e-01              51.371           8.703e-07              47.958           3.162e+02     
  70.000         295.000            4.520e-01           4.520e-01              32.236           5.784e-07              40.278           3.162e+02     
  75.000         295.000            5.631e-01           5.631e-01              17.867           3.163e-07              33.895           3.162e+02     
  80.000         295.000            6.897e-01           6.897e-01               8.597           1.346e-07              28.690           3.162e+02     
  85.000         295.000            7.881e-01           7.881e-01               3.535           3.210e-08              25.024           3.162e+02     
  90.000         295.000            8.250e-01           8.250e-01               1.934           7.672e-12              75.110           3.162e+02     
  95.000         295.000            7.881e-01           7.881e-01               3.535           3.210e-08             205.046           3.162e+02     
 100.000         295.000            6.897e-01           6.897e-01               8.597           1.346e-07             208.699           3.162e+02     
 105.000         295.000            5.631e-01           5.631e-01              17.867           3.163e-07             213.901           3.162e+02     
 110.000         295.000            4.520e-01           4.520e-01              32.236           5.784e-07             220.281           3.162e+02     
 115.000         295.000            3.932e-01           3.932e-01              51.371           8.703e-07             227.960           3.162e+02     
 120.000         295.000            3.987e-01           3.987e-01              72.137           1.107e-06             236.913           3.162e+02     
 125.000         295.000            4.473e-01           4.473e-01              90.882           1.192e-06             247.599           3.162e+02     
 130.000         295.000            4.957e-01           4.957e-01             106.948           1.089e-06             262.664           3.162e+02     
 135.000         295.000            5.081e-01           5.081e-01             121.931           8.920e-07             280.883           3.162e+02     
 140.000         295.000            4.807e-01           4.807e-01             137.751           7.057e-07             304.955           3.162e+02     
 145.000         295.000            4.385e-01           4.385e-01             155.363           6.308e-07             333.115           3.162e+02     
 150.000         295.000            4.018e-01           4.018e-01             173.889           6.449e-07             359.736           3.162e+02     
 155.000         295.000            3.594e-01           3.594e-01             191.473           6.913e-07              23.660           3.162e+02     
 160.000         295.000            2.849e-01           2.849e-01             207.526           7.509e-07              47.522           3.162e+02     
 165.000         295.000            1.801e-01           1.801e-01             223.349           8.129e-07              72.365           3.162e+02     
 170.000         295.000            8.193e-02           8.193e-02             241.072           1.013e-06              99.326           3.162e+02     
 175.000         295.000            2.066e-02           2.066e-02             261.710           1.502e-06             122.683           1.789e+02     
 180.000         295.000            1.010e-05           7.734e-06             135.569           2.368e-06             141.001           2.489e+01     
   0.000         300.000            1.010e-05           6.954e-06             135.294           3.149e-06             320.259           2.491e+01     
   5.000         300.000            2.069e-02           2.068e-02             264.395           2.091e-06             304.317           1.550e+02     
  10.000         300.000            8.073e-02           8.073e-02             246.303           1.456e-06             284.641           3.162e+02     
  15.000         300.000            1.749e-01           1.749e-01             230.965           1.146e-06             261.933           3.162e+02     
  20.000         300.000            2.750e-01           2.750e-01             217.680           1.008e-06             239.982           3.162e+02     
  25.000         300.000            3.462e-01           3.462e-01             204.538           8.967e-07             217.689           3.162e+02     
  30.000         300.000            3.840e-01           3.840e-01             190.090           8.078e-07             193.806           3.162e+02     
  35.000         300.000            4.112e-01           4.112e-01             174.303           7.792e-07             166.224           3.162e+02     
  40.000         300.000            4.446e-01           4.446e-01             158.472           8.965e-07             138.051           3.162e+02     
  45.000         300.000            4.748e-01           4.748e-01             143.589           1.156e-06             113.131           3.162e+02     
  50.000         300.000            4.819e-01           4.819e-01             129.208           1.462e-06              95.312           3.162e+02     
  55.000         300.000            4.622e-01           4.622e-01             113.963           1.601e-06              81.775           3.162e+02     
  60.000         300.000            4.392e-01           4.392e-01              96.783           1.505e-06              70.862           3.162e+02     
  65.000         300.000            4.476e-01           4.476e-01              78.320           1.200e-06              61.746           3.162e+02     
  70.000         300.000            5.076e-01           5.076e-01              61.228           8.125e-07              53.922           3.162e+02     
  75.000         300.000            6.113e-01           6.113e-01              47.937           4.585e-07              47.291           3.162e+02     
  80.000         300.000            7.276e-01           7.276e-01              39.032           1.994e-07              42.028           3.162e+02     
  85.000         300.000            8.177e-01           8.177e-01              34.041           4.847e-08              38.337           3.162e+02     
  90.000         300.000            8.515e-01           8.515e-01              32.443           9.056e-12              99.962           3.162e+02     
  95.000         300.000            8.177e-01           8.177e-01              34.041           4.847e-08             218.358           3.162e+02     
 100.000         300.000            7.276e-01           7.276e-01              39.032           1.994e-07             222.038           3.162e+02     
 105.000         300.000            6.113e-01           6.113e-01              47.937           4.585e-07             227.297           3.162e+02     
 110.000         300.000            5.076e-01           5.076e-01              61.228           8.125e-07             233.926           3.162e+02     
 115.000         300.000            4.476e-01           4.476e-01              78.320           1.200e-06             241.747           3.162e+02     
 120.000         300.000            4.392e-01           4.392e-01              96.783           1.505e-06             250.863           3.162e+02     
 125.000         300.000            4.622e-01           4.622e-01             113.963           1.601e-06             261.774           3.162e+02     
 130.000         300.000            4.819e-01           4.819e-01             129.208           1.462e-06             275.310           3.162e+02     
 135.000         300.000            4.748e-01           4.748e-01             143.589           1.156e-06             293.128           3.162e+02     
 140.000         300.000            4.446e-01           4.446e-01             158.472           8.964e-07             318.048           3.162e+02     
 145.000         300.000            4.112e-01           4.112e-01             174.303           7.790e-07             346.222           3.162e+02     
 150.000         300.000            3.840e-01           3.840e-01             190.090           8.076e-07              13.806           3.162e+02     
 155.000         300.000            3.462e-01           3.462e-01             204.538           8.965e-07              37.690           3.162e+02     
 160.000         300.000            2.750e-01           2.750e-01             217.680           1.008e-06              59.984           3.162e+02     
 165.000         300.000            1.749e-01           1.749e-01             230.965           1.146e-06              81.936           3.162e+02     
 170.000         300.000            8.073e-02           8.073e-02             246.303           1.455e-06             104.644           3.162e+02     
 175.000         300.000            2.069e-02           2.068e-02             264.395           2.091e-06             124.320           1.550e+02     
 180.000         300.000            1.010e-05           6.953e-06             135.293           3.149e-06             140.260           2.489e+01     
   0.000         305.000            1.010e-05           6.115e-06             134.984           3.987e-06             319.688           2.491e+01     
   5.000         305.000            2.072e-02           2.072e-02             267.231           2.756e-06             306.304           1.376e+02     
  10.000         305.000            7.953e-02           7.952e-02             251.845           1.977e-06             290.184           3.162e+02     
  15.000         305.000            1.698e-01           1.698e-01             239.055           1.553e-06             271.546           3.162e+02     
  20.000         305.000            2.662e-01           2.662e-01             228.476           1.286e-06             252.681           3.162e+02     
  25.000         305.000            3.379e-01           3.379e-01             218.430           1.113e-06             233.045           3.162e+02     
  30.000         305.000            3.775e-01           3.775e-01             207.337           9.817e-07             210.397           3.162e+02     
  35.000         305.000            4.029e-01           4.029e-01             194.572           8.995e-07             183.604           3.162e+02     
  40.000         305.000            4.321e-01           4.321e-01             180.749           9.763e-07             154.899           3.162e+02     
  45.000         305.000            4.638e-01           4.638e-01             166.818           1.254e-06             130.290           3.162e+02     
  50.000         305.000            4.827e-01           4.827e-01             152.888           1.569e-06             111.805           3.162e+02     
  55.000         305.000            4.813e-01           4.813e-01             138.225           1.729e-06              97.898           3.162e+02     
  60.000         305.000            4.736e-01           4.736e-01             122.183           1.613e-06              86.924           3.162e+02     
  65.000         305.000            4.864e-01           4.864e-01             105.292           1.302e-06              77.328           3.162e+02     
  70.000         305.000            5.384e-01           5.384e-01              89.516           8.944e-07              69.664           3.162e+02     
  75.000         305.000            6.254e-01           6.254e-01              76.857           5.133e-07              63.136           3.162e+02     
  80.000         305.000            7.228e-01           7.228e-01              68.093           2.269e-07              57.952           3.162e+02     
  85.000         305.000            7.985e-01           7.985e-01              63.068           5.597e-08              54.305           3.162e+02     
  90.000         305.000            8.269e-01           8.269e-01              61.441           1.015e-11             127.504           3.162e+02     
  95.000         305.000            7.985e-01           7.985e-01              63.068           5.596e-08             234.327           3.162e+02     
 100.000         305.000            7.228e-01           7.228e-01              68.093           2.269e-07             237.962           3.162e+02     
 105.000         305.000            6.254e-01           6.254e-01              76.857           5.133e-07             243.142           3.162e+02     
 110.000         305.000            5.384e-01           5.384e-01              89.516           8.945e-07             249.667           3.162e+02     
 115.000         305.000            4.864e-01           4.864e-01             105.292           1.302e-06             257.330           3.162e+02     
 120.000         305.000            4.736e-01           4.736e-01             122.183           1.613e-06             266.925           3.162e+02     
 125.000         305.000            4.813e-01           4.813e-01             138.225           1.729e-06             277.897           3.162e+02     
 130.000         305.000            4.827e-01           4.827e-01             152.888           1.569e-06             291.803           3.162e+02     
 135.000         305.000            4.638e-01           4.638e-01             166.818           1.254e-06             310.288           3.162e+02     
 140.000         305.000            4.321e-01           4.321e-01             180.749           9.761e-07             334.896           3.162e+02     
 145.000         305.000            4.029e-01           4.029e-01             194.572           8.993e-07               3.602           3.162e+02     
 150.000         305.000            3.775e-01           3.775e-01             207.337           9.815e-07              30.397           3.162e+02     
 155.000         305.000            3.379e-01           3.379e-01             218.430           1.113e-06              53.046           3.162e+02     
 160.000         305.000            2.662e-01           2.662e-01             228.476           1.286e-06              72.683           3.162e+02     
 165.000         305.000            1.698e-01           1.698e-01             239.055           1.553e-06              91.549           3.162e+02     
 170.000         305.000            7.953e-02           7.952e-02             251.845           1.977e-06             110.186           3.162e+02     
 175.000         305.000            2.072e-02           2.072e-02             267.231           2.756e-06             126.306           1.376e+02     
 180.000         305.000            1.010e-05           6.115e-06             134.983           3.987e-06             139.689           2.489e+01     
   0.000         310.000            1.010e-05           5.245e-06             134.627           4.858e-06             319.228           2.491e+01     
   5.000         310.000            2.077e-02           2.077e-02             270.196           3.484e-06             308.530           1.245e+02     
  10.000         310.000            7.838e-02           7.837e-02             257.661           2.573e-06             295.879           2.821e+02     
  15.000         310.000            1.649e-01           1.649e-01             247.560           2.038e-06             281.134           3.162e+02     
  20.000         310.000            2.591e-01           2.591e-01             239.786           1.674e-06             265.791           3.162e+02     
  25.000         310.000            3.352e-01           3.352e-01             232.847           1.416e-06             248.985           3.162e+02     
  30.000         310.000            3.841e-01           3.841e-01             225.032           1.196e-06             229.085           3.162e+02     
  35.000         310.000            4.168e-01           4.168e-01             215.229           1.007e-06             204.523           3.162e+02     
  40.000         310.000            4.484e-01           4.484e-01             203.451           1.005e-06             177.214           3.162e+02     
  45.000         310.000            4.827e-01           4.827e-01             190.515           1.169e-06             152.671           3.162e+02     
  50.000         310.000            5.103e-01           5.103e-01             177.039           1.398e-06             133.504           3.162e+02     
  55.000         310.000            5.226e-01           5.226e-01             162.999           1.502e-06             119.171           3.162e+02     
  60.000         310.000            5.260e-01           5.260e-01             148.210           1.399e-06             108.485           3.162e+02     
  65.000         310.000            5.390e-01           5.390e-01             133.096           1.097e-06              99.742           3.162e+02     
  70.000         310.000            5.769e-01           5.769e-01             118.957           7.484e-07              92.347           3.162e+02     
  75.000         310.000            6.389e-01           6.389e-01             107.284           4.261e-07              86.121           3.162e+02     
  80.000         310.000            7.086e-01           7.086e-01              98.914           1.870e-07              81.171           3.162e+02     
  85.000         310.000            7.630e-01           7.630e-01              93.986           4.595e-08              77.616           3.162e+02     
  90.000         310.000            7.834e-01           7.834e-01              92.369           1.119e-11             156.619           3.162e+02     
  95.000         310.000            7.630e-01           7.630e-01              93.986           4.594e-08             257.639           3.162e+02     
 100.000         310.000            7.086e-01           7.086e-01              98.914           1.870e-07             261.181           3.162e+02     
 105.000         310.000            6.389e-01           6.389e-01             107.284           4.261e-07             266.127           3.162e+02     
 110.000         310.000            5.769e-01           5.769e-01             118.957           7.484e-07             272.350           3.162e+02     
 115.000         310.000            5.390e-01           5.390e-01             133.096           1.097e-06             279.743           3.162e+02     
 120.000         310.000            5.260e-01           5.260e-01             148.210           1.399e-06             288.486           3.162e+02     
 125.000         310.000            5.226e-01           5.226e-01             162.999           1.502e-06             299.170           3.162e+02     
 130.000         310.000            5.103e-01           5.103e-01             177.039           1.398e-06             313.502           3.162e+02     
 135.000         310.000            4.827e-01           4.827e-01             190.515           1.169e-06             332.668           3.162e+02     
 140.000         310.000            4.484e-01           4.484e-01             203.451           1.005e-06             357.211           3.162e+02     
 145.000         310.000            4.168e-01           4.168e-01             215.229           1.007e-06              24.521           3.162e+02     
 150.000         310.000            3.841e-01           3.841e-01             225.032           1.196e-06              49.085           3.162e+02     
 155.000         310.000            3.352e-01           3.352e-01             232.847           1.416e-06              68.985           3.162e+02     
 160.000         310.000            2.591e-01           2.591e-01             239.786           1.674e-06              85.792           3.162e+02     
 165.000         310.000            1.649e-01           1.649e-01             247.560           2.038e-06             101.136           3.162e+02     
 170.000         310.000            7.838e-02           7.837e-02             257.661           2.573e-06             115.881           2.821e+02     
 175.000         310.000            2.077e-02           2.077e-02             270.196           3.484e-06             128.532           1.245e+02     
 180.000         310.000            1.010e-05           5.244e-06             134.625           4.858e-06             139.229           2.489e+01     
   0.000         315.000            1.010e-05           4.368e-06             134.204           5.735e-06             318.845           2.491e+01     
   5.000         315.000            2.085e-02           2.084e-02             273.266           4.259e-06             310.922           1.145e+02     
  10.000         315.000            7.735e-02           7.735e-02             263.711           3.237e-06             301.671           2.513e+02     
  15.000         315.000            1.605e-01           1.605e-01             256.416           2.551e-06             290.619           3.162e+02     
  20.000         315.000            2.536e-01           2.536e-01             251.472           2.139e-06             278.855           3.162e+02     
  25.000         315.000            3.374e-01           3.374e-01             247.490           1.794e-06             265.290           3.162e+02     
  30.000         315.000            4.021e-01           4.021e-01             242.610           1.466e-06             248.843           3.162e+02     
  35.000         315.000            4.500e-01           4.500e-01             235.396           1.194e-06             228.572           3.162e+02     
  40.000         315.000            4.898e-01           4.898e-01             225.469           1.053e-06             204.863           3.162e+02     
  45.000         315.000            5.281e-01           5.281e-01             213.488           1.069e-06             181.597           3.162e+02     
  50.000         315.000            5.632e-01           5.632e-01             200.434           1.149e-06             163.029           3.162e+02     
  55.000         315.000            5.901e-01           5.901e-01             186.940           1.183e-06             149.417           3.162e+02     
  60.000         315.000            6.106e-01           6.106e-01             173.342           1.068e-06             139.597           3.162e+02     
  65.000         315.000            6.344e-01           6.344e-01             160.112           8.280e-07             132.228           3.162e+02     
  70.000         315.000            6.707e-01           6.707e-01             148.073           5.481e-07             126.463           3.162e+02     
  75.000         315.000            7.195e-01           7.195e-01             138.128           3.031e-07             121.870           3.162e+02     
  80.000         315.000            7.707e-01           7.707e-01             130.875           1.264e-07             118.140           3.162e+02     
  85.000         315.000            8.095e-01           8.095e-01             126.524           3.040e-08             115.514           3.162e+02     
  90.000         315.000            8.240e-01           8.240e-01             125.080           1.176e-11             186.880           3.162e+02     
  95.000         315.000            8.095e-01           8.095e-01             126.524           3.040e-08             295.538           3.162e+02     
 100.000         315.000            7.707e-01           7.707e-01             130.875           1.264e-07             298.150           3.162e+02     
 105.000         315.000            7.195e-01           7.195e-01             138.128           3.031e-07             301.876           3.162e+02     
 110.000         315.000            6.707e-01           6.707e-01             148.073           5.481e-07             306.466           3.162e+02     
 115.000         315.000            6.344e-01           6.344e-01             160.112           8.281e-07             312.229           3.162e+02     
 120.000         315.000            6.106e-01           6.106e-01             173.342           1.068e-06             319.597           3.162e+02     
 125.000         315.000            5.901e-01           5.901e-01             186.940           1.183e-06             329.416           3.162e+02     
 130.000         315.000            5.632e-01           5.632e-01             200.434           1.149e-06             343.027           3.162e+02     
 135.000         315.000            5.281e-01           5.281e-01             213.488           1.069e-06               1.594           3.162e+02     
 140.000         315.000            4.898e-01           4.898e-01             225.469           1.053e-06              24.860           3.162e+02     
 145.000         315.000            4.500e-01           4.500e-01             235.396           1.194e-06              48.570           3.162e+02     
 150.000         315.000            4.021e-01           4.021e-01             242.610           1.466e-06              68.842           3.162e+02     
 155.000         315.000            3.374e-01           3.374e-01             247.490           1.794e-06              85.290           3.162e+02     
 160.000         315.000            2.536e-01           2.536e-01             251.472           2.139e-06              98.856           3.162e+02     
 165.000         315.000            1.605e-01           1.605e-01             256.416           2.550e-06             110.621           3.162e+02     
 170.000         315.000            7.735e-02           7.735e-02             263.711           3.236e-06             121.672           2.513e+02     
 175.000         315.000            2.085e-02           2.084e-02             273.266           4.258e-06             130.924           1.145e+02     
 180.000         315.000            1.010e-05           4.368e-06             134.203           5.734e-06             138.846           2.489e+01     
   0.000         320.000            1.010e-05           3.512e-06             133.688           6.591e-06             318.516           2.491e+01     
   5.000         320.000            2.095e-02           2.094e-02             276.416           5.060e-06             313.428           1.069e+02     
  10.000         320.000            7.651e-02           7.651e-02             269.947           3.955e-06             307.511           2.281e+02     
  15.000         320.000            1.567e-01           1.567e-01             265.555           3.164e-06             300.796           3.162e+02     
  20.000         320.000            2.497e-01           2.497e-01             263.413           2.681e-06             291.801           3.162e+02     
  25.000         320.000            3.434e-01           3.433e-01             262.133           2.255e-06             281.647           3.162e+02     
  30.000         320.000            4.279e-01           4.279e-01             259.736           1.829e-06             269.035           3.162e+02     
  35.000         320.000            4.960e-01           4.960e-01             254.662           1.487e-06             253.436           3.162e+02     
  40.000         320.000            5.468e-01           5.468e-01             246.366           1.222e-06             234.938           3.162e+02     
  45.000         320.000            5.873e-01           5.873e-01             235.352           1.106e-06             215.643           3.162e+02     
  50.000         320.000            6.252e-01           6.252e-01             222.730           1.089e-06             199.185           3.162e+02     
  55.000         320.000            6.641e-01           6.641e-01             209.620           1.043e-06             187.434           3.162e+02     
  60.000         320.000            7.052e-01           7.052e-01             196.850           9.363e-07             179.212           3.162e+02     
  65.000         320.000            7.511e-01           7.511e-01             185.056           7.396e-07             173.905           3.162e+02     
  70.000         320.000            8.033e-01           8.033e-01             174.805           5.068e-07             170.773           3.162e+02     
  75.000         320.000            8.588e-01           8.588e-01             166.566           2.913e-07             168.890           3.162e+02     
  80.000         320.000            9.095e-01           9.095e-01             160.618           1.286e-07             167.761           3.162e+02     
  85.000         320.000            9.453e-01           9.453e-01             157.054           3.146e-08             166.855           3.162e+02     
  90.000         320.000            9.582e-01           9.582e-01             155.870           1.171e-11             219.594           3.162e+02     
  95.000         320.000            9.453e-01           9.453e-01             157.054           3.146e-08             346.872           3.162e+02     
 100.000         320.000            9.095e-01           9.095e-01             160.618           1.286e-07             347.769           3.162e+02     
 105.000         320.000            8.588e-01           8.588e-01             166.566           2.913e-07             348.894           3.162e+02     
 110.000         320.000            8.033e-01           8.033e-01             174.805           5.069e-07             350.775           3.162e+02     
 115.000         320.000            7.511e-01           7.511e-01             185.056           7.396e-07             353.906           3.162e+02     
 120.000         320.000            7.052e-01           7.052e-01             196.850           9.364e-07             359.212           3.162e+02     
 125.000         320.000            6.641e-01           6.641e-01             209.620           1.043e-06               7.433           3.162e+02     
 130.000         320.000            6.252e-01           6.252e-01             222.730           1.089e-06              19.183           3.162e+02     
 135.000         320.000            5.873e-01           5.873e-01             235.352           1.106e-06              35.641           3.162e+02     
 140.000         320.000            5.468e-01           5.468e-01             246.366           1.222e-06              54.936           3.162e+02     
 145.000         320.000            4.960e-01           4.960e-01             254.662           1.487e-06              73.434           3.162e+02     
 150.000         320.000            4.279e-01           4.279e-01             259.736           1.829e-06              89.034           3.162e+02     
 155.000         320.000            3.434e-01           3.433e-01             262.133           2.254e-06             101.647           3.162e+02     
 160.000         320.000            2.497e-01           2.497e-01             263.413           2.680e-06             111.802           3.162e+02     
 165.000         320.000            1.567e-01           1.567e-01             265.555           3.164e-06             120.797           3.162e+02     
 170.000         320.000            7.651e-02           7.651e-02             269.947           3.955e-06             127.512           2.282e+02     
 175.000         320.000            2.095e-02           2.094e-02             276.416           5.060e-06             133.429           1.069e+02     
 180.000         320.000            1.010e-05           3.512e-06             133.686           6.590e-06             138.517           2.489e+01     
   0.000         325.000            1.010e-05           2.703e-06             133.032           7.400e-06             318.227           2.491e+01     
   5.000         325.000            2.108e-02           2.107e-02             279.617           5.868e-06             316.004           1.010e+02     
  10.000         325.000            7.593e-02           7.592e-02             276.318           4.712e-06             313.357           2.107e+02     
  15.000         325.000            1.537e-01           1.537e-01             274.910           3.859e-06             310.002           3.162e+02     
  20.000         325.000            2.471e-01           2.471e-01             275.508           3.290e-06             304.590           3.162e+02     
  25.000         325.000            3.512e-01           3.512e-01             276.656           2.766e-06             297.904           3.162e+02     
  30.000         325.000            4.569e-01           4.569e-01             276.334           2.308e-06             288.961           3.162e+02     
  35.000         325.000            5.473e-01           5.473e-01             273.061           1.866e-06             277.671           3.162e+02     
  40.000         325.000            6.100e-01           6.100e-01             266.326           1.535e-06             264.245           3.162e+02     
  45.000         325.000            6.491e-01           6.491e-01             256.493           1.327e-06             249.556           3.162e+02     
  50.000         325.000            6.810e-01           6.810e-01             244.590           1.225e-06             235.998           3.162e+02     
  55.000         325.000            7.201e-01           7.201e-01             231.970           1.154e-06             225.354           3.162e+02     
  60.000         325.000            7.714e-01           7.714e-01             219.857           1.042e-06             217.930           3.162e+02     
  65.000         325.000            8.330e-01           8.330e-01             209.081           8.465e-07             213.645           3.162e+02     
  70.000         325.000            8.995e-01           8.995e-01             200.101           6.181e-07             210.744           3.162e+02     
  75.000         325.000            9.637e-01           9.637e-01             193.121           3.795e-07             209.096           3.162e+02     
  80.000         325.000            1.018e+00           1.018e+00             188.186           1.775e-07             208.163           3.162e+02     
  85.000         325.000            1.053e+00           1.053e+00             185.262           4.519e-08             207.452           3.162e+02     
  90.000         325.000            1.066e+00           1.066e+00             184.295           1.184e-11             255.236           3.162e+02     
  95.000         325.000            1.053e+00           1.053e+00             185.262           4.520e-08              27.466           3.162e+02     
 100.000         325.000            1.018e+00           1.018e+00             188.186           1.776e-07              28.170           3.162e+02     
 105.000         325.000            9.637e-01           9.637e-01             193.121           3.795e-07              29.100           3.162e+02     
 110.000         325.000            8.995e-01           8.995e-01             200.101           6.181e-07              30.746           3.162e+02     
 115.000         325.000            8.330e-01           8.330e-01             209.081           8.465e-07              33.646           3.162e+02     
 120.000         325.000            7.714e-01           7.714e-01             219.857           1.042e-06              37.930           3.162e+02     
 125.000         325.000            7.201e-01           7.201e-01             231.970           1.154e-06              45.353           3.162e+02     
 130.000         325.000            6.810e-01           6.810e-01             244.590           1.225e-06              55.997           3.162e+02     
 135.000         325.000            6.491e-01           6.491e-01             256.493           1.327e-06              69.553           3.162e+02     
 140.000         325.000            6.100e-01           6.100e-01             266.326           1.534e-06              84.243           3.162e+02     
 145.000         325.000            5.473e-01           5.473e-01             273.061           1.866e-06              97.669           3.162e+02     
 150.000         325.000            4.569e-01           4.569e-01             276.334           2.308e-06             108.960           3.162e+02     
 155.000         325.000            3.512e-01           3.512e-01             276.656           2.766e-06             117.904           3.162e+02     
 160.000         325.000            2.471e-01           2.471e-01             275.508           3.290e-06             124.591           3.162e+02     
 165.000         325.000            1.537e-01           1.537e-01             274.910           3.859e-06             130.003           3.162e+02     
 170.000         325.000            7.593e-02           7.592e-02             276.318           4.712e-06             133.358           2.107e+02     
 175.000         325.000            2.108e-02           2.107e-02             279.617           5.867e-06             136.005           1.010e+02     
 180.000         325.000            1.010e-05           2.703e-06             133.029           7.399e-06             138.227           2.489e+01     
   0.000         330.000            1.010e-05           1.965e-06             132.154           8.137e-06             317.966           2.491e+01     
   5.000         330.000            2.125e-02           2.124e-02             282.843           6.660e-06             318.614           9.664e+01     
  10.000         330.000            7.565e-02           7.564e-02             282.766           5.488e-06             319.167           1.978e+02     
  15.000         330.000            1.516e-01           1.516e-01             284.402           4.591e-06             319.127           3.162e+02     
  20.000         330.000            2.457e-01           2.457e-01             287.683           3.919e-06             317.877           3.162e+02     
  25.000         330.000            3.596e-01           3.596e-01             291.032           3.375e-06             313.980           3.162e+02     
  30.000         330.000            4.854e-01           4.854e-01             292.487           2.854e-06             308.625           3.162e+02     
  35.000         330.000            5.983e-01           5.983e-01             290.821           2.358e-06             301.247           3.162e+02     
  40.000         330.000            6.741e-01           6.741e-01             285.701           1.935e-06             291.797           3.162e+02     
  45.000         330.000            7.113e-01           7.113e-01             277.425           1.644e-06             281.264           3.162e+02     
  50.000         330.000            7.310e-01           7.310e-01             266.840           1.433e-06             270.185           3.162e+02     
  55.000         330.000            7.568e-01           7.568e-01             255.276           1.277e-06             260.384           3.162e+02     
  60.000         330.000            7.996e-01           7.996e-01             244.146           1.116e-06             252.808           3.162e+02     
  65.000         330.000            8.564e-01           8.564e-01             234.458           9.073e-07             247.333           3.162e+02     
  70.000         330.000            9.180e-01           9.180e-01             226.655           6.586e-07             243.576           3.162e+02     
  75.000         330.000            9.747e-01           9.747e-01             220.794           4.054e-07             241.081           3.162e+02     
  80.000         330.000            1.020e+00           1.020e+00             216.762           1.907e-07             239.453           3.162e+02     
  85.000         330.000            1.048e+00           1.048e+00             214.415           4.848e-08             238.203           3.162e+02     
  90.000         330.000            1.058e+00           1.058e+00             213.645           1.276e-11             291.152           3.162e+02     
  95.000         330.000            1.048e+00           1.048e+00             214.415           4.849e-08              58.220           3.162e+02     
 100.000         330.000            1.020e+00           1.020e+00             216.762           1.907e-07              59.460           3.162e+02     
 105.000         330.000            9.747e-01           9.747e-01             220.794           4.055e-07              61.085           3.162e+02     
 110.000         330.000            9.180e-01           9.180e-01             226.655           6.587e-07              63.579           3.162e+02     
 115.000         330.000            8.564e-01           8.564e-01             234.458           9.074e-07              67.334           3.162e+02     
 120.000         330.000            7.996e-01           7.996e-01             244.146           1.116e-06              72.808           3.162e+02     
 125.000         330.000            7.568e-01           7.568e-01             255.276           1.277e-06              80.383           3.162e+02     
 130.000         330.000            7.310e-01           7.310e-01             266.840           1.433e-06              90.183           3.162e+02     
 135.000         330.000            7.113e-01           7.113e-01             277.425           1.644e-06             101.261           3.162e+02     
 140.000         330.000            6.741e-01           6.741e-01             285.701           1.935e-06             111.794           3.162e+02     
 145.000         330.000            5.983e-01           5.983e-01             290.821           2.358e-06             121.245           3.162e+02     
 150.000         330.000            4.854e-01           4.854e-01             292.487           2.854e-06             128.624           3.162e+02     
 155.000         330.000            3.596e-01           3.596e-01             291.032           3.375e-06             133.979           3.162e+02     
 160.000         330.000            2.457e-01           2.457e-01             287.683           3.919e-06             137.877           3.162e+02     
 165.000         330.000            1.516e-01           1.516e-01             284.402           4.591e-06             139.127           3.162e+02     
 170.000         330.000            7.565e-02           7.564e-02             282.766           5.488e-06             139.168           1.978e+02     
 175.000         330.000            2.125e-02           2.124e-02             282.843           6.659e-06             138.615           9.664e+01     
 180.000         330.000            1.010e-05           1.965e-06             132.151           8.137e-06             137.967           2.489e+01     
   0.000         335.000            1.010e-05           1.321e-06             130.899           8.781e-06             317.727           2.491e+01     
   5.000         335.000            2.146e-02           2.145e-02             286.063           7.412e-06             321.227           9.343e+01     
  10.000         335.000            7.574e-02           7.574e-02             289.227           6.261e-06             324.903           1.886e+02     
  15.000         335.000            1.505e-01           1.505e-01             293.946           5.341e-06             328.131           2.987e+02     
  20.000         335.000            2.455e-01           2.455e-01             299.877           4.630e-06             330.172           3.162e+02     
  25.000         335.000            3.678e-01           3.678e-01             305.276           4.030e-06             329.882           3.162e+02     
  30.000         335.000            5.110e-01           5.110e-01             308.327           3.455e-06             328.084           3.162e+02     
  35.000         335.000            6.456e-01           6.456e-01             308.158           2.898e-06             324.319           3.162e+02     
  40.000         335.000            7.378e-01           7.378e-01             304.703           2.404e-06             318.582           3.162e+02     
  45.000         335.000            7.790e-01           7.790e-01             298.306           1.970e-06             311.317           3.162e+02     
  50.000         335.000            7.897e-01           7.897e-01             289.680           1.601e-06             303.136           3.162e+02     
  55.000         335.000            7.990e-01           7.990e-01             279.979           1.300e-06             294.981           3.162e+02     
  60.000         335.000            8.232e-01           8.232e-01             270.559           1.025e-06             288.248           3.162e+02     
  65.000         335.000            8.619e-01           8.619e-01             262.474           7.589e-07             282.323           3.162e+02     
  70.000         335.000            9.060e-01           9.060e-01             256.187           5.101e-07             277.823           3.162e+02     
  75.000         335.000            9.460e-01           9.460e-01             251.686           2.936e-07             274.646           3.162e+02     
  80.000         335.000            9.764e-01           9.764e-01             248.740           1.322e-07             272.489           3.162e+02     
  85.000         335.000            9.948e-01           9.948e-01             247.094           3.287e-08             270.892           3.162e+02     
  90.000         335.000            1.001e+00           1.001e+00             246.567           1.352e-11             325.199           3.162e+02     
  95.000         335.000            9.948e-01           9.948e-01             247.094           3.289e-08              90.912           3.162e+02     
 100.000         335.000            9.764e-01           9.764e-01             248.740           1.322e-07              92.498           3.162e+02     
 105.000         335.000            9.460e-01           9.460e-01             251.686           2.937e-07              94.651           3.162e+02     
 110.000         335.000            9.060e-01           9.060e-01             256.187           5.102e-07              97.825           3.162e+02     
 115.000         335.000            8.619e-01           8.619e-01             262.474           7.590e-07             102.324           3.162e+02     
 120.000         335.000            8.232e-01           8.232e-01             270.559           1.025e-06             108.247           3.162e+02     
 125.000         335.000            7.990e-01           7.990e-01             279.979           1.300e-06             114.979           3.162e+02     
 130.000         335.000            7.897e-01           7.897e-01             289.680           1.601e-06             123.134           3.162e+02     
 135.000         335.000            7.790e-01           7.790e-01             298.306           1.970e-06             131.314           3.162e+02     
 140.000         335.000            7.378e-01           7.378e-01             304.703           2.404e-06             138.579           3.162e+02     
 145.000         335.000            6.456e-01           6.456e-01             308.158           2.898e-06             144.317           3.162e+02     
 150.000         335.000            5.110e-01           5.110e-01             308.327           3.455e-06             148.083           3.162e+02     
 155.000         335.000            3.678e-01           3.678e-01             305.276           4.030e-06             149.882           3.162e+02     
 160.000         335.000            2.455e-01           2.455e-01             299.877           4.629e-06             150.172           3.162e+02     
 165.000         335.000            1.505e-01           1.505e-01             293.946           5.340e-06             148.132           2.988e+02     
 170.000         335.000            7.574e-02           7.574e-02             289.227           6.260e-06             144.904           1.886e+02     
 175.000         335.000            2.146e-02           2.145e-02             286.063           7.411e-06             141.228           9.344e+01     
 180.000         335.000            1.010e-05           1.321e-06             130.896           8.781e-06             137.727           2.489e+01     
   0.000         340.000            1.010e-05           7.907e-07             128.920           9.312e-06             317.503           2.491e+01     
   5.000         340.000            2.171e-02           2.170e-02             289.249           8.100e-06             323.815           9.126e+01     
  10.000         340.000            7.625e-02           7.624e-02             295.632           7.005e-06             330.524           1.824e+02     
  15.000         340.000            1.506e-01           1.506e-01             303.447           6.087e-06             336.966           2.849e+02     
  20.000         340.000            2.470e-01           2.470e-01             312.015           5.352e-06             342.344           3.162e+02     
  25.000         340.000            3.759e-01           3.759e-01             319.405           4.694e-06             346.038           3.162e+02     
  30.000         340.000            5.330e-01           5.330e-01             323.975           4.065e-06             347.765           3.162e+02     
  35.000         340.000            6.869e-01           6.869e-01             325.227           3.508e-06             346.993           3.162e+02     
  40.000         340.000            7.988e-01           7.988e-01             323.389           2.920e-06             344.806           3.162e+02     
  45.000         340.000            8.536e-01           8.536e-01             318.951           2.348e-06             341.232           3.162e+02     
  50.000         340.000            8.674e-01           8.674e-01             312.595           1.810e-06             336.866           3.162e+02     
  55.000         340.000            8.692e-01           8.692e-01             305.290           1.330e-06             332.210           3.162e+02     
  60.000         340.000            8.794e-01           8.794e-01             298.172           9.182e-07             327.889           3.162e+02     
  65.000         340.000            9.022e-01           9.022e-01             292.166           5.878e-07             324.275           3.162e+02     
  70.000         340.000            9.319e-01           9.319e-01             287.694           3.401e-07             321.769           3.162e+02     
  75.000         340.000            9.609e-01           9.609e-01             284.716           1.734e-07             320.030           3.162e+02     
  80.000         340.000            9.839e-01           9.839e-01             282.942           7.028e-08             318.969           3.162e+02     
  85.000         340.000            9.984e-01           9.984e-01             282.039           1.620e-08             318.062           3.162e+02     
  90.000         340.000            1.003e+00           1.003e+00             281.768           1.303e-11             359.003           3.162e+02     
  95.000         340.000            9.984e-01           9.984e-01             282.039           1.622e-08             138.074           3.162e+02     
 100.000         340.000            9.839e-01           9.839e-01             282.942           7.032e-08             138.973           3.162e+02     
 105.000         340.000            9.609e-01           9.609e-01             284.716           1.735e-07             140.031           3.162e+02     
 110.000         340.000            9.319e-01           9.319e-01             287.694           3.402e-07             141.769           3.162e+02     
 115.000         340.000            9.022e-01           9.022e-01             292.166           5.879e-07             144.274           3.162e+02     
 120.000         340.000            8.794e-01           8.794e-01             298.172           9.183e-07             147.887           3.162e+02     
 125.000         340.000            8.692e-01           8.692e-01             305.290           1.330e-06             152.208           3.162e+02     
 130.000         340.000            8.674e-01           8.674e-01             312.595           1.810e-06             156.863           3.162e+02     
 135.000         340.000            8.536e-01           8.536e-01             318.951           2.348e-06             161.229           3.162e+02     
 140.000         340.000            7.988e-01           7.988e-01             323.389           2.920e-06             164.804           3.162e+02     
 145.000         340.000            6.869e-01           6.869e-01             325.227           3.508e-06             166.991           3.162e+02     
 150.000         340.000            5.330e-01           5.330e-01             323.975           4.064e-06             167.764           3.162e+02     
 155.000         340.000            3.759e-01           3.759e-01             319.405           4.694e-06             166.037           3.162e+02     
 160.000         340.000            2.470e-01           2.470e-01             312.015           5.351e-06             162.344           3.162e+02     
 165.000         340.000            1.506e-01           1.506e-01             303.447           6.086e-06             156.966           2.849e+02     
 170.000         340.000            7.625e-02           7.624e-02             295.632           7.005e-06             150.524           1.824e+02     
 175.000         340.000            2.171e-02           2.170e-02             289.249           8.099e-06             143.816           9.126e+01     
 180.000         340.000            1.010e-05           7.907e-07             128.916           9.312e-06             137.503           2.489e+01     
   0.000         345.000            1.010e-05           3.895e-07             125.274           9.713e-06             317.291           2.491e+01     
   5.000         345.000            2.201e-02           2.200e-02             292.371           8.701e-06             326.352           8.998e+01     
  10.000         345.000            7.721e-02           7.721e-02             301.907           7.696e-06             335.988           1.788e+02     
  15.000         345.000            1.522e-01           1.522e-01             312.791           6.807e-06             345.566           2.762e+02     
  20.000         345.000            2.505e-01           2.505e-01             323.999           6.073e-06             354.274           3.162e+02     
  25.000         345.000            3.849e-01           3.849e-01             333.404           5.423e-06               1.356           3.162e+02     
  30.000         345.000            5.518e-01           5.518e-01             339.515           4.795e-06               6.414           3.162e+02     
  35.000         345.000            7.205e-01           7.205e-01             342.152           4.152e-06               9.382           3.162e+02     
  40.000         345.000            8.515e-01           8.515e-01             341.825           3.471e-06              10.499           3.162e+02     
  45.000         345.000            9.260e-01           9.260e-01             339.204           2.815e-06              10.226           3.162e+02     
  50.000         345.000            9.541e-01           9.541e-01             335.025           2.130e-06               9.766           3.162e+02     
  55.000         345.000            9.605e-01           9.605e-01             330.141           1.503e-06               9.468           3.162e+02     
  60.000         345.000            9.655e-01           9.655e-01             325.439           9.812e-07               9.973           3.162e+02     
  65.000         345.000            9.773e-01           9.773e-01             321.606           5.884e-07              11.861           3.162e+02     
  70.000         345.000            9.951e-01           9.951e-01             318.940           3.239e-07              14.634           3.162e+02     
  75.000         345.000            1.015e+00           1.015e+00             317.368           1.585e-07              18.188           3.162e+02     
  80.000         345.000            1.032e+00           1.032e+00             316.598           6.292e-08              21.722           3.162e+02     
  85.000         345.000            1.043e+00           1.043e+00             316.301           1.436e-08              24.245           3.162e+02     
  90.000         345.000            1.048e+00           1.048e+00             316.231           1.197e-11              35.110           3.162e+02     
  95.000         345.000            1.043e+00           1.043e+00             316.301           1.438e-08             204.220           3.162e+02     
 100.000         345.000            1.032e+00           1.032e+00             316.598           6.295e-08             201.710           3.162e+02     
 105.000         345.000            1.015e+00           1.015e+00             317.368           1.585e-07             198.180           3.162e+02     
 110.000         345.000            9.951e-01           9.951e-01             318.940           3.240e-07             194.628           3.162e+02     
 115.000         345.000            9.773e-01           9.773e-01             321.606           5.884e-07             191.856           3.162e+02     
 120.000         345.000            9.655e-01           9.655e-01             325.439           9.813e-07             189.969           3.162e+02     
 125.000         345.000            9.605e-01           9.605e-01             330.141           1.503e-06             189.465           3.162e+02     
 130.000         345.000            9.541e-01           9.541e-01             335.025           2.130e-06             189.763           3.162e+02     
 135.000         345.000            9.260e-01           9.260e-01             339.204           2.815e-06             190.223           3.162e+02     
 140.000         345.000            8.515e-01           8.515e-01             341.825           3.471e-06             190.497           3.162e+02     
 145.000         345.000            7.205e-01           7.205e-01             342.152           4.152e-06             189.381           3.162e+02     
 150.000         345.000            5.518e-01           5.518e-01             339.515           4.794e-06             186.412           3.162e+02     
 155.000         345.000            3.849e-01           3.849e-01             333.404           5.422e-06             181.355           3.162e+02     
 160.000         345.000            2.505e-01           2.505e-01             323.999           6.072e-06             174.273           3.162e+02     
 165.000         345.000            1.522e-01           1.522e-01             312.791           6.807e-06             165.566           2.763e+02     
 170.000         345.000            7.721e-02           7.721e-02             301.907           7.696e-06             155.988           1.788e+02     
 175.000         345.000            2.201e-02           2.200e-02             292.371           8.701e-06             146.352           8.999e+01     
 180.000         345.000            1.010e-05           3.895e-07             125.268           9.713e-06             137.291           2.489e+01     
   0.000         350.000            1.010e-05           1.300e-07             116.248           9.973e-06             317.085           2.491e+01     
   5.000         350.000            2.235e-02           2.234e-02             295.401           9.194e-06             328.814           8.954e+01     
  10.000         350.000            7.866e-02           7.866e-02             307.978           8.309e-06             341.252           1.774e+02     
  15.000         350.000            1.554e-01           1.554e-01             321.849           7.479e-06             353.855           2.720e+02     
  20.000         350.000            2.568e-01           2.568e-01             335.688           6.777e-06               5.817           3.162e+02     
  25.000         350.000            3.962e-01           3.962e-01             347.192           6.169e-06              16.237           3.162e+02     
  30.000         350.000            5.694e-01           5.694e-01             354.970           5.561e-06              24.550           3.162e+02     
  35.000         350.000            7.464e-01           7.464e-01             359.066           4.904e-06              30.599           3.162e+02     
  40.000         350.000            8.899e-01           8.899e-01               0.204           4.152e-06              34.708           3.162e+02     
  45.000         350.000            9.810e-01           9.810e-01             359.233           3.348e-06              37.724           3.162e+02     
  50.000         350.000            1.025e+00           1.025e+00             356.998           2.540e-06              40.309           3.162e+02     
  55.000         350.000            1.041e+00           1.041e+00             354.322           1.807e-06              43.431           3.162e+02     
  60.000         350.000            1.046e+00           1.046e+00             351.918           1.205e-06              47.592           3.162e+02     
  65.000         350.000            1.048e+00           1.048e+00             350.245           7.570e-07              53.192           3.162e+02     
  70.000         350.000            1.051e+00           1.051e+00             349.431           4.442e-07              59.366           3.162e+02     
  75.000         350.000            1.056e+00           1.056e+00             349.318           2.356e-07              65.551           3.162e+02     
  80.000         350.000            1.061e+00           1.061e+00             349.591           1.013e-07              70.752           3.162e+02     
  85.000         350.000            1.065e+00           1.065e+00             349.916           2.461e-08              74.205           3.162e+02     
  90.000         350.000            1.067e+00           1.067e+00             350.054           1.186e-11              72.698           3.162e+02     
  95.000         350.000            1.065e+00           1.065e+00             349.916           2.462e-08             254.175           3.162e+02     
 100.000         350.000            1.061e+00           1.061e+00             349.591           1.013e-07             250.737           3.162e+02     
 105.000         350.000            1.056e+00           1.056e+00             349.318           2.356e-07             245.542           3.162e+02     
 110.000         350.000            1.051e+00           1.051e+00             349.431           4.442e-07             239.359           3.162e+02     
 115.000         350.000            1.048e+00           1.048e+00             350.245           7.570e-07             233.186           3.162e+02     
 120.000         350.000            1.046e+00           1.046e+00             351.918           1.205e-06             227.588           3.162e+02     
 125.000         350.000            1.041e+00           1.041e+00             354.322           1.807e-06             223.427           3.162e+02     
 130.000         350.000            1.025e+00           1.025e+00             356.998           2.539e-06             220.306           3.162e+02     
 135.000         350.000            9.810e-01           9.810e-01             359.233           3.348e-06             217.721           3.162e+02     
 140.000         350.000            8.899e-01           8.899e-01               0.204           4.151e-06             214.706           3.162e+02     
 145.000         350.000            7.464e-01           7.464e-01             359.066           4.903e-06             210.597           3.162e+02     
 150.000         350.000            5.694e-01           5.694e-01             354.970           5.561e-06             204.549           3.162e+02     
 155.000         350.000            3.962e-01           3.962e-01             347.192           6.168e-06             196.236           3.162e+02     
 160.000         350.000            2.568e-01           2.568e-01             335.688           6.777e-06             185.817           3.162e+02     
 165.000         350.000            1.554e-01           1.554e-01             321.849           7.478e-06             173.855           2.720e+02     
 170.000         350.000            7.866e-02           7.866e-02             307.978           8.308e-06             161.252           1.774e+02     
 175.000         350.000            2.235e-02           2.234e-02             295.401           9.193e-06             148.814           8.954e+01     
 180.000         350.000            1.010e-05           1.300e-07             116.238           9.972e-06             137.085           2.489e+01     
   0.000         355.000            1.010e-05           1.997e-08              72.394           1.008e-05             316.884           2.491e+01     
   5.000         355.000            2.273e-02           2.272e-02             298.310           9.558e-06             331.179           8.987e+01     
  10.000         355.000            8.060e-02           8.059e-02             313.768           8.812e-06             346.268           1.780e+02     
  15.000         355.000            1.603e-01           1.603e-01             330.483           8.077e-06               1.751           2.714e+02     
  20.000         355.000            2.664e-01           2.664e-01             346.900           7.444e-06              16.820           3.162e+02     
  25.000         355.000            4.114e-01           4.114e-01               0.605           6.915e-06              30.436           3.162e+02     
  30.000         355.000            5.892e-01           5.892e-01              10.272           6.356e-06              41.868           3.162e+02     
  35.000         355.000            7.683e-01           7.683e-01              16.062           5.687e-06              50.867           3.162e+02     
  40.000         355.000            9.142e-01           9.142e-01              18.814           4.850e-06              57.754           3.162e+02     
  45.000         355.000            1.011e+00           1.011e+00              19.504           3.927e-06              63.346           3.162e+02     
  50.000         355.000            1.064e+00           1.064e+00              19.092           2.991e-06              68.368           3.162e+02     
  55.000         355.000            1.088e+00           1.088e+00              18.444           2.157e-06              73.719           3.162e+02     
  60.000         355.000            1.096e+00           1.096e+00              18.203           1.483e-06              80.094           3.162e+02     
  65.000         355.000            1.097e+00           1.097e+00              18.677           9.669e-07              86.965           3.162e+02     
  70.000         355.000            1.095e+00           1.095e+00              19.833           5.941e-07              94.164           3.162e+02     
  75.000         355.000            1.094e+00           1.094e+00              21.374           3.292e-07             100.819           3.162e+02     
  80.000         355.000            1.094e+00           1.094e+00              22.887           1.464e-07             106.110           3.162e+02     
  85.000         355.000            1.095e+00           1.095e+00              23.977           3.637e-08             109.500           3.162e+02     
  90.000         355.000            1.096e+00           1.096e+00              24.372           1.283e-11             108.050           3.162e+02     
  95.000         355.000            1.095e+00           1.095e+00              23.977           3.636e-08             289.475           3.162e+02     
 100.000         355.000            1.094e+00           1.094e+00              22.887           1.464e-07             286.098           3.162e+02     
 105.000         355.000            1.094e+00           1.094e+00              21.374           3.292e-07             280.811           3.162e+02     
 110.000         355.000            1.095e+00           1.095e+00              19.833           5.941e-07             274.158           3.162e+02     
 115.000         355.000            1.097e+00           1.097e+00              18.677           9.668e-07             266.960           3.162e+02     
 120.000         355.000            1.096e+00           1.096e+00              18.203           1.483e-06             260.090           3.162e+02     
 125.000         355.000            1.088e+00           1.088e+00              18.444           2.157e-06             253.716           3.162e+02     
 130.000         355.000            1.064e+00           1.064e+00              19.092           2.991e-06             248.366           3.162e+02     
 135.000         355.000            1.011e+00           1.011e+00              19.504           3.927e-06             243.344           3.162e+02     
 140.000         355.000            9.142e-01           9.142e-01              18.814           4.849e-06             237.752           3.162e+02     
 145.000         355.000            7.683e-01           7.683e-01              16.062           5.687e-06             230.866           3.162e+02     
 150.000         355.000            5.892e-01           5.892e-01              10.272           6.355e-06             221.867           3.162e+02     
 155.000         355.000            4.114e-01           4.114e-01               0.605           6.914e-06             210.435           3.162e+02     
 160.000         355.000            2.664e-01           2.664e-01             346.900           7.443e-06             196.819           3.162e+02     
 165.000         355.000            1.603e-01           1.603e-01             330.483           8.077e-06             181.751           2.714e+02     
 170.000         355.000            8.060e-02           8.059e-02             313.768           8.811e-06             166.268           1.780e+02     
 175.000         355.000            2.273e-02           2.272e-02             298.310           9.558e-06             151.179           8.987e+01     
 180.000         355.000            1.010e-05           1.999e-08              72.383           1.008e-05             136.883           2.489e+01     
