Theta [deg.]  Phi   [deg.]  Abs(Grlz)[      ]   Abs(Theta)[      ]  Phase(Theta)[deg.]  Abs(Phi  )[      ]  Phase(Phi  )[deg.]  Ax.Ratio[      ]    
------------------------------------------------------------------------------------------------------------------------------------------------------
   0.000           0.000            5.983e-07           1.646e-07             299.145           4.336e-07             341.880           2.962e+00     
   5.000           0.000            5.160e-02           5.160e-02             296.500           3.431e-07               0.468           3.162e+02     
  10.000           0.000            1.803e-01           1.803e-01             315.496           2.679e-07              21.590           3.162e+02     
  15.000           0.000            3.519e-01           3.519e-01             336.258           2.187e-07              44.984           3.162e+02     
  20.000           0.000            5.730e-01           5.730e-01             357.176           1.977e-07              69.146           3.162e+02     
  25.000           0.000            8.669e-01           8.669e-01              15.591           1.968e-07              90.468           3.162e+02     
  30.000           0.000            1.207e+00           1.207e+00              29.923           1.948e-07             106.535           3.162e+02     
  35.000           0.000            1.507e+00           1.507e+00              40.166           1.719e-07             116.370           3.162e+02     
  40.000           0.000            1.681e+00           1.681e+00              46.977           1.272e-07             120.242           3.162e+02     
  45.000           0.000            1.708e+00           1.708e+00              51.065           8.093e-08             116.651           3.162e+02     
  50.000           0.000            1.632e+00           1.632e+00              53.109           5.032e-08             105.224           3.162e+02     
  55.000           0.000            1.520e+00           1.520e+00              53.848           3.877e-08              89.625           3.162e+02     
  60.000           0.000            1.419e+00           1.419e+00              54.069           3.742e-08              79.329           3.162e+02     
  65.000           0.000            1.350e+00           1.350e+00              54.427           3.470e-08              76.124           3.162e+02     
  70.000           0.000            1.312e+00           1.312e+00              55.240           2.834e-08              77.801           3.162e+02     
  75.000           0.000            1.297e+00           1.297e+00              56.434           1.916e-08              81.608           3.162e+02     
  80.000           0.000            1.296e+00           1.296e+00              57.690           9.709e-09              85.523           3.162e+02     
  85.000           0.000            1.299e+00           1.299e+00              58.630           2.626e-09              88.116           3.162e+02     
  90.000           0.000            1.301e+00           1.301e+00              58.977           1.422e-13             176.959           3.162e+02     
  95.000           0.000            1.299e+00           1.299e+00              58.630           2.637e-09             268.285           3.162e+02     
 100.000           0.000            1.296e+00           1.296e+00              57.690           9.730e-09             265.610           3.162e+02     
 105.000           0.000            1.297e+00           1.297e+00              56.434           1.919e-08             261.667           3.162e+02     
 110.000           0.000            1.312e+00           1.312e+00              55.240           2.837e-08             257.847           3.162e+02     
 115.000           0.000            1.350e+00           1.350e+00              54.427           3.474e-08             256.161           3.162e+02     
 120.000           0.000            1.419e+00           1.419e+00              54.069           3.746e-08             259.357           3.162e+02     
 125.000           0.000            1.520e+00           1.520e+00              53.848           3.882e-08             269.640           3.162e+02     
 130.000           0.000            1.632e+00           1.632e+00              53.109           5.037e-08             285.225           3.162e+02     
 135.000           0.000            1.708e+00           1.708e+00              51.065           8.099e-08             296.645           3.162e+02     
 140.000           0.000            1.681e+00           1.681e+00              46.977           1.273e-07             300.234           3.162e+02     
 145.000           0.000            1.507e+00           1.507e+00              40.166           1.720e-07             296.363           3.162e+02     
 150.000           0.000            1.207e+00           1.207e+00              29.923           1.948e-07             286.529           3.162e+02     
 155.000           0.000            8.669e-01           8.669e-01              15.591           1.969e-07             270.464           3.162e+02     
 160.000           0.000            5.730e-01           5.730e-01             357.176           1.978e-07             249.143           3.162e+02     
 165.000           0.000            3.519e-01           3.519e-01             336.258           2.188e-07             224.984           3.162e+02     
 170.000           0.000            1.803e-01           1.803e-01             315.496           2.680e-07             201.592           3.162e+02     
 175.000           0.000            5.160e-02           5.160e-02             296.500           3.432e-07             180.471           3.162e+02     
 180.000           0.000            5.984e-07           1.646e-07             299.157           4.338e-07             161.882           2.963e+00     
   0.000           5.000            5.983e-07           2.008e-07             304.132           3.975e-07             344.061           2.962e+00     
   5.000           5.000            5.238e-02           5.238e-02             297.419           2.976e-07             357.372           3.162e+02     
  10.000           5.000            1.856e-01           1.856e-01             317.283           2.384e-07              12.248           3.162e+02     
  15.000           5.000            3.658e-01           3.658e-01             338.820           1.981e-07              30.066           3.162e+02     
  20.000           5.000            5.962e-01           5.962e-01               0.507           1.890e-07              50.531           3.162e+02     
  25.000           5.000            8.956e-01           8.956e-01              19.883           2.139e-07              70.125           3.162e+02     
  30.000           5.000            1.237e+00           1.237e+00              35.411           2.548e-07              85.851           3.162e+02     
  35.000           5.000            1.534e+00           1.534e+00              46.961           2.875e-07              96.805           3.162e+02     
  40.000           5.000            1.703e+00           1.703e+00              55.034           2.833e-07             104.419           3.162e+02     
  45.000           5.000            1.723e+00           1.723e+00              60.193           2.462e-07             109.351           3.162e+02     
  50.000           5.000            1.638e+00           1.638e+00              62.983           1.869e-07             113.304           3.162e+02     
  55.000           5.000            1.516e+00           1.516e+00              64.042           1.307e-07             116.593           3.162e+02     
  60.000           5.000            1.410e+00           1.410e+00              64.145           8.960e-08             119.901           3.162e+02     
  65.000           5.000            1.338e+00           1.338e+00              64.053           5.808e-08             124.208           3.162e+02     
  70.000           5.000            1.301e+00           1.301e+00              64.252           3.701e-08             128.861           3.162e+02     
  75.000           5.000            1.287e+00           1.287e+00              64.836           2.181e-08             133.235           3.162e+02     
  80.000           5.000            1.285e+00           1.285e+00              65.599           1.035e-08             136.662           3.162e+02     
  85.000           5.000            1.288e+00           1.288e+00              66.228           2.718e-09             138.661           3.162e+02     
  90.000           5.000            1.289e+00           1.289e+00              66.469           1.512e-13             196.327           3.162e+02     
  95.000           5.000            1.288e+00           1.288e+00              66.228           2.735e-09             318.698           3.162e+02     
 100.000           5.000            1.285e+00           1.285e+00              65.599           1.038e-08             316.681           3.162e+02     
 105.000           5.000            1.287e+00           1.287e+00              64.836           2.186e-08             313.248           3.162e+02     
 110.000           5.000            1.301e+00           1.301e+00              64.252           3.707e-08             308.870           3.162e+02     
 115.000           5.000            1.338e+00           1.338e+00              64.053           5.815e-08             304.215           3.162e+02     
 120.000           5.000            1.410e+00           1.410e+00              64.145           8.968e-08             299.905           3.162e+02     
 125.000           5.000            1.516e+00           1.516e+00              64.042           1.308e-07             296.594           3.162e+02     
 130.000           5.000            1.638e+00           1.638e+00              62.983           1.869e-07             293.304           3.162e+02     
 135.000           5.000            1.723e+00           1.723e+00              60.193           2.463e-07             289.350           3.162e+02     
 140.000           5.000            1.703e+00           1.703e+00              55.034           2.834e-07             284.418           3.162e+02     
 145.000           5.000            1.534e+00           1.534e+00              46.961           2.876e-07             276.805           3.162e+02     
 150.000           5.000            1.237e+00           1.237e+00              35.411           2.549e-07             265.850           3.162e+02     
 155.000           5.000            8.956e-01           8.956e-01              19.883           2.140e-07             250.126           3.162e+02     
 160.000           5.000            5.962e-01           5.962e-01               0.507           1.890e-07             230.533           3.162e+02     
 165.000           5.000            3.658e-01           3.658e-01             338.820           1.982e-07             210.069           3.162e+02     
 170.000           5.000            1.856e-01           1.856e-01             317.283           2.385e-07             192.252           3.162e+02     
 175.000           5.000            5.238e-02           5.238e-02             297.419           2.977e-07             177.375           3.162e+02     
 180.000           5.000            5.984e-07           2.008e-07             304.144           3.976e-07             164.063           2.963e+00     
   0.000          10.000            5.983e-07           2.399e-07             308.261           3.584e-07             346.461           2.962e+00     
   5.000          10.000            5.317e-02           5.317e-02             298.170           2.741e-07             354.201           3.162e+02     
  10.000          10.000            1.908e-01           1.908e-01             318.668           2.326e-07               3.074           3.162e+02     
  15.000          10.000            3.780e-01           3.780e-01             340.687           2.230e-07              15.688           3.162e+02     
  20.000          10.000            6.123e-01           6.123e-01               2.880           2.366e-07              33.775           3.162e+02     
  25.000          10.000            9.070e-01           9.070e-01              23.037           2.946e-07              54.104           3.162e+02     
  30.000          10.000            1.238e+00           1.238e+00              39.638           3.832e-07              72.484           3.162e+02     
  35.000          10.000            1.528e+00           1.528e+00              52.371           4.735e-07              87.212           3.162e+02     
  40.000          10.000            1.699e+00           1.699e+00              61.563           5.030e-07              99.388           3.162e+02     
  45.000          10.000            1.728e+00           1.728e+00              67.662           4.647e-07             109.819           3.162e+02     
  50.000          10.000            1.651e+00           1.651e+00              71.143           3.634e-07             120.476           3.162e+02     
  55.000          10.000            1.533e+00           1.533e+00              72.598           2.567e-07             131.537           3.162e+02     
  60.000          10.000            1.424e+00           1.424e+00              72.789           1.702e-07             143.275           3.162e+02     
  65.000          10.000            1.346e+00           1.346e+00              72.519           1.117e-07             154.870           3.162e+02     
  70.000          10.000            1.301e+00           1.301e+00              72.375           7.009e-08             165.610           3.162e+02     
  75.000          10.000            1.278e+00           1.278e+00              72.568           4.051e-08             173.972           3.162e+02     
  80.000          10.000            1.268e+00           1.268e+00              72.990           1.878e-08             179.649           3.162e+02     
  85.000          10.000            1.264e+00           1.264e+00              73.393           4.835e-09             182.823           3.162e+02     
  90.000          10.000            1.263e+00           1.263e+00              73.557           1.212e-13             209.702           3.162e+02     
  95.000          10.000            1.264e+00           1.264e+00              73.393           4.853e-09               2.780           3.162e+02     
 100.000          10.000            1.268e+00           1.268e+00              72.990           1.881e-08             359.629           3.162e+02     
 105.000          10.000            1.278e+00           1.278e+00              72.568           4.056e-08             353.961           3.162e+02     
 110.000          10.000            1.301e+00           1.301e+00              72.375           7.015e-08             345.604           3.162e+02     
 115.000          10.000            1.346e+00           1.346e+00              72.519           1.117e-07             334.867           3.162e+02     
 120.000          10.000            1.424e+00           1.424e+00              72.789           1.702e-07             323.275           3.162e+02     
 125.000          10.000            1.533e+00           1.533e+00              72.598           2.568e-07             311.538           3.162e+02     
 130.000          10.000            1.651e+00           1.651e+00              71.143           3.635e-07             300.477           3.162e+02     
 135.000          10.000            1.728e+00           1.728e+00              67.662           4.648e-07             289.819           3.162e+02     
 140.000          10.000            1.699e+00           1.699e+00              61.563           5.031e-07             279.389           3.162e+02     
 145.000          10.000            1.528e+00           1.528e+00              52.371           4.736e-07             267.213           3.162e+02     
 150.000          10.000            1.238e+00           1.238e+00              39.638           3.834e-07             252.486           3.162e+02     
 155.000          10.000            9.070e-01           9.070e-01              23.037           2.947e-07             234.107           3.162e+02     
 160.000          10.000            6.123e-01           6.123e-01               2.880           2.366e-07             213.780           3.162e+02     
 165.000          10.000            3.780e-01           3.780e-01             340.687           2.231e-07             195.694           3.162e+02     
 170.000          10.000            1.908e-01           1.908e-01             318.668           2.327e-07             183.079           3.162e+02     
 175.000          10.000            5.317e-02           5.317e-02             298.170           2.742e-07             174.204           3.162e+02     
 180.000          10.000            5.984e-07           2.399e-07             308.273           3.585e-07             166.461           2.963e+00     
   0.000          15.000            5.983e-07           2.808e-07             311.752           3.175e-07             349.146           2.962e+00     
   5.000          15.000            5.395e-02           5.395e-02             298.749           2.494e-07             350.966           3.162e+02     
  10.000          15.000            1.956e-01           1.956e-01             319.644           2.394e-07             354.198           3.162e+02     
  15.000          15.000            3.882e-01           3.882e-01             341.869           2.714e-07               3.820           3.162e+02     
  20.000          15.000            6.205e-01           6.205e-01               4.295           3.171e-07              21.097           3.162e+02     
  25.000          15.000            8.994e-01           8.994e-01              25.012           4.073e-07              42.697           3.162e+02     
  30.000          15.000            1.206e+00           1.206e+00              42.505           5.329e-07              63.603           3.162e+02     
  35.000          15.000            1.478e+00           1.478e+00              56.238           6.669e-07              81.373           3.162e+02     
  40.000          15.000            1.649e+00           1.649e+00              66.336           7.162e-07              96.723           3.162e+02     
  45.000          15.000            1.694e+00           1.694e+00              73.164           6.367e-07             109.629           3.162e+02     
  50.000          15.000            1.641e+00           1.641e+00              77.199           5.101e-07             123.965           3.162e+02     
  55.000          15.000            1.544e+00           1.544e+00              79.072           3.665e-07             139.490           3.162e+02     
  60.000          15.000            1.448e+00           1.448e+00              79.577           2.547e-07             155.917           3.162e+02     
  65.000          15.000            1.376e+00           1.376e+00              79.523           1.801e-07             171.468           3.162e+02     
  70.000          15.000            1.330e+00           1.330e+00              79.497           1.227e-07             185.299           3.162e+02     
  75.000          15.000            1.302e+00           1.302e+00              79.726           7.585e-08             195.598           3.162e+02     
  80.000          15.000            1.287e+00           1.287e+00              80.136           3.675e-08             202.435           3.162e+02     
  85.000          15.000            1.280e+00           1.280e+00              80.514           9.702e-09             206.272           3.162e+02     
  90.000          15.000            1.277e+00           1.277e+00              80.666           5.503e-14             226.731           3.162e+02     
  95.000          15.000            1.280e+00           1.280e+00              80.514           9.720e-09              26.241           3.162e+02     
 100.000          15.000            1.287e+00           1.287e+00              80.136           3.678e-08              22.421           3.162e+02     
 105.000          15.000            1.302e+00           1.302e+00              79.726           7.590e-08              15.590           3.162e+02     
 110.000          15.000            1.330e+00           1.330e+00              79.497           1.227e-07               5.296           3.162e+02     
 115.000          15.000            1.376e+00           1.376e+00              79.523           1.801e-07             351.467           3.162e+02     
 120.000          15.000            1.448e+00           1.448e+00              79.577           2.548e-07             335.918           3.162e+02     
 125.000          15.000            1.544e+00           1.544e+00              79.072           3.666e-07             319.491           3.162e+02     
 130.000          15.000            1.641e+00           1.641e+00              77.199           5.102e-07             303.966           3.162e+02     
 135.000          15.000            1.694e+00           1.694e+00              73.164           6.368e-07             289.630           3.162e+02     
 140.000          15.000            1.649e+00           1.649e+00              66.336           7.163e-07             276.724           3.162e+02     
 145.000          15.000            1.478e+00           1.478e+00              56.238           6.670e-07             261.375           3.162e+02     
 150.000          15.000            1.206e+00           1.206e+00              42.505           5.330e-07             243.606           3.162e+02     
 155.000          15.000            8.994e-01           8.994e-01              25.012           4.074e-07             222.701           3.162e+02     
 160.000          15.000            6.205e-01           6.205e-01               4.295           3.172e-07             201.102           3.162e+02     
 165.000          15.000            3.882e-01           3.882e-01             341.869           2.715e-07             183.827           3.162e+02     
 170.000          15.000            1.956e-01           1.956e-01             319.644           2.394e-07             174.204           3.162e+02     
 175.000          15.000            5.395e-02           5.395e-02             298.749           2.495e-07             170.968           3.162e+02     
 180.000          15.000            5.984e-07           2.808e-07             311.763           3.176e-07             169.146           2.963e+00     
   0.000          20.000            5.983e-07           3.223e-07             314.764           2.760e-07             352.206           2.962e+00     
   5.000          20.000            5.472e-02           5.472e-02             299.154           2.231e-07             347.781           3.162e+02     
  10.000          20.000            2.002e-01           2.002e-01             320.220           2.506e-07             346.274           3.162e+02     
  15.000          20.000            3.961e-01           3.961e-01             342.387           3.335e-07             354.590           3.162e+02     
  20.000          20.000            6.209e-01           6.209e-01               4.767           4.168e-07              11.609           3.162e+02     
  25.000          20.000            8.730e-01           8.730e-01              25.783           5.322e-07              33.891           3.162e+02     
  30.000          20.000            1.139e+00           1.139e+00              43.947           6.745e-07              56.415           3.162e+02     
  35.000          20.000            1.376e+00           1.376e+00              58.472           7.949e-07              75.166           3.162e+02     
  40.000          20.000            1.533e+00           1.533e+00              69.252           8.334e-07              92.723           3.162e+02     
  45.000          20.000            1.590e+00           1.590e+00              76.572           7.556e-07             108.738           3.162e+02     
  50.000          20.000            1.567e+00           1.567e+00              80.959           6.042e-07             124.894           3.162e+02     
  55.000          20.000            1.507e+00           1.507e+00              83.151           4.364e-07             142.647           3.162e+02     
  60.000          20.000            1.447e+00           1.447e+00              84.026           3.132e-07             161.373           3.162e+02     
  65.000          20.000            1.404e+00           1.404e+00              84.402           2.313e-07             179.101           3.162e+02     
  70.000          20.000            1.378e+00           1.378e+00              84.806           1.697e-07             193.398           3.162e+02     
  75.000          20.000            1.364e+00           1.364e+00              85.397           1.099e-07             204.192           3.162e+02     
  80.000          20.000            1.357e+00           1.357e+00              86.066           5.499e-08             211.223           3.162e+02     
  85.000          20.000            1.354e+00           1.354e+00              86.595           1.481e-08             215.122           3.162e+02     
  90.000          20.000            1.353e+00           1.353e+00              86.794           2.326e-14             285.654           3.162e+02     
  95.000          20.000            1.354e+00           1.354e+00              86.595           1.482e-08              35.114           3.162e+02     
 100.000          20.000            1.357e+00           1.357e+00              86.066           5.502e-08              31.221           3.162e+02     
 105.000          20.000            1.364e+00           1.364e+00              85.397           1.100e-07              24.191           3.162e+02     
 110.000          20.000            1.378e+00           1.378e+00              84.806           1.698e-07              13.399           3.162e+02     
 115.000          20.000            1.404e+00           1.404e+00              84.402           2.313e-07             359.103           3.162e+02     
 120.000          20.000            1.447e+00           1.447e+00              84.026           3.133e-07             341.376           3.162e+02     
 125.000          20.000            1.507e+00           1.507e+00              83.151           4.365e-07             322.649           3.162e+02     
 130.000          20.000            1.567e+00           1.567e+00              80.959           6.043e-07             304.896           3.162e+02     
 135.000          20.000            1.590e+00           1.590e+00              76.572           7.557e-07             288.740           3.162e+02     
 140.000          20.000            1.533e+00           1.533e+00              69.252           8.335e-07             272.725           3.162e+02     
 145.000          20.000            1.376e+00           1.376e+00              58.472           7.950e-07             255.168           3.162e+02     
 150.000          20.000            1.139e+00           1.139e+00              43.947           6.747e-07             236.418           3.162e+02     
 155.000          20.000            8.730e-01           8.730e-01              25.783           5.323e-07             213.895           3.162e+02     
 160.000          20.000            6.209e-01           6.209e-01               4.767           4.168e-07             191.615           3.162e+02     
 165.000          20.000            3.961e-01           3.961e-01             342.387           3.336e-07             174.596           3.162e+02     
 170.000          20.000            2.002e-01           2.002e-01             320.220           2.506e-07             166.280           3.162e+02     
 175.000          20.000            5.472e-02           5.472e-02             299.154           2.231e-07             167.784           3.162e+02     
 180.000          20.000            5.984e-07           3.223e-07             314.774           2.761e-07             172.205           2.963e+00     
   0.000          25.000            5.983e-07           3.630e-07             317.412           2.352e-07             355.762           2.962e+00     
   5.000          25.000            5.546e-02           5.546e-02             299.384           1.950e-07             344.761           3.162e+02     
  10.000          25.000            2.044e-01           2.043e-01             320.406           2.606e-07             339.423           3.162e+02     
  15.000          25.000            4.019e-01           4.019e-01             342.269           3.974e-07             347.364           3.162e+02     
  20.000          25.000            6.141e-01           6.141e-01               4.327           5.204e-07               4.079           3.162e+02     
  25.000          25.000            8.301e-01           8.301e-01              25.351           6.335e-07              24.611           3.162e+02     
  30.000          25.000            1.042e+00           1.042e+00              43.932           7.445e-07              48.076           3.162e+02     
  35.000          25.000            1.225e+00           1.225e+00              59.041           8.753e-07              69.236           3.162e+02     
  40.000          25.000            1.349e+00           1.349e+00              70.299           8.858e-07              87.761           3.162e+02     
  45.000          25.000            1.402e+00           1.402e+00              77.888           7.885e-07             104.547           3.162e+02     
  50.000          25.000            1.402e+00           1.402e+00              82.394           6.248e-07             121.181           3.162e+02     
  55.000          25.000            1.384e+00           1.384e+00              84.706           4.386e-07             139.562           3.162e+02     
  60.000          25.000            1.373e+00           1.373e+00              85.833           2.957e-07             158.102           3.162e+02     
  65.000          25.000            1.377e+00           1.377e+00              86.611           2.173e-07             177.377           3.162e+02     
  70.000          25.000            1.393e+00           1.393e+00              87.487           1.608e-07             193.132           3.162e+02     
  75.000          25.000            1.412e+00           1.412e+00              88.515           1.078e-07             204.149           3.162e+02     
  80.000          25.000            1.430e+00           1.430e+00              89.517           5.484e-08             211.571           3.162e+02     
  85.000          25.000            1.441e+00           1.441e+00              90.245           1.495e-08             215.601           3.162e+02     
  90.000          25.000            1.445e+00           1.445e+00              90.511           9.298e-14             330.072           3.162e+02     
  95.000          25.000            1.441e+00           1.441e+00              90.245           1.497e-08              35.615           3.162e+02     
 100.000          25.000            1.430e+00           1.430e+00              89.517           5.487e-08              31.579           3.162e+02     
 105.000          25.000            1.412e+00           1.412e+00              88.515           1.078e-07              24.156           3.162e+02     
 110.000          25.000            1.393e+00           1.393e+00              87.487           1.608e-07              13.138           3.162e+02     
 115.000          25.000            1.377e+00           1.377e+00              86.611           2.173e-07             357.384           3.162e+02     
 120.000          25.000            1.373e+00           1.373e+00              85.833           2.957e-07             338.107           3.162e+02     
 125.000          25.000            1.384e+00           1.384e+00              84.706           4.387e-07             319.566           3.162e+02     
 130.000          25.000            1.402e+00           1.402e+00              82.394           6.248e-07             301.184           3.162e+02     
 135.000          25.000            1.402e+00           1.402e+00              77.888           7.885e-07             284.549           3.162e+02     
 140.000          25.000            1.349e+00           1.349e+00              70.299           8.858e-07             267.762           3.162e+02     
 145.000          25.000            1.225e+00           1.225e+00              59.041           8.754e-07             249.238           3.162e+02     
 150.000          25.000            1.042e+00           1.042e+00              43.932           7.446e-07             228.079           3.162e+02     
 155.000          25.000            8.301e-01           8.301e-01              25.351           6.336e-07             204.615           3.162e+02     
 160.000          25.000            6.141e-01           6.141e-01               4.327           5.204e-07             184.084           3.162e+02     
 165.000          25.000            4.019e-01           4.019e-01             342.269           3.975e-07             167.370           3.162e+02     
 170.000          25.000            2.044e-01           2.043e-01             320.406           2.607e-07             159.429           3.162e+02     
 175.000          25.000            5.546e-02           5.546e-02             299.384           1.951e-07             164.764           3.162e+02     
 180.000          25.000            5.984e-07           3.631e-07             317.422           2.353e-07             175.759           2.963e+00     
   0.000          30.000            5.983e-07           4.018e-07             319.783           1.964e-07             359.978           2.962e+00     
   5.000          30.000            5.618e-02           5.618e-02             299.442           1.652e-07             342.023           3.162e+02     
  10.000          30.000            2.081e-01           2.081e-01             320.218           2.639e-07             333.547           3.162e+02     
  15.000          30.000            4.057e-01           4.057e-01             341.554           4.510e-07             341.501           3.162e+02     
  20.000          30.000            6.015e-01           6.015e-01               3.024           6.135e-07             357.702           3.162e+02     
  25.000          30.000            7.749e-01           7.749e-01              23.745           7.226e-07              17.508           3.162e+02     
  30.000          30.000            9.228e-01           9.228e-01              42.460           7.936e-07              40.166           3.162e+02     
  35.000          30.000            1.039e+00           1.039e+00              57.946           8.562e-07              61.590           3.162e+02     
  40.000          30.000            1.112e+00           1.112e+00              69.515           8.655e-07              80.473           3.162e+02     
  45.000          30.000            1.142e+00           1.142e+00              77.184           7.402e-07              95.708           3.162e+02     
  50.000          30.000            1.150e+00           1.150e+00              81.586           5.560e-07             111.927           3.162e+02     
  55.000          30.000            1.162e+00           1.162e+00              83.794           3.763e-07             129.002           3.162e+02     
  60.000          30.000            1.193e+00           1.193e+00              84.992           2.372e-07             147.997           3.162e+02     
  65.000          30.000            1.244e+00           1.244e+00              86.050           1.563e-07             167.769           3.162e+02     
  70.000          30.000            1.305e+00           1.305e+00              87.320           1.080e-07             185.241           3.162e+02     
  75.000          30.000            1.364e+00           1.364e+00              88.737           7.017e-08             198.207           3.162e+02     
  80.000          30.000            1.412e+00           1.412e+00              90.038           3.584e-08             206.560           3.162e+02     
  85.000          30.000            1.444e+00           1.444e+00              90.948           9.998e-09             210.749           3.162e+02     
  90.000          30.000            1.454e+00           1.454e+00              91.274           2.342e-13             334.328           3.162e+02     
  95.000          30.000            1.444e+00           1.444e+00              90.948           1.001e-08              30.788           3.162e+02     
 100.000          30.000            1.412e+00           1.412e+00              90.038           3.587e-08              26.582           3.162e+02     
 105.000          30.000            1.364e+00           1.364e+00              88.737           7.020e-08              18.223           3.162e+02     
 110.000          30.000            1.305e+00           1.305e+00              87.320           1.080e-07               5.255           3.162e+02     
 115.000          30.000            1.244e+00           1.244e+00              86.050           1.563e-07             347.780           3.162e+02     
 120.000          30.000            1.193e+00           1.193e+00              84.992           2.372e-07             328.005           3.162e+02     
 125.000          30.000            1.162e+00           1.162e+00              83.794           3.763e-07             309.007           3.162e+02     
 130.000          30.000            1.150e+00           1.150e+00              81.586           5.560e-07             291.931           3.162e+02     
 135.000          30.000            1.142e+00           1.142e+00              77.184           7.402e-07             275.710           3.162e+02     
 140.000          30.000            1.112e+00           1.112e+00              69.515           8.656e-07             260.475           3.162e+02     
 145.000          30.000            1.039e+00           1.039e+00              57.946           8.563e-07             241.592           3.162e+02     
 150.000          30.000            9.228e-01           9.228e-01              42.460           7.937e-07             220.168           3.162e+02     
 155.000          30.000            7.749e-01           7.749e-01              23.745           7.226e-07             197.512           3.162e+02     
 160.000          30.000            6.015e-01           6.015e-01               3.024           6.135e-07             177.707           3.162e+02     
 165.000          30.000            4.057e-01           4.057e-01             341.554           4.510e-07             161.506           3.162e+02     
 170.000          30.000            2.081e-01           2.081e-01             320.218           2.640e-07             153.552           3.162e+02     
 175.000          30.000            5.618e-02           5.618e-02             299.442           1.653e-07             162.024           3.162e+02     
 180.000          30.000            5.984e-07           4.019e-07             319.793           1.965e-07             179.973           2.963e+00     
   0.000          35.000            5.983e-07           4.376e-07             321.943           1.607e-07               5.081           2.962e+00     
   5.000          35.000            5.686e-02           5.686e-02             299.329           1.341e-07             339.699           3.162e+02     
  10.000          35.000            2.114e-01           2.114e-01             319.674           2.561e-07             328.455           3.162e+02     
  15.000          35.000            4.076e-01           4.076e-01             340.288           4.834e-07             336.551           3.162e+02     
  20.000          35.000            5.846e-01           5.846e-01               0.929           6.563e-07             350.067           3.162e+02     
  25.000          35.000            7.126e-01           7.126e-01              21.036           7.855e-07              10.260           3.162e+02     
  30.000          35.000            7.937e-01           7.937e-01              39.575           8.064e-07              31.272           3.162e+02     
  35.000          35.000            8.387e-01           8.387e-01              55.224           8.152e-07              52.298           3.162e+02     
  40.000          35.000            8.541e-01           8.541e-01              66.972           7.909e-07              69.731           3.162e+02     
  45.000          35.000            8.510e-01           8.510e-01              74.586           6.628e-07              85.649           3.162e+02     
  50.000          35.000            8.502e-01           8.502e-01              78.707           4.845e-07              99.548           3.162e+02     
  55.000          35.000            8.723e-01           8.723e-01              80.639           3.040e-07             113.046           3.162e+02     
  60.000          35.000            9.252e-01           9.252e-01              81.801           1.698e-07             128.388           3.162e+02     
  65.000          35.000            1.003e+00           1.003e+00              83.104           8.430e-08             143.055           3.162e+02     
  70.000          35.000            1.091e+00           1.091e+00              84.776           4.498e-08             163.123           3.162e+02     
  75.000          35.000            1.175e+00           1.175e+00              86.601           2.511e-08             180.830           3.162e+02     
  80.000          35.000            1.245e+00           1.245e+00              88.223           1.219e-08             193.201           3.162e+02     
  85.000          35.000            1.289e+00           1.289e+00              89.329           3.332e-09             199.885           3.162e+02     
  90.000          35.000            1.305e+00           1.305e+00              89.720           3.098e-13             328.646           3.162e+02     
  95.000          35.000            1.289e+00           1.289e+00              89.329           3.337e-09              19.979           3.162e+02     
 100.000          35.000            1.245e+00           1.245e+00              88.223           1.220e-08              13.251           3.162e+02     
 105.000          35.000            1.175e+00           1.175e+00              86.601           2.511e-08               0.866           3.162e+02     
 110.000          35.000            1.091e+00           1.091e+00              84.776           4.498e-08             343.148           3.162e+02     
 115.000          35.000            1.003e+00           1.003e+00              83.104           8.428e-08             323.071           3.162e+02     
 120.000          35.000            9.252e-01           9.252e-01              81.801           1.698e-07             308.397           3.162e+02     
 125.000          35.000            8.723e-01           8.723e-01              80.639           3.039e-07             293.052           3.162e+02     
 130.000          35.000            8.502e-01           8.502e-01              78.707           4.845e-07             279.552           3.162e+02     
 135.000          35.000            8.510e-01           8.510e-01              74.586           6.628e-07             265.652           3.162e+02     
 140.000          35.000            8.541e-01           8.541e-01              66.972           7.910e-07             249.733           3.162e+02     
 145.000          35.000            8.387e-01           8.387e-01              55.224           8.152e-07             232.300           3.162e+02     
 150.000          35.000            7.937e-01           7.937e-01              39.575           8.065e-07             211.274           3.162e+02     
 155.000          35.000            7.126e-01           7.126e-01              21.036           7.856e-07             190.264           3.162e+02     
 160.000          35.000            5.846e-01           5.846e-01               0.929           6.564e-07             170.071           3.162e+02     
 165.000          35.000            4.076e-01           4.076e-01             340.288           4.834e-07             156.556           3.162e+02     
 170.000          35.000            2.114e-01           2.114e-01             319.674           2.562e-07             148.460           3.162e+02     
 175.000          35.000            5.686e-02           5.686e-02             299.329           1.341e-07             159.700           3.162e+02     
 180.000          35.000            5.984e-07           4.376e-07             321.952           1.608e-07             185.074           2.963e+00     
   0.000          40.000            5.983e-07           4.691e-07             323.942           1.292e-07              11.377           2.962e+00     
   5.000          40.000            5.750e-02           5.750e-02             299.051           1.025e-07             337.979           3.162e+02     
  10.000          40.000            2.144e-01           2.144e-01             318.796           2.346e-07             323.944           3.162e+02     
  15.000          40.000            4.080e-01           4.080e-01             338.522           4.868e-07             332.261           3.162e+02     
  20.000          40.000            5.650e-01           5.650e-01             358.133           6.742e-07             344.454           3.162e+02     
  25.000          40.000            6.484e-01           6.484e-01              17.341           7.703e-07               1.745           3.162e+02     
  30.000          40.000            6.669e-01           6.669e-01              35.386           7.922e-07              21.751           3.162e+02     
  35.000          40.000            6.472e-01           6.472e-01              50.981           7.425e-07              40.169           3.162e+02     
  40.000          40.000            6.112e-01           6.112e-01              62.823           6.736e-07              58.041           3.162e+02     
  45.000          40.000            5.765e-01           5.765e-01              70.332           5.700e-07              72.750           3.162e+02     
  50.000          40.000            5.612e-01           5.612e-01              74.102           4.124e-07              84.026           3.162e+02     
  55.000          40.000            5.787e-01           5.787e-01              75.737           2.588e-07              90.943           3.162e+02     
  60.000          40.000            6.303e-01           6.303e-01              76.971           1.331e-07              99.019           3.162e+02     
  65.000          40.000            7.073e-01           7.073e-01              78.737           5.648e-08             107.747           3.162e+02     
  70.000          40.000            7.957e-01           7.957e-01              81.063           1.951e-08             116.329           3.162e+02     
  75.000          40.000            8.817e-01           8.817e-01              83.525           5.541e-09             127.873           3.162e+02     
  80.000          40.000            9.531e-01           9.531e-01              85.645           1.334e-09             143.037           3.162e+02     
  85.000          40.000            1.000e+00           1.000e+00              87.057           2.357e-10             157.314           3.162e+02     
  90.000          40.000            1.016e+00           1.016e+00              87.550           2.141e-13             317.460           3.162e+02     
  95.000          40.000            1.000e+00           1.000e+00              87.057           2.346e-10             337.664           3.162e+02     
 100.000          40.000            9.531e-01           9.531e-01              85.645           1.330e-09             323.166           3.162e+02     
 105.000          40.000            8.817e-01           8.817e-01              83.525           5.531e-09             307.924           3.162e+02     
 110.000          40.000            7.957e-01           7.957e-01              81.063           1.949e-08             296.352           3.162e+02     
 115.000          40.000            7.073e-01           7.073e-01              78.737           5.644e-08             287.758           3.162e+02     
 120.000          40.000            6.303e-01           6.303e-01              76.971           1.331e-07             279.026           3.162e+02     
 125.000          40.000            5.787e-01           5.787e-01              75.737           2.588e-07             270.947           3.162e+02     
 130.000          40.000            5.612e-01           5.612e-01              74.102           4.124e-07             264.029           3.162e+02     
 135.000          40.000            5.765e-01           5.765e-01              70.332           5.700e-07             252.752           3.162e+02     
 140.000          40.000            6.112e-01           6.112e-01              62.823           6.736e-07             238.043           3.162e+02     
 145.000          40.000            6.472e-01           6.472e-01              50.981           7.426e-07             220.171           3.162e+02     
 150.000          40.000            6.669e-01           6.669e-01              35.386           7.923e-07             201.754           3.162e+02     
 155.000          40.000            6.484e-01           6.484e-01              17.341           7.703e-07             181.749           3.162e+02     
 160.000          40.000            5.650e-01           5.650e-01             358.133           6.743e-07             164.458           3.162e+02     
 165.000          40.000            4.080e-01           4.080e-01             338.522           4.869e-07             152.265           3.162e+02     
 170.000          40.000            2.144e-01           2.144e-01             318.796           2.346e-07             143.949           3.162e+02     
 175.000          40.000            5.750e-02           5.750e-02             299.051           1.025e-07             157.979           3.162e+02     
 180.000          40.000            5.984e-07           4.692e-07             323.951           1.292e-07             191.368           2.963e+00     
   0.000          45.000            5.983e-07           4.954e-07             325.821           1.029e-07              19.255           2.962e+00     
   5.000          45.000            5.810e-02           5.810e-02             298.613           7.191e-08             337.200           3.162e+02     
  10.000          45.000            2.169e-01           2.169e-01             317.607           1.995e-07             319.825           3.162e+02     
  15.000          45.000            4.072e-01           4.072e-01             336.309           4.441e-07             326.419           3.162e+02     
  20.000          45.000            5.443e-01           5.443e-01             354.739           6.482e-07             338.956           3.162e+02     
  25.000          45.000            5.868e-01           5.868e-01              12.822           7.483e-07             354.143           3.162e+02     
  30.000          45.000            5.519e-01           5.519e-01              30.091           7.579e-07              10.734           3.162e+02     
  35.000          45.000            4.820e-01           4.820e-01              45.445           6.644e-07              28.308           3.162e+02     
  40.000          45.000            4.104e-01           4.104e-01              57.392           5.700e-07              44.692           3.162e+02     
  45.000          45.000            3.561e-01           3.561e-01              64.945           4.671e-07              57.813           3.162e+02     
  50.000          45.000            3.305e-01           3.305e-01              68.564           3.552e-07              65.896           3.162e+02     
  55.000          45.000            3.384e-01           3.384e-01              70.231           2.288e-07              70.981           3.162e+02     
  60.000          45.000            3.764e-01           3.764e-01              72.070           1.281e-07              71.810           3.162e+02     
  65.000          45.000            4.360e-01           4.360e-01              74.949           6.278e-08              68.350           3.162e+02     
  70.000          45.000            5.065e-01           5.065e-01              78.563           2.790e-08              60.567           3.162e+02     
  75.000          45.000            5.773e-01           5.773e-01              82.192           1.178e-08              49.616           3.162e+02     
  80.000          45.000            6.379e-01           6.379e-01              85.193           5.009e-09              38.909           3.162e+02     
  85.000          45.000            6.787e-01           6.787e-01              87.140           1.185e-09              32.034           3.162e+02     
  90.000          45.000            6.932e-01           6.932e-01              87.811           4.059e-14             292.519           3.162e+02     
  95.000          45.000            6.787e-01           6.787e-01              87.140           1.181e-09             211.920           3.162e+02     
 100.000          45.000            6.379e-01           6.379e-01              85.193           5.000e-09             218.861           3.162e+02     
 105.000          45.000            5.773e-01           5.773e-01              82.192           1.176e-08             229.594           3.162e+02     
 110.000          45.000            5.065e-01           5.065e-01              78.563           2.788e-08             240.560           3.162e+02     
 115.000          45.000            4.360e-01           4.360e-01              74.949           6.274e-08             248.350           3.162e+02     
 120.000          45.000            3.764e-01           3.764e-01              72.070           1.281e-07             251.812           3.162e+02     
 125.000          45.000            3.384e-01           3.384e-01              70.231           2.288e-07             250.983           3.162e+02     
 130.000          45.000            3.305e-01           3.305e-01              68.564           3.551e-07             245.899           3.162e+02     
 135.000          45.000            3.561e-01           3.561e-01              64.945           4.671e-07             237.815           3.162e+02     
 140.000          45.000            4.104e-01           4.104e-01              57.392           5.700e-07             224.694           3.162e+02     
 145.000          45.000            4.820e-01           4.820e-01              45.445           6.644e-07             208.311           3.162e+02     
 150.000          45.000            5.519e-01           5.519e-01              30.091           7.580e-07             190.737           3.162e+02     
 155.000          45.000            5.868e-01           5.868e-01              12.822           7.484e-07             174.146           3.162e+02     
 160.000          45.000            5.443e-01           5.443e-01             354.739           6.483e-07             158.960           3.162e+02     
 165.000          45.000            4.072e-01           4.072e-01             336.309           4.442e-07             146.423           3.162e+02     
 170.000          45.000            2.169e-01           2.169e-01             317.607           1.996e-07             139.829           3.162e+02     
 175.000          45.000            5.810e-02           5.810e-02             298.613           7.194e-08             157.197           3.162e+02     
 180.000          45.000            5.984e-07           4.955e-07             325.829           1.029e-07             199.245           2.963e+00     
   0.000          50.000            5.983e-07           5.158e-07             327.612           8.251e-08              29.132           2.962e+00     
   5.000          50.000            5.865e-02           5.865e-02             298.023           4.433e-08             338.105           3.162e+02     
  10.000          50.000            2.191e-01           2.191e-01             316.129           1.539e-07             315.916           3.162e+02     
  15.000          50.000            4.055e-01           4.055e-01             333.706           3.526e-07             320.088           3.162e+02     
  20.000          50.000            5.236e-01           5.236e-01             350.859           5.781e-07             333.672           3.162e+02     
  25.000          50.000            5.305e-01           5.305e-01               7.679           6.837e-07             346.781           3.162e+02     
  30.000          50.000            4.540e-01           4.540e-01              23.998           6.663e-07             359.943           3.162e+02     
  35.000          50.000            3.512e-01           3.512e-01              39.042           5.872e-07              15.981           3.162e+02     
  40.000          50.000            2.625e-01           2.625e-01              51.364           4.758e-07              30.300           3.162e+02     
  45.000          50.000            2.036e-01           2.036e-01              59.603           3.878e-07              40.984           3.162e+02     
  50.000          50.000            1.763e-01           1.763e-01              63.956           2.945e-07              48.638           3.162e+02     
  55.000          50.000            1.779e-01           1.779e-01              66.738           2.040e-07              51.403           3.162e+02     
  60.000          50.000            2.028e-01           2.028e-01              70.414           1.325e-07              48.217           3.162e+02     
  65.000          50.000            2.453e-01           2.453e-01              75.589           9.169e-08              40.060           3.162e+02     
  70.000          50.000            2.994e-01           2.994e-01              81.437           5.582e-08              31.063           3.162e+02     
  75.000          50.000            3.577e-01           3.577e-01              86.880           3.287e-08              22.337           3.162e+02     
  80.000          50.000            4.105e-01           4.105e-01              91.145           1.596e-08              15.866           3.162e+02     
  85.000          50.000            4.476e-01           4.476e-01              93.820           4.308e-09              12.089           3.162e+02     
  90.000          50.000            4.610e-01           4.610e-01              94.727           5.626e-14             142.056           3.162e+02     
  95.000          50.000            4.476e-01           4.476e-01              93.820           4.304e-09             192.036           3.162e+02     
 100.000          50.000            4.105e-01           4.105e-01              91.145           1.595e-08             195.840           3.162e+02     
 105.000          50.000            3.577e-01           3.577e-01              86.880           3.285e-08             202.321           3.162e+02     
 110.000          50.000            2.994e-01           2.994e-01              81.437           5.580e-08             211.054           3.162e+02     
 115.000          50.000            2.453e-01           2.453e-01              75.589           9.165e-08             220.056           3.162e+02     
 120.000          50.000            2.028e-01           2.028e-01              70.414           1.325e-07             228.217           3.162e+02     
 125.000          50.000            1.779e-01           1.779e-01              66.738           2.040e-07             231.405           3.162e+02     
 130.000          50.000            1.763e-01           1.763e-01              63.956           2.944e-07             228.639           3.162e+02     
 135.000          50.000            2.036e-01           2.036e-01              59.603           3.877e-07             220.986           3.162e+02     
 140.000          50.000            2.625e-01           2.625e-01              51.364           4.758e-07             210.302           3.162e+02     
 145.000          50.000            3.512e-01           3.512e-01              39.042           5.872e-07             195.984           3.162e+02     
 150.000          50.000            4.540e-01           4.540e-01              23.998           6.663e-07             179.947           3.162e+02     
 155.000          50.000            5.305e-01           5.305e-01               7.679           6.838e-07             166.784           3.162e+02     
 160.000          50.000            5.236e-01           5.236e-01             350.859           5.781e-07             153.676           3.162e+02     
 165.000          50.000            4.055e-01           4.055e-01             333.706           3.527e-07             140.091           3.162e+02     
 170.000          50.000            2.191e-01           2.191e-01             316.129           1.539e-07             135.918           3.162e+02     
 175.000          50.000            5.865e-02           5.865e-02             298.023           4.436e-08             158.098           3.162e+02     
 180.000          50.000            5.984e-07           5.159e-07             327.620           8.251e-08             209.120           2.963e+00     
   0.000          55.000            5.983e-07           5.296e-07             329.345           6.871e-08              41.247           2.962e+00     
   5.000          55.000            5.916e-02           5.916e-02             297.288           2.213e-08             342.794           3.162e+02     
  10.000          55.000            2.209e-01           2.209e-01             314.387           1.033e-07             311.995           3.162e+02     
  15.000          55.000            4.032e-01           4.032e-01             330.759           2.691e-07             315.800           3.162e+02     
  20.000          55.000            5.037e-01           5.037e-01             346.593           4.706e-07             328.802           3.162e+02     
  25.000          55.000            4.809e-01           4.809e-01               2.122           5.795e-07             339.905           3.162e+02     
  30.000          55.000            3.745e-01           3.745e-01              17.482           5.763e-07             350.460           3.162e+02     
  35.000          55.000            2.543e-01           2.543e-01              32.429           4.937e-07               2.636           3.162e+02     
  40.000          55.000            1.639e-01           1.639e-01              45.975           4.078e-07              14.656           3.162e+02     
  45.000          55.000            1.120e-01           1.120e-01              56.658           3.151e-07              25.091           3.162e+02     
  50.000          55.000            9.116e-02           9.116e-02              64.079           2.447e-07              31.342           3.162e+02     
  55.000          55.000            9.395e-02           9.395e-02              70.187           1.868e-07              32.318           3.162e+02     
  60.000          55.000            1.165e-01           1.165e-01              77.159           1.501e-07              27.845           3.162e+02     
  65.000          55.000            1.574e-01           1.574e-01              85.073           1.075e-07              20.781           3.162e+02     
  70.000          55.000            2.142e-01           2.142e-01              92.777           8.058e-08              13.189           3.162e+02     
  75.000          55.000            2.798e-01           2.798e-01              99.268           5.459e-08               6.981           3.162e+02     
  80.000          55.000            3.422e-01           3.422e-01             104.039           2.859e-08               2.764           3.162e+02     
  85.000          55.000            3.873e-01           3.873e-01             106.920           7.989e-09               0.287           3.162e+02     
  90.000          55.000            4.038e-01           4.038e-01             107.880           5.191e-13             114.219           3.162e+02     
  95.000          55.000            3.873e-01           3.873e-01             106.920           7.984e-09             180.256           3.162e+02     
 100.000          55.000            3.422e-01           3.422e-01             104.039           2.858e-08             182.748           3.162e+02     
 105.000          55.000            2.798e-01           2.798e-01              99.268           5.457e-08             186.970           3.162e+02     
 110.000          55.000            2.142e-01           2.142e-01              92.777           8.056e-08             193.181           3.162e+02     
 115.000          55.000            1.574e-01           1.574e-01              85.073           1.075e-07             200.776           3.162e+02     
 120.000          55.000            1.165e-01           1.165e-01              77.159           1.501e-07             207.844           3.162e+02     
 125.000          55.000            9.395e-02           9.395e-02              70.187           1.867e-07             212.319           3.162e+02     
 130.000          55.000            9.116e-02           9.116e-02              64.079           2.447e-07             211.344           3.162e+02     
 135.000          55.000            1.120e-01           1.120e-01              56.658           3.150e-07             205.093           3.162e+02     
 140.000          55.000            1.639e-01           1.639e-01              45.975           4.078e-07             194.658           3.162e+02     
 145.000          55.000            2.543e-01           2.543e-01              32.429           4.938e-07             182.639           3.162e+02     
 150.000          55.000            3.745e-01           3.745e-01              17.482           5.763e-07             170.463           3.162e+02     
 155.000          55.000            4.809e-01           4.809e-01               2.122           5.795e-07             159.908           3.162e+02     
 160.000          55.000            5.037e-01           5.037e-01             346.593           4.706e-07             148.805           3.162e+02     
 165.000          55.000            4.032e-01           4.032e-01             330.759           2.691e-07             135.803           3.162e+02     
 170.000          55.000            2.209e-01           2.209e-01             314.387           1.034e-07             131.996           3.162e+02     
 175.000          55.000            5.916e-02           5.916e-02             297.288           2.214e-08             162.779           3.162e+02     
 180.000          55.000            5.984e-07           5.297e-07             329.352           6.870e-08             221.236           2.963e+00     
   0.000          60.000            5.983e-07           5.363e-07             331.044           6.193e-08              55.267           2.962e+00     
   5.000          60.000            5.961e-02           5.961e-02             296.418           7.809e-09             359.427           3.162e+02     
  10.000          60.000            2.224e-01           2.224e-01             312.404           5.547e-08             307.651           3.162e+02     
  15.000          60.000            4.006e-01           4.006e-01             327.512           1.760e-07             311.167           3.162e+02     
  20.000          60.000            4.853e-01           4.853e-01             342.027           3.209e-07             321.064           3.162e+02     
  25.000          60.000            4.382e-01           4.382e-01             356.326           4.456e-07             332.240           3.162e+02     
  30.000          60.000            3.117e-01           3.117e-01              10.925           4.640e-07             341.700           3.162e+02     
  35.000          60.000            1.858e-01           1.858e-01              26.403           4.081e-07             351.209           3.162e+02     
  40.000          60.000            1.039e-01           1.039e-01              42.994           3.345e-07             359.888           3.162e+02     
  45.000          60.000            6.605e-02           6.605e-02              59.471           2.623e-07               9.518           3.162e+02     
  50.000          60.000            5.788e-02           5.788e-02              73.003           2.098e-07              14.452           3.162e+02     
  55.000          60.000            7.144e-02           7.144e-02              82.678           1.835e-07              14.678           3.162e+02     
  60.000          60.000            1.074e-01           1.074e-01              90.358           1.541e-07              11.975           3.162e+02     
  65.000          60.000            1.682e-01           1.682e-01              97.310           1.314e-07               7.034           3.162e+02     
  70.000          60.000            2.515e-01           2.515e-01             103.534           1.068e-07               1.955           3.162e+02     
  75.000          60.000            3.468e-01           3.468e-01             108.681           7.542e-08             357.900           3.162e+02     
  80.000          60.000            4.366e-01           4.366e-01             112.482           4.021e-08             355.123           3.162e+02     
  85.000          60.000            5.008e-01           5.008e-01             114.801           1.131e-08             353.344           3.162e+02     
  90.000          60.000            5.242e-01           5.242e-01             115.578           1.532e-12              96.896           3.162e+02     
  95.000          60.000            5.008e-01           5.008e-01             114.801           1.130e-08             173.320           3.162e+02     
 100.000          60.000            4.366e-01           4.366e-01             112.482           4.019e-08             175.110           3.162e+02     
 105.000          60.000            3.468e-01           3.468e-01             108.681           7.540e-08             177.891           3.162e+02     
 110.000          60.000            2.515e-01           2.515e-01             103.534           1.068e-07             181.948           3.162e+02     
 115.000          60.000            1.682e-01           1.682e-01              97.310           1.314e-07             187.030           3.162e+02     
 120.000          60.000            1.074e-01           1.074e-01              90.358           1.541e-07             191.973           3.162e+02     
 125.000          60.000            7.144e-02           7.144e-02              82.678           1.835e-07             194.677           3.162e+02     
 130.000          60.000            5.788e-02           5.788e-02              73.003           2.097e-07             194.453           3.162e+02     
 135.000          60.000            6.605e-02           6.605e-02              59.471           2.623e-07             189.520           3.162e+02     
 140.000          60.000            1.039e-01           1.039e-01              42.994           3.345e-07             179.891           3.162e+02     
 145.000          60.000            1.858e-01           1.858e-01              26.403           4.081e-07             171.213           3.162e+02     
 150.000          60.000            3.117e-01           3.117e-01              10.925           4.641e-07             161.704           3.162e+02     
 155.000          60.000            4.382e-01           4.382e-01             356.326           4.456e-07             152.243           3.162e+02     
 160.000          60.000            4.853e-01           4.853e-01             342.027           3.210e-07             141.067           3.162e+02     
 165.000          60.000            4.006e-01           4.006e-01             327.512           1.760e-07             131.170           3.162e+02     
 170.000          60.000            2.224e-01           2.224e-01             312.404           5.549e-08             127.650           3.162e+02     
 175.000          60.000            5.961e-02           5.961e-02             296.418           7.812e-09             179.390           3.162e+02     
 180.000          60.000            5.984e-07           5.365e-07             331.051           6.190e-08             235.259           2.963e+00     
   0.000          65.000            5.983e-07           5.359e-07             332.733           6.234e-08              70.001           2.962e+00     
   5.000          65.000            6.001e-02           6.001e-02             295.422           3.736e-09              54.902           3.162e+02     
  10.000          65.000            2.237e-01           2.237e-01             310.202           1.874e-08             301.405           3.162e+02     
  15.000          65.000            3.980e-01           3.980e-01             323.999           8.982e-08             305.678           3.162e+02     
  20.000          65.000            4.687e-01           4.687e-01             337.214           1.942e-07             316.135           3.162e+02     
  25.000          65.000            4.022e-01           4.022e-01             350.412           2.978e-07             327.472           3.162e+02     
  30.000          65.000            2.630e-01           2.630e-01               4.600           3.373e-07             334.297           3.162e+02     
  35.000          65.000            1.392e-01           1.392e-01              21.652           3.254e-07             339.985           3.162e+02     
  40.000          65.000            7.166e-02           7.166e-02              43.922           2.744e-07             347.262           3.162e+02     
  45.000          65.000            5.219e-02           5.219e-02              68.370           2.256e-07             353.543           3.162e+02     
  50.000          65.000            6.214e-02           6.214e-02              84.667           2.022e-07             357.317           3.162e+02     
  55.000          65.000            9.660e-02           9.660e-02              91.848           1.716e-07             359.814           3.162e+02     
  60.000          65.000            1.614e-01           1.614e-01              95.671           1.593e-07             358.863           3.162e+02     
  65.000          65.000            2.603e-01           2.603e-01              99.230           1.459e-07             356.578           3.162e+02     
  70.000          65.000            3.869e-01           3.869e-01             102.954           1.229e-07             354.066           3.162e+02     
  75.000          65.000            5.241e-01           5.241e-01             106.437           9.133e-08             352.363           3.162e+02     
  80.000          65.000            6.478e-01           6.478e-01             109.230           4.811e-08             350.758           3.162e+02     
  85.000          65.000            7.341e-01           7.341e-01             111.019           1.341e-08             349.540           3.162e+02     
  90.000          65.000            7.650e-01           7.650e-01             111.634           2.869e-12              81.881           3.162e+02     
  95.000          65.000            7.341e-01           7.341e-01             111.019           1.340e-08             169.517           3.162e+02     
 100.000          65.000            6.478e-01           6.478e-01             109.230           4.809e-08             170.746           3.162e+02     
 105.000          65.000            5.241e-01           5.241e-01             106.437           9.130e-08             172.355           3.162e+02     
 110.000          65.000            3.869e-01           3.869e-01             102.954           1.229e-07             174.059           3.162e+02     
 115.000          65.000            2.603e-01           2.603e-01              99.230           1.458e-07             176.574           3.162e+02     
 120.000          65.000            1.614e-01           1.614e-01              95.671           1.593e-07             178.859           3.162e+02     
 125.000          65.000            9.660e-02           9.660e-02              91.848           1.716e-07             179.813           3.162e+02     
 130.000          65.000            6.214e-02           6.214e-02              84.667           2.022e-07             177.317           3.162e+02     
 135.000          65.000            5.219e-02           5.219e-02              68.370           2.255e-07             173.544           3.162e+02     
 140.000          65.000            7.166e-02           7.166e-02              43.922           2.744e-07             167.265           3.162e+02     
 145.000          65.000            1.392e-01           1.392e-01              21.652           3.254e-07             159.989           3.162e+02     
 150.000          65.000            2.630e-01           2.630e-01               4.600           3.373e-07             154.300           3.162e+02     
 155.000          65.000            4.022e-01           4.022e-01             350.412           2.978e-07             147.475           3.162e+02     
 160.000          65.000            4.687e-01           4.687e-01             337.214           1.942e-07             136.138           3.162e+02     
 165.000          65.000            3.980e-01           3.980e-01             323.999           8.985e-08             125.679           3.162e+02     
 170.000          65.000            2.237e-01           2.237e-01             310.202           1.875e-08             121.400           3.162e+02     
 175.000          65.000            6.001e-02           6.001e-02             295.422           3.730e-09             234.865           3.162e+02     
 180.000          65.000            5.984e-07           5.361e-07             332.739           6.232e-08             249.998           2.963e+00     
   0.000          70.000            5.983e-07           5.283e-07             334.435           6.996e-08              83.846           2.962e+00     
   5.000          70.000            6.036e-02           6.036e-02             294.309           1.184e-08              98.749           3.162e+02     
  10.000          70.000            2.249e-01           2.249e-01             307.802           1.026e-09             271.501           3.162e+02     
  15.000          70.000            3.955e-01           3.955e-01             320.248           2.720e-08             297.124           3.162e+02     
  20.000          70.000            4.541e-01           4.541e-01             332.184           8.550e-08             311.177           3.162e+02     
  25.000          70.000            3.723e-01           3.723e-01             344.411           1.553e-07             318.889           3.162e+02     
  30.000          70.000            2.258e-01           2.258e-01             358.579           2.065e-07             325.290           3.162e+02     
  35.000          70.000            1.089e-01           1.089e-01              18.395           2.287e-07             332.424           3.162e+02     
  40.000          70.000            5.897e-02           5.897e-02              48.041           2.161e-07             336.507           3.162e+02     
  45.000          70.000            6.065e-02           6.065e-02              75.940           1.938e-07             340.198           3.162e+02     
  50.000          70.000            9.359e-02           9.359e-02              87.944           1.822e-07             342.956           3.162e+02     
  55.000          70.000            1.578e-01           1.578e-01              90.320           1.705e-07             345.477           3.162e+02     
  60.000          70.000            2.640e-01           2.640e-01              90.575           1.632e-07             346.792           3.162e+02     
  65.000          70.000            4.145e-01           4.145e-01              91.528           1.508e-07             347.230           3.162e+02     
  70.000          70.000            5.956e-01           5.956e-01              93.370           1.305e-07             347.286           3.162e+02     
  75.000          70.000            7.813e-01           7.813e-01              95.556           9.087e-08             347.058           3.162e+02     
  80.000          70.000            9.415e-01           9.415e-01              97.523           4.750e-08             346.747           3.162e+02     
  85.000          70.000            1.050e+00           1.050e+00              98.861           1.310e-08             346.191           3.162e+02     
  90.000          70.000            1.088e+00           1.088e+00              99.333           3.824e-12              67.749           3.162e+02     
  95.000          70.000            1.050e+00           1.050e+00              98.861           1.310e-08             166.167           3.162e+02     
 100.000          70.000            9.415e-01           9.415e-01              97.523           4.748e-08             166.735           3.162e+02     
 105.000          70.000            7.813e-01           7.813e-01              95.556           9.085e-08             167.049           3.162e+02     
 110.000          70.000            5.956e-01           5.956e-01              93.370           1.305e-07             167.280           3.162e+02     
 115.000          70.000            4.145e-01           4.145e-01              91.528           1.508e-07             167.224           3.162e+02     
 120.000          70.000            2.640e-01           2.640e-01              90.575           1.632e-07             166.788           3.162e+02     
 125.000          70.000            1.578e-01           1.578e-01              90.320           1.704e-07             165.474           3.162e+02     
 130.000          70.000            9.359e-02           9.359e-02              87.944           1.822e-07             162.955           3.162e+02     
 135.000          70.000            6.065e-02           6.065e-02              75.940           1.938e-07             160.199           3.162e+02     
 140.000          70.000            5.897e-02           5.897e-02              48.041           2.161e-07             156.509           3.162e+02     
 145.000          70.000            1.089e-01           1.089e-01              18.395           2.287e-07             152.427           3.162e+02     
 150.000          70.000            2.258e-01           2.258e-01             358.579           2.065e-07             145.294           3.162e+02     
 155.000          70.000            3.723e-01           3.723e-01             344.411           1.553e-07             138.891           3.162e+02     
 160.000          70.000            4.541e-01           4.541e-01             332.184           8.552e-08             131.179           3.162e+02     
 165.000          70.000            3.955e-01           3.955e-01             320.248           2.721e-08             117.123           3.162e+02     
 170.000          70.000            2.249e-01           2.249e-01             307.802           1.030e-09              91.507           3.162e+02     
 175.000          70.000            6.036e-02           6.036e-02             294.309           1.182e-08             278.759           3.162e+02     
 180.000          70.000            5.984e-07           5.285e-07             334.441           6.993e-08             263.849           2.963e+00     
   0.000          75.000            5.983e-07           5.137e-07             336.174           8.453e-08              95.705           2.962e+00     
   5.000          75.000            6.065e-02           6.065e-02             293.090           3.331e-08             111.115           3.162e+02     
  10.000          75.000            2.258e-01           2.258e-01             305.223           8.372e-09             134.594           3.162e+02     
  15.000          75.000            3.935e-01           3.935e-01             316.280           1.124e-09             242.628           3.162e+02     
  20.000          75.000            4.421e-01           4.421e-01             326.937           1.692e-08             306.260           3.162e+02     
  25.000          75.000            3.483e-01           3.483e-01             338.264           5.542e-08             316.203           3.162e+02     
  30.000          75.000            1.980e-01           1.980e-01             352.682           1.018e-07             321.892           3.162e+02     
  35.000          75.000            9.053e-02           9.053e-02              16.047           1.403e-07             323.762           3.162e+02     
  40.000          75.000            5.918e-02           5.918e-02              51.662           1.598e-07             325.361           3.162e+02     
  45.000          75.000            8.275e-02           8.275e-02              76.748           1.578e-07             328.440           3.162e+02     
  50.000          75.000            1.408e-01           1.408e-01              83.418           1.609e-07             328.722           3.162e+02     
  55.000          75.000            2.395e-01           2.395e-01              82.253           1.568e-07             330.346           3.162e+02     
  60.000          75.000            3.948e-01           3.948e-01              80.094           1.498e-07             332.446           3.162e+02     
  65.000          75.000            6.074e-01           6.074e-01              79.215           1.399e-07             334.621           3.162e+02     
  70.000          75.000            8.553e-01           8.553e-01              79.629           1.121e-07             336.661           3.162e+02     
  75.000          75.000            1.102e+00           1.102e+00              80.740           7.641e-08             338.250           3.162e+02     
  80.000          75.000            1.309e+00           1.309e+00              81.960           3.917e-08             339.287           3.162e+02     
  85.000          75.000            1.447e+00           1.447e+00              82.861           1.064e-08             339.529           3.162e+02     
  90.000          75.000            1.495e+00           1.495e+00              83.190           3.631e-12              52.232           3.162e+02     
  95.000          75.000            1.447e+00           1.447e+00              82.861           1.064e-08             159.505           3.162e+02     
 100.000          75.000            1.309e+00           1.309e+00              81.960           3.916e-08             159.274           3.162e+02     
 105.000          75.000            1.102e+00           1.102e+00              80.740           7.640e-08             158.240           3.162e+02     
 110.000          75.000            8.553e-01           8.553e-01              79.629           1.121e-07             156.654           3.162e+02     
 115.000          75.000            6.074e-01           6.074e-01              79.215           1.399e-07             154.614           3.162e+02     
 120.000          75.000            3.948e-01           3.948e-01              80.094           1.498e-07             152.440           3.162e+02     
 125.000          75.000            2.395e-01           2.395e-01              82.253           1.568e-07             150.341           3.162e+02     
 130.000          75.000            1.408e-01           1.408e-01              83.418           1.608e-07             148.719           3.162e+02     
 135.000          75.000            8.275e-02           8.275e-02              76.748           1.577e-07             148.440           3.162e+02     
 140.000          75.000            5.918e-02           5.918e-02              51.662           1.598e-07             145.362           3.162e+02     
 145.000          75.000            9.053e-02           9.053e-02              16.047           1.402e-07             143.764           3.162e+02     
 150.000          75.000            1.980e-01           1.980e-01             352.682           1.018e-07             141.895           3.162e+02     
 155.000          75.000            3.483e-01           3.483e-01             338.264           5.542e-08             136.204           3.162e+02     
 160.000          75.000            4.421e-01           4.421e-01             326.937           1.693e-08             126.256           3.162e+02     
 165.000          75.000            3.935e-01           3.935e-01             316.280           1.127e-09              62.673           3.162e+02     
 170.000          75.000            2.258e-01           2.258e-01             305.223           8.364e-09             314.627           3.162e+02     
 175.000          75.000            6.065e-02           6.065e-02             293.090           3.329e-08             291.129           3.162e+02     
 180.000          75.000            5.984e-07           5.139e-07             336.178           8.450e-08             275.712           2.963e+00     
   0.000          80.000            5.983e-07           4.926e-07             337.974           1.056e-07             105.332           2.962e+00     
   5.000          80.000            6.089e-02           6.089e-02             291.776           6.844e-08             115.255           3.162e+02     
  10.000          80.000            2.267e-01           2.267e-01             302.487           4.391e-08             125.196           3.162e+02     
  15.000          80.000            3.922e-01           3.922e-01             312.110           1.854e-08             131.551           3.162e+02     
  20.000          80.000            4.331e-01           4.331e-01             321.455           1.385e-09             119.111           3.162e+02     
  25.000          80.000            3.303e-01           3.303e-01             331.855           5.558e-09             330.298           3.162e+02     
  30.000          80.000            1.783e-01           1.783e-01             346.512           3.125e-08             325.577           3.162e+02     
  35.000          80.000            8.031e-02           8.031e-02              13.276           6.762e-08             321.373           3.162e+02     
  40.000          80.000            6.577e-02           6.577e-02              51.518           1.012e-07             317.982           3.162e+02     
  45.000          80.000            1.084e-01           1.084e-01              71.945           1.292e-07             313.893           3.162e+02     
  50.000          80.000            1.886e-01           1.886e-01              74.719           1.410e-07             311.852           3.162e+02     
  55.000          80.000            3.187e-01           3.187e-01              71.144           1.429e-07             311.206           3.162e+02     
  60.000          80.000            5.207e-01           5.207e-01              67.298           1.335e-07             312.256           3.162e+02     
  65.000          80.000            7.957e-01           7.957e-01              65.120           1.166e-07             314.625           3.162e+02     
  70.000          80.000            1.115e+00           1.115e+00              64.511           8.841e-08             317.620           3.162e+02     
  75.000          80.000            1.431e+00           1.431e+00              64.834           5.725e-08             320.528           3.162e+02     
  80.000          80.000            1.696e+00           1.696e+00              65.494           2.824e-08             322.809           3.162e+02     
  85.000          80.000            1.871e+00           1.871e+00              66.059           7.291e-09             323.355           3.162e+02     
  90.000          80.000            1.932e+00           1.932e+00              66.275           2.423e-12              30.195           3.162e+02     
  95.000          80.000            1.871e+00           1.871e+00              66.059           7.288e-09             143.329           3.162e+02     
 100.000          80.000            1.696e+00           1.696e+00              65.494           2.824e-08             142.795           3.162e+02     
 105.000          80.000            1.431e+00           1.431e+00              64.834           5.724e-08             140.518           3.162e+02     
 110.000          80.000            1.115e+00           1.115e+00              64.511           8.840e-08             137.611           3.162e+02     
 115.000          80.000            7.957e-01           7.957e-01              65.120           1.166e-07             134.618           3.162e+02     
 120.000          80.000            5.207e-01           5.207e-01              67.298           1.335e-07             132.249           3.162e+02     
 125.000          80.000            3.187e-01           3.187e-01              71.144           1.428e-07             131.200           3.162e+02     
 130.000          80.000            1.886e-01           1.886e-01              74.719           1.410e-07             131.848           3.162e+02     
 135.000          80.000            1.084e-01           1.084e-01              71.945           1.291e-07             133.891           3.162e+02     
 140.000          80.000            6.577e-02           6.577e-02              51.518           1.012e-07             137.982           3.162e+02     
 145.000          80.000            8.031e-02           8.031e-02              13.276           6.761e-08             141.375           3.162e+02     
 150.000          80.000            1.783e-01           1.783e-01             346.512           3.125e-08             145.578           3.162e+02     
 155.000          80.000            3.303e-01           3.303e-01             331.855           5.559e-09             150.290           3.162e+02     
 160.000          80.000            4.331e-01           4.331e-01             321.455           1.382e-09             299.142           3.162e+02     
 165.000          80.000            3.922e-01           3.922e-01             312.110           1.853e-08             311.571           3.162e+02     
 170.000          80.000            2.267e-01           2.267e-01             302.487           4.389e-08             305.212           3.162e+02     
 175.000          80.000            6.089e-02           6.089e-02             291.776           6.842e-08             295.269           3.162e+02     
 180.000          80.000            5.984e-07           4.928e-07             337.978           1.056e-07             285.342           2.963e+00     
   0.000          85.000            5.983e-07           4.657e-07             339.864           1.326e-07             113.006           2.962e+00     
   5.000          85.000            6.107e-02           6.107e-02             290.377           1.165e-07             116.727           3.162e+02     
  10.000          85.000            2.275e-01           2.275e-01             299.612           1.073e-07             120.476           3.162e+02     
  15.000          85.000            3.920e-01           3.920e-01             307.753           7.909e-08             120.789           3.162e+02     
  20.000          85.000            4.277e-01           4.277e-01             315.714           4.028e-08             114.578           3.162e+02     
  25.000          85.000            3.187e-01           3.187e-01             325.034           1.152e-08              93.205           3.162e+02     
  30.000          85.000            1.658e-01           1.658e-01             339.545           5.709e-09              16.031           3.162e+02     
  35.000          85.000            7.497e-02           7.497e-02               8.514           2.172e-08             329.599           3.162e+02     
  40.000          85.000            7.242e-02           7.242e-02              46.888           5.075e-08             312.311           3.162e+02     
  45.000          85.000            1.276e-01           1.276e-01              63.521           8.461e-08             300.305           3.162e+02     
  50.000          85.000            2.212e-01           2.212e-01              63.634           1.119e-07             292.461           3.162e+02     
  55.000          85.000            3.705e-01           3.705e-01              58.289           1.270e-07             287.456           3.162e+02     
  60.000          85.000            6.027e-01           6.027e-01              53.165           1.244e-07             285.199           3.162e+02     
  65.000          85.000            9.198e-01           9.198e-01              50.038           1.069e-07             285.307           3.162e+02     
  70.000          85.000            1.289e+00           1.289e+00              48.717           7.788e-08             286.917           3.162e+02     
  75.000          85.000            1.657e+00           1.657e+00              48.518           4.773e-08             289.311           3.162e+02     
  80.000          85.000            1.967e+00           1.967e+00              48.817           2.238e-08             291.652           3.162e+02     
  85.000          85.000            2.172e+00           2.172e+00              49.170           5.733e-09             293.075           3.162e+02     
  90.000          85.000            2.244e+00           2.244e+00              49.316           1.434e-12             351.579           3.162e+02     
  95.000          85.000            2.172e+00           2.172e+00              49.170           5.732e-09             113.050           3.162e+02     
 100.000          85.000            1.967e+00           1.967e+00              48.817           2.238e-08             111.638           3.162e+02     
 105.000          85.000            1.657e+00           1.657e+00              48.518           4.773e-08             109.300           3.162e+02     
 110.000          85.000            1.289e+00           1.289e+00              48.717           7.788e-08             106.908           3.162e+02     
 115.000          85.000            9.198e-01           9.198e-01              50.038           1.069e-07             105.299           3.162e+02     
 120.000          85.000            6.027e-01           6.027e-01              53.165           1.244e-07             105.192           3.162e+02     
 125.000          85.000            3.705e-01           3.705e-01              58.289           1.270e-07             107.448           3.162e+02     
 130.000          85.000            2.212e-01           2.212e-01              63.634           1.119e-07             112.454           3.162e+02     
 135.000          85.000            1.276e-01           1.276e-01              63.521           8.459e-08             120.300           3.162e+02     
 140.000          85.000            7.242e-02           7.242e-02              46.889           5.073e-08             132.309           3.162e+02     
 145.000          85.000            7.497e-02           7.497e-02               8.514           2.171e-08             149.600           3.162e+02     
 150.000          85.000            1.658e-01           1.658e-01             339.545           5.707e-09             196.035           3.162e+02     
 155.000          85.000            3.187e-01           3.187e-01             325.034           1.151e-08             273.212           3.162e+02     
 160.000          85.000            4.277e-01           4.277e-01             315.714           4.027e-08             294.588           3.162e+02     
 165.000          85.000            3.920e-01           3.920e-01             307.753           7.907e-08             300.800           3.162e+02     
 170.000          85.000            2.275e-01           2.275e-01             299.612           1.073e-07             300.488           3.162e+02     
 175.000          85.000            6.107e-02           6.107e-02             290.377           1.164e-07             296.740           3.162e+02     
 180.000          85.000            5.984e-07           4.658e-07             339.868           1.326e-07             293.017           2.963e+00     
   0.000          90.000            5.983e-07           4.336e-07             341.880           1.646e-07             119.145           2.962e+00     
   5.000          90.000            6.120e-02           6.120e-02             288.905           2.122e-07             120.666           3.162e+02     
  10.000          90.000            2.283e-01           2.283e-01             296.615           2.256e-07             121.010           3.162e+02     
  15.000          90.000            3.930e-01           3.930e-01             303.229           1.950e-07             119.617           3.162e+02     
  20.000          90.000            4.266e-01           4.266e-01             309.702           1.310e-07             115.237           3.162e+02     
  25.000          90.000            3.141e-01           3.141e-01             317.677           6.326e-08             105.788           3.162e+02     
  30.000          90.000            1.601e-01           1.601e-01             331.288           1.813e-08              83.481           3.162e+02     
  35.000          90.000            7.220e-02           7.220e-02               0.508           4.746e-09              10.117           3.162e+02     
  40.000          90.000            7.447e-02           7.447e-02              38.079           1.815e-08             305.233           3.162e+02     
  45.000          90.000            1.336e-01           1.336e-01              52.378           5.090e-08             281.848           3.162e+02     
  50.000          90.000            2.298e-01           2.298e-01              50.636           9.298e-08             269.150           3.162e+02     
  55.000          90.000            3.826e-01           3.826e-01              43.841           1.297e-07             261.378           3.162e+02     
  60.000          90.000            6.209e-01           6.209e-01              37.607           1.450e-07             257.072           3.162e+02     
  65.000          90.000            9.466e-01           9.466e-01              33.656           1.335e-07             255.312           3.162e+02     
  70.000          90.000            1.326e+00           1.326e+00              31.732           1.013e-07             255.263           3.162e+02     
  75.000          90.000            1.704e+00           1.704e+00              31.104           6.269e-08             256.267           3.162e+02     
  80.000          90.000            2.021e+00           2.021e+00              31.115           2.920e-08             257.608           3.162e+02     
  85.000          90.000            2.232e+00           2.232e+00              31.303           7.389e-09             258.510           3.162e+02     
  90.000          90.000            2.306e+00           2.306e+00              31.395           1.632e-12             304.188           3.162e+02     
  95.000          90.000            2.232e+00           2.232e+00              31.303           7.388e-09              78.482           3.162e+02     
 100.000          90.000            2.021e+00           2.021e+00              31.115           2.919e-08              77.593           3.162e+02     
 105.000          90.000            1.704e+00           1.704e+00              31.104           6.269e-08              76.256           3.162e+02     
 110.000          90.000            1.326e+00           1.326e+00              31.732           1.013e-07              75.254           3.162e+02     
 115.000          90.000            9.466e-01           9.466e-01              33.656           1.335e-07              75.303           3.162e+02     
 120.000          90.000            6.209e-01           6.209e-01              37.607           1.450e-07              77.063           3.162e+02     
 125.000          90.000            3.826e-01           3.826e-01              43.841           1.297e-07              81.369           3.162e+02     
 130.000          90.000            2.298e-01           2.298e-01              50.636           9.296e-08              89.141           3.162e+02     
 135.000          90.000            1.336e-01           1.336e-01              52.378           5.088e-08             101.839           3.162e+02     
 140.000          90.000            7.447e-02           7.447e-02              38.079           1.814e-08             125.228           3.162e+02     
 145.000          90.000            7.220e-02           7.220e-02               0.508           4.742e-09             190.134           3.162e+02     
 150.000          90.000            1.601e-01           1.601e-01             331.288           1.813e-08             263.491           3.162e+02     
 155.000          90.000            3.141e-01           3.141e-01             317.677           6.325e-08             285.795           3.162e+02     
 160.000          90.000            4.266e-01           4.266e-01             309.702           1.310e-07             295.245           3.162e+02     
 165.000          90.000            3.930e-01           3.930e-01             303.229           1.949e-07             299.626           3.162e+02     
 170.000          90.000            2.283e-01           2.283e-01             296.615           2.255e-07             301.020           3.162e+02     
 175.000          90.000            6.120e-02           6.120e-02             288.905           2.122e-07             300.677           3.162e+02     
 180.000          90.000            5.984e-07           4.338e-07             341.882           1.646e-07             299.157           2.963e+00     
   0.000          95.000            5.983e-07           3.975e-07             344.061           2.008e-07             124.132           2.962e+00     
   5.000          95.000            6.126e-02           6.126e-02             287.371           2.818e-07             120.262           3.162e+02     
  10.000          95.000            2.292e-01           2.292e-01             293.528           3.267e-07             117.357           3.162e+02     
  15.000          95.000            3.954e-01           3.954e-01             298.558           3.053e-07             113.241           3.162e+02     
  20.000          95.000            4.304e-01           4.304e-01             303.424           2.308e-07             107.102           3.162e+02     
  25.000          95.000            3.177e-01           3.177e-01             309.727           1.387e-07              96.806           3.162e+02     
  30.000          95.000            1.620e-01           1.620e-01             321.461           6.350e-08              81.112           3.162e+02     
  35.000          95.000            7.145e-02           7.145e-02             348.507           1.907e-08              55.753           3.162e+02     
  40.000          95.000            7.056e-02           7.056e-02              25.049           3.734e-09             339.822           3.162e+02     
  45.000          95.000            1.257e-01           1.257e-01              38.576           1.985e-08             264.020           3.162e+02     
  50.000          95.000            2.170e-01           2.170e-01              35.647           6.692e-08             244.894           3.162e+02     
  55.000          95.000            3.629e-01           3.629e-01              27.652           1.259e-07             236.422           3.162e+02     
  60.000          95.000            5.910e-01           5.910e-01              20.392           1.665e-07             232.278           3.162e+02     
  65.000          95.000            9.022e-01           9.022e-01              15.605           1.689e-07             230.515           3.162e+02     
  70.000          95.000            1.263e+00           1.263e+00              13.013           1.369e-07             230.382           3.162e+02     
  75.000          95.000            1.618e+00           1.618e+00              11.871           8.822e-08             231.127           3.162e+02     
  80.000          95.000            1.916e+00           1.916e+00              11.517           4.202e-08             232.162           3.162e+02     
  85.000          95.000            2.112e+00           2.112e+00              11.487           1.074e-08             232.843           3.162e+02     
  90.000          95.000            2.180e+00           2.180e+00              11.507           2.379e-12             273.793           3.162e+02     
  95.000          95.000            2.112e+00           2.112e+00              11.487           1.074e-08              52.809           3.162e+02     
 100.000          95.000            1.916e+00           1.916e+00              11.517           4.202e-08              52.144           3.162e+02     
 105.000          95.000            1.618e+00           1.618e+00              11.871           8.822e-08              51.115           3.162e+02     
 110.000          95.000            1.263e+00           1.263e+00              13.013           1.369e-07              50.371           3.162e+02     
 115.000          95.000            9.022e-01           9.022e-01              15.605           1.689e-07              50.505           3.162e+02     
 120.000          95.000            5.910e-01           5.910e-01              20.392           1.665e-07              52.268           3.162e+02     
 125.000          95.000            3.629e-01           3.629e-01              27.652           1.259e-07              56.412           3.162e+02     
 130.000          95.000            2.170e-01           2.170e-01              35.647           6.691e-08              64.880           3.162e+02     
 135.000          95.000            1.257e-01           1.257e-01              38.576           1.984e-08              84.003           3.162e+02     
 140.000          95.000            7.056e-02           7.056e-02              25.049           3.728e-09             159.839           3.162e+02     
 145.000          95.000            7.145e-02           7.145e-02             348.507           1.907e-08             235.769           3.162e+02     
 150.000          95.000            1.620e-01           1.620e-01             321.461           6.350e-08             261.119           3.162e+02     
 155.000          95.000            3.177e-01           3.177e-01             309.727           1.387e-07             276.813           3.162e+02     
 160.000          95.000            4.304e-01           4.304e-01             303.424           2.307e-07             287.109           3.162e+02     
 165.000          95.000            3.954e-01           3.954e-01             298.558           3.052e-07             293.250           3.162e+02     
 170.000          95.000            2.292e-01           2.292e-01             293.528           3.266e-07             297.367           3.162e+02     
 175.000          95.000            6.126e-02           6.126e-02             287.371           2.818e-07             300.272           3.162e+02     
 180.000          95.000            5.984e-07           3.976e-07             344.063           2.008e-07             304.144           2.963e+00     
   0.000         100.000            5.983e-07           3.584e-07             346.461           2.399e-07             128.261           2.962e+00     
   5.000         100.000            6.127e-02           6.127e-02             285.786           3.558e-07             119.781           3.162e+02     
  10.000         100.000            2.300e-01           2.300e-01             290.360           4.364e-07             114.172           3.162e+02     
  15.000         100.000            3.993e-01           3.993e-01             293.771           4.236e-07             107.913           3.162e+02     
  20.000         100.000            4.397e-01           4.397e-01             296.923           3.367e-07             100.122           3.162e+02     
  25.000         100.000            3.308e-01           3.308e-01             301.243           2.222e-07              88.390           3.162e+02     
  30.000         100.000            1.733e-01           1.733e-01             310.159           1.235e-07              73.443           3.162e+02     
  35.000         100.000            7.471e-02           7.471e-02             332.437           5.462e-08              56.416           3.162e+02     
  40.000         100.000            6.311e-02           6.311e-02               7.040           1.060e-08              36.082           3.162e+02     
  45.000         100.000            1.087e-01           1.087e-01              21.619           2.746e-09             246.171           3.162e+02     
  50.000         100.000            1.920e-01           1.920e-01              18.544           4.060e-08             220.991           3.162e+02     
  55.000         100.000            3.293e-01           3.293e-01               9.949           1.065e-07             214.935           3.162e+02     
  60.000         100.000            5.453e-01           5.453e-01               2.008           1.614e-07             212.418           3.162e+02     
  65.000         100.000            8.400e-01           8.400e-01             356.518           1.744e-07             211.516           3.162e+02     
  70.000         100.000            1.180e+00           1.180e+00             353.247           1.472e-07             211.985           3.162e+02     
  75.000         100.000            1.515e+00           1.515e+00             351.506           9.697e-08             213.022           3.162e+02     
  80.000         100.000            1.793e+00           1.793e+00             350.688           4.674e-08             214.175           3.162e+02     
  85.000         100.000            1.976e+00           1.976e+00             350.365           1.216e-08             215.666           3.162e+02     
  90.000         100.000            2.039e+00           2.039e+00             350.285           2.256e-12             252.946           3.162e+02     
  95.000         100.000            1.976e+00           1.976e+00             350.365           1.216e-08              35.623           3.162e+02     
 100.000         100.000            1.793e+00           1.793e+00             350.688           4.674e-08              34.153           3.162e+02     
 105.000         100.000            1.515e+00           1.515e+00             351.506           9.697e-08              33.006           3.162e+02     
 110.000         100.000            1.180e+00           1.180e+00             353.247           1.472e-07              31.973           3.162e+02     
 115.000         100.000            8.400e-01           8.400e-01             356.518           1.744e-07              31.505           3.162e+02     
 120.000         100.000            5.453e-01           5.453e-01               2.008           1.614e-07              32.406           3.162e+02     
 125.000         100.000            3.293e-01           3.293e-01               9.949           1.065e-07              34.921           3.162e+02     
 130.000         100.000            1.920e-01           1.920e-01              18.544           4.059e-08              40.971           3.162e+02     
 135.000         100.000            1.087e-01           1.087e-01              21.619           2.743e-09              66.113           3.162e+02     
 140.000         100.000            6.311e-02           6.311e-02               7.040           1.060e-08             216.111           3.162e+02     
 145.000         100.000            7.471e-02           7.471e-02             332.437           5.462e-08             236.426           3.162e+02     
 150.000         100.000            1.733e-01           1.733e-01             310.159           1.235e-07             253.450           3.162e+02     
 155.000         100.000            3.308e-01           3.308e-01             301.243           2.222e-07             268.396           3.162e+02     
 160.000         100.000            4.397e-01           4.397e-01             296.923           3.367e-07             280.129           3.162e+02     
 165.000         100.000            3.993e-01           3.993e-01             293.771           4.236e-07             287.921           3.162e+02     
 170.000         100.000            2.300e-01           2.300e-01             290.360           4.363e-07             294.181           3.162e+02     
 175.000         100.000            6.127e-02           6.127e-02             285.786           3.558e-07             299.791           3.162e+02     
 180.000         100.000            5.984e-07           3.585e-07             346.461           2.399e-07             308.273           2.963e+00     
   0.000         105.000            5.983e-07           3.175e-07             349.146           2.808e-07             131.752           2.962e+00     
   5.000         105.000            6.122e-02           6.122e-02             284.162           4.308e-07             119.324           3.162e+02     
  10.000         105.000            2.307e-01           2.307e-01             287.138           5.462e-07             111.378           3.162e+02     
  15.000         105.000            4.049e-01           4.049e-01             288.907           5.367e-07             103.126           3.162e+02     
  20.000         105.000            4.549e-01           4.549e-01             290.269           4.329e-07              93.382           3.162e+02     
  25.000         105.000            3.550e-01           3.550e-01             292.397           3.000e-07              79.379           3.162e+02     
  30.000         105.000            1.971e-01           1.971e-01             297.898           1.902e-07              63.092           3.162e+02     
  35.000         105.000            8.663e-02           8.663e-02             313.413           1.099e-07              47.298           3.162e+02     
  40.000         105.000            5.796e-02           5.796e-02             343.046           4.176e-08              36.616           3.162e+02     
  45.000         105.000            8.942e-02           8.942e-02               0.485           1.448e-09              33.989           3.162e+02     
  50.000         105.000            1.634e-01           1.634e-01             359.270           1.349e-08             197.466           3.162e+02     
  55.000         105.000            2.923e-01           2.923e-01             351.459           6.171e-08             196.770           3.162e+02     
  60.000         105.000            4.970e-01           4.970e-01             343.736           1.096e-07             196.362           3.162e+02     
  65.000         105.000            7.772e-01           7.772e-01             338.078           1.241e-07             196.464           3.162e+02     
  70.000         105.000            1.102e+00           1.102e+00             334.428           1.079e-07             197.883           3.162e+02     
  75.000         105.000            1.424e+00           1.424e+00             332.251           7.164e-08             199.542           3.162e+02     
  80.000         105.000            1.693e+00           1.693e+00             331.051           3.451e-08             201.131           3.162e+02     
  85.000         105.000            1.870e+00           1.870e+00             330.470           8.857e-09             202.219           3.162e+02     
  90.000         105.000            1.931e+00           1.931e+00             330.299           1.145e-12             227.843           3.162e+02     
  95.000         105.000            1.870e+00           1.870e+00             330.470           8.859e-09              22.158           3.162e+02     
 100.000         105.000            1.693e+00           1.693e+00             331.051           3.452e-08              21.100           3.162e+02     
 105.000         105.000            1.424e+00           1.424e+00             332.251           7.164e-08              19.521           3.162e+02     
 110.000         105.000            1.102e+00           1.102e+00             334.428           1.079e-07              17.866           3.162e+02     
 115.000         105.000            7.772e-01           7.772e-01             338.078           1.241e-07              16.448           3.162e+02     
 120.000         105.000            4.970e-01           4.970e-01             343.736           1.096e-07              16.346           3.162e+02     
 125.000         105.000            2.923e-01           2.923e-01             351.459           6.171e-08              16.749           3.162e+02     
 130.000         105.000            1.634e-01           1.634e-01             359.270           1.349e-08              17.427           3.162e+02     
 135.000         105.000            8.942e-02           8.942e-02               0.485           1.449e-09             214.090           3.162e+02     
 140.000         105.000            5.796e-02           5.796e-02             343.047           4.176e-08             216.631           3.162e+02     
 145.000         105.000            8.663e-02           8.663e-02             313.413           1.099e-07             227.305           3.162e+02     
 150.000         105.000            1.971e-01           1.971e-01             297.898           1.902e-07             243.098           3.162e+02     
 155.000         105.000            3.550e-01           3.550e-01             292.397           2.999e-07             259.385           3.162e+02     
 160.000         105.000            4.549e-01           4.549e-01             290.269           4.328e-07             273.388           3.162e+02     
 165.000         105.000            4.049e-01           4.049e-01             288.907           5.366e-07             283.134           3.162e+02     
 170.000         105.000            2.307e-01           2.307e-01             287.138           5.462e-07             291.386           3.162e+02     
 175.000         105.000            6.122e-02           6.122e-02             284.162           4.308e-07             299.333           3.162e+02     
 180.000         105.000            5.984e-07           3.176e-07             349.146           2.808e-07             311.763           2.963e+00     
   0.000         110.000            5.983e-07           2.760e-07             352.206           3.223e-07             134.764           2.962e+00     
   5.000         110.000            6.110e-02           6.110e-02             282.510           5.032e-07             118.957           3.162e+02     
  10.000         110.000            2.314e-01           2.314e-01             283.885           6.481e-07             108.917           3.162e+02     
  15.000         110.000            4.118e-01           4.118e-01             284.008           6.337e-07              98.695           3.162e+02     
  20.000         110.000            4.761e-01           4.761e-01             283.560           5.101e-07              86.655           3.162e+02     
  25.000         110.000            3.915e-01           3.915e-01             283.446           3.682e-07              69.764           3.162e+02     
  30.000         110.000            2.374e-01           2.374e-01             285.459           2.658e-07              51.592           3.162e+02     
  35.000         110.000            1.141e-01           1.141e-01             293.850           1.792e-07              36.031           3.162e+02     
  40.000         110.000            6.377e-02           6.377e-02             314.256           1.004e-07              25.977           3.162e+02     
  45.000         110.000            7.588e-02           7.588e-02             333.795           3.204e-08              23.739           3.162e+02     
  50.000         110.000            1.357e-01           1.357e-01             337.309           2.168e-09              58.915           3.162e+02     
  55.000         110.000            2.497e-01           2.497e-01             332.448           1.064e-08             169.470           3.162e+02     
  60.000         110.000            4.322e-01           4.322e-01             326.295           3.266e-08             179.596           3.162e+02     
  65.000         110.000            6.820e-01           6.820e-01             321.313           4.404e-08             184.353           3.162e+02     
  70.000         110.000            9.735e-01           9.735e-01             317.845           3.785e-08             187.911           3.162e+02     
  75.000         110.000            1.264e+00           1.264e+00             315.619           2.533e-08             192.253           3.162e+02     
  80.000         110.000            1.509e+00           1.509e+00             314.296           1.207e-08             196.048           3.162e+02     
  85.000         110.000            1.671e+00           1.671e+00             313.609           3.062e-09             198.895           3.162e+02     
  90.000         110.000            1.728e+00           1.728e+00             313.398           4.526e-13             169.137           3.162e+02     
  95.000         110.000            1.671e+00           1.671e+00             313.609           3.062e-09              18.783           3.162e+02     
 100.000         110.000            1.509e+00           1.509e+00             314.296           1.207e-08              15.992           3.162e+02     
 105.000         110.000            1.264e+00           1.264e+00             315.619           2.533e-08              12.214           3.162e+02     
 110.000         110.000            9.735e-01           9.735e-01             317.845           3.785e-08               7.879           3.162e+02     
 115.000         110.000            6.820e-01           6.820e-01             321.313           4.405e-08               4.325           3.162e+02     
 120.000         110.000            4.322e-01           4.322e-01             326.295           3.267e-08             359.564           3.162e+02     
 125.000         110.000            2.497e-01           2.497e-01             332.448           1.065e-08             349.420           3.162e+02     
 130.000         110.000            1.357e-01           1.357e-01             337.309           2.174e-09             238.983           3.162e+02     
 135.000         110.000            7.588e-02           7.588e-02             333.795           3.204e-08             203.762           3.162e+02     
 140.000         110.000            6.377e-02           6.377e-02             314.257           1.004e-07             205.987           3.162e+02     
 145.000         110.000            1.141e-01           1.141e-01             293.850           1.792e-07             216.037           3.162e+02     
 150.000         110.000            2.374e-01           2.374e-01             285.459           2.658e-07             231.597           3.162e+02     
 155.000         110.000            3.915e-01           3.915e-01             283.446           3.681e-07             249.770           3.162e+02     
 160.000         110.000            4.761e-01           4.761e-01             283.560           5.100e-07             266.662           3.162e+02     
 165.000         110.000            4.118e-01           4.118e-01             284.008           6.337e-07             278.702           3.162e+02     
 170.000         110.000            2.314e-01           2.314e-01             283.885           6.481e-07             288.926           3.162e+02     
 175.000         110.000            6.110e-02           6.110e-02             282.510           5.032e-07             298.967           3.162e+02     
 180.000         110.000            5.984e-07           2.761e-07             352.205           3.223e-07             314.774           2.963e+00     
   0.000         115.000            5.983e-07           2.352e-07             355.762           3.630e-07             137.412           2.962e+00     
   5.000         115.000            6.092e-02           6.092e-02             280.841           5.696e-07             118.733           3.162e+02     
  10.000         115.000            2.319e-01           2.319e-01             280.623           7.353e-07             106.783           3.162e+02     
  15.000         115.000            4.198e-01           4.198e-01             279.121           7.085e-07              94.590           3.162e+02     
  20.000         115.000            5.027e-01           5.027e-01             276.902           5.662e-07              80.024           3.162e+02     
  25.000         115.000            4.409e-01           4.409e-01             274.664           4.257e-07              62.007           3.162e+02     
  30.000         115.000            2.977e-01           2.977e-01             273.591           3.375e-07              40.611           3.162e+02     
  35.000         115.000            1.648e-01           1.648e-01             276.128           2.913e-07              23.937           3.162e+02     
  40.000         115.000            9.126e-02           9.126e-02             286.259           2.090e-07              16.204           3.162e+02     
  45.000         115.000            7.847e-02           7.847e-02             302.142           1.155e-07              14.230           3.162e+02     
  50.000         115.000            1.152e-01           1.152e-01             311.151           4.886e-08              17.454           3.162e+02     
  55.000         115.000            2.006e-01           2.006e-01             311.434           1.068e-08              29.694           3.162e+02     
  60.000         115.000            3.398e-01           3.398e-01             308.370           1.210e-09              54.480           3.162e+02     
  65.000         115.000            5.294e-01           5.294e-01             305.040           1.663e-10             181.228           3.162e+02     
  70.000         115.000            7.499e-01           7.499e-01             302.406           1.093e-09             233.146           3.162e+02     
  75.000         115.000            9.700e-01           9.700e-01             300.586           1.648e-09             256.869           3.162e+02     
  80.000         115.000            1.156e+00           1.156e+00             299.447           1.560e-09             264.805           3.162e+02     
  85.000         115.000            1.280e+00           1.280e+00             298.836           5.985e-10             269.561           3.162e+02     
  90.000         115.000            1.323e+00           1.323e+00             298.645           1.065e-12             109.460           3.162e+02     
  95.000         115.000            1.280e+00           1.280e+00             298.836           5.932e-10              89.535           3.162e+02     
 100.000         115.000            1.156e+00           1.156e+00             299.447           1.551e-09              84.779           3.162e+02     
 105.000         115.000            9.700e-01           9.700e-01             300.586           1.640e-09              76.826           3.162e+02     
 110.000         115.000            7.499e-01           7.499e-01             302.406           1.087e-09              53.028           3.162e+02     
 115.000         115.000            5.294e-01           5.294e-01             305.040           1.662e-10               0.741           3.162e+02     
 120.000         115.000            3.398e-01           3.398e-01             308.370           1.216e-09             234.576           3.162e+02     
 125.000         115.000            2.006e-01           2.006e-01             311.434           1.069e-08             209.741           3.162e+02     
 130.000         115.000            1.152e-01           1.152e-01             311.151           4.887e-08             197.476           3.162e+02     
 135.000         115.000            7.847e-02           7.847e-02             302.142           1.155e-07             194.242           3.162e+02     
 140.000         115.000            9.126e-02           9.126e-02             286.259           2.090e-07             196.211           3.162e+02     
 145.000         115.000            1.648e-01           1.648e-01             276.128           2.913e-07             203.942           3.162e+02     
 150.000         115.000            2.977e-01           2.977e-01             273.591           3.374e-07             220.615           3.162e+02     
 155.000         115.000            4.409e-01           4.409e-01             274.664           4.256e-07             242.012           3.162e+02     
 160.000         115.000            5.027e-01           5.027e-01             276.902           5.661e-07             260.030           3.162e+02     
 165.000         115.000            4.198e-01           4.198e-01             279.121           7.084e-07             274.597           3.162e+02     
 170.000         115.000            2.319e-01           2.319e-01             280.623           7.353e-07             286.791           3.162e+02     
 175.000         115.000            6.092e-02           6.092e-02             280.841           5.696e-07             298.742           3.162e+02     
 180.000         115.000            5.984e-07           2.353e-07             355.759           3.631e-07             317.422           2.963e+00     
   0.000         120.000            5.983e-07           1.964e-07             359.978           4.018e-07             139.783           2.962e+00     
   5.000         120.000            6.068e-02           6.067e-02             279.167           6.268e-07             118.694           3.162e+02     
  10.000         120.000            2.322e-01           2.322e-01             277.375           8.031e-07             105.001           3.162e+02     
  15.000         120.000            4.283e-01           4.283e-01             274.289           7.584e-07              90.866           3.162e+02     
  20.000         120.000            5.338e-01           5.338e-01             270.398           6.037e-07              73.750           3.162e+02     
  25.000         120.000            5.023e-01           5.023e-01             266.278           4.704e-07              51.508           3.162e+02     
  30.000         120.000            3.795e-01           3.795e-01             262.771           4.304e-07              30.235           3.162e+02     
  35.000         120.000            2.449e-01           2.449e-01             261.275           4.099e-07              16.276           3.162e+02     
  40.000         120.000            1.510e-01           1.510e-01             263.897           3.513e-07               9.692           3.162e+02     
  45.000         120.000            1.103e-01           1.103e-01             271.681           2.426e-07               9.535           3.162e+02     
  50.000         120.000            1.159e-01           1.159e-01             280.552           1.517e-07              10.145           3.162e+02     
  55.000         120.000            1.609e-01           1.609e-01             285.327           9.237e-08               9.164           3.162e+02     
  60.000         120.000            2.416e-01           2.416e-01             286.221           5.320e-08               3.195           3.162e+02     
  65.000         120.000            3.519e-01           3.519e-01             285.426           3.538e-08             349.772           3.162e+02     
  70.000         120.000            4.789e-01           4.789e-01             284.296           2.883e-08             334.409           3.162e+02     
  75.000         120.000            6.046e-01           6.046e-01             283.351           2.371e-08             323.237           3.162e+02     
  80.000         120.000            7.102e-01           7.102e-01             282.711           1.477e-08             316.756           3.162e+02     
  85.000         120.000            7.801e-01           7.801e-01             282.357           4.633e-09             313.221           3.162e+02     
  90.000         120.000            8.045e-01           8.045e-01             282.245           2.157e-12              87.445           3.162e+02     
  95.000         120.000            7.801e-01           7.801e-01             282.357           4.624e-09             133.293           3.162e+02     
 100.000         120.000            7.102e-01           7.102e-01             282.711           1.476e-08             136.799           3.162e+02     
 105.000         120.000            6.046e-01           6.046e-01             283.351           2.370e-08             143.274           3.162e+02     
 110.000         120.000            4.789e-01           4.789e-01             284.296           2.883e-08             154.445           3.162e+02     
 115.000         120.000            3.519e-01           3.519e-01             285.426           3.538e-08             169.806           3.162e+02     
 120.000         120.000            2.416e-01           2.416e-01             286.221           5.321e-08             183.221           3.162e+02     
 125.000         120.000            1.609e-01           1.609e-01             285.327           9.240e-08             189.182           3.162e+02     
 130.000         120.000            1.159e-01           1.159e-01             280.552           1.517e-07             190.158           3.162e+02     
 135.000         120.000            1.103e-01           1.103e-01             271.681           2.426e-07             189.544           3.162e+02     
 140.000         120.000            1.510e-01           1.510e-01             263.897           3.513e-07             189.698           3.162e+02     
 145.000         120.000            2.449e-01           2.449e-01             261.275           4.099e-07             196.280           3.162e+02     
 150.000         120.000            3.795e-01           3.795e-01             262.771           4.303e-07             210.238           3.162e+02     
 155.000         120.000            5.023e-01           5.023e-01             266.278           4.703e-07             231.513           3.162e+02     
 160.000         120.000            5.338e-01           5.338e-01             270.398           6.036e-07             253.756           3.162e+02     
 165.000         120.000            4.283e-01           4.283e-01             274.289           7.584e-07             270.873           3.162e+02     
 170.000         120.000            2.322e-01           2.322e-01             277.375           8.031e-07             285.009           3.162e+02     
 175.000         120.000            6.068e-02           6.067e-02             279.167           6.268e-07             298.703           3.162e+02     
 180.000         120.000            5.984e-07           1.965e-07             359.973           4.019e-07             319.793           2.963e+00     
   0.000         125.000            5.983e-07           1.607e-07               5.081           4.376e-07             141.943           2.962e+00     
   5.000         125.000            6.036e-02           6.036e-02             277.497           6.726e-07             118.878           3.162e+02     
  10.000         125.000            2.321e-01           2.321e-01             274.160           8.490e-07             103.617           3.162e+02     
  15.000         125.000            4.367e-01           4.367e-01             269.553           7.843e-07              87.628           3.162e+02     
  20.000         125.000            5.673e-01           5.673e-01             264.126           6.223e-07              69.389           3.162e+02     
  25.000         125.000            5.728e-01           5.728e-01             258.433           5.043e-07              44.885           3.162e+02     
  30.000         125.000            4.807e-01           4.807e-01             253.158           5.187e-07              22.870           3.162e+02     
  35.000         125.000            3.553e-01           3.553e-01             249.160           5.313e-07              11.486           3.162e+02     
  40.000         125.000            2.488e-01           2.488e-01             247.370           4.923e-07               7.241           3.162e+02     
  45.000         125.000            1.826e-01           1.826e-01             248.326           3.910e-07               8.121           3.162e+02     
  50.000         125.000            1.558e-01           1.558e-01             251.265           2.887e-07               9.978           3.162e+02     
  55.000         125.000            1.600e-01           1.600e-01             254.255           2.033e-07               9.163           3.162e+02     
  60.000         125.000            1.865e-01           1.865e-01             256.006           1.469e-07               2.520           3.162e+02     
  65.000         125.000            2.278e-01           2.278e-01             256.596           1.019e-07             352.401           3.162e+02     
  70.000         125.000            2.761e-01           2.761e-01             256.598           7.827e-08             339.188           3.162e+02     
  75.000         125.000            3.233e-01           3.233e-01             256.433           5.756e-08             328.347           3.162e+02     
  80.000         125.000            3.623e-01           3.623e-01             256.286           3.285e-08             321.134           3.162e+02     
  85.000         125.000            3.878e-01           3.878e-01             256.201           9.753e-09             316.901           3.162e+02     
  90.000         125.000            3.966e-01           3.966e-01             256.175           2.422e-12              74.934           3.162e+02     
  95.000         125.000            3.878e-01           3.878e-01             256.201           9.745e-09             136.961           3.162e+02     
 100.000         125.000            3.623e-01           3.623e-01             256.286           3.284e-08             141.168           3.162e+02     
 105.000         125.000            3.233e-01           3.233e-01             256.433           5.756e-08             148.373           3.162e+02     
 110.000         125.000            2.761e-01           2.761e-01             256.598           7.827e-08             159.211           3.162e+02     
 115.000         125.000            2.278e-01           2.278e-01             256.596           1.019e-07             172.421           3.162e+02     
 120.000         125.000            1.865e-01           1.865e-01             256.006           1.470e-07             182.535           3.162e+02     
 125.000         125.000            1.600e-01           1.600e-01             254.255           2.033e-07             189.174           3.162e+02     
 130.000         125.000            1.558e-01           1.558e-01             251.265           2.888e-07             189.986           3.162e+02     
 135.000         125.000            1.826e-01           1.826e-01             248.326           3.911e-07             188.128           3.162e+02     
 140.000         125.000            2.488e-01           2.488e-01             247.370           4.923e-07             187.246           3.162e+02     
 145.000         125.000            3.553e-01           3.553e-01             249.160           5.313e-07             191.489           3.162e+02     
 150.000         125.000            4.807e-01           4.807e-01             253.158           5.186e-07             202.873           3.162e+02     
 155.000         125.000            5.728e-01           5.728e-01             258.433           5.042e-07             224.890           3.162e+02     
 160.000         125.000            5.673e-01           5.673e-01             264.126           6.223e-07             249.396           3.162e+02     
 165.000         125.000            4.367e-01           4.367e-01             269.553           7.843e-07             267.635           3.162e+02     
 170.000         125.000            2.321e-01           2.321e-01             274.160           8.490e-07             283.625           3.162e+02     
 175.000         125.000            6.036e-02           6.036e-02             277.497           6.726e-07             298.887           3.162e+02     
 180.000         125.000            5.984e-07           1.608e-07               5.074           4.376e-07             321.952           2.963e+00     
   0.000         130.000            5.983e-07           1.292e-07              11.377           4.691e-07             143.942           2.962e+00     
   5.000         130.000            5.997e-02           5.997e-02             275.842           7.054e-07             119.323           3.162e+02     
  10.000         130.000            2.316e-01           2.316e-01             270.999           8.727e-07             102.693           3.162e+02     
  15.000         130.000            4.442e-01           4.442e-01             264.945           7.885e-07              84.995           3.162e+02     
  20.000         130.000            6.008e-01           6.008e-01             258.139           6.136e-07              64.487           3.162e+02     
  25.000         130.000            6.475e-01           6.475e-01             251.176           5.319e-07              38.988           3.162e+02     
  30.000         130.000            5.944e-01           5.944e-01             244.696           5.825e-07              18.499           3.162e+02     
  35.000         130.000            4.890e-01           4.890e-01             239.243           6.200e-07              10.655           3.162e+02     
  40.000         130.000            3.795e-01           3.795e-01             235.070           5.828e-07               9.451           3.162e+02     
  45.000         130.000            2.944e-01           2.944e-01             231.987           5.096e-07              12.288           3.162e+02     
  50.000         130.000            2.412e-01           2.412e-01             229.391           4.128e-07              17.141           3.162e+02     
  55.000         130.000            2.154e-01           2.154e-01             226.650           3.184e-07              19.449           3.162e+02     
  60.000         130.000            2.090e-01           2.090e-01             223.573           2.222e-07              15.861           3.162e+02     
  65.000         130.000            2.149e-01           2.149e-01             220.432           1.514e-07               5.983           3.162e+02     
  70.000         130.000            2.271e-01           2.271e-01             217.617           9.609e-08             354.190           3.162e+02     
  75.000         130.000            2.406e-01           2.406e-01             215.382           5.913e-08             341.838           3.162e+02     
  80.000         130.000            2.523e-01           2.523e-01             213.809           3.026e-08             332.124           3.162e+02     
  85.000         130.000            2.600e-01           2.600e-01             212.889           8.511e-09             326.024           3.162e+02     
  90.000         130.000            2.627e-01           2.627e-01             212.587           1.653e-12              63.290           3.162e+02     
  95.000         130.000            2.600e-01           2.600e-01             212.889           8.511e-09             146.092           3.162e+02     
 100.000         130.000            2.523e-01           2.523e-01             213.809           3.026e-08             152.160           3.162e+02     
 105.000         130.000            2.406e-01           2.406e-01             215.382           5.915e-08             161.863           3.162e+02     
 110.000         130.000            2.271e-01           2.271e-01             217.617           9.613e-08             174.208           3.162e+02     
 115.000         130.000            2.149e-01           2.149e-01             220.432           1.515e-07             185.996           3.162e+02     
 120.000         130.000            2.090e-01           2.090e-01             223.573           2.223e-07             195.869           3.162e+02     
 125.000         130.000            2.154e-01           2.154e-01             226.650           3.185e-07             199.456           3.162e+02     
 130.000         130.000            2.412e-01           2.412e-01             229.391           4.129e-07             197.146           3.162e+02     
 135.000         130.000            2.944e-01           2.944e-01             231.987           5.097e-07             192.293           3.162e+02     
 140.000         130.000            3.795e-01           3.795e-01             235.070           5.829e-07             189.455           3.162e+02     
 145.000         130.000            4.890e-01           4.890e-01             239.243           6.200e-07             190.658           3.162e+02     
 150.000         130.000            5.944e-01           5.944e-01             244.696           5.824e-07             198.502           3.162e+02     
 155.000         130.000            6.475e-01           6.475e-01             251.176           5.318e-07             218.992           3.162e+02     
 160.000         130.000            6.008e-01           6.008e-01             258.139           6.136e-07             244.494           3.162e+02     
 165.000         130.000            4.442e-01           4.442e-01             264.945           7.885e-07             265.003           3.162e+02     
 170.000         130.000            2.316e-01           2.316e-01             270.999           8.727e-07             282.701           3.162e+02     
 175.000         130.000            5.997e-02           5.997e-02             275.842           7.055e-07             299.332           3.162e+02     
 180.000         130.000            5.984e-07           1.292e-07              11.368           4.692e-07             323.951           2.963e+00     
   0.000         135.000            5.983e-07           1.029e-07              19.255           4.954e-07             145.821           2.962e+00     
   5.000         135.000            5.952e-02           5.952e-02             274.213           7.245e-07             120.064           3.162e+02     
  10.000         135.000            2.304e-01           2.304e-01             267.907           8.756e-07             102.298           3.162e+02     
  15.000         135.000            4.499e-01           4.499e-01             260.487           7.981e-07              84.104           3.162e+02     
  20.000         135.000            6.313e-01           6.313e-01             252.457           5.948e-07              61.214           3.162e+02     
  25.000         135.000            7.198e-01           7.198e-01             244.489           5.389e-07              35.657           3.162e+02     
  30.000         135.000            7.095e-01           7.095e-01             237.214           6.215e-07              17.678           3.162e+02     
  35.000         135.000            6.304e-01           6.304e-01             230.966           6.592e-07              12.020           3.162e+02     
  40.000         135.000            5.246e-01           5.246e-01             225.587           6.483e-07              15.277           3.162e+02     
  45.000         135.000            4.262e-01           4.262e-01             220.431           6.137e-07              23.105           3.162e+02     
  50.000         135.000            3.527e-01           3.527e-01             214.643           5.799e-07              29.773           3.162e+02     
  55.000         135.000            3.082e-01           3.082e-01             207.707           4.941e-07              34.603           3.162e+02     
  60.000         135.000            2.899e-01           2.899e-01             199.904           3.706e-07              35.683           3.162e+02     
  65.000         135.000            2.922e-01           2.922e-01             192.149           2.382e-07              33.370           3.162e+02     
  70.000         135.000            3.081e-01           3.081e-01             185.372           1.313e-07              28.172           3.162e+02     
  75.000         135.000            3.299e-01           3.299e-01             180.085           6.221e-08              20.935           3.162e+02     
  80.000         135.000            3.507e-01           3.507e-01             176.404           2.519e-08              12.379           3.162e+02     
  85.000         135.000            3.652e-01           3.652e-01             174.258           5.765e-09               6.499           3.162e+02     
  90.000         135.000            3.703e-01           3.703e-01             173.555           6.420e-13              45.889           3.162e+02     
  95.000         135.000            3.652e-01           3.652e-01             174.258           5.777e-09             186.552           3.162e+02     
 100.000         135.000            3.507e-01           3.507e-01             176.404           2.522e-08             192.402           3.162e+02     
 105.000         135.000            3.299e-01           3.299e-01             180.085           6.226e-08             200.946           3.162e+02     
 110.000         135.000            3.081e-01           3.081e-01             185.372           1.313e-07             208.177           3.162e+02     
 115.000         135.000            2.922e-01           2.922e-01             192.149           2.383e-07             213.373           3.162e+02     
 120.000         135.000            2.899e-01           2.899e-01             199.904           3.707e-07             215.685           3.162e+02     
 125.000         135.000            3.082e-01           3.082e-01             207.707           4.943e-07             214.605           3.162e+02     
 130.000         135.000            3.527e-01           3.527e-01             214.643           5.800e-07             209.775           3.162e+02     
 135.000         135.000            4.262e-01           4.262e-01             220.431           6.138e-07             203.108           3.162e+02     
 140.000         135.000            5.246e-01           5.246e-01             225.587           6.484e-07             195.281           3.162e+02     
 145.000         135.000            6.304e-01           6.304e-01             230.966           6.592e-07             192.024           3.162e+02     
 150.000         135.000            7.095e-01           7.095e-01             237.214           6.215e-07             197.682           3.162e+02     
 155.000         135.000            7.198e-01           7.198e-01             244.489           5.388e-07             215.662           3.162e+02     
 160.000         135.000            6.313e-01           6.313e-01             252.457           5.947e-07             241.221           3.162e+02     
 165.000         135.000            4.499e-01           4.499e-01             260.487           7.981e-07             264.111           3.162e+02     
 170.000         135.000            2.304e-01           2.304e-01             267.907           8.756e-07             282.306           3.162e+02     
 175.000         135.000            5.952e-02           5.952e-02             274.213           7.246e-07             300.073           3.162e+02     
 180.000         135.000            5.984e-07           1.029e-07              19.245           4.955e-07             325.829           2.963e+00     
   0.000         140.000            5.983e-07           8.251e-08              29.132           5.158e-07             147.612           2.962e+00     
   5.000         140.000            5.899e-02           5.899e-02             272.618           7.301e-07             121.138           3.162e+02     
  10.000         140.000            2.286e-01           2.286e-01             264.900           8.604e-07             102.504           3.162e+02     
  15.000         140.000            4.529e-01           4.529e-01             256.197           7.825e-07              84.932           3.162e+02     
  20.000         140.000            6.558e-01           6.558e-01             247.073           5.656e-07              59.694           3.162e+02     
  25.000         140.000            7.823e-01           7.823e-01             238.299           5.229e-07              34.890           3.162e+02     
  30.000         140.000            8.125e-01           8.125e-01             230.499           5.953e-07              20.323           3.162e+02     
  35.000         140.000            7.591e-01           7.591e-01             223.851           6.644e-07              16.311           3.162e+02     
  40.000         140.000            6.570e-01           6.570e-01             217.949           7.146e-07              24.029           3.162e+02     
  45.000         140.000            5.448e-01           5.448e-01             211.884           8.100e-07              34.435           3.162e+02     
  50.000         140.000            4.506e-01           4.506e-01             204.579           8.759e-07              42.916           3.162e+02     
  55.000         140.000            3.890e-01           3.890e-01             195.415           8.512e-07              47.238           3.162e+02     
  60.000         140.000            3.643e-01           3.643e-01             184.865           7.294e-07              50.217           3.162e+02     
  65.000         140.000            3.732e-01           3.732e-01             174.384           5.380e-07              50.928           3.162e+02     
  70.000         140.000            4.064e-01           4.064e-01             165.410           3.307e-07              50.653           3.162e+02     
  75.000         140.000            4.510e-01           4.510e-01             158.609           1.711e-07              49.684           3.162e+02     
  80.000         140.000            4.937e-01           4.937e-01             153.999           6.922e-08              48.545           3.162e+02     
  85.000         140.000            5.238e-01           5.238e-01             151.363           1.607e-08              47.698           3.162e+02     
  90.000         140.000            5.346e-01           5.346e-01             150.507           1.253e-13             357.315           3.162e+02     
  95.000         140.000            5.238e-01           5.238e-01             151.363           1.610e-08             227.694           3.162e+02     
 100.000         140.000            4.937e-01           4.937e-01             153.999           6.927e-08             228.542           3.162e+02     
 105.000         140.000            4.510e-01           4.510e-01             158.609           1.711e-07             229.682           3.162e+02     
 110.000         140.000            4.064e-01           4.064e-01             165.410           3.308e-07             230.651           3.162e+02     
 115.000         140.000            3.732e-01           3.732e-01             174.384           5.381e-07             230.926           3.162e+02     
 120.000         140.000            3.643e-01           3.643e-01             184.865           7.296e-07             230.216           3.162e+02     
 125.000         140.000            3.890e-01           3.890e-01             195.415           8.513e-07             227.238           3.162e+02     
 130.000         140.000            4.506e-01           4.506e-01             204.579           8.760e-07             222.916           3.162e+02     
 135.000         140.000            5.448e-01           5.448e-01             211.884           8.101e-07             214.436           3.162e+02     
 140.000         140.000            6.570e-01           6.570e-01             217.949           7.147e-07             204.032           3.162e+02     
 145.000         140.000            7.591e-01           7.591e-01             223.851           6.644e-07             196.315           3.162e+02     
 150.000         140.000            8.125e-01           8.125e-01             230.499           5.953e-07             200.327           3.162e+02     
 155.000         140.000            7.823e-01           7.823e-01             238.299           5.229e-07             214.896           3.162e+02     
 160.000         140.000            6.558e-01           6.558e-01             247.073           5.656e-07             239.701           3.162e+02     
 165.000         140.000            4.529e-01           4.529e-01             256.197           7.826e-07             264.940           3.162e+02     
 170.000         140.000            2.286e-01           2.286e-01             264.900           8.604e-07             282.512           3.162e+02     
 175.000         140.000            5.899e-02           5.899e-02             272.618           7.302e-07             301.146           3.162e+02     
 180.000         140.000            5.984e-07           8.251e-08              29.120           5.159e-07             327.620           2.963e+00     
   0.000         145.000            5.983e-07           6.871e-08              41.247           5.296e-07             149.345           2.962e+00     
   5.000         145.000            5.840e-02           5.840e-02             271.068           7.231e-07             122.579           3.162e+02     
  10.000         145.000            2.259e-01           2.259e-01             261.989           8.307e-07             103.382           3.162e+02     
  15.000         145.000            4.527e-01           4.527e-01             252.071           7.301e-07              85.169           3.162e+02     
  20.000         145.000            6.717e-01           6.717e-01             241.958           5.282e-07              59.938           3.162e+02     
  25.000         145.000            8.286e-01           8.286e-01             232.504           5.108e-07              37.255           3.162e+02     
  30.000         145.000            8.910e-01           8.910e-01             224.326           5.596e-07              23.653           3.162e+02     
  35.000         145.000            8.558e-01           8.558e-01             217.497           6.598e-07              24.595           3.162e+02     
  40.000         145.000            7.509e-01           7.509e-01             211.471           8.355e-07              32.294           3.162e+02     
  45.000         145.000            6.194e-01           6.194e-01             205.194           1.065e-06              42.812           3.162e+02     
  50.000         145.000            4.995e-01           4.995e-01             197.386           1.309e-06              50.031           3.162e+02     
  55.000         145.000            4.153e-01           4.153e-01             187.162           1.412e-06              54.052           3.162e+02     
  60.000         145.000            3.772e-01           3.772e-01             174.900           1.303e-06              55.654           3.162e+02     
  65.000         145.000            3.840e-01           3.840e-01             162.454           1.003e-06              55.702           3.162e+02     
  70.000         145.000            4.249e-01           4.249e-01             151.834           6.748e-07              55.778           3.162e+02     
  75.000         145.000            4.829e-01           4.829e-01             143.928           3.806e-07              55.411           3.162e+02     
  80.000         145.000            5.398e-01           5.398e-01             138.669           1.661e-07              54.942           3.162e+02     
  85.000         145.000            5.803e-01           5.803e-01             135.701           4.076e-08              54.610           3.162e+02     
  90.000         145.000            5.950e-01           5.950e-01             134.744           2.013e-13             270.230           3.162e+02     
  95.000         145.000            5.803e-01           5.803e-01             135.701           4.080e-08             234.602           3.162e+02     
 100.000         145.000            5.398e-01           5.398e-01             138.669           1.662e-07             234.938           3.162e+02     
 105.000         145.000            4.829e-01           4.829e-01             143.928           3.807e-07             235.407           3.162e+02     
 110.000         145.000            4.249e-01           4.249e-01             151.834           6.749e-07             235.776           3.162e+02     
 115.000         145.000            3.840e-01           3.840e-01             162.454           1.003e-06             235.700           3.162e+02     
 120.000         145.000            3.772e-01           3.772e-01             174.900           1.303e-06             235.652           3.162e+02     
 125.000         145.000            4.153e-01           4.153e-01             187.162           1.412e-06             234.051           3.162e+02     
 130.000         145.000            4.995e-01           4.995e-01             197.386           1.310e-06             230.030           3.162e+02     
 135.000         145.000            6.194e-01           6.194e-01             205.194           1.065e-06             222.812           3.162e+02     
 140.000         145.000            7.509e-01           7.509e-01             211.471           8.356e-07             212.296           3.162e+02     
 145.000         145.000            8.558e-01           8.558e-01             217.497           6.599e-07             204.598           3.162e+02     
 150.000         145.000            8.910e-01           8.910e-01             224.326           5.596e-07             203.658           3.162e+02     
 155.000         145.000            8.286e-01           8.286e-01             232.504           5.108e-07             217.261           3.162e+02     
 160.000         145.000            6.717e-01           6.717e-01             241.958           5.282e-07             239.945           3.162e+02     
 165.000         145.000            4.527e-01           4.527e-01             252.071           7.301e-07             265.176           3.162e+02     
 170.000         145.000            2.259e-01           2.259e-01             261.989           8.308e-07             283.390           3.162e+02     
 175.000         145.000            5.840e-02           5.840e-02             271.068           7.232e-07             302.587           3.162e+02     
 180.000         145.000            5.984e-07           6.870e-08              41.236           5.297e-07             329.352           2.963e+00     
   0.000         150.000            5.983e-07           6.193e-08              55.267           5.363e-07             151.044           2.962e+00     
   5.000         150.000            5.774e-02           5.774e-02             269.569           7.050e-07             124.423           3.162e+02     
  10.000         150.000            2.225e-01           2.225e-01             259.182           7.905e-07             104.995           3.162e+02     
  15.000         150.000            4.487e-01           4.487e-01             248.110           6.782e-07              86.737           3.162e+02     
  20.000         150.000            6.771e-01           6.771e-01             237.070           5.097e-07              64.798           3.162e+02     
  25.000         150.000            8.541e-01           8.541e-01             226.986           4.547e-07              40.282           3.162e+02     
  30.000         150.000            9.367e-01           9.367e-01             218.473           5.120e-07              28.796           3.162e+02     
  35.000         150.000            9.087e-01           9.087e-01             211.543           6.574e-07              31.154           3.162e+02     
  40.000         150.000            7.930e-01           7.930e-01             205.600           9.407e-07              39.642           3.162e+02     
  45.000         150.000            6.377e-01           6.377e-01             199.539           1.304e-06              46.606           3.162e+02     
  50.000         150.000            4.904e-01           4.904e-01             191.913           1.705e-06              51.883           3.162e+02     
  55.000         150.000            3.819e-01           3.819e-01             181.429           1.898e-06              53.897           3.162e+02     
  60.000         150.000            3.258e-01           3.258e-01             168.044           1.778e-06              54.643           3.162e+02     
  65.000         150.000            3.214e-01           3.214e-01             153.836           1.424e-06              54.250           3.162e+02     
  70.000         150.000            3.569e-01           3.569e-01             141.601           9.775e-07              53.298           3.162e+02     
  75.000         150.000            4.139e-01           4.139e-01             132.645           5.632e-07              52.160           3.162e+02     
  80.000         150.000            4.720e-01           4.720e-01             126.822           2.505e-07              51.120           3.162e+02     
  85.000         150.000            5.143e-01           5.143e-01             123.592           6.210e-08              50.140           3.162e+02     
  90.000         150.000            5.297e-01           5.297e-01             122.561           5.318e-13             235.338           3.162e+02     
  95.000         150.000            5.143e-01           5.143e-01             123.592           6.215e-08             230.134           3.162e+02     
 100.000         150.000            4.720e-01           4.720e-01             126.822           2.506e-07             231.117           3.162e+02     
 105.000         150.000            4.139e-01           4.139e-01             132.645           5.633e-07             232.157           3.162e+02     
 110.000         150.000            3.569e-01           3.569e-01             141.601           9.777e-07             233.296           3.162e+02     
 115.000         150.000            3.214e-01           3.214e-01             153.836           1.424e-06             234.248           3.162e+02     
 120.000         150.000            3.258e-01           3.258e-01             168.044           1.778e-06             234.641           3.162e+02     
 125.000         150.000            3.819e-01           3.819e-01             181.429           1.898e-06             233.895           3.162e+02     
 130.000         150.000            4.904e-01           4.904e-01             191.913           1.706e-06             231.882           3.162e+02     
 135.000         150.000            6.377e-01           6.377e-01             199.539           1.305e-06             226.606           3.162e+02     
 140.000         150.000            7.930e-01           7.930e-01             205.601           9.408e-07             219.643           3.162e+02     
 145.000         150.000            9.087e-01           9.087e-01             211.543           6.575e-07             211.157           3.162e+02     
 150.000         150.000            9.367e-01           9.367e-01             218.473           5.120e-07             208.801           3.162e+02     
 155.000         150.000            8.541e-01           8.541e-01             226.986           4.547e-07             220.289           3.162e+02     
 160.000         150.000            6.771e-01           6.771e-01             237.070           5.097e-07             244.806           3.162e+02     
 165.000         150.000            4.487e-01           4.487e-01             248.110           6.782e-07             266.744           3.162e+02     
 170.000         150.000            2.225e-01           2.225e-01             259.182           7.906e-07             285.002           3.162e+02     
 175.000         150.000            5.774e-02           5.774e-02             269.569           7.052e-07             304.431           3.162e+02     
 180.000         150.000            5.984e-07           6.190e-08              55.259           5.365e-07             331.051           2.963e+00     
   0.000         155.000            5.983e-07           6.234e-08              70.001           5.359e-07             152.733           2.962e+00     
   5.000         155.000            5.702e-02           5.702e-02             268.132           6.780e-07             126.703           3.162e+02     
  10.000         155.000            2.183e-01           2.183e-01             256.490           7.441e-07             107.394           3.162e+02     
  15.000         155.000            4.408e-01           4.408e-01             244.303           6.303e-07              89.648           3.162e+02     
  20.000         155.000            6.713e-01           6.713e-01             232.353           4.651e-07              68.907           3.162e+02     
  25.000         155.000            8.572e-01           8.572e-01             221.622           3.988e-07              45.185           3.162e+02     
  30.000         155.000            9.477e-01           9.477e-01             212.724           4.572e-07              34.807           3.162e+02     
  35.000         155.000            9.170e-01           9.170e-01             205.652           6.546e-07              36.090           3.162e+02     
  40.000         155.000            7.858e-01           7.858e-01             199.832           9.672e-07              42.721           3.162e+02     
  45.000         155.000            6.087e-01           6.087e-01             194.198           1.433e-06              47.985           3.162e+02     
  50.000         155.000            4.408e-01           4.408e-01             187.228           1.879e-06              50.015           3.162e+02     
  55.000         155.000            3.167e-01           3.167e-01             177.220           2.067e-06              50.783           3.162e+02     
  60.000         155.000            2.484e-01           2.484e-01             163.443           1.904e-06              49.630           3.162e+02     
  65.000         155.000            2.332e-01           2.332e-01             147.899           1.520e-06              48.025           3.162e+02     
  70.000         155.000            2.587e-01           2.587e-01             134.327           1.040e-06              45.958           3.162e+02     
  75.000         155.000            3.068e-01           3.068e-01             124.639           5.933e-07              43.623           3.162e+02     
  80.000         155.000            3.583e-01           3.583e-01             118.565           2.631e-07              41.870           3.162e+02     
  85.000         155.000            3.965e-01           3.965e-01             115.292           6.537e-08              40.645           3.162e+02     
  90.000         155.000            4.105e-01           4.105e-01             114.262           7.696e-13             210.231           3.162e+02     
  95.000         155.000            3.965e-01           3.965e-01             115.292           6.542e-08             220.642           3.162e+02     
 100.000         155.000            3.583e-01           3.583e-01             118.565           2.632e-07             221.868           3.162e+02     
 105.000         155.000            3.068e-01           3.068e-01             124.639           5.935e-07             223.621           3.162e+02     
 110.000         155.000            2.587e-01           2.587e-01             134.327           1.040e-06             225.956           3.162e+02     
 115.000         155.000            2.332e-01           2.332e-01             147.899           1.521e-06             228.023           3.162e+02     
 120.000         155.000            2.484e-01           2.484e-01             163.443           1.904e-06             229.629           3.162e+02     
 125.000         155.000            3.167e-01           3.167e-01             177.220           2.067e-06             230.782           3.162e+02     
 130.000         155.000            4.408e-01           4.408e-01             187.228           1.879e-06             230.014           3.162e+02     
 135.000         155.000            6.087e-01           6.087e-01             194.198           1.434e-06             227.985           3.162e+02     
 140.000         155.000            7.858e-01           7.858e-01             199.832           9.674e-07             222.721           3.162e+02     
 145.000         155.000            9.170e-01           9.170e-01             205.652           6.547e-07             216.093           3.162e+02     
 150.000         155.000            9.477e-01           9.477e-01             212.724           4.573e-07             214.812           3.162e+02     
 155.000         155.000            8.572e-01           8.572e-01             221.622           3.989e-07             225.193           3.162e+02     
 160.000         155.000            6.713e-01           6.713e-01             232.353           4.651e-07             248.915           3.162e+02     
 165.000         155.000            4.408e-01           4.408e-01             244.303           6.304e-07             269.655           3.162e+02     
 170.000         155.000            2.183e-01           2.183e-01             256.490           7.442e-07             287.401           3.162e+02     
 175.000         155.000            5.702e-02           5.702e-02             268.132           6.781e-07             306.710           3.162e+02     
 180.000         155.000            5.984e-07           6.232e-08              69.998           5.361e-07             332.739           2.963e+00     
   0.000         160.000            5.983e-07           6.996e-08              83.846           5.283e-07             154.435           2.962e+00     
   5.000         160.000            5.625e-02           5.625e-02             266.763           6.441e-07             129.447           3.162e+02     
  10.000         160.000            2.133e-01           2.133e-01             253.917           6.953e-07             110.608           3.162e+02     
  15.000         160.000            4.291e-01           4.291e-01             240.640           5.898e-07              93.830           3.162e+02     
  20.000         160.000            6.548e-01           6.548e-01             227.755           4.320e-07              75.054           3.162e+02     
  25.000         160.000            8.394e-01           8.394e-01             216.292           3.643e-07              55.771           3.162e+02     
  30.000         160.000            9.281e-01           9.281e-01             206.874           4.133e-07              44.021           3.162e+02     
  35.000         160.000            8.896e-01           8.896e-01             199.504           5.691e-07              40.113           3.162e+02     
  40.000         160.000            7.446e-01           7.446e-01             193.671           8.720e-07              43.633           3.162e+02     
  45.000         160.000            5.539e-01           5.539e-01             188.425           1.292e-06              46.084           3.162e+02     
  50.000         160.000            3.783e-01           3.783e-01             182.292           1.662e-06              46.147           3.162e+02     
  55.000         160.000            2.520e-01           2.520e-01             173.331           1.804e-06              45.009           3.162e+02     
  60.000         160.000            1.826e-01           1.826e-01             160.136           1.661e-06              42.581           3.162e+02     
  65.000         160.000            1.634e-01           1.634e-01             144.327           1.310e-06              39.409           3.162e+02     
  70.000         160.000            1.815e-01           1.815e-01             130.363           8.809e-07              35.736           3.162e+02     
  75.000         160.000            2.210e-01           2.210e-01             120.726           5.019e-07              32.451           3.162e+02     
  80.000         160.000            2.651e-01           2.651e-01             114.965           2.213e-07              29.617           3.162e+02     
  85.000         160.000            2.986e-01           2.986e-01             111.982           5.480e-08              27.665           3.162e+02     
  90.000         160.000            3.111e-01           3.111e-01             111.063           7.784e-13             183.808           3.162e+02     
  95.000         160.000            2.986e-01           2.986e-01             111.982           5.486e-08             207.665           3.162e+02     
 100.000         160.000            2.651e-01           2.651e-01             114.965           2.214e-07             209.617           3.162e+02     
 105.000         160.000            2.210e-01           2.210e-01             120.726           5.020e-07             212.451           3.162e+02     
 110.000         160.000            1.815e-01           1.815e-01             130.363           8.811e-07             215.735           3.162e+02     
 115.000         160.000            1.634e-01           1.634e-01             144.327           1.310e-06             219.408           3.162e+02     
 120.000         160.000            1.826e-01           1.826e-01             160.136           1.661e-06             222.579           3.162e+02     
 125.000         160.000            2.520e-01           2.520e-01             173.331           1.804e-06             225.008           3.162e+02     
 130.000         160.000            3.783e-01           3.783e-01             182.292           1.662e-06             226.146           3.162e+02     
 135.000         160.000            5.539e-01           5.539e-01             188.425           1.292e-06             226.083           3.162e+02     
 140.000         160.000            7.446e-01           7.446e-01             193.671           8.721e-07             223.634           3.162e+02     
 145.000         160.000            8.896e-01           8.896e-01             199.504           5.692e-07             220.116           3.162e+02     
 150.000         160.000            9.281e-01           9.281e-01             206.874           4.134e-07             224.026           3.162e+02     
 155.000         160.000            8.394e-01           8.394e-01             216.292           3.644e-07             235.778           3.162e+02     
 160.000         160.000            6.548e-01           6.548e-01             227.755           4.321e-07             255.061           3.162e+02     
 165.000         160.000            4.291e-01           4.291e-01             240.640           5.899e-07             273.837           3.162e+02     
 170.000         160.000            2.133e-01           2.133e-01             253.917           6.954e-07             290.614           3.162e+02     
 175.000         160.000            5.625e-02           5.625e-02             266.763           6.443e-07             309.453           3.162e+02     
 180.000         160.000            5.984e-07           6.993e-08              83.849           5.285e-07             334.441           2.963e+00     
   0.000         165.000            5.983e-07           8.453e-08              95.705           5.137e-07             156.174           2.962e+00     
   5.000         165.000            5.544e-02           5.544e-02             265.471           6.058e-07             132.680           3.162e+02     
  10.000         165.000            2.076e-01           2.076e-01             251.470           6.476e-07             114.637           3.162e+02     
  15.000         165.000            4.140e-01           4.140e-01             237.108           5.590e-07              99.113           3.162e+02     
  20.000         165.000            6.290e-01           6.290e-01             223.224           4.146e-07              82.786           3.162e+02     
  25.000         165.000            8.048e-01           8.048e-01             210.888           3.271e-07              65.601           3.162e+02     
  30.000         165.000            8.865e-01           8.865e-01             200.745           3.379e-07              52.435           3.162e+02     
  35.000         165.000            8.411e-01           8.411e-01             192.822           4.604e-07              46.333           3.162e+02     
  40.000         165.000            6.898e-01           6.898e-01             186.674           6.848e-07              44.952           3.162e+02     
  45.000         165.000            4.966e-01           4.966e-01             181.477           9.520e-07              43.181           3.162e+02     
  50.000         165.000            3.245e-01           3.245e-01             175.899           1.202e-06              41.149           3.162e+02     
  55.000         165.000            2.057e-01           2.057e-01             167.975           1.294e-06              38.081           3.162e+02     
  60.000         165.000            1.429e-01           1.429e-01             155.955           1.189e-06              33.950           3.162e+02     
  65.000         165.000            1.258e-01           1.258e-01             141.097           9.340e-07              28.941           3.162e+02     
  70.000         165.000            1.421e-01           1.421e-01             128.003           6.371e-07              24.183           3.162e+02     
  75.000         165.000            1.786e-01           1.786e-01             119.254           3.661e-07              19.592           3.162e+02     
  80.000         165.000            2.205e-01           2.205e-01             114.239           1.629e-07              15.743           3.162e+02     
  85.000         165.000            2.532e-01           2.532e-01             111.728           4.063e-08              13.122           3.162e+02     
  90.000         165.000            2.655e-01           2.655e-01             110.969           6.467e-13             151.807           3.162e+02     
  95.000         165.000            2.532e-01           2.532e-01             111.728           4.068e-08             193.127           3.162e+02     
 100.000         165.000            2.205e-01           2.205e-01             114.239           1.630e-07             195.745           3.162e+02     
 105.000         165.000            1.786e-01           1.786e-01             119.254           3.662e-07             199.593           3.162e+02     
 110.000         165.000            1.421e-01           1.421e-01             128.003           6.373e-07             204.183           3.162e+02     
 115.000         165.000            1.258e-01           1.258e-01             141.097           9.342e-07             208.940           3.162e+02     
 120.000         165.000            1.429e-01           1.429e-01             155.955           1.189e-06             213.948           3.162e+02     
 125.000         165.000            2.057e-01           2.057e-01             167.975           1.294e-06             218.080           3.162e+02     
 130.000         165.000            3.245e-01           3.245e-01             175.899           1.202e-06             221.148           3.162e+02     
 135.000         165.000            4.966e-01           4.966e-01             181.477           9.521e-07             223.181           3.162e+02     
 140.000         165.000            6.898e-01           6.898e-01             186.674           6.850e-07             224.952           3.162e+02     
 145.000         165.000            8.411e-01           8.411e-01             192.822           4.605e-07             226.336           3.162e+02     
 150.000         165.000            8.865e-01           8.865e-01             200.745           3.380e-07             232.439           3.162e+02     
 155.000         165.000            8.048e-01           8.048e-01             210.888           3.272e-07             245.607           3.162e+02     
 160.000         165.000            6.290e-01           6.290e-01             223.224           4.147e-07             262.792           3.162e+02     
 165.000         165.000            4.140e-01           4.140e-01             237.108           5.592e-07             279.118           3.162e+02     
 170.000         165.000            2.076e-01           2.076e-01             251.470           6.478e-07             294.642           3.162e+02     
 175.000         165.000            5.544e-02           5.544e-02             265.471           6.060e-07             312.685           3.162e+02     
 180.000         165.000            5.984e-07           8.450e-08              95.712           5.139e-07             336.178           2.963e+00     
   0.000         170.000            5.983e-07           1.056e-07             105.332           4.926e-07             157.974           2.962e+00     
   5.000         170.000            5.459e-02           5.458e-02             264.262           5.654e-07             136.415           3.162e+02     
  10.000         170.000            2.014e-01           2.014e-01             249.157           6.037e-07             119.441           3.162e+02     
  15.000         170.000            3.962e-01           3.962e-01             233.699           5.392e-07             105.227           3.162e+02     
  20.000         170.000            5.963e-01           5.963e-01             218.718           4.153e-07              91.428           3.162e+02     
  25.000         170.000            7.590e-01           7.590e-01             205.326           3.134e-07              77.355           3.162e+02     
  30.000         170.000            8.335e-01           8.335e-01             194.213           2.776e-07              64.338           3.162e+02     
  35.000         170.000            7.875e-01           7.875e-01             185.430           3.163e-07              54.591           3.162e+02     
  40.000         170.000            6.403e-01           6.403e-01             178.564           4.184e-07              48.521           3.162e+02     
  45.000         170.000            4.545e-01           4.545e-01             172.859           5.618e-07              43.051           3.162e+02     
  50.000         170.000            2.918e-01           2.918e-01             167.090           6.888e-07              38.285           3.162e+02     
  55.000         170.000            1.826e-01           1.826e-01             159.393           7.424e-07              32.646           3.162e+02     
  60.000         170.000            1.272e-01           1.272e-01             148.070           6.965e-07              26.463           3.162e+02     
  65.000         170.000            1.146e-01           1.146e-01             134.357           5.669e-07              19.905           3.162e+02     
  70.000         170.000            1.333e-01           1.333e-01             122.553           4.015e-07              13.813           3.162e+02     
  75.000         170.000            1.720e-01           1.720e-01             114.836           2.396e-07               8.280           3.162e+02     
  80.000         170.000            2.169e-01           2.169e-01             110.480           1.100e-07               3.827           3.162e+02     
  85.000         170.000            2.524e-01           2.524e-01             108.317           2.798e-08               0.849           3.162e+02     
  90.000         170.000            2.659e-01           2.659e-01             107.666           5.736e-13             113.649           3.162e+02     
  95.000         170.000            2.524e-01           2.524e-01             108.317           2.803e-08             180.861           3.162e+02     
 100.000         170.000            2.169e-01           2.169e-01             110.480           1.101e-07             183.832           3.162e+02     
 105.000         170.000            1.720e-01           1.720e-01             114.836           2.397e-07             188.282           3.162e+02     
 110.000         170.000            1.333e-01           1.333e-01             122.553           4.017e-07             193.814           3.162e+02     
 115.000         170.000            1.146e-01           1.146e-01             134.357           5.671e-07             199.905           3.162e+02     
 120.000         170.000            1.272e-01           1.272e-01             148.070           6.967e-07             206.462           3.162e+02     
 125.000         170.000            1.826e-01           1.826e-01             159.393           7.426e-07             212.645           3.162e+02     
 130.000         170.000            2.918e-01           2.918e-01             167.090           6.890e-07             218.284           3.162e+02     
 135.000         170.000            4.545e-01           4.545e-01             172.859           5.619e-07             223.050           3.162e+02     
 140.000         170.000            6.403e-01           6.403e-01             178.564           4.185e-07             228.521           3.162e+02     
 145.000         170.000            7.875e-01           7.875e-01             185.430           3.164e-07             234.592           3.162e+02     
 150.000         170.000            8.335e-01           8.335e-01             194.213           2.777e-07             244.341           3.162e+02     
 155.000         170.000            7.590e-01           7.590e-01             205.326           3.135e-07             257.358           3.162e+02     
 160.000         170.000            5.963e-01           5.963e-01             218.718           4.154e-07             271.432           3.162e+02     
 165.000         170.000            3.962e-01           3.962e-01             233.699           5.394e-07             285.231           3.162e+02     
 170.000         170.000            2.014e-01           2.014e-01             249.157           6.039e-07             299.445           3.162e+02     
 175.000         170.000            5.459e-02           5.458e-02             264.262           5.655e-07             316.419           3.162e+02     
 180.000         170.000            5.984e-07           1.056e-07             105.342           4.928e-07             337.978           2.963e+00     
   0.000         175.000            5.983e-07           1.326e-07             113.006           4.657e-07             159.864           2.962e+00     
   5.000         175.000            5.371e-02           5.371e-02             263.145           5.247e-07             140.655           3.162e+02     
  10.000         175.000            1.947e-01           1.947e-01             246.981           5.705e-07             124.865           3.162e+02     
  15.000         175.000            3.765e-01           3.765e-01             230.410           5.299e-07             111.833           3.162e+02     
  20.000         175.000            5.593e-01           5.593e-01             214.212           4.342e-07             100.174           3.162e+02     
  25.000         175.000            7.080e-01           7.080e-01             199.561           3.287e-07              89.717           3.162e+02     
  30.000         175.000            7.791e-01           7.791e-01             187.235           2.513e-07              80.120           3.162e+02     
  35.000         175.000            7.418e-01           7.418e-01             177.325           2.152e-07              71.142           3.162e+02     
  40.000         175.000            6.101e-01           6.101e-01             169.403           2.146e-07              62.485           3.162e+02     
  45.000         175.000            4.392e-01           4.392e-01             162.685           2.389e-07              53.074           3.162e+02     
  50.000         175.000            2.872e-01           2.872e-01             155.940           2.727e-07              43.912           3.162e+02     
  55.000         175.000            1.844e-01           1.844e-01             147.406           2.966e-07              34.528           3.162e+02     
  60.000         175.000            1.332e-01           1.332e-01             135.697           2.945e-07              25.102           3.162e+02     
  65.000         175.000            1.240e-01           1.240e-01             122.304           2.619e-07              17.033           3.162e+02     
  70.000         175.000            1.463e-01           1.463e-01             111.124           2.023e-07               9.823           3.162e+02     
  75.000         175.000            1.891e-01           1.891e-01             103.853           1.303e-07               3.829           3.162e+02     
  80.000         175.000            2.383e-01           2.383e-01              99.718           6.335e-08             359.301           3.162e+02     
  85.000         175.000            2.772e-01           2.772e-01              97.646           1.665e-08             356.352           3.162e+02     
  90.000         175.000            2.919e-01           2.919e-01              97.017           6.223e-13              78.347           3.162e+02     
  95.000         175.000            2.772e-01           2.772e-01              97.646           1.669e-08             176.370           3.162e+02     
 100.000         175.000            2.383e-01           2.383e-01              99.718           6.343e-08             179.308           3.162e+02     
 105.000         175.000            1.891e-01           1.891e-01             103.853           1.304e-07             183.833           3.162e+02     
 110.000         175.000            1.463e-01           1.463e-01             111.124           2.024e-07             189.823           3.162e+02     
 115.000         175.000            1.240e-01           1.240e-01             122.304           2.621e-07             197.033           3.162e+02     
 120.000         175.000            1.332e-01           1.332e-01             135.697           2.946e-07             205.100           3.162e+02     
 125.000         175.000            1.844e-01           1.844e-01             147.407           2.968e-07             214.525           3.162e+02     
 130.000         175.000            2.872e-01           2.872e-01             155.940           2.728e-07             223.909           3.162e+02     
 135.000         175.000            4.392e-01           4.392e-01             162.685           2.390e-07             233.071           3.162e+02     
 140.000         175.000            6.101e-01           6.101e-01             169.403           2.147e-07             242.483           3.162e+02     
 145.000         175.000            7.418e-01           7.418e-01             177.325           2.153e-07             251.141           3.162e+02     
 150.000         175.000            7.791e-01           7.791e-01             187.235           2.514e-07             260.120           3.162e+02     
 155.000         175.000            7.080e-01           7.080e-01             199.561           3.288e-07             269.718           3.162e+02     
 160.000         175.000            5.593e-01           5.593e-01             214.212           4.343e-07             280.175           3.162e+02     
 165.000         175.000            3.765e-01           3.765e-01             230.410           5.300e-07             291.835           3.162e+02     
 170.000         175.000            1.947e-01           1.947e-01             246.981           5.707e-07             304.868           3.162e+02     
 175.000         175.000            5.371e-02           5.371e-02             263.145           5.248e-07             320.658           3.162e+02     
 180.000         175.000            5.984e-07           1.326e-07             113.017           4.658e-07             339.868           2.963e+00     
   0.000         180.000            5.983e-07           1.646e-07             119.145           4.336e-07             161.880           2.962e+00     
   5.000         180.000            5.282e-02           5.282e-02             262.126           5.191e-07             145.547           3.162e+02     
  10.000         180.000            1.878e-01           1.878e-01             244.957           5.706e-07             131.219           3.162e+02     
  15.000         180.000            3.559e-01           3.559e-01             227.246           5.645e-07             118.814           3.162e+02     
  20.000         180.000            5.208e-01           5.208e-01             209.705           4.989e-07             108.512           3.162e+02     
  25.000         180.000            6.572e-01           6.572e-01             193.603           3.987e-07             101.078           3.162e+02     
  30.000         180.000            7.313e-01           7.313e-01             179.886           2.938e-07              96.910           3.162e+02     
  35.000         180.000            7.126e-01           7.126e-01             168.724           2.133e-07              95.854           3.162e+02     
  40.000         180.000            6.061e-01           6.061e-01             159.661           1.603e-07              95.651           3.162e+02     
  45.000         180.000            4.557e-01           4.557e-01             151.819           1.276e-07              92.409           3.162e+02     
  50.000         180.000            3.141e-01           3.141e-01             143.883           1.051e-07              83.917           3.162e+02     
  55.000         180.000            2.138e-01           2.138e-01             134.151           9.056e-08              69.997           3.162e+02     
  60.000         180.000            1.627e-01           1.627e-01             121.533           8.397e-08              53.187           3.162e+02     
  65.000         180.000            1.551e-01           1.551e-01             107.675           7.954e-08              38.339           3.162e+02     
  70.000         180.000            1.817e-01           1.817e-01              96.134           6.967e-08              26.592           3.162e+02     
  75.000         180.000            2.304e-01           2.304e-01              88.440           5.091e-08              18.102           3.162e+02     
  80.000         180.000            2.852e-01           2.852e-01              83.930           2.727e-08              12.395           3.162e+02     
  85.000         180.000            3.281e-01           3.281e-01              81.620           7.567e-09               8.985           3.162e+02     
  90.000         180.000            3.443e-01           3.443e-01              80.911           6.061e-13              51.816           3.162e+02     
  95.000         180.000            3.281e-01           3.281e-01              81.620           7.595e-09             188.984           3.162e+02     
 100.000         180.000            2.852e-01           2.852e-01              83.930           2.732e-08             192.392           3.162e+02     
 105.000         180.000            2.304e-01           2.304e-01              88.440           5.098e-08             198.096           3.162e+02     
 110.000         180.000            1.817e-01           1.817e-01              96.134           6.975e-08             206.583           3.162e+02     
 115.000         180.000            1.551e-01           1.551e-01             107.675           7.961e-08             218.327           3.162e+02     
 120.000         180.000            1.627e-01           1.627e-01             121.533           8.402e-08             233.172           3.162e+02     
 125.000         180.000            2.138e-01           2.138e-01             134.151           9.061e-08             249.981           3.162e+02     
 130.000         180.000            3.141e-01           3.141e-01             143.883           1.051e-07             263.903           3.162e+02     
 135.000         180.000            4.557e-01           4.557e-01             151.819           1.277e-07             272.398           3.162e+02     
 140.000         180.000            6.061e-01           6.061e-01             159.661           1.603e-07             275.643           3.162e+02     
 145.000         180.000            7.126e-01           7.126e-01             168.724           2.133e-07             275.849           3.162e+02     
 150.000         180.000            7.313e-01           7.313e-01             179.886           2.939e-07             276.907           3.162e+02     
 155.000         180.000            6.572e-01           6.572e-01             193.603           3.988e-07             281.076           3.162e+02     
 160.000         180.000            5.208e-01           5.208e-01             209.705           4.991e-07             288.512           3.162e+02     
 165.000         180.000            3.559e-01           3.559e-01             227.246           5.646e-07             298.815           3.162e+02     
 170.000         180.000            1.878e-01           1.878e-01             244.957           5.707e-07             311.221           3.162e+02     
 175.000         180.000            5.282e-02           5.282e-02             262.125           5.192e-07             325.549           3.162e+02     
 180.000         180.000            5.984e-07           1.646e-07             119.157           4.338e-07             341.882           2.963e+00     
   0.000         185.000            5.983e-07           2.008e-07             124.132           3.975e-07             164.061           2.962e+00     
   5.000         185.000            5.192e-02           5.192e-02             261.210           4.754e-07             151.028           3.162e+02     
  10.000         185.000            1.809e-01           1.809e-01             243.095           5.301e-07             138.500           3.162e+02     
  15.000         185.000            3.351e-01           3.351e-01             224.222           5.552e-07             126.429           3.162e+02     
  20.000         185.000            4.830e-01           4.830e-01             205.224           5.300e-07             116.838           3.162e+02     
  25.000         185.000            6.108e-01           6.108e-01             187.528           4.649e-07             111.488           3.162e+02     
  30.000         185.000            6.945e-01           6.945e-01             172.358           3.808e-07             111.870           3.162e+02     
  35.000         185.000            7.026e-01           7.026e-01             160.030           3.242e-07             117.950           3.162e+02     
  40.000         185.000            6.281e-01           6.281e-01             150.048           3.055e-07             125.867           3.162e+02     
  45.000         185.000            5.015e-01           5.015e-01             141.417           3.079e-07             130.328           3.162e+02     
  50.000         185.000            3.696e-01           3.696e-01             132.724           2.878e-07             129.972           3.162e+02     
  55.000         185.000            2.686e-01           2.686e-01             122.287           2.379e-07             124.681           3.162e+02     
  60.000         185.000            2.138e-01           2.138e-01             109.115           1.730e-07             114.578           3.162e+02     
  65.000         185.000            2.056e-01           2.056e-01              94.685           1.159e-07             101.843           3.162e+02     
  70.000         185.000            2.364e-01           2.364e-01              82.288           7.425e-08              87.368           3.162e+02     
  75.000         185.000            2.927e-01           2.927e-01              73.623           4.451e-08              73.950           3.162e+02     
  80.000         185.000            3.555e-01           3.555e-01              68.324           2.172e-08              63.785           3.162e+02     
  85.000         185.000            4.041e-01           4.041e-01              65.528           5.829e-09              57.782           3.162e+02     
  90.000         185.000            4.224e-01           4.224e-01              64.659           3.783e-13              28.034           3.162e+02     
  95.000         185.000            4.041e-01           4.041e-01              65.528           5.844e-09             237.696           3.162e+02     
 100.000         185.000            3.555e-01           3.555e-01              68.324           2.175e-08             243.737           3.162e+02     
 105.000         185.000            2.927e-01           2.927e-01              73.623           4.454e-08             253.915           3.162e+02     
 110.000         185.000            2.364e-01           2.364e-01              82.288           7.427e-08             267.341           3.162e+02     
 115.000         185.000            2.056e-01           2.056e-01              94.685           1.159e-07             281.822           3.162e+02     
 120.000         185.000            2.138e-01           2.138e-01             109.115           1.730e-07             294.563           3.162e+02     
 125.000         185.000            2.686e-01           2.686e-01             122.287           2.378e-07             304.669           3.162e+02     
 130.000         185.000            3.696e-01           3.696e-01             132.724           2.877e-07             309.963           3.162e+02     
 135.000         185.000            5.015e-01           5.015e-01             141.417           3.079e-07             310.319           3.162e+02     
 140.000         185.000            6.281e-01           6.281e-01             150.048           3.055e-07             305.858           3.162e+02     
 145.000         185.000            7.026e-01           7.026e-01             160.030           3.242e-07             297.943           3.162e+02     
 150.000         185.000            6.945e-01           6.945e-01             172.358           3.809e-07             291.865           3.162e+02     
 155.000         185.000            6.108e-01           6.108e-01             187.528           4.651e-07             291.485           3.162e+02     
 160.000         185.000            4.830e-01           4.830e-01             205.224           5.302e-07             296.836           3.162e+02     
 165.000         185.000            3.351e-01           3.351e-01             224.222           5.554e-07             306.428           3.162e+02     
 170.000         185.000            1.809e-01           1.809e-01             243.095           5.303e-07             318.499           3.162e+02     
 175.000         185.000            5.192e-02           5.192e-02             261.210           4.755e-07             331.029           3.162e+02     
 180.000         185.000            5.984e-07           2.008e-07             124.144           3.976e-07             344.063           2.963e+00     
   0.000         190.000            5.983e-07           2.399e-07             128.261           3.584e-07             166.461           2.962e+00     
   5.000         190.000            5.104e-02           5.104e-02             260.407           4.370e-07             156.985           3.162e+02     
  10.000         190.000            1.740e-01           1.740e-01             241.410           5.091e-07             145.795           3.162e+02     
  15.000         190.000            3.151e-01           3.151e-01             221.368           5.559e-07             133.968           3.162e+02     
  20.000         190.000            4.480e-01           4.480e-01             200.835           5.705e-07             124.132           3.162e+02     
  25.000         190.000            5.714e-01           5.714e-01             181.486           5.539e-07             119.273           3.162e+02     
  30.000         190.000            6.703e-01           6.703e-01             164.949           5.246e-07             121.219           3.162e+02     
  35.000         190.000            7.099e-01           7.099e-01             151.708           5.496e-07             128.693           3.162e+02     
  40.000         190.000            6.697e-01           6.697e-01             141.189           6.446e-07             136.410           3.162e+02     
  45.000         190.000            5.665e-01           5.665e-01             132.249           7.771e-07             139.868           3.162e+02     
  50.000         190.000            4.422e-01           4.422e-01             123.379           8.360e-07             139.522           3.162e+02     
  55.000         190.000            3.365e-01           3.365e-01             112.897           7.840e-07             135.705           3.162e+02     
  60.000         190.000            2.729e-01           2.729e-01              99.751           6.389e-07             129.478           3.162e+02     
  65.000         190.000            2.580e-01           2.580e-01              85.042           4.555e-07             121.327           3.162e+02     
  70.000         190.000            2.870e-01           2.870e-01              71.805           2.900e-07             112.738           3.162e+02     
  75.000         190.000            3.452e-01           3.452e-01              62.084           1.613e-07             104.348           3.162e+02     
  80.000         190.000            4.113e-01           4.113e-01              55.909           7.141e-08              97.378           3.162e+02     
  85.000         190.000            4.626e-01           4.626e-01              52.575           1.791e-08              92.880           3.162e+02     
  90.000         190.000            4.819e-01           4.819e-01              51.525           1.371e-13             345.924           3.162e+02     
  95.000         190.000            4.626e-01           4.626e-01              52.575           1.792e-08             272.824           3.162e+02     
 100.000         190.000            4.113e-01           4.113e-01              55.909           7.142e-08             277.351           3.162e+02     
 105.000         190.000            3.452e-01           3.452e-01              62.084           1.613e-07             284.330           3.162e+02     
 110.000         190.000            2.870e-01           2.870e-01              71.805           2.900e-07             292.726           3.162e+02     
 115.000         190.000            2.580e-01           2.580e-01              85.042           4.554e-07             301.319           3.162e+02     
 120.000         190.000            2.729e-01           2.729e-01              99.751           6.388e-07             309.472           3.162e+02     
 125.000         190.000            3.365e-01           3.365e-01             112.897           7.840e-07             315.700           3.162e+02     
 130.000         190.000            4.422e-01           4.422e-01             123.379           8.359e-07             319.517           3.162e+02     
 135.000         190.000            5.665e-01           5.665e-01             132.249           7.771e-07             319.863           3.162e+02     
 140.000         190.000            6.697e-01           6.697e-01             141.189           6.446e-07             316.404           3.162e+02     
 145.000         190.000            7.099e-01           7.099e-01             151.708           5.497e-07             308.688           3.162e+02     
 150.000         190.000            6.703e-01           6.703e-01             164.949           5.247e-07             301.214           3.162e+02     
 155.000         190.000            5.714e-01           5.714e-01             181.486           5.540e-07             299.270           3.162e+02     
 160.000         190.000            4.480e-01           4.480e-01             200.835           5.706e-07             304.129           3.162e+02     
 165.000         190.000            3.151e-01           3.151e-01             221.368           5.560e-07             313.966           3.162e+02     
 170.000         190.000            1.740e-01           1.740e-01             241.410           5.093e-07             325.793           3.162e+02     
 175.000         190.000            5.104e-02           5.104e-02             260.407           4.372e-07             336.984           3.162e+02     
 180.000         190.000            5.984e-07           2.399e-07             128.273           3.585e-07             346.461           2.963e+00     
   0.000         195.000            5.983e-07           2.808e-07             131.752           3.175e-07             169.146           2.962e+00     
   5.000         195.000            5.017e-02           5.017e-02             259.722           4.042e-07             163.330           3.162e+02     
  10.000         195.000            1.674e-01           1.674e-01             239.915           4.942e-07             153.478           3.162e+02     
  15.000         195.000            2.963e-01           2.963e-01             218.726           5.600e-07             141.353           3.162e+02     
  20.000         195.000            4.170e-01           4.170e-01             196.640           6.053e-07             130.520           3.162e+02     
  25.000         195.000            5.400e-01           5.399e-01             175.691           6.375e-07             124.897           3.162e+02     
  30.000         195.000            6.573e-01           6.573e-01             157.997           6.792e-07             126.288           3.162e+02     
  35.000         195.000            7.289e-01           7.289e-01             144.158           8.171e-07             132.683           3.162e+02     
  40.000         195.000            7.203e-01           7.203e-01             133.432           1.068e-06             138.705           3.162e+02     
  45.000         195.000            6.359e-01           6.359e-01             124.495           1.382e-06             141.784           3.162e+02     
  50.000         195.000            5.139e-01           5.139e-01             115.766           1.607e-06             140.345           3.162e+02     
  55.000         195.000            3.979e-01           3.979e-01             105.576           1.610e-06             136.713           3.162e+02     
  60.000         195.000            3.183e-01           3.183e-01              92.761           1.401e-06             131.404           3.162e+02     
  65.000         195.000            2.875e-01           2.875e-01              77.966           1.064e-06             124.853           3.162e+02     
  70.000         195.000            3.025e-01           3.025e-01              63.940           7.127e-07             118.438           3.162e+02     
  75.000         195.000            3.488e-01           3.488e-01              53.124           4.085e-07             112.344           3.162e+02     
  80.000         195.000            4.051e-01           4.051e-01              46.028           1.831e-07             107.339           3.162e+02     
  85.000         195.000            4.497e-01           4.497e-01              42.129           4.602e-08             104.065           3.162e+02     
  90.000         195.000            4.666e-01           4.666e-01              40.894           1.902e-13             277.142           3.162e+02     
  95.000         195.000            4.497e-01           4.497e-01              42.129           4.603e-08             284.037           3.162e+02     
 100.000         195.000            4.051e-01           4.051e-01              46.028           1.831e-07             287.326           3.162e+02     
 105.000         195.000            3.488e-01           3.488e-01              53.124           4.085e-07             292.335           3.162e+02     
 110.000         195.000            3.025e-01           3.025e-01              63.940           7.126e-07             298.432           3.162e+02     
 115.000         195.000            2.875e-01           2.875e-01              77.966           1.064e-06             304.849           3.162e+02     
 120.000         195.000            3.183e-01           3.183e-01              92.761           1.401e-06             311.401           3.162e+02     
 125.000         195.000            3.979e-01           3.979e-01             105.576           1.610e-06             316.710           3.162e+02     
 130.000         195.000            5.139e-01           5.139e-01             115.766           1.607e-06             320.342           3.162e+02     
 135.000         195.000            6.359e-01           6.359e-01             124.495           1.382e-06             321.781           3.162e+02     
 140.000         195.000            7.203e-01           7.203e-01             133.433           1.068e-06             318.702           3.162e+02     
 145.000         195.000            7.289e-01           7.289e-01             144.158           8.172e-07             312.679           3.162e+02     
 150.000         195.000            6.573e-01           6.573e-01             157.997           6.793e-07             306.284           3.162e+02     
 155.000         195.000            5.400e-01           5.399e-01             175.691           6.376e-07             304.893           3.162e+02     
 160.000         195.000            4.170e-01           4.170e-01             196.640           6.054e-07             310.517           3.162e+02     
 165.000         195.000            2.963e-01           2.963e-01             218.726           5.601e-07             321.349           3.162e+02     
 170.000         195.000            1.674e-01           1.674e-01             239.915           4.943e-07             333.475           3.162e+02     
 175.000         195.000            5.017e-02           5.017e-02             259.722           4.043e-07             343.328           3.162e+02     
 180.000         195.000            5.984e-07           2.808e-07             131.763           3.176e-07             349.146           2.963e+00     
   0.000         200.000            5.983e-07           3.223e-07             134.764           2.760e-07             172.206           2.962e+00     
   5.000         200.000            4.934e-02           4.934e-02             259.160           3.762e-07             169.961           3.162e+02     
  10.000         200.000            1.612e-01           1.612e-01             238.631           4.862e-07             161.163           3.162e+02     
  15.000         200.000            2.793e-01           2.793e-01             216.353           5.627e-07             148.606           3.162e+02     
  20.000         200.000            3.905e-01           3.905e-01             192.778           6.221e-07             136.280           3.162e+02     
  25.000         200.000            5.160e-01           5.160e-01             170.394           6.877e-07             128.986           3.162e+02     
  30.000         200.000            6.523e-01           6.523e-01             151.826           7.867e-07             128.552           3.162e+02     
  35.000         200.000            7.526e-01           7.526e-01             137.662           1.019e-06             134.367           3.162e+02     
  40.000         200.000            7.689e-01           7.689e-01             126.895           1.418e-06             138.993           3.162e+02     
  45.000         200.000            6.957e-01           6.957e-01             118.019           1.919e-06             140.589           3.162e+02     
  50.000         200.000            5.688e-01           5.688e-01             109.413           2.309e-06             138.958           3.162e+02     
  55.000         200.000            4.365e-01           4.365e-01              99.433           2.397e-06             135.691           3.162e+02     
  60.000         200.000            3.356e-01           3.356e-01              86.805           2.168e-06             131.080           3.162e+02     
  65.000         200.000            2.827e-01           2.827e-01              71.716           1.719e-06             125.812           3.162e+02     
  70.000         200.000            2.760e-01           2.760e-01              56.611           1.186e-06             120.247           3.162e+02     
  75.000         200.000            3.014e-01           3.014e-01              44.380           6.981e-07             115.433           3.162e+02     
  80.000         200.000            3.392e-01           3.392e-01              36.115           3.183e-07             111.520           3.162e+02     
  85.000         200.000            3.707e-01           3.707e-01              31.508           8.072e-08             108.949           3.162e+02     
  90.000         200.000            3.828e-01           3.828e-01              30.041           4.979e-13             251.841           3.162e+02     
  95.000         200.000            3.707e-01           3.707e-01              31.508           8.073e-08             288.934           3.162e+02     
 100.000         200.000            3.392e-01           3.392e-01              36.115           3.183e-07             291.513           3.162e+02     
 105.000         200.000            3.014e-01           3.014e-01              44.380           6.981e-07             295.428           3.162e+02     
 110.000         200.000            2.760e-01           2.760e-01              56.611           1.186e-06             300.244           3.162e+02     
 115.000         200.000            2.827e-01           2.827e-01              71.716           1.719e-06             305.810           3.162e+02     
 120.000         200.000            3.356e-01           3.356e-01              86.805           2.168e-06             311.078           3.162e+02     
 125.000         200.000            4.365e-01           4.365e-01              99.433           2.397e-06             315.689           3.162e+02     
 130.000         200.000            5.688e-01           5.688e-01             109.413           2.309e-06             318.957           3.162e+02     
 135.000         200.000            6.957e-01           6.957e-01             118.019           1.919e-06             320.587           3.162e+02     
 140.000         200.000            7.689e-01           7.689e-01             126.895           1.418e-06             318.990           3.162e+02     
 145.000         200.000            7.526e-01           7.526e-01             137.662           1.019e-06             314.364           3.162e+02     
 150.000         200.000            6.523e-01           6.523e-01             151.826           7.868e-07             308.549           3.162e+02     
 155.000         200.000            5.160e-01           5.160e-01             170.394           6.878e-07             308.982           3.162e+02     
 160.000         200.000            3.905e-01           3.905e-01             192.778           6.222e-07             316.276           3.162e+02     
 165.000         200.000            2.793e-01           2.793e-01             216.353           5.629e-07             328.602           3.162e+02     
 170.000         200.000            1.612e-01           1.612e-01             238.631           4.863e-07             341.159           3.162e+02     
 175.000         200.000            4.934e-02           4.934e-02             259.160           3.763e-07             349.957           3.162e+02     
 180.000         200.000            5.984e-07           3.223e-07             134.774           2.761e-07             352.205           2.963e+00     
   0.000         205.000            5.983e-07           3.630e-07             137.412           2.352e-07             175.762           2.962e+00     
   5.000         205.000            4.854e-02           4.854e-02             258.729           3.522e-07             176.771           3.162e+02     
  10.000         205.000            1.555e-01           1.555e-01             237.578           4.824e-07             168.708           3.162e+02     
  15.000         205.000            2.644e-01           2.644e-01             214.313           5.613e-07             155.788           3.162e+02     
  20.000         205.000            3.687e-01           3.687e-01             189.405           6.141e-07             141.702           3.162e+02     
  25.000         205.000            4.980e-01           4.980e-01             165.857           6.702e-07             132.835           3.162e+02     
  30.000         205.000            6.511e-01           6.511e-01             146.713           7.921e-07             130.905           3.162e+02     
  35.000         205.000            7.735e-01           7.735e-01             132.403           1.082e-06             134.224           3.162e+02     
  40.000         205.000            8.063e-01           8.063e-01             121.623           1.516e-06             137.862           3.162e+02     
  45.000         205.000            7.367e-01           7.367e-01             112.694           2.083e-06             139.166           3.162e+02     
  50.000         205.000            6.000e-01           6.000e-01             103.959           2.566e-06             137.531           3.162e+02     
  55.000         205.000            4.496e-01           4.496e-01              93.779           2.720e-06             134.836           3.162e+02     
  60.000         205.000            3.286e-01           3.286e-01              80.740           2.521e-06             131.174           3.162e+02     
  65.000         205.000            2.570e-01           2.570e-01              64.618           2.046e-06             126.563           3.162e+02     
  70.000         205.000            2.337e-01           2.337e-01              47.668           1.447e-06             121.965           3.162e+02     
  75.000         205.000            2.441e-01           2.441e-01              33.393           8.628e-07             117.591           3.162e+02     
  80.000         205.000            2.691e-01           2.691e-01              23.553           3.980e-07             114.370           3.162e+02     
  85.000         205.000            2.916e-01           2.916e-01              18.028           1.016e-07             112.240           3.162e+02     
  90.000         205.000            3.003e-01           3.003e-01              16.265           7.061e-13             244.105           3.162e+02     
  95.000         205.000            2.916e-01           2.916e-01              18.028           1.016e-07             292.232           3.162e+02     
 100.000         205.000            2.691e-01           2.691e-01              23.553           3.981e-07             294.366           3.162e+02     
 105.000         205.000            2.441e-01           2.441e-01              33.393           8.629e-07             297.588           3.162e+02     
 110.000         205.000            2.337e-01           2.337e-01              47.668           1.447e-06             301.963           3.162e+02     
 115.000         205.000            2.570e-01           2.570e-01              64.618           2.046e-06             306.561           3.162e+02     
 120.000         205.000            3.286e-01           3.286e-01              80.740           2.521e-06             311.172           3.162e+02     
 125.000         205.000            4.496e-01           4.496e-01              93.779           2.720e-06             314.835           3.162e+02     
 130.000         205.000            6.000e-01           6.000e-01             103.959           2.566e-06             317.529           3.162e+02     
 135.000         205.000            7.367e-01           7.367e-01             112.694           2.083e-06             319.164           3.162e+02     
 140.000         205.000            8.063e-01           8.063e-01             121.623           1.517e-06             317.860           3.162e+02     
 145.000         205.000            7.735e-01           7.735e-01             132.403           1.083e-06             314.221           3.162e+02     
 150.000         205.000            6.511e-01           6.511e-01             146.713           7.922e-07             310.902           3.162e+02     
 155.000         205.000            4.980e-01           4.980e-01             165.857           6.703e-07             312.832           3.162e+02     
 160.000         205.000            3.687e-01           3.687e-01             189.405           6.142e-07             321.699           3.162e+02     
 165.000         205.000            2.644e-01           2.644e-01             214.313           5.614e-07             335.784           3.162e+02     
 170.000         205.000            1.555e-01           1.555e-01             237.578           4.825e-07             348.703           3.162e+02     
 175.000         205.000            4.854e-02           4.854e-02             258.729           3.523e-07             356.766           3.162e+02     
 180.000         205.000            5.984e-07           3.631e-07             137.422           2.353e-07             355.759           2.963e+00     
   0.000         210.000            5.983e-07           4.018e-07             139.783           1.964e-07             179.978           2.962e+00     
   5.000         210.000            4.780e-02           4.779e-02             258.433           3.308e-07             183.668           3.162e+02     
  10.000         210.000            1.504e-01           1.504e-01             236.777           4.798e-07             176.016           3.162e+02     
  15.000         210.000            2.518e-01           2.518e-01             212.676           5.547e-07             162.952           3.162e+02     
  20.000         210.000            3.511e-01           3.511e-01             186.685           5.811e-07             147.024           3.162e+02     
  25.000         210.000            4.839e-01           4.839e-01             162.313           6.143e-07             136.892           3.162e+02     
  30.000         210.000            6.489e-01           6.489e-01             142.868           7.005e-07             131.739           3.162e+02     
  35.000         210.000            7.850e-01           7.850e-01             128.529           9.076e-07             133.347           3.162e+02     
  40.000         210.000            8.262e-01           8.262e-01             117.707           1.295e-06             136.256           3.162e+02     
  45.000         210.000            7.556e-01           7.556e-01             108.582           1.768e-06             138.808           3.162e+02     
  50.000         210.000            6.096e-01           6.096e-01              99.432           2.205e-06             137.839           3.162e+02     
  55.000         210.000            4.465e-01           4.464e-01              88.556           2.389e-06             135.102           3.162e+02     
  60.000         210.000            3.141e-01           3.141e-01              74.366           2.237e-06             131.970           3.162e+02     
  65.000         210.000            2.354e-01           2.354e-01              56.380           1.831e-06             128.283           3.162e+02     
  70.000         210.000            2.093e-01           2.093e-01              37.063           1.302e-06             124.537           3.162e+02     
  75.000         210.000            2.196e-01           2.196e-01              20.733           7.822e-07             121.130           3.162e+02     
  80.000         210.000            2.453e-01           2.453e-01               9.573           3.613e-07             118.400           3.162e+02     
  85.000         210.000            2.684e-01           2.684e-01               3.359           9.200e-08             116.276           3.162e+02     
  90.000         210.000            2.774e-01           2.774e-01               1.384           5.936e-13             240.286           3.162e+02     
  95.000         210.000            2.684e-01           2.684e-01               3.359           9.203e-08             296.271           3.162e+02     
 100.000         210.000            2.453e-01           2.453e-01               9.573           3.614e-07             298.398           3.162e+02     
 105.000         210.000            2.196e-01           2.196e-01              20.733           7.822e-07             301.128           3.162e+02     
 110.000         210.000            2.093e-01           2.093e-01              37.063           1.302e-06             304.535           3.162e+02     
 115.000         210.000            2.354e-01           2.354e-01              56.380           1.831e-06             308.282           3.162e+02     
 120.000         210.000            3.141e-01           3.141e-01              74.366           2.237e-06             311.969           3.162e+02     
 125.000         210.000            4.465e-01           4.464e-01              88.556           2.389e-06             315.101           3.162e+02     
 130.000         210.000            6.096e-01           6.096e-01              99.432           2.205e-06             317.838           3.162e+02     
 135.000         210.000            7.556e-01           7.556e-01             108.582           1.768e-06             318.807           3.162e+02     
 140.000         210.000            8.262e-01           8.262e-01             117.707           1.296e-06             316.255           3.162e+02     
 145.000         210.000            7.850e-01           7.850e-01             128.529           9.077e-07             313.346           3.162e+02     
 150.000         210.000            6.489e-01           6.489e-01             142.868           7.006e-07             311.737           3.162e+02     
 155.000         210.000            4.839e-01           4.839e-01             162.313           6.144e-07             316.890           3.162e+02     
 160.000         210.000            3.511e-01           3.511e-01             186.685           5.811e-07             327.021           3.162e+02     
 165.000         210.000            2.518e-01           2.518e-01             212.676           5.548e-07             342.948           3.162e+02     
 170.000         210.000            1.504e-01           1.504e-01             236.777           4.798e-07             356.011           3.162e+02     
 175.000         210.000            4.780e-02           4.779e-02             258.433           3.309e-07               3.662           3.162e+02     
 180.000         210.000            5.984e-07           4.019e-07             139.793           1.965e-07             359.973           2.963e+00     
   0.000         215.000            5.983e-07           4.376e-07             141.943           1.607e-07             185.081           2.962e+00     
   5.000         215.000            4.710e-02           4.710e-02             258.277           3.108e-07             190.589           3.162e+02     
  10.000         215.000            1.458e-01           1.458e-01             236.249           4.752e-07             183.033           3.162e+02     
  15.000         215.000            2.413e-01           2.413e-01             211.509           5.430e-07             170.113           3.162e+02     
  20.000         215.000            3.371e-01           3.371e-01             184.769           5.175e-07             154.316           3.162e+02     
  25.000         215.000            4.716e-01           4.716e-01             159.947           5.167e-07             141.311           3.162e+02     
  30.000         215.000            6.413e-01           6.413e-01             140.446           5.292e-07             131.992           3.162e+02     
  35.000         215.000            7.816e-01           7.816e-01             126.172           6.295e-07             131.003           3.162e+02     
  40.000         215.000            8.237e-01           8.237e-01             115.321           8.541e-07             135.250           3.162e+02     
  45.000         215.000            7.511e-01           7.511e-01             105.953           1.144e-06             137.695           3.162e+02     
  50.000         215.000            6.021e-01           6.021e-01              96.273           1.418e-06             138.289           3.162e+02     
  55.000         215.000            4.371e-01           4.371e-01              84.491           1.538e-06             137.281           3.162e+02     
  60.000         215.000            3.061e-01           3.061e-01              68.934           1.445e-06             134.924           3.162e+02     
  65.000         215.000            2.326e-01           2.326e-01              49.284           1.181e-06             133.243           3.162e+02     
  70.000         215.000            2.147e-01           2.147e-01              28.676           8.298e-07             130.461           3.162e+02     
  75.000         215.000            2.340e-01           2.340e-01              11.830           4.918e-07             127.964           3.162e+02     
  80.000         215.000            2.680e-01           2.680e-01               0.595           2.244e-07             125.968           3.162e+02     
  85.000         215.000            2.968e-01           2.968e-01             354.408           5.678e-08             124.637           3.162e+02     
  90.000         215.000            3.078e-01           3.078e-01             352.448           2.927e-13             233.538           3.162e+02     
  95.000         215.000            2.968e-01           2.968e-01             354.408           5.681e-08             304.632           3.162e+02     
 100.000         215.000            2.680e-01           2.680e-01               0.595           2.245e-07             305.966           3.162e+02     
 105.000         215.000            2.340e-01           2.340e-01              11.830           4.918e-07             307.963           3.162e+02     
 110.000         215.000            2.147e-01           2.147e-01              28.676           8.299e-07             310.460           3.162e+02     
 115.000         215.000            2.326e-01           2.326e-01              49.284           1.181e-06             313.242           3.162e+02     
 120.000         215.000            3.061e-01           3.061e-01              68.934           1.445e-06             314.923           3.162e+02     
 125.000         215.000            4.371e-01           4.371e-01              84.491           1.538e-06             317.280           3.162e+02     
 130.000         215.000            6.021e-01           6.021e-01              96.273           1.418e-06             318.288           3.162e+02     
 135.000         215.000            7.511e-01           7.511e-01             105.953           1.144e-06             317.694           3.162e+02     
 140.000         215.000            8.237e-01           8.237e-01             115.321           8.542e-07             315.249           3.162e+02     
 145.000         215.000            7.816e-01           7.816e-01             126.172           6.296e-07             311.001           3.162e+02     
 150.000         215.000            6.413e-01           6.413e-01             140.446           5.292e-07             311.991           3.162e+02     
 155.000         215.000            4.716e-01           4.716e-01             159.947           5.167e-07             321.309           3.162e+02     
 160.000         215.000            3.371e-01           3.371e-01             184.769           5.176e-07             334.313           3.162e+02     
 165.000         215.000            2.413e-01           2.413e-01             211.509           5.430e-07             350.110           3.162e+02     
 170.000         215.000            1.458e-01           1.458e-01             236.249           4.753e-07               3.029           3.162e+02     
 175.000         215.000            4.710e-02           4.710e-02             258.277           3.109e-07              10.583           3.162e+02     
 180.000         215.000            5.984e-07           4.376e-07             141.952           1.608e-07               5.074           2.963e+00     
   0.000         220.000            5.983e-07           4.691e-07             143.942           1.292e-07             191.377           2.962e+00     
   5.000         220.000            4.647e-02           4.647e-02             258.265           2.909e-07             197.514           3.162e+02     
  10.000         220.000            1.419e-01           1.419e-01             236.012           4.658e-07             189.745           3.162e+02     
  15.000         220.000            2.330e-01           2.330e-01             210.872           5.270e-07             177.250           3.162e+02     
  20.000         220.000            3.260e-01           3.260e-01             183.771           4.578e-07             161.641           3.162e+02     
  25.000         220.000            4.590e-01           4.590e-01             158.889           3.746e-07             144.845           3.162e+02     
  30.000         220.000            6.252e-01           6.252e-01             139.556           3.377e-07             131.609           3.162e+02     
  35.000         220.000            7.590e-01           7.590e-01             125.461           3.204e-07             128.553           3.162e+02     
  40.000         220.000            7.952e-01           7.952e-01             114.669           3.787e-07             131.698           3.162e+02     
  45.000         220.000            7.215e-01           7.215e-01             105.177           4.944e-07             136.440           3.162e+02     
  50.000         220.000            5.776e-01           5.776e-01              95.128           5.949e-07             140.366           3.162e+02     
  55.000         220.000            4.226e-01           4.226e-01              82.708           6.530e-07             143.591           3.162e+02     
  60.000         220.000            3.039e-01           3.039e-01              66.406           6.056e-07             143.754           3.162e+02     
  65.000         220.000            2.423e-01           2.423e-01              46.471           4.862e-07             143.082           3.162e+02     
  70.000         220.000            2.341e-01           2.341e-01              26.499           3.334e-07             143.394           3.162e+02     
  75.000         220.000            2.604e-01           2.604e-01              10.680           1.924e-07             143.570           3.162e+02     
  80.000         220.000            2.987e-01           2.987e-01               0.222           8.573e-08             143.710           3.162e+02     
  85.000         220.000            3.298e-01           3.298e-01             354.451           2.130e-08             143.788           3.162e+02     
  90.000         220.000            3.415e-01           3.415e-01             352.618           7.426e-14             208.026           3.162e+02     
  95.000         220.000            3.298e-01           3.298e-01             354.451           2.133e-08             323.771           3.162e+02     
 100.000         220.000            2.987e-01           2.987e-01               0.222           8.577e-08             323.703           3.162e+02     
 105.000         220.000            2.604e-01           2.604e-01              10.680           1.925e-07             323.565           3.162e+02     
 110.000         220.000            2.341e-01           2.341e-01              26.499           3.335e-07             323.390           3.162e+02     
 115.000         220.000            2.423e-01           2.423e-01              46.471           4.863e-07             323.080           3.162e+02     
 120.000         220.000            3.039e-01           3.039e-01              66.406           6.057e-07             323.752           3.162e+02     
 125.000         220.000            4.226e-01           4.226e-01              82.708           6.531e-07             323.590           3.162e+02     
 130.000         220.000            5.776e-01           5.776e-01              95.128           5.950e-07             320.365           3.162e+02     
 135.000         220.000            7.215e-01           7.215e-01             105.177           4.945e-07             316.440           3.162e+02     
 140.000         220.000            7.952e-01           7.952e-01             114.669           3.788e-07             311.698           3.162e+02     
 145.000         220.000            7.590e-01           7.590e-01             125.461           3.205e-07             308.553           3.162e+02     
 150.000         220.000            6.252e-01           6.252e-01             139.556           3.378e-07             311.608           3.162e+02     
 155.000         220.000            4.590e-01           4.590e-01             158.889           3.747e-07             324.844           3.162e+02     
 160.000         220.000            3.260e-01           3.260e-01             183.771           4.579e-07             341.639           3.162e+02     
 165.000         220.000            2.330e-01           2.330e-01             210.872           5.271e-07             357.246           3.162e+02     
 170.000         220.000            1.419e-01           1.419e-01             236.012           4.659e-07               9.741           3.162e+02     
 175.000         220.000            4.647e-02           4.647e-02             258.265           2.909e-07              17.507           3.162e+02     
 180.000         220.000            5.984e-07           4.692e-07             143.951           1.292e-07              11.368           2.963e+00     
   0.000         225.000            5.983e-07           4.954e-07             145.821           1.029e-07             199.255           2.962e+00     
   5.000         225.000            4.590e-02           4.590e-02             258.400           2.699e-07             204.470           3.162e+02     
  10.000         225.000            1.387e-01           1.387e-01             236.081           4.488e-07             196.173           3.162e+02     
  15.000         225.000            2.266e-01           2.266e-01             210.812           5.022e-07             185.376           3.162e+02     
  20.000         225.000            3.172e-01           3.172e-01             183.767           3.982e-07             169.518           3.162e+02     
  25.000         225.000            4.449e-01           4.449e-01             159.213           2.598e-07             150.282           3.162e+02     
  30.000         225.000            5.987e-01           5.987e-01             140.273           1.646e-07             133.294           3.162e+02     
  35.000         225.000            7.158e-01           7.158e-01             126.501           1.155e-07             118.043           3.162e+02     
  40.000         225.000            7.395e-01           7.395e-01             115.946           8.947e-08             117.986           3.162e+02     
  45.000         225.000            6.649e-01           6.649e-01             106.582           8.279e-08             130.900           3.162e+02     
  50.000         225.000            5.326e-01           5.326e-01              96.525           1.027e-07             148.597           3.162e+02     
  55.000         225.000            3.964e-01           3.964e-01              84.019           1.173e-07             159.837           3.162e+02     
  60.000         225.000            2.966e-01           2.966e-01              67.897           1.217e-07             169.141           3.162e+02     
  65.000         225.000            2.490e-01           2.490e-01              49.024           1.105e-07             177.379           3.162e+02     
  70.000         225.000            2.474e-01           2.474e-01              30.933           8.758e-08             184.791           3.162e+02     
  75.000         225.000            2.742e-01           2.742e-01              16.864           5.873e-08             191.014           3.162e+02     
  80.000         225.000            3.095e-01           3.095e-01               7.536           3.099e-08             194.236           3.162e+02     
  85.000         225.000            3.372e-01           3.372e-01               2.347           8.363e-09             197.254           3.162e+02     
  90.000         225.000            3.475e-01           3.475e-01               0.690           4.774e-14             133.865           3.162e+02     
  95.000         225.000            3.372e-01           3.372e-01               2.347           8.366e-09              17.193           3.162e+02     
 100.000         225.000            3.095e-01           3.095e-01               7.536           3.100e-08              14.206           3.162e+02     
 105.000         225.000            2.742e-01           2.742e-01              16.864           5.874e-08              10.993           3.162e+02     
 110.000         225.000            2.474e-01           2.474e-01              30.933           8.760e-08               4.775           3.162e+02     
 115.000         225.000            2.490e-01           2.490e-01              49.024           1.105e-07             357.367           3.162e+02     
 120.000         225.000            2.966e-01           2.966e-01              67.897           1.217e-07             349.132           3.162e+02     
 125.000         225.000            3.964e-01           3.964e-01              84.019           1.174e-07             339.831           3.162e+02     
 130.000         225.000            5.326e-01           5.326e-01              96.525           1.028e-07             328.594           3.162e+02     
 135.000         225.000            6.649e-01           6.649e-01             106.582           8.283e-08             310.902           3.162e+02     
 140.000         225.000            7.395e-01           7.395e-01             115.946           8.950e-08             297.991           3.162e+02     
 145.000         225.000            7.158e-01           7.158e-01             126.501           1.156e-07             298.047           3.162e+02     
 150.000         225.000            5.987e-01           5.987e-01             140.273           1.646e-07             313.295           3.162e+02     
 155.000         225.000            4.449e-01           4.449e-01             159.213           2.598e-07             330.282           3.162e+02     
 160.000         225.000            3.172e-01           3.172e-01             183.767           3.982e-07             349.516           3.162e+02     
 165.000         225.000            2.266e-01           2.266e-01             210.812           5.022e-07               5.373           3.162e+02     
 170.000         225.000            1.387e-01           1.387e-01             236.081           4.488e-07              16.169           3.162e+02     
 175.000         225.000            4.590e-02           4.590e-02             258.400           2.699e-07              24.464           3.162e+02     
 180.000         225.000            5.984e-07           4.955e-07             145.829           1.029e-07              19.245           2.963e+00     
   0.000         230.000            5.983e-07           5.158e-07             147.612           8.251e-08             209.132           2.962e+00     
   5.000         230.000            4.539e-02           4.539e-02             258.684           2.473e-07             211.538           3.162e+02     
  10.000         230.000            1.361e-01           1.361e-01             236.468           4.219e-07             202.381           3.162e+02     
  15.000         230.000            2.221e-01           2.221e-01             211.349           4.639e-07             190.730           3.162e+02     
  20.000         230.000            3.103e-01           3.103e-01             184.782           3.450e-07             177.799           3.162e+02     
  25.000         230.000            4.289e-01           4.289e-01             160.936           1.701e-07             157.130           3.162e+02     
  30.000         230.000            5.626e-01           5.626e-01             142.631           5.888e-08             127.419           3.162e+02     
  35.000         230.000            6.540e-01           6.540e-01             129.379           3.028e-08              83.204           3.162e+02     
  40.000         230.000            6.593e-01           6.593e-01             119.301           2.308e-08              40.185           3.162e+02     
  45.000         230.000            5.831e-01           5.831e-01             110.387           1.152e-08             354.675           3.162e+02     
  50.000         230.000            4.656e-01           4.656e-01             100.716           1.285e-08             302.988           3.162e+02     
  55.000         230.000            3.528e-01           3.528e-01              88.579           2.805e-08             268.291           3.162e+02     
  60.000         230.000            2.760e-01           2.760e-01              73.162           6.125e-08             256.506           3.162e+02     
  65.000         230.000            2.447e-01           2.447e-01              55.872           9.516e-08             249.698           3.162e+02     
  70.000         230.000            2.514e-01           2.514e-01              40.055           1.036e-07             249.115           3.162e+02     
  75.000         230.000            2.799e-01           2.799e-01              28.081           8.635e-08             248.742           3.162e+02     
  80.000         230.000            3.130e-01           3.130e-01              20.208           5.030e-08             248.505           3.162e+02     
  85.000         230.000            3.378e-01           3.378e-01              15.833           1.476e-08             248.401           3.162e+02     
  90.000         230.000            3.469e-01           3.469e-01              14.436           1.306e-13              96.483           3.162e+02     
  95.000         230.000            3.378e-01           3.378e-01              15.833           1.474e-08              68.364           3.162e+02     
 100.000         230.000            3.130e-01           3.130e-01              20.208           5.026e-08              68.485           3.162e+02     
 105.000         230.000            2.799e-01           2.799e-01              28.081           8.631e-08              68.727           3.162e+02     
 110.000         230.000            2.514e-01           2.514e-01              40.055           1.036e-07              69.102           3.162e+02     
 115.000         230.000            2.447e-01           2.447e-01              55.872           9.513e-08              69.684           3.162e+02     
 120.000         230.000            2.760e-01           2.760e-01              73.162           6.122e-08              76.490           3.162e+02     
 125.000         230.000            3.528e-01           3.528e-01              88.579           2.803e-08              88.272           3.162e+02     
 130.000         230.000            4.656e-01           4.656e-01             100.716           1.283e-08             122.978           3.162e+02     
 135.000         230.000            5.831e-01           5.831e-01             110.387           1.151e-08             174.694           3.162e+02     
 140.000         230.000            6.593e-01           6.593e-01             119.301           2.308e-08             220.207           3.162e+02     
 145.000         230.000            6.540e-01           6.540e-01             129.379           3.028e-08             263.221           3.162e+02     
 150.000         230.000            5.626e-01           5.626e-01             142.631           5.890e-08             307.425           3.162e+02     
 155.000         230.000            4.289e-01           4.289e-01             160.936           1.701e-07             337.131           3.162e+02     
 160.000         230.000            3.103e-01           3.103e-01             184.782           3.451e-07             357.799           3.162e+02     
 165.000         230.000            2.221e-01           2.221e-01             211.349           4.640e-07              10.729           3.162e+02     
 170.000         230.000            1.361e-01           1.361e-01             236.468           4.219e-07              22.378           3.162e+02     
 175.000         230.000            4.539e-02           4.539e-02             258.684           2.472e-07              31.533           3.162e+02     
 180.000         230.000            5.984e-07           5.159e-07             147.620           8.251e-08              29.120           2.963e+00     
   0.000         235.000            5.983e-07           5.296e-07             149.345           6.871e-08             221.247           2.962e+00     
   5.000         235.000            4.495e-02           4.495e-02             259.119           2.229e-07             218.858           3.162e+02     
  10.000         235.000            1.340e-01           1.340e-01             237.178           3.840e-07             208.483           3.162e+02     
  15.000         235.000            2.191e-01           2.191e-01             212.486           4.206e-07             197.405           3.162e+02     
  20.000         235.000            3.051e-01           3.051e-01             186.795           3.008e-07             186.176           3.162e+02     
  25.000         235.000            4.117e-01           4.117e-01             164.029           1.097e-07             165.343           3.162e+02     
  30.000         235.000            5.195e-01           5.195e-01             146.638           1.525e-08             112.622           3.162e+02     
  35.000         235.000            5.792e-01           5.792e-01             134.159           4.094e-08              23.362           3.162e+02     
  40.000         235.000            5.625e-01           5.625e-01             124.857           9.718e-08             354.814           3.162e+02     
  45.000         235.000            4.838e-01           4.838e-01             116.740           1.490e-07             339.991           3.162e+02     
  50.000         235.000            3.819e-01           3.819e-01             107.767           1.685e-07             324.202           3.162e+02     
  55.000         235.000            2.937e-01           2.937e-01              96.107           1.792e-07             308.323           3.162e+02     
  60.000         235.000            2.416e-01           2.416e-01              81.177           1.898e-07             293.054           3.162e+02     
  65.000         235.000            2.313e-01           2.313e-01              65.011           1.903e-07             283.134           3.162e+02     
  70.000         235.000            2.547e-01           2.547e-01              51.043           1.777e-07             276.537           3.162e+02     
  75.000         235.000            2.962e-01           2.962e-01              40.980           1.351e-07             272.128           3.162e+02     
  80.000         235.000            3.391e-01           3.391e-01              34.580           7.455e-08             269.327           3.162e+02     
  85.000         235.000            3.702e-01           3.702e-01              31.093           2.128e-08             267.766           3.162e+02     
  90.000         235.000            3.815e-01           3.815e-01              29.989           2.348e-13              80.852           3.162e+02     
  95.000         235.000            3.702e-01           3.702e-01              31.093           2.125e-08              87.746           3.162e+02     
 100.000         235.000            3.391e-01           3.391e-01              34.580           7.449e-08              89.317           3.162e+02     
 105.000         235.000            2.962e-01           2.962e-01              40.980           1.350e-07              92.121           3.162e+02     
 110.000         235.000            2.547e-01           2.547e-01              51.043           1.777e-07              96.531           3.162e+02     
 115.000         235.000            2.313e-01           2.313e-01              65.011           1.902e-07             103.130           3.162e+02     
 120.000         235.000            2.416e-01           2.416e-01              81.177           1.898e-07             113.051           3.162e+02     
 125.000         235.000            2.937e-01           2.937e-01              96.107           1.792e-07             128.323           3.162e+02     
 130.000         235.000            3.819e-01           3.819e-01             107.767           1.685e-07             144.203           3.162e+02     
 135.000         235.000            4.838e-01           4.838e-01             116.740           1.490e-07             159.994           3.162e+02     
 140.000         235.000            5.625e-01           5.625e-01             124.857           9.714e-08             174.818           3.162e+02     
 145.000         235.000            5.792e-01           5.792e-01             134.159           4.092e-08             203.371           3.162e+02     
 150.000         235.000            5.195e-01           5.195e-01             146.638           1.526e-08             292.640           3.162e+02     
 155.000         235.000            4.117e-01           4.117e-01             164.029           1.097e-07             345.345           3.162e+02     
 160.000         235.000            3.051e-01           3.051e-01             186.795           3.008e-07               6.176           3.162e+02     
 165.000         235.000            2.191e-01           2.191e-01             212.486           4.206e-07              17.404           3.162e+02     
 170.000         235.000            1.340e-01           1.340e-01             237.178           3.840e-07              28.480           3.162e+02     
 175.000         235.000            4.495e-02           4.495e-02             259.119           2.228e-07              38.854           3.162e+02     
 180.000         235.000            5.984e-07           5.297e-07             149.352           6.870e-08              41.236           2.963e+00     
   0.000         240.000            5.983e-07           5.363e-07             151.044           6.193e-08             235.267           2.962e+00     
   5.000         240.000            4.458e-02           4.458e-02             259.703           1.972e-07             226.633           3.162e+02     
  10.000         240.000            1.325e-01           1.325e-01             238.213           3.353e-07             214.659           3.162e+02     
  15.000         240.000            2.175e-01           2.175e-01             214.206           3.656e-07             203.767           3.162e+02     
  20.000         240.000            3.014e-01           3.014e-01             189.739           2.454e-07             191.664           3.162e+02     
  25.000         240.000            3.945e-01           3.945e-01             168.410           6.964e-08             179.644           3.162e+02     
  30.000         240.000            4.736e-01           4.736e-01             152.258           4.650e-09              68.471           3.162e+02     
  35.000         240.000            4.997e-01           4.997e-01             140.883           8.825e-08               7.703           3.162e+02     
  40.000         240.000            4.608e-01           4.608e-01             132.740           2.216e-07             352.790           3.162e+02     
  45.000         240.000            3.803e-01           3.803e-01             125.828           2.986e-07             342.985           3.162e+02     
  50.000         240.000            2.933e-01           2.933e-01             117.797           3.228e-07             332.426           3.162e+02     
  55.000         240.000            2.275e-01           2.275e-01             106.366           2.908e-07             319.892           3.162e+02     
  60.000         240.000            1.988e-01           1.988e-01              91.003           2.541e-07             309.088           3.162e+02     
  65.000         240.000            2.122e-01           2.122e-01              74.756           2.133e-07             298.815           3.162e+02     
  70.000         240.000            2.615e-01           2.615e-01              61.624           1.674e-07             290.350           3.162e+02     
  75.000         240.000            3.310e-01           3.310e-01              52.753           1.141e-07             284.089           3.162e+02     
  80.000         240.000            4.003e-01           4.003e-01              47.348           5.910e-08             279.892           3.162e+02     
  85.000         240.000            4.505e-01           4.505e-01              44.474           1.634e-08             277.474           3.162e+02     
  90.000         240.000            4.687e-01           4.687e-01              43.574           3.320e-13              76.792           3.162e+02     
  95.000         240.000            4.505e-01           4.505e-01              44.474           1.631e-08              97.459           3.162e+02     
 100.000         240.000            4.003e-01           4.003e-01              47.348           5.904e-08              99.885           3.162e+02     
 105.000         240.000            3.310e-01           3.310e-01              52.753           1.140e-07             104.085           3.162e+02     
 110.000         240.000            2.615e-01           2.615e-01              61.624           1.674e-07             110.348           3.162e+02     
 115.000         240.000            2.122e-01           2.122e-01              74.756           2.132e-07             118.814           3.162e+02     
 120.000         240.000            1.988e-01           1.988e-01              91.003           2.540e-07             129.088           3.162e+02     
 125.000         240.000            2.275e-01           2.275e-01             106.366           2.908e-07             139.893           3.162e+02     
 130.000         240.000            2.933e-01           2.933e-01             117.797           3.227e-07             152.427           3.162e+02     
 135.000         240.000            3.803e-01           3.803e-01             125.828           2.986e-07             162.987           3.162e+02     
 140.000         240.000            4.608e-01           4.608e-01             132.740           2.216e-07             172.792           3.162e+02     
 145.000         240.000            4.997e-01           4.997e-01             140.883           8.822e-08             187.704           3.162e+02     
 150.000         240.000            4.736e-01           4.736e-01             152.258           4.647e-09             248.500           3.162e+02     
 155.000         240.000            3.945e-01           3.945e-01             168.410           6.966e-08             359.648           3.162e+02     
 160.000         240.000            3.014e-01           3.014e-01             189.739           2.455e-07              11.666           3.162e+02     
 165.000         240.000            2.175e-01           2.175e-01             214.206           3.656e-07              23.767           3.162e+02     
 170.000         240.000            1.325e-01           1.325e-01             238.213           3.353e-07              34.657           3.162e+02     
 175.000         240.000            4.458e-02           4.458e-02             259.703           1.972e-07              46.629           3.162e+02     
 180.000         240.000            5.984e-07           5.365e-07             151.051           6.190e-08              55.259           2.963e+00     
   0.000         245.000            5.983e-07           5.359e-07             152.733           6.234e-08             250.001           2.962e+00     
   5.000         245.000            4.427e-02           4.427e-02             260.436           1.714e-07             235.135           3.162e+02     
  10.000         245.000            1.315e-01           1.315e-01             239.570           2.782e-07             221.198           3.162e+02     
  15.000         245.000            2.171e-01           2.171e-01             216.477           2.994e-07             209.974           3.162e+02     
  20.000         245.000            2.993e-01           2.993e-01             193.510           1.925e-07             198.350           3.162e+02     
  25.000         245.000            3.789e-01           3.789e-01             173.933           5.222e-08             190.030           3.162e+02     
  30.000         245.000            4.299e-01           4.299e-01             159.384           5.911e-09              31.328           3.162e+02     
  35.000         245.000            4.247e-01           4.247e-01             149.542           1.179e-07               2.968           3.162e+02     
  40.000         245.000            3.673e-01           3.673e-01             143.073           2.842e-07             356.405           3.162e+02     
  45.000         245.000            2.874e-01           2.874e-01             137.926           3.779e-07             349.006           3.162e+02     
  50.000         245.000            2.143e-01           2.143e-01             131.172           3.521e-07             339.768           3.162e+02     
  55.000         245.000            1.663e-01           1.663e-01             119.580           2.676e-07             331.160           3.162e+02     
  60.000         245.000            1.558e-01           1.558e-01             102.514           1.865e-07             321.159           3.162e+02     
  65.000         245.000            1.912e-01           1.912e-01              84.893           1.208e-07             309.889           3.162e+02     
  70.000         245.000            2.713e-01           2.713e-01              71.765           7.542e-08             298.601           3.162e+02     
  75.000         245.000            3.797e-01           3.797e-01              63.490           4.240e-08             287.776           3.162e+02     
  80.000         245.000            4.888e-01           4.888e-01              58.637           2.018e-08             281.093           3.162e+02     
  85.000         245.000            5.691e-01           5.691e-01              56.097           5.365e-09             277.075           3.162e+02     
  90.000         245.000            5.986e-01           5.986e-01              55.306           4.038e-13              86.901           3.162e+02     
  95.000         245.000            5.691e-01           5.691e-01              56.097           5.350e-09              97.043           3.162e+02     
 100.000         245.000            4.888e-01           4.888e-01              58.637           2.015e-08             101.079           3.162e+02     
 105.000         245.000            3.797e-01           3.797e-01              63.490           4.236e-08             107.770           3.162e+02     
 110.000         245.000            2.713e-01           2.713e-01              71.765           7.537e-08             118.600           3.162e+02     
 115.000         245.000            1.912e-01           1.912e-01              84.893           1.207e-07             129.890           3.162e+02     
 120.000         245.000            1.558e-01           1.558e-01             102.514           1.865e-07             141.161           3.162e+02     
 125.000         245.000            1.663e-01           1.663e-01             119.580           2.675e-07             151.162           3.162e+02     
 130.000         245.000            2.143e-01           2.143e-01             131.172           3.520e-07             159.770           3.162e+02     
 135.000         245.000            2.874e-01           2.874e-01             137.926           3.778e-07             169.007           3.162e+02     
 140.000         245.000            3.673e-01           3.673e-01             143.073           2.841e-07             176.406           3.162e+02     
 145.000         245.000            4.247e-01           4.247e-01             149.542           1.179e-07             182.967           3.162e+02     
 150.000         245.000            4.299e-01           4.299e-01             159.384           5.905e-09             211.327           3.162e+02     
 155.000         245.000            3.789e-01           3.789e-01             173.933           5.223e-08              10.036           3.162e+02     
 160.000         245.000            2.993e-01           2.993e-01             193.510           1.925e-07              18.353           3.162e+02     
 165.000         245.000            2.171e-01           2.171e-01             216.477           2.994e-07              29.975           3.162e+02     
 170.000         245.000            1.315e-01           1.315e-01             239.570           2.782e-07              41.198           3.162e+02     
 175.000         245.000            4.427e-02           4.427e-02             260.436           1.714e-07              55.133           3.162e+02     
 180.000         245.000            5.984e-07           5.361e-07             152.739           6.232e-08              69.998           2.963e+00     
   0.000         250.000            5.983e-07           5.283e-07             154.435           6.996e-08             263.846           2.962e+00     
   5.000         250.000            4.403e-02           4.403e-02             261.315           1.471e-07             244.701           3.162e+02     
  10.000         250.000            1.309e-01           1.309e-01             241.241           2.165e-07             228.581           3.162e+02     
  15.000         250.000            2.177e-01           2.177e-01             219.253           2.250e-07             216.376           3.162e+02     
  20.000         250.000            2.990e-01           2.990e-01             197.984           1.384e-07             204.384           3.162e+02     
  25.000         250.000            3.665e-01           3.665e-01             180.399           2.708e-08             191.348           3.162e+02     
  30.000         250.000            3.928e-01           3.928e-01             167.807           1.115e-08              30.801           3.162e+02     
  35.000         250.000            3.619e-01           3.619e-01             159.986           1.177e-07               8.176           3.162e+02     
  40.000         250.000            2.920e-01           2.920e-01             155.843           2.692e-07               2.439           3.162e+02     
  45.000         250.000            2.164e-01           2.164e-01             153.219           3.353e-07             356.554           3.162e+02     
  50.000         250.000            1.563e-01           1.563e-01             148.293           2.788e-07             349.860           3.162e+02     
  55.000         250.000            1.210e-01           1.210e-01             136.343           1.735e-07             343.713           3.162e+02     
  60.000         250.000            1.221e-01           1.221e-01             116.547           7.908e-08             335.257           3.162e+02     
  65.000         250.000            1.751e-01           1.751e-01              96.843           2.615e-08             321.283           3.162e+02     
  70.000         250.000            2.854e-01           2.854e-01              83.470           6.548e-09             290.455           3.162e+02     
  75.000         250.000            4.368e-01           4.368e-01              75.574           3.005e-09             248.246           3.162e+02     
  80.000         250.000            5.923e-01           5.923e-01              71.070           2.094e-09             221.289           3.162e+02     
  85.000         250.000            7.085e-01           7.085e-01              68.733           7.488e-10             210.944           3.162e+02     
  90.000         250.000            7.514e-01           7.514e-01              68.006           4.957e-13             109.764           3.162e+02     
  95.000         250.000            7.085e-01           7.085e-01              68.733           7.497e-10              30.728           3.162e+02     
 100.000         250.000            5.923e-01           5.923e-01              71.070           2.094e-09              41.163           3.162e+02     
 105.000         250.000            4.368e-01           4.368e-01              75.574           3.000e-09              68.157           3.162e+02     
 110.000         250.000            2.854e-01           2.854e-01              83.470           6.534e-09             110.431           3.162e+02     
 115.000         250.000            1.751e-01           1.751e-01              96.843           2.613e-08             141.285           3.162e+02     
 120.000         250.000            1.221e-01           1.221e-01             116.547           7.904e-08             155.261           3.162e+02     
 125.000         250.000            1.210e-01           1.210e-01             136.343           1.734e-07             163.715           3.162e+02     
 130.000         250.000            1.563e-01           1.563e-01             148.293           2.787e-07             169.861           3.162e+02     
 135.000         250.000            2.164e-01           2.164e-01             153.219           3.352e-07             176.555           3.162e+02     
 140.000         250.000            2.920e-01           2.920e-01             155.843           2.692e-07             182.439           3.162e+02     
 145.000         250.000            3.619e-01           3.619e-01             159.986           1.177e-07             188.173           3.162e+02     
 150.000         250.000            3.928e-01           3.928e-01             167.807           1.114e-08             210.794           3.162e+02     
 155.000         250.000            3.665e-01           3.665e-01             180.399           2.709e-08              11.359           3.162e+02     
 160.000         250.000            2.990e-01           2.990e-01             197.984           1.384e-07              24.388           3.162e+02     
 165.000         250.000            2.177e-01           2.177e-01             219.253           2.250e-07              36.378           3.162e+02     
 170.000         250.000            1.309e-01           1.309e-01             241.241           2.165e-07              48.582           3.162e+02     
 175.000         250.000            4.403e-02           4.403e-02             261.315           1.471e-07              64.702           3.162e+02     
 180.000         250.000            5.984e-07           5.285e-07             154.441           6.993e-08              83.849           2.963e+00     
   0.000         255.000            5.983e-07           5.137e-07             156.174           8.453e-08             275.705           2.962e+00     
   5.000         255.000            4.384e-02           4.384e-02             262.336           1.262e-07             255.684           3.162e+02     
  10.000         255.000            1.306e-01           1.306e-01             243.216           1.561e-07             237.661           3.162e+02     
  15.000         255.000            2.191e-01           2.191e-01             222.486           1.491e-07             223.730           3.162e+02     
  20.000         255.000            3.003e-01           3.003e-01             203.022           8.476e-08             210.249           3.162e+02     
  25.000         255.000            3.583e-01           3.583e-01             187.564           1.253e-08             193.848           3.162e+02     
  30.000         255.000            3.651e-01           3.651e-01             177.191           1.498e-08              33.527           3.162e+02     
  35.000         255.000            3.157e-01           3.157e-01             171.816           1.100e-07              17.407           3.162e+02     
  40.000         255.000            2.401e-01           2.401e-01             170.606           2.172e-07              11.252           3.162e+02     
  45.000         255.000            1.719e-01           1.719e-01             171.176           2.328e-07               5.008           3.162e+02     
  50.000         255.000            1.235e-01           1.235e-01             168.519           1.643e-07               0.422           3.162e+02     
  55.000         255.000            9.679e-02           9.679e-02             156.286           6.995e-08             357.522           3.162e+02     
  60.000         255.000            1.050e-01           1.050e-01             133.658           1.090e-08             356.825           3.162e+02     
  65.000         255.000            1.724e-01           1.724e-01             112.091           1.478e-09             161.629           3.162e+02     
  70.000         255.000            3.122e-01           3.122e-01              98.585           1.501e-08             164.399           3.162e+02     
  75.000         255.000            5.071e-01           5.071e-01              90.965           2.311e-08             163.256           3.162e+02     
  80.000         255.000            7.103e-01           7.103e-01              86.688           1.731e-08             162.158           3.162e+02     
  85.000         255.000            8.635e-01           8.635e-01              84.474           5.594e-09             161.538           3.162e+02     
  90.000         255.000            9.204e-01           9.204e-01              83.786           6.555e-13             136.074           3.162e+02     
  95.000         255.000            8.635e-01           8.635e-01              84.474           5.608e-09             341.521           3.162e+02     
 100.000         255.000            7.103e-01           7.103e-01              86.688           1.734e-08             342.149           3.162e+02     
 105.000         255.000            5.071e-01           5.071e-01              90.965           2.313e-08             343.249           3.162e+02     
 110.000         255.000            3.122e-01           3.122e-01              98.585           1.503e-08             344.391           3.162e+02     
 115.000         255.000            1.724e-01           1.724e-01             112.091           1.484e-09             341.616           3.162e+02     
 120.000         255.000            1.050e-01           1.050e-01             133.658           1.088e-08             176.837           3.162e+02     
 125.000         255.000            9.679e-02           9.679e-02             156.286           6.992e-08             177.525           3.162e+02     
 130.000         255.000            1.235e-01           1.235e-01             168.519           1.643e-07             180.423           3.162e+02     
 135.000         255.000            1.719e-01           1.719e-01             171.176           2.327e-07             185.008           3.162e+02     
 140.000         255.000            2.401e-01           2.401e-01             170.606           2.172e-07             191.251           3.162e+02     
 145.000         255.000            3.157e-01           3.157e-01             171.816           1.099e-07             197.403           3.162e+02     
 150.000         255.000            3.651e-01           3.651e-01             177.191           1.497e-08             213.517           3.162e+02     
 155.000         255.000            3.583e-01           3.583e-01             187.564           1.253e-08              13.869           3.162e+02     
 160.000         255.000            3.003e-01           3.003e-01             203.022           8.477e-08              30.255           3.162e+02     
 165.000         255.000            2.191e-01           2.191e-01             222.486           1.491e-07              43.734           3.162e+02     
 170.000         255.000            1.306e-01           1.306e-01             243.216           1.561e-07              57.664           3.162e+02     
 175.000         255.000            4.384e-02           4.384e-02             262.336           1.262e-07              75.688           3.162e+02     
 180.000         255.000            5.984e-07           5.139e-07             156.178           8.450e-08              95.712           2.963e+00     
   0.000         260.000            5.983e-07           4.926e-07             157.974           1.056e-07             285.332           2.962e+00     
   5.000         260.000            4.371e-02           4.371e-02             263.494           1.108e-07             268.304           3.162e+02     
  10.000         260.000            1.306e-01           1.306e-01             245.483           1.038e-07             250.036           3.162e+02     
  15.000         260.000            2.209e-01           2.209e-01             226.127           8.140e-08             233.943           3.162e+02     
  20.000         260.000            3.030e-01           3.030e-01             208.498           3.777e-08             217.497           3.162e+02     
  25.000         260.000            3.547e-01           3.547e-01             195.172           2.511e-09             185.761           3.162e+02     
  30.000         260.000            3.479e-01           3.479e-01             187.095           1.950e-08              38.829           3.162e+02     
  35.000         260.000            2.871e-01           2.871e-01             184.334           8.974e-08              25.394           3.162e+02     
  40.000         260.000            2.106e-01           2.106e-01             186.248           1.527e-07              19.144           3.162e+02     
  45.000         260.000            1.508e-01           1.508e-01             189.992           1.440e-07              13.827           3.162e+02     
  50.000         260.000            1.119e-01           1.119e-01             189.237           7.984e-08              12.064           3.162e+02     
  55.000         260.000            9.100e-02           9.100e-02             176.664           1.665e-08              16.635           3.162e+02     
  60.000         260.000            1.057e-01           1.057e-01             152.185           2.647e-09             140.075           3.162e+02     
  65.000         260.000            1.896e-01           1.896e-01             129.864           3.155e-08             166.390           3.162e+02     
  70.000         260.000            3.623e-01           3.623e-01             116.554           6.188e-08             167.258           3.162e+02     
  75.000         260.000            6.040e-01           6.040e-01             109.204           6.542e-08             166.488           3.162e+02     
  80.000         260.000            8.568e-01           8.568e-01             105.103           4.210e-08             165.569           3.162e+02     
  85.000         260.000            1.048e+00           1.048e+00             102.983           1.286e-08             165.766           3.162e+02     
  90.000         260.000            1.119e+00           1.119e+00             102.324           7.154e-13             160.807           3.162e+02     
  95.000         260.000            1.048e+00           1.048e+00             102.983           1.288e-08             345.772           3.162e+02     
 100.000         260.000            8.568e-01           8.568e-01             105.103           4.214e-08             345.572           3.162e+02     
 105.000         260.000            6.040e-01           6.040e-01             109.204           6.547e-08             346.491           3.162e+02     
 110.000         260.000            3.623e-01           3.623e-01             116.554           6.192e-08             347.261           3.162e+02     
 115.000         260.000            1.896e-01           1.896e-01             129.864           3.158e-08             346.396           3.162e+02     
 120.000         260.000            1.057e-01           1.057e-01             152.185           2.653e-09             320.131           3.162e+02     
 125.000         260.000            9.100e-02           9.100e-02             176.664           1.663e-08             196.641           3.162e+02     
 130.000         260.000            1.119e-01           1.119e-01             189.236           7.980e-08             192.064           3.162e+02     
 135.000         260.000            1.508e-01           1.508e-01             189.992           1.440e-07             193.826           3.162e+02     
 140.000         260.000            2.106e-01           2.106e-01             186.248           1.527e-07             199.142           3.162e+02     
 145.000         260.000            2.871e-01           2.871e-01             184.334           8.972e-08             205.390           3.162e+02     
 150.000         260.000            3.479e-01           3.479e-01             187.095           1.949e-08             218.819           3.162e+02     
 155.000         260.000            3.547e-01           3.547e-01             195.172           2.512e-09               5.813           3.162e+02     
 160.000         260.000            3.030e-01           3.030e-01             208.498           3.777e-08              37.508           3.162e+02     
 165.000         260.000            2.209e-01           2.209e-01             226.127           8.140e-08              53.949           3.162e+02     
 170.000         260.000            1.306e-01           1.306e-01             245.483           1.038e-07              70.042           3.162e+02     
 175.000         260.000            4.371e-02           4.371e-02             263.494           1.108e-07              88.311           3.162e+02     
 180.000         260.000            5.984e-07           4.928e-07             157.978           1.056e-07             105.342           2.963e+00     
   0.000         265.000            5.983e-07           4.657e-07             159.864           1.326e-07             293.006           2.962e+00     
   5.000         265.000            4.364e-02           4.364e-02             264.781           1.027e-07             282.372           3.162e+02     
  10.000         265.000            1.308e-01           1.308e-01             248.028           6.617e-08             268.530           3.162e+02     
  15.000         265.000            2.230e-01           2.230e-01             230.137           3.316e-08             253.285           3.162e+02     
  20.000         265.000            3.066e-01           3.066e-01             214.307           7.324e-09             235.338           3.162e+02     
  25.000         265.000            3.552e-01           3.552e-01             202.995           1.212e-09              58.254           3.162e+02     
  30.000         265.000            3.407e-01           3.407e-01             197.066           2.659e-08              41.096           3.162e+02     
  35.000         265.000            2.739e-01           2.739e-01             196.692           7.172e-08              31.818           3.162e+02     
  40.000         265.000            1.985e-01           1.985e-01             201.273           9.764e-08              25.481           3.162e+02     
  45.000         265.000            1.451e-01           1.451e-01             207.352           7.590e-08              19.952           3.162e+02     
  50.000         265.000            1.121e-01           1.121e-01             207.594           2.851e-08              16.416           3.162e+02     
  55.000         265.000            9.517e-02           9.517e-02             194.569           4.310e-10              23.568           3.162e+02     
  60.000         265.000            1.175e-01           1.175e-01             169.494           1.643e-08             185.993           3.162e+02     
  65.000         265.000            2.208e-01           2.208e-01             147.642           5.858e-08             184.260           3.162e+02     
  70.000         265.000            4.285e-01           4.285e-01             134.963           8.750e-08             182.036           3.162e+02     
  75.000         265.000            7.167e-01           7.167e-01             128.029           8.249e-08             180.157           3.162e+02     
  80.000         265.000            1.017e+00           1.017e+00             124.175           5.016e-08             178.728           3.162e+02     
  85.000         265.000            1.243e+00           1.243e+00             122.188           1.479e-08             177.804           3.162e+02     
  90.000         265.000            1.327e+00           1.327e+00             121.571           5.007e-13             190.935           3.162e+02     
  95.000         265.000            1.243e+00           1.243e+00             122.188           1.482e-08             357.820           3.162e+02     
 100.000         265.000            1.017e+00           1.017e+00             124.175           5.021e-08             358.736           3.162e+02     
 105.000         265.000            7.167e-01           7.167e-01             128.029           8.255e-08               0.163           3.162e+02     
 110.000         265.000            4.285e-01           4.285e-01             134.963           8.756e-08               2.041           3.162e+02     
 115.000         265.000            2.208e-01           2.208e-01             147.642           5.863e-08               4.265           3.162e+02     
 120.000         265.000            1.175e-01           1.175e-01             169.494           1.646e-08               6.002           3.162e+02     
 125.000         265.000            9.517e-02           9.517e-02             194.569           4.277e-10             203.574           3.162e+02     
 130.000         265.000            1.121e-01           1.121e-01             207.594           2.849e-08             196.412           3.162e+02     
 135.000         265.000            1.451e-01           1.451e-01             207.352           7.587e-08             199.949           3.162e+02     
 140.000         265.000            1.985e-01           1.985e-01             201.273           9.761e-08             205.478           3.162e+02     
 145.000         265.000            2.739e-01           2.739e-01             196.692           7.169e-08             211.813           3.162e+02     
 150.000         265.000            3.407e-01           3.407e-01             197.066           2.658e-08             221.085           3.162e+02     
 155.000         265.000            3.552e-01           3.552e-01             202.995           1.210e-09             238.206           3.162e+02     
 160.000         265.000            3.066e-01           3.066e-01             214.307           7.327e-09              55.363           3.162e+02     
 165.000         265.000            2.230e-01           2.230e-01             230.137           3.317e-08              73.297           3.162e+02     
 170.000         265.000            1.308e-01           1.308e-01             248.028           6.616e-08              88.539           3.162e+02     
 175.000         265.000            4.364e-02           4.364e-02             264.781           1.027e-07             102.382           3.162e+02     
 180.000         265.000            5.984e-07           4.658e-07             159.868           1.326e-07             113.017           2.963e+00     
   0.000         270.000            5.983e-07           4.336e-07             161.880           1.646e-07             299.145           2.962e+00     
   5.000         270.000            4.362e-02           4.362e-02             266.191           1.034e-07             297.058           3.162e+02     
  10.000         270.000            1.312e-01           1.312e-01             250.840           4.883e-08             295.743           3.162e+02     
  15.000         270.000            2.251e-01           2.251e-01             234.484           1.430e-08             301.739           3.162e+02     
  20.000         270.000            3.107e-01           3.107e-01             220.380           3.699e-09             353.927           3.162e+02     
  25.000         270.000            3.588e-01           3.588e-01             210.877           1.431e-08              37.769           3.162e+02     
  30.000         270.000            3.413e-01           3.413e-01             206.762           3.739e-08              39.217           3.162e+02     
  35.000         270.000            2.722e-01           2.722e-01             208.206           5.787e-08              33.355           3.162e+02     
  40.000         270.000            1.973e-01           1.973e-01             214.531           5.788e-08              25.500           3.162e+02     
  45.000         270.000            1.460e-01           1.460e-01             221.921           3.469e-08              14.860           3.162e+02     
  50.000         270.000            1.146e-01           1.146e-01             222.708           9.280e-09             348.867           3.162e+02     
  55.000         270.000            9.950e-02           9.950e-02             209.670           6.313e-09             255.522           3.162e+02     
  60.000         270.000            1.272e-01           1.272e-01             184.991           3.085e-08             220.970           3.162e+02     
  65.000         270.000            2.430e-01           2.430e-01             164.178           6.392e-08             210.832           3.162e+02     
  70.000         270.000            4.706e-01           4.706e-01             152.334           7.993e-08             205.634           3.162e+02     
  75.000         270.000            7.828e-01           7.828e-01             145.937           6.912e-08             202.319           3.162e+02     
  80.000         270.000            1.106e+00           1.106e+00             142.422           4.013e-08             200.141           3.162e+02     
  85.000         270.000            1.349e+00           1.349e+00             140.625           1.157e-08             198.801           3.162e+02     
  90.000         270.000            1.439e+00           1.439e+00             140.069           3.051e-13             246.121           3.162e+02     
  95.000         270.000            1.349e+00           1.349e+00             140.625           1.160e-08              18.815           3.162e+02     
 100.000         270.000            1.106e+00           1.106e+00             142.422           4.018e-08              20.148           3.162e+02     
 105.000         270.000            7.828e-01           7.828e-01             145.937           6.918e-08              22.323           3.162e+02     
 110.000         270.000            4.706e-01           4.706e-01             152.334           8.000e-08              25.636           3.162e+02     
 115.000         270.000            2.430e-01           2.430e-01             164.178           6.397e-08              30.832           3.162e+02     
 120.000         270.000            1.272e-01           1.272e-01             184.991           3.089e-08              40.965           3.162e+02     
 125.000         270.000            9.950e-02           9.950e-02             209.670           6.324e-09              75.476           3.162e+02     
 130.000         270.000            1.146e-01           1.146e-01             222.708           9.269e-09             168.832           3.162e+02     
 135.000         270.000            1.460e-01           1.460e-01             221.921           3.467e-08             194.850           3.162e+02     
 140.000         270.000            1.973e-01           1.973e-01             214.531           5.786e-08             205.494           3.162e+02     
 145.000         270.000            2.722e-01           2.722e-01             208.206           5.785e-08             213.349           3.162e+02     
 150.000         270.000            3.413e-01           3.413e-01             206.762           3.737e-08             219.208           3.162e+02     
 155.000         270.000            3.588e-01           3.588e-01             210.877           1.431e-08             217.750           3.162e+02     
 160.000         270.000            3.107e-01           3.107e-01             220.380           3.703e-09             173.899           3.162e+02     
 165.000         270.000            2.251e-01           2.251e-01             234.484           1.431e-08             121.752           3.162e+02     
 170.000         270.000            1.312e-01           1.312e-01             250.840           4.883e-08             115.756           3.162e+02     
 175.000         270.000            4.362e-02           4.362e-02             266.191           1.034e-07             117.070           3.162e+02     
 180.000         270.000            5.984e-07           4.338e-07             161.882           1.646e-07             119.157           2.963e+00     
   0.000         275.000            5.983e-07           3.975e-07             164.061           2.008e-07             304.132           2.962e+00     
   5.000         275.000            4.365e-02           4.365e-02             267.712           8.034e-08             312.558           3.162e+02     
  10.000         275.000            1.317e-01           1.317e-01             253.896           3.642e-08             335.958           3.162e+02     
  15.000         275.000            2.271e-01           2.271e-01             239.150           2.904e-08              14.488           3.162e+02     
  20.000         275.000            3.145e-01           3.145e-01             226.689           4.575e-08              37.549           3.162e+02     
  25.000         275.000            3.641e-01           3.641e-01             218.756           6.711e-08              44.535           3.162e+02     
  30.000         275.000            3.475e-01           3.475e-01             216.034           7.650e-08              42.368           3.162e+02     
  35.000         275.000            2.783e-01           2.783e-01             218.583           6.824e-08              35.431           3.162e+02     
  40.000         275.000            2.018e-01           2.018e-01             225.633           4.646e-08              21.960           3.162e+02     
  45.000         275.000            1.476e-01           1.476e-01             233.534           2.410e-08             357.622           3.162e+02     
  50.000         275.000            1.139e-01           1.139e-01             234.996           1.804e-08             311.533           3.162e+02     
  55.000         275.000            9.792e-02           9.792e-02             222.969           3.198e-08             273.204           3.162e+02     
  60.000         275.000            1.242e-01           1.242e-01             199.651           5.675e-08             254.305           3.162e+02     
  65.000         275.000            2.335e-01           2.335e-01             180.020           7.534e-08             244.216           3.162e+02     
  70.000         275.000            4.459e-01           4.459e-01             168.981           7.629e-08             238.228           3.162e+02     
  75.000         275.000            7.353e-01           7.353e-01             163.151           5.854e-08             234.267           3.162e+02     
  80.000         275.000            1.033e+00           1.033e+00             160.025           3.173e-08             231.645           3.162e+02     
  85.000         275.000            1.256e+00           1.256e+00             158.459           8.834e-09             229.973           3.162e+02     
  90.000         275.000            1.339e+00           1.339e+00             157.980           6.105e-13             305.891           3.162e+02     
  95.000         275.000            1.256e+00           1.256e+00             158.459           8.859e-09              49.961           3.162e+02     
 100.000         275.000            1.033e+00           1.033e+00             160.025           3.178e-08              51.637           3.162e+02     
 105.000         275.000            7.353e-01           7.353e-01             163.151           5.860e-08              54.260           3.162e+02     
 110.000         275.000            4.459e-01           4.459e-01             168.981           7.636e-08              58.221           3.162e+02     
 115.000         275.000            2.335e-01           2.335e-01             180.020           7.540e-08              64.206           3.162e+02     
 120.000         275.000            1.242e-01           1.242e-01             199.651           5.679e-08              74.290           3.162e+02     
 125.000         275.000            9.792e-02           9.792e-02             222.969           3.200e-08              93.178           3.162e+02     
 130.000         275.000            1.139e-01           1.139e-01             234.996           1.804e-08             131.496           3.162e+02     
 135.000         275.000            1.476e-01           1.476e-01             233.534           2.408e-08             177.602           3.162e+02     
 140.000         275.000            2.018e-01           2.018e-01             225.633           4.644e-08             201.953           3.162e+02     
 145.000         275.000            2.783e-01           2.783e-01             218.583           6.822e-08             215.426           3.162e+02     
 150.000         275.000            3.475e-01           3.475e-01             216.034           7.648e-08             222.363           3.162e+02     
 155.000         275.000            3.641e-01           3.641e-01             218.756           6.710e-08             224.527           3.162e+02     
 160.000         275.000            3.145e-01           3.145e-01             226.689           4.575e-08             217.538           3.162e+02     
 165.000         275.000            2.271e-01           2.271e-01             239.150           2.906e-08             194.480           3.162e+02     
 170.000         275.000            1.317e-01           1.317e-01             253.896           3.644e-08             155.968           3.162e+02     
 175.000         275.000            4.365e-02           4.365e-02             267.712           8.035e-08             132.573           3.162e+02     
 180.000         275.000            5.984e-07           3.976e-07             164.063           2.008e-07             124.144           2.963e+00     
   0.000         280.000            5.983e-07           3.584e-07             166.461           2.399e-07             308.261           2.962e+00     
   5.000         280.000            4.374e-02           4.374e-02             269.336           9.757e-08             327.582           3.162e+02     
  10.000         280.000            1.323e-01           1.323e-01             257.188           7.058e-08               1.829           3.162e+02     
  15.000         280.000            2.286e-01           2.286e-01             244.127           9.602e-08              30.436           3.162e+02     
  20.000         280.000            3.174e-01           3.174e-01             233.247           1.343e-07              42.009           3.162e+02     
  25.000         280.000            3.696e-01           3.696e-01             226.670           1.477e-07              45.390           3.162e+02     
  30.000         280.000            3.567e-01           3.567e-01             224.949           1.251e-07              41.939           3.162e+02     
  35.000         280.000            2.893e-01           2.893e-01             227.949           8.201e-08              32.423           3.162e+02     
  40.000         280.000            2.095e-01           2.095e-01             234.832           4.699e-08               9.658           3.162e+02     
  45.000         280.000            1.486e-01           1.486e-01             242.537           3.622e-08             333.368           3.162e+02     
  50.000         280.000            1.095e-01           1.095e-01             244.792           5.946e-08             302.329           3.162e+02     
  55.000         280.000            9.059e-02           9.059e-02             234.871           9.633e-08             286.326           3.162e+02     
  60.000         280.000            1.091e-01           1.091e-01             214.132           1.260e-07             277.627           3.162e+02     
  65.000         280.000            1.943e-01           1.943e-01             196.053           1.316e-07             272.185           3.162e+02     
  70.000         280.000            3.601e-01           3.601e-01             185.874           1.139e-07             268.610           3.162e+02     
  75.000         280.000            5.853e-01           5.853e-01             180.668           7.842e-08             265.991           3.162e+02     
  80.000         280.000            8.166e-01           8.166e-01             178.000           3.960e-08             264.093           3.162e+02     
  85.000         280.000            9.896e-01           9.896e-01             176.716           1.048e-08             261.839           3.162e+02     
  90.000         280.000            1.054e+00           1.054e+00             176.332           1.274e-12             338.331           3.162e+02     
  95.000         280.000            9.896e-01           9.896e-01             176.716           1.051e-08              81.800           3.162e+02     
 100.000         280.000            8.166e-01           8.166e-01             178.000           3.965e-08              84.072           3.162e+02     
 105.000         280.000            5.853e-01           5.853e-01             180.668           7.848e-08              85.975           3.162e+02     
 110.000         280.000            3.601e-01           3.601e-01             185.874           1.139e-07              88.596           3.162e+02     
 115.000         280.000            1.943e-01           1.943e-01             196.053           1.317e-07              92.172           3.162e+02     
 120.000         280.000            1.091e-01           1.091e-01             214.132           1.261e-07              97.613           3.162e+02     
 125.000         280.000            9.059e-02           9.059e-02             234.871           9.635e-08             106.309           3.162e+02     
 130.000         280.000            1.095e-01           1.095e-01             244.792           5.946e-08             122.308           3.162e+02     
 135.000         280.000            1.486e-01           1.486e-01             242.537           3.621e-08             153.347           3.162e+02     
 140.000         280.000            2.095e-01           2.095e-01             234.832           4.697e-08             189.649           3.162e+02     
 145.000         280.000            2.893e-01           2.893e-01             227.949           8.199e-08             212.419           3.162e+02     
 150.000         280.000            3.567e-01           3.567e-01             224.949           1.251e-07             221.935           3.162e+02     
 155.000         280.000            3.696e-01           3.696e-01             226.670           1.477e-07             225.386           3.162e+02     
 160.000         280.000            3.174e-01           3.174e-01             233.247           1.343e-07             222.003           3.162e+02     
 165.000         280.000            2.286e-01           2.286e-01             244.127           9.604e-08             210.430           3.162e+02     
 170.000         280.000            1.323e-01           1.323e-01             257.188           7.061e-08             181.832           3.162e+02     
 175.000         280.000            4.374e-02           4.374e-02             269.336           9.760e-08             147.595           3.162e+02     
 180.000         280.000            5.984e-07           3.585e-07             166.461           2.399e-07             128.273           2.963e+00     
   0.000         285.000            5.983e-07           3.175e-07             169.146           2.808e-07             311.752           2.962e+00     
   5.000         285.000            4.387e-02           4.387e-02             271.049           1.242e-07             339.560           3.162e+02     
  10.000         285.000            1.330e-01           1.330e-01             260.698           1.288e-07              16.377           3.162e+02     
  15.000         285.000            2.298e-01           2.298e-01             249.415           2.024e-07              38.866           3.162e+02     
  20.000         285.000            3.192e-01           3.192e-01             240.099           2.667e-07              46.944           3.162e+02     
  25.000         285.000            3.742e-01           3.742e-01             234.735           2.621e-07              49.002           3.162e+02     
  30.000         285.000            3.670e-01           3.670e-01             233.737           1.933e-07              44.772           3.162e+02     
  35.000         285.000            3.034e-01           3.034e-01             236.736           1.063e-07              32.814           3.162e+02     
  40.000         285.000            2.206e-01           2.206e-01             242.788           6.032e-08               2.219           3.162e+02     
  45.000         285.000            1.512e-01           1.512e-01             249.499           6.438e-08             326.844           3.162e+02     
  50.000         285.000            1.049e-01           1.049e-01             252.036           1.190e-07             304.222           3.162e+02     
  55.000         285.000            8.209e-02           8.209e-02             244.570           1.889e-07             294.912           3.162e+02     
  60.000         285.000            9.171e-02           9.171e-02             227.586           2.327e-07             290.342           3.162e+02     
  65.000         285.000            1.498e-01           1.498e-01             212.052           2.281e-07             287.439           3.162e+02     
  70.000         285.000            2.633e-01           2.633e-01             203.230           1.889e-07             285.647           3.162e+02     
  75.000         285.000            4.169e-01           4.169e-01             198.927           1.255e-07             284.162           3.162e+02     
  80.000         285.000            5.748e-01           5.748e-01             196.895           6.174e-08             282.945           3.162e+02     
  85.000         285.000            6.930e-01           6.930e-01             195.997           1.626e-08             281.949           3.162e+02     
  90.000         285.000            7.368e-01           7.368e-01             195.742           1.596e-12               2.644           3.162e+02     
  95.000         285.000            6.930e-01           6.930e-01             195.997           1.628e-08             101.911           3.162e+02     
 100.000         285.000            5.748e-01           5.748e-01             196.895           6.178e-08             102.925           3.162e+02     
 105.000         285.000            4.169e-01           4.169e-01             198.927           1.256e-07             104.148           3.162e+02     
 110.000         285.000            2.633e-01           2.633e-01             203.229           1.890e-07             105.635           3.162e+02     
 115.000         285.000            1.498e-01           1.498e-01             212.052           2.282e-07             107.428           3.162e+02     
 120.000         285.000            9.171e-02           9.171e-02             227.586           2.328e-07             110.331           3.162e+02     
 125.000         285.000            8.209e-02           8.209e-02             244.570           1.889e-07             114.900           3.162e+02     
 130.000         285.000            1.049e-01           1.049e-01             252.036           1.190e-07             124.208           3.162e+02     
 135.000         285.000            1.512e-01           1.512e-01             249.499           6.437e-08             146.828           3.162e+02     
 140.000         285.000            2.206e-01           2.206e-01             242.788           6.030e-08             182.211           3.162e+02     
 145.000         285.000            3.034e-01           3.034e-01             236.736           1.063e-07             212.812           3.162e+02     
 150.000         285.000            3.670e-01           3.670e-01             233.737           1.933e-07             224.770           3.162e+02     
 155.000         285.000            3.742e-01           3.742e-01             234.735           2.621e-07             228.999           3.162e+02     
 160.000         285.000            3.192e-01           3.192e-01             240.099           2.667e-07             226.940           3.162e+02     
 165.000         285.000            2.298e-01           2.298e-01             249.415           2.024e-07             218.861           3.162e+02     
 170.000         285.000            1.330e-01           1.330e-01             260.698           1.289e-07             196.377           3.162e+02     
 175.000         285.000            4.387e-02           4.387e-02             271.049           1.242e-07             159.570           3.162e+02     
 180.000         285.000            5.984e-07           3.176e-07             169.146           2.808e-07             131.763           2.963e+00     
   0.000         290.000            5.983e-07           2.760e-07             172.206           3.223e-07             314.764           2.962e+00     
   5.000         290.000            4.405e-02           4.405e-02             272.840           1.584e-07             348.772           3.162e+02     
  10.000         290.000            1.339e-01           1.339e-01             264.405           2.056e-07              25.618           3.162e+02     
  15.000         290.000            2.307e-01           2.307e-01             255.016           3.375e-07              45.103           3.162e+02     
  20.000         290.000            3.196e-01           3.196e-01             247.313           4.303e-07              52.209           3.162e+02     
  25.000         290.000            3.771e-01           3.771e-01             243.124           3.991e-07              54.275           3.162e+02     
  30.000         290.000            3.770e-01           3.770e-01             242.735           2.728e-07              50.477           3.162e+02     
  35.000         290.000            3.203e-01           3.203e-01             245.544           1.413e-07              42.614           3.162e+02     
  40.000         290.000            2.370e-01           2.370e-01             250.433           7.066e-08               9.212           3.162e+02     
  45.000         290.000            1.601e-01           1.601e-01             255.424           9.517e-08             328.015           3.162e+02     
  50.000         290.000            1.059e-01           1.059e-01             257.021           1.829e-07             308.655           3.162e+02     
  55.000         290.000            7.863e-02           7.863e-02             250.960           2.898e-07             301.884           3.162e+02     
  60.000         290.000            8.172e-02           8.172e-02             237.774           3.531e-07             298.743           3.162e+02     
  65.000         290.000            1.209e-01           1.209e-01             225.743           3.482e-07             296.822           3.162e+02     
  70.000         290.000            1.974e-01           1.974e-01             219.091           2.790e-07             295.090           3.162e+02     
  75.000         290.000            3.003e-01           3.003e-01             216.185           1.842e-07             293.876           3.162e+02     
  80.000         290.000            4.058e-01           4.058e-01             215.076           9.012e-08             292.764           3.162e+02     
  85.000         290.000            4.849e-01           4.849e-01             214.712           2.371e-08             291.844           3.162e+02     
  90.000         290.000            5.143e-01           5.143e-01             214.633           1.278e-12              29.033           3.162e+02     
  95.000         290.000            4.849e-01           4.849e-01             214.712           2.373e-08             111.815           3.162e+02     
 100.000         290.000            4.058e-01           4.058e-01             215.076           9.015e-08             112.749           3.162e+02     
 105.000         290.000            3.003e-01           3.003e-01             216.185           1.842e-07             113.865           3.162e+02     
 110.000         290.000            1.974e-01           1.974e-01             219.091           2.790e-07             115.081           3.162e+02     
 115.000         290.000            1.209e-01           1.209e-01             225.743           3.482e-07             116.814           3.162e+02     
 120.000         290.000            8.172e-02           8.172e-02             237.774           3.531e-07             118.735           3.162e+02     
 125.000         290.000            7.863e-02           7.863e-02             250.960           2.898e-07             121.875           3.162e+02     
 130.000         290.000            1.059e-01           1.059e-01             257.021           1.829e-07             128.644           3.162e+02     
 135.000         290.000            1.601e-01           1.601e-01             255.424           9.516e-08             148.003           3.162e+02     
 140.000         290.000            2.370e-01           2.370e-01             250.433           7.063e-08             189.207           3.162e+02     
 145.000         290.000            3.203e-01           3.203e-01             245.544           1.413e-07             222.615           3.162e+02     
 150.000         290.000            3.770e-01           3.770e-01             242.735           2.728e-07             230.476           3.162e+02     
 155.000         290.000            3.771e-01           3.771e-01             243.124           3.991e-07             234.273           3.162e+02     
 160.000         290.000            3.196e-01           3.196e-01             247.313           4.303e-07             232.207           3.162e+02     
 165.000         290.000            2.307e-01           2.307e-01             255.016           3.376e-07             225.100           3.162e+02     
 170.000         290.000            1.339e-01           1.339e-01             264.405           2.057e-07             205.616           3.162e+02     
 175.000         290.000            4.405e-02           4.405e-02             272.840           1.585e-07             168.780           3.162e+02     
 180.000         290.000            5.984e-07           2.761e-07             172.205           3.223e-07             134.774           2.963e+00     
   0.000         295.000            5.983e-07           2.352e-07             175.762           3.630e-07             317.412           2.962e+00     
   5.000         295.000            4.428e-02           4.428e-02             274.693           1.979e-07             355.792           3.162e+02     
  10.000         295.000            1.349e-01           1.348e-01             268.286           2.929e-07              32.211           3.162e+02     
  15.000         295.000            2.314e-01           2.314e-01             260.930           4.858e-07              50.428           3.162e+02     
  20.000         295.000            3.190e-01           3.190e-01             254.958           6.049e-07              57.807           3.162e+02     
  25.000         295.000            3.786e-01           3.786e-01             252.022           5.736e-07              63.321           3.162e+02     
  30.000         295.000            3.870e-01           3.870e-01             252.305           3.818e-07              61.616           3.162e+02     
  35.000         295.000            3.406e-01           3.406e-01             255.006           1.702e-07              54.415           3.162e+02     
  40.000         295.000            2.616e-01           2.616e-01             258.806           6.938e-08              22.669           3.162e+02     
  45.000         295.000            1.806e-01           1.806e-01             261.848           8.919e-08             335.155           3.162e+02     
  50.000         295.000            1.195e-01           1.195e-01             261.471           1.919e-07             313.806           3.162e+02     
  55.000         295.000            8.736e-02           8.736e-02             255.033           3.123e-07             308.004           3.162e+02     
  60.000         295.000            8.636e-02           8.636e-02             244.028           4.037e-07             305.647           3.162e+02     
  65.000         295.000            1.163e-01           1.162e-01             234.872           4.105e-07             304.126           3.162e+02     
  70.000         295.000            1.739e-01           1.739e-01             230.317           3.396e-07             302.729           3.162e+02     
  75.000         295.000            2.497e-01           2.497e-01             228.825           2.230e-07             300.922           3.162e+02     
  80.000         295.000            3.266e-01           3.266e-01             228.653           1.104e-07             299.855           3.162e+02     
  85.000         295.000            3.840e-01           3.840e-01             228.830           2.932e-08             298.989           3.162e+02     
  90.000         295.000            4.053e-01           4.053e-01             228.928           7.542e-13              65.089           3.162e+02     
  95.000         295.000            3.840e-01           3.840e-01             228.830           2.932e-08             118.968           3.162e+02     
 100.000         295.000            3.266e-01           3.266e-01             228.653           1.105e-07             119.844           3.162e+02     
 105.000         295.000            2.497e-01           2.497e-01             228.825           2.230e-07             120.914           3.162e+02     
 110.000         295.000            1.739e-01           1.739e-01             230.317           3.396e-07             122.722           3.162e+02     
 115.000         295.000            1.163e-01           1.162e-01             234.872           4.105e-07             124.120           3.162e+02     
 120.000         295.000            8.636e-02           8.636e-02             244.028           4.037e-07             125.640           3.162e+02     
 125.000         295.000            8.736e-02           8.736e-02             255.033           3.123e-07             127.996           3.162e+02     
 130.000         295.000            1.195e-01           1.195e-01             261.471           1.919e-07             133.797           3.162e+02     
 135.000         295.000            1.806e-01           1.806e-01             261.848           8.917e-08             155.146           3.162e+02     
 140.000         295.000            2.616e-01           2.616e-01             258.806           6.935e-08             202.669           3.162e+02     
 145.000         295.000            3.406e-01           3.406e-01             255.006           1.701e-07             234.417           3.162e+02     
 150.000         295.000            3.870e-01           3.870e-01             252.305           3.818e-07             241.616           3.162e+02     
 155.000         295.000            3.786e-01           3.786e-01             252.022           5.737e-07             243.320           3.162e+02     
 160.000         295.000            3.190e-01           3.190e-01             254.958           6.049e-07             237.805           3.162e+02     
 165.000         295.000            2.314e-01           2.314e-01             260.930           4.859e-07             230.425           3.162e+02     
 170.000         295.000            1.349e-01           1.348e-01             268.286           2.930e-07             212.209           3.162e+02     
 175.000         295.000            4.428e-02           4.428e-02             274.693           1.980e-07             175.798           3.162e+02     
 180.000         295.000            5.984e-07           2.353e-07             175.759           3.631e-07             137.422           2.963e+00     
   0.000         300.000            5.983e-07           1.964e-07             179.978           4.018e-07             319.783           2.962e+00     
   5.000         300.000            4.456e-02           4.456e-02             276.592           2.397e-07               1.136           3.162e+02     
  10.000         300.000            1.360e-01           1.360e-01             272.313           3.811e-07              37.279           3.162e+02     
  15.000         300.000            2.323e-01           2.323e-01             267.144           6.288e-07              55.273           3.162e+02     
  20.000         300.000            3.182e-01           3.182e-01             263.089           7.670e-07              63.709           3.162e+02     
  25.000         300.000            3.798e-01           3.798e-01             261.595           7.097e-07              70.658           3.162e+02     
  30.000         300.000            3.984e-01           3.984e-01             262.754           4.761e-07              72.868           3.162e+02     
  35.000         300.000            3.669e-01           3.669e-01             265.626           2.208e-07              70.500           3.162e+02     
  40.000         300.000            2.983e-01           2.983e-01             268.750           6.086e-08              52.404           3.162e+02     
  45.000         300.000            2.186e-01           2.186e-01             270.304           3.924e-08             354.486           3.162e+02     
  50.000         300.000            1.529e-01           1.529e-01             268.129           1.267e-07             323.152           3.162e+02     
  55.000         300.000            1.164e-01           1.164e-01             260.722           2.520e-07             315.269           3.162e+02     
  60.000         300.000            1.133e-01           1.133e-01             250.270           3.524e-07             314.073           3.162e+02     
  65.000         300.000            1.413e-01           1.413e-01             242.009           3.756e-07             313.201           3.162e+02     
  70.000         300.000            1.936e-01           1.936e-01             237.931           3.208e-07             312.183           3.162e+02     
  75.000         300.000            2.595e-01           2.595e-01             236.702           2.185e-07             311.023           3.162e+02     
  80.000         300.000            3.242e-01           3.242e-01             236.722           1.095e-07             309.920           3.162e+02     
  85.000         300.000            3.715e-01           3.715e-01             237.028           2.935e-08             309.112           3.162e+02     
  90.000         300.000            3.888e-01           3.888e-01             237.172           5.009e-13             115.502           3.162e+02     
  95.000         300.000            3.715e-01           3.715e-01             237.028           2.935e-08             129.097           3.162e+02     
 100.000         300.000            3.242e-01           3.242e-01             236.722           1.095e-07             129.912           3.162e+02     
 105.000         300.000            2.595e-01           2.595e-01             236.702           2.184e-07             131.017           3.162e+02     
 110.000         300.000            1.936e-01           1.936e-01             237.931           3.208e-07             132.178           3.162e+02     
 115.000         300.000            1.413e-01           1.413e-01             242.009           3.756e-07             133.196           3.162e+02     
 120.000         300.000            1.133e-01           1.133e-01             250.270           3.524e-07             134.068           3.162e+02     
 125.000         300.000            1.164e-01           1.164e-01             260.722           2.520e-07             135.263           3.162e+02     
 130.000         300.000            1.529e-01           1.529e-01             268.129           1.267e-07             143.144           3.162e+02     
 135.000         300.000            2.186e-01           2.186e-01             270.304           3.922e-08             174.479           3.162e+02     
 140.000         300.000            2.983e-01           2.983e-01             268.750           6.084e-08             232.409           3.162e+02     
 145.000         300.000            3.669e-01           3.669e-01             265.626           2.208e-07             250.502           3.162e+02     
 150.000         300.000            3.984e-01           3.984e-01             262.754           4.761e-07             252.869           3.162e+02     
 155.000         300.000            3.798e-01           3.798e-01             261.595           7.098e-07             250.657           3.162e+02     
 160.000         300.000            3.182e-01           3.182e-01             263.089           7.671e-07             243.707           3.162e+02     
 165.000         300.000            2.323e-01           2.323e-01             267.144           6.289e-07             235.270           3.162e+02     
 170.000         300.000            1.360e-01           1.360e-01             272.313           3.812e-07             217.277           3.162e+02     
 175.000         300.000            4.456e-02           4.456e-02             276.592           2.398e-07             181.140           3.162e+02     
 180.000         300.000            5.984e-07           1.965e-07             179.973           4.019e-07             139.793           2.963e+00     
   0.000         305.000            5.983e-07           1.607e-07             185.081           4.376e-07             321.943           2.962e+00     
   5.000         305.000            4.489e-02           4.489e-02             278.521           2.810e-07               5.179           3.162e+02     
  10.000         305.000            1.375e-01           1.375e-01             276.452           4.609e-07              41.327           3.162e+02     
  15.000         305.000            2.337e-01           2.337e-01             273.630           7.487e-07              59.780           3.162e+02     
  20.000         305.000            3.184e-01           3.184e-01             271.717           9.394e-07              71.672           3.162e+02     
  25.000         305.000            3.831e-01           3.831e-01             271.921           8.461e-07              78.591           3.162e+02     
  30.000         305.000            4.149e-01           4.149e-01             274.227           5.792e-07              86.384           3.162e+02     
  35.000         305.000            4.040e-01           4.040e-01             277.603           2.942e-07              92.116           3.162e+02     
  40.000         305.000            3.538e-01           3.538e-01             280.561           9.406e-08              97.502           3.162e+02     
  45.000         305.000            2.826e-01           2.826e-01             281.439           1.034e-08              63.687           3.162e+02     
  50.000         305.000            2.161e-01           2.161e-01             278.560           3.289e-08             335.529           3.162e+02     
  55.000         305.000            1.757e-01           1.757e-01             271.118           1.169e-07             326.803           3.162e+02     
  60.000         305.000            1.714e-01           1.714e-01             261.134           2.001e-07             324.825           3.162e+02     
  65.000         305.000            2.018e-01           2.018e-01             252.696           2.318e-07             325.622           3.162e+02     
  70.000         305.000            2.577e-01           2.577e-01             247.714           2.151e-07             325.928           3.162e+02     
  75.000         305.000            3.256e-01           3.256e-01             245.474           1.537e-07             325.672           3.162e+02     
  80.000         305.000            3.897e-01           3.897e-01             244.720           7.927e-08             325.191           3.162e+02     
  85.000         305.000            4.354e-01           4.354e-01             244.568           2.157e-08             324.811           3.162e+02     
  90.000         305.000            4.519e-01           4.519e-01             244.563           5.662e-13             167.366           3.162e+02     
  95.000         305.000            4.354e-01           4.354e-01             244.568           2.157e-08             144.800           3.162e+02     
 100.000         305.000            3.897e-01           3.897e-01             244.720           7.926e-08             145.186           3.162e+02     
 105.000         305.000            3.256e-01           3.256e-01             245.474           1.537e-07             145.668           3.162e+02     
 110.000         305.000            2.577e-01           2.577e-01             247.714           2.151e-07             145.925           3.162e+02     
 115.000         305.000            2.018e-01           2.018e-01             252.696           2.318e-07             145.618           3.162e+02     
 120.000         305.000            1.714e-01           1.714e-01             261.134           2.001e-07             144.820           3.162e+02     
 125.000         305.000            1.757e-01           1.757e-01             271.118           1.169e-07             146.797           3.162e+02     
 130.000         305.000            2.161e-01           2.161e-01             278.560           3.288e-08             155.520           3.162e+02     
 135.000         305.000            2.826e-01           2.826e-01             281.439           1.033e-08             243.702           3.162e+02     
 140.000         305.000            3.538e-01           3.538e-01             280.561           9.406e-08             277.507           3.162e+02     
 145.000         305.000            4.040e-01           4.040e-01             277.603           2.942e-07             272.118           3.162e+02     
 150.000         305.000            4.149e-01           4.149e-01             274.227           5.792e-07             266.383           3.162e+02     
 155.000         305.000            3.831e-01           3.831e-01             271.921           8.461e-07             258.590           3.162e+02     
 160.000         305.000            3.184e-01           3.184e-01             271.717           9.395e-07             251.669           3.162e+02     
 165.000         305.000            2.337e-01           2.337e-01             273.630           7.489e-07             239.777           3.162e+02     
 170.000         305.000            1.375e-01           1.375e-01             276.452           4.611e-07             221.325           3.162e+02     
 175.000         305.000            4.489e-02           4.489e-02             278.521           2.812e-07             185.183           3.162e+02     
 180.000         305.000            5.984e-07           1.608e-07             185.074           4.376e-07             141.952           2.963e+00     
   0.000         310.000            5.983e-07           1.292e-07             191.377           4.691e-07             323.942           2.962e+00     
   5.000         310.000            4.527e-02           4.527e-02             280.462           3.191e-07               8.179           3.162e+02     
  10.000         310.000            1.393e-01           1.393e-01             280.662           5.241e-07              44.583           3.162e+02     
  15.000         310.000            2.362e-01           2.362e-01             280.331           8.312e-07              63.956           3.162e+02     
  20.000         310.000            3.210e-01           3.210e-01             280.796           1.033e-06              77.932           3.162e+02     
  25.000         310.000            3.915e-01           3.915e-01             282.956           9.506e-07              88.558           3.162e+02     
  30.000         310.000            4.412e-01           4.412e-01             286.617           6.968e-07             100.817           3.162e+02     
  35.000         310.000            4.591e-01           4.591e-01             290.695           4.500e-07             113.693           3.162e+02     
  40.000         310.000            4.381e-01           4.381e-01             293.813           2.196e-07             125.625           3.162e+02     
  45.000         310.000            3.860e-01           3.860e-01             294.637           7.006e-08             138.051           3.162e+02     
  50.000         310.000            3.255e-01           3.255e-01             292.041           5.367e-09             134.666           3.162e+02     
  55.000         310.000            2.834e-01           2.834e-01             285.673           9.055e-09             350.153           3.162e+02     
  60.000         310.000            2.767e-01           2.767e-01             276.993           5.262e-08             346.803           3.162e+02     
  65.000         310.000            3.084e-01           3.084e-01             268.847           9.083e-08             345.358           3.162e+02     
  70.000         310.000            3.690e-01           3.690e-01             263.074           1.016e-07             348.202           3.162e+02     
  75.000         310.000            4.426e-01           4.426e-01             259.684           8.041e-08             349.478           3.162e+02     
  80.000         310.000            5.112e-01           5.112e-01             257.934           4.394e-08             350.031           3.162e+02     
  85.000         310.000            5.594e-01           5.594e-01             257.148           1.233e-08             350.328           3.162e+02     
  90.000         310.000            5.767e-01           5.767e-01             256.929           8.218e-13             208.085           3.162e+02     
  95.000         310.000            5.594e-01           5.594e-01             257.148           1.232e-08             170.324           3.162e+02     
 100.000         310.000            5.112e-01           5.112e-01             257.934           4.392e-08             170.029           3.162e+02     
 105.000         310.000            4.426e-01           4.426e-01             259.684           8.039e-08             169.477           3.162e+02     
 110.000         310.000            3.690e-01           3.690e-01             263.074           1.016e-07             168.201           3.162e+02     
 115.000         310.000            3.084e-01           3.084e-01             268.847           9.081e-08             165.356           3.162e+02     
 120.000         310.000            2.767e-01           2.767e-01             276.993           5.261e-08             166.800           3.162e+02     
 125.000         310.000            2.834e-01           2.834e-01             285.673           9.050e-09             170.147           3.162e+02     
 130.000         310.000            3.255e-01           3.255e-01             292.041           5.369e-09             314.682           3.162e+02     
 135.000         310.000            3.860e-01           3.860e-01             294.637           7.006e-08             318.054           3.162e+02     
 140.000         310.000            4.381e-01           4.381e-01             293.813           2.196e-07             305.626           3.162e+02     
 145.000         310.000            4.591e-01           4.591e-01             290.695           4.500e-07             293.693           3.162e+02     
 150.000         310.000            4.412e-01           4.412e-01             286.617           6.968e-07             280.816           3.162e+02     
 155.000         310.000            3.915e-01           3.915e-01             282.956           9.507e-07             268.557           3.162e+02     
 160.000         310.000            3.210e-01           3.210e-01             280.796           1.033e-06             257.930           3.162e+02     
 165.000         310.000            2.362e-01           2.362e-01             280.331           8.314e-07             243.953           3.162e+02     
 170.000         310.000            1.393e-01           1.393e-01             280.662           5.243e-07             224.580           3.162e+02     
 175.000         310.000            4.527e-02           4.527e-02             280.462           3.192e-07             188.182           3.162e+02     
 180.000         310.000            5.984e-07           1.292e-07             191.368           4.692e-07             143.951           2.963e+00     
   0.000         315.000            5.983e-07           1.029e-07             199.255           4.954e-07             325.821           2.962e+00     
   5.000         315.000            4.570e-02           4.570e-02             282.396           3.515e-07              10.301           3.162e+02     
  10.000         315.000            1.415e-01           1.415e-01             284.897           5.648e-07              47.131           3.162e+02     
  15.000         315.000            2.401e-01           2.401e-01             287.165           8.906e-07              69.609           3.162e+02     
  20.000         315.000            3.275e-01           3.275e-01             290.200           1.077e-06              84.350           3.162e+02     
  25.000         315.000            4.080e-01           4.080e-01             294.487           1.026e-06              98.627           3.162e+02     
  30.000         315.000            4.825e-01           4.825e-01             299.551           8.562e-07             115.441           3.162e+02     
  35.000         315.000            5.394e-01           5.394e-01             304.286           6.482e-07             131.394           3.162e+02     
  40.000         315.000            5.616e-01           5.616e-01             307.568           4.544e-07             145.833           3.162e+02     
  45.000         315.000            5.440e-01           5.440e-01             308.523           2.679e-07             156.156           3.162e+02     
  50.000         315.000            5.026e-01           5.026e-01             306.571           1.187e-07             163.502           3.162e+02     
  55.000         315.000            4.660e-01           4.660e-01             301.698           2.686e-08             156.740           3.162e+02     
  60.000         315.000            4.585e-01           4.585e-01             294.908           4.548e-09              84.892           3.162e+02     
  65.000         315.000            4.885e-01           4.885e-01             288.000           1.988e-08              35.346           3.162e+02     
  70.000         315.000            5.491e-01           5.491e-01             282.433           3.664e-08              28.232           3.162e+02     
  75.000         315.000            6.239e-01           6.239e-01             278.633           3.689e-08              26.563           3.162e+02     
  80.000         315.000            6.941e-01           6.941e-01             276.343           2.078e-08              23.927           3.162e+02     
  85.000         315.000            7.432e-01           7.432e-01             275.162           6.352e-09              24.403           3.162e+02     
  90.000         315.000            7.608e-01           7.608e-01             274.801           1.154e-12             237.543           3.162e+02     
  95.000         315.000            7.432e-01           7.432e-01             275.162           6.348e-09             204.408           3.162e+02     
 100.000         315.000            6.941e-01           6.941e-01             276.343           2.077e-08             203.930           3.162e+02     
 105.000         315.000            6.239e-01           6.239e-01             278.633           3.688e-08             206.565           3.162e+02     
 110.000         315.000            5.491e-01           5.491e-01             282.433           3.663e-08             208.234           3.162e+02     
 115.000         315.000            4.885e-01           4.885e-01             288.000           1.987e-08             215.349           3.162e+02     
 120.000         315.000            4.585e-01           4.585e-01             294.908           4.548e-09             264.900           3.162e+02     
 125.000         315.000            4.660e-01           4.660e-01             301.698           2.686e-08             336.740           3.162e+02     
 130.000         315.000            5.026e-01           5.026e-01             306.571           1.187e-07             343.502           3.162e+02     
 135.000         315.000            5.440e-01           5.440e-01             308.523           2.679e-07             336.155           3.162e+02     
 140.000         315.000            5.616e-01           5.616e-01             307.568           4.544e-07             325.832           3.162e+02     
 145.000         315.000            5.394e-01           5.394e-01             304.286           6.483e-07             311.393           3.162e+02     
 150.000         315.000            4.825e-01           4.825e-01             299.551           8.563e-07             295.439           3.162e+02     
 155.000         315.000            4.080e-01           4.080e-01             294.487           1.026e-06             278.625           3.162e+02     
 160.000         315.000            3.275e-01           3.275e-01             290.200           1.078e-06             264.347           3.162e+02     
 165.000         315.000            2.401e-01           2.401e-01             287.165           8.908e-07             249.606           3.162e+02     
 170.000         315.000            1.415e-01           1.415e-01             284.897           5.650e-07             227.128           3.162e+02     
 175.000         315.000            4.570e-02           4.570e-02             282.396           3.516e-07             190.304           3.162e+02     
 180.000         315.000            5.984e-07           1.029e-07             199.245           4.955e-07             145.829           2.963e+00     
   0.000         320.000            5.983e-07           8.251e-08             209.132           5.158e-07             327.612           2.962e+00     
   5.000         320.000            4.619e-02           4.619e-02             284.304           3.768e-07              11.656           3.162e+02     
  10.000         320.000            1.442e-01           1.442e-01             289.105           5.803e-07              48.968           3.162e+02     
  15.000         320.000            2.459e-01           2.459e-01             294.028           8.941e-07              72.634           3.162e+02     
  20.000         320.000            3.391e-01           3.391e-01             299.732           1.068e-06              90.536           3.162e+02     
  25.000         320.000            4.350e-01           4.350e-01             306.177           1.063e-06             108.212           3.162e+02     
  30.000         320.000            5.419e-01           5.419e-01             312.508           9.894e-07             127.158           3.162e+02     
  35.000         320.000            6.482e-01           6.482e-01             317.668           8.738e-07             146.053           3.162e+02     
  40.000         320.000            7.277e-01           7.277e-01             320.928           7.517e-07             160.475           3.162e+02     
  45.000         320.000            7.616e-01           7.616e-01             321.918           5.690e-07             170.453           3.162e+02     
  50.000         320.000            7.563e-01           7.563e-01             320.512           3.366e-07             176.174           3.162e+02     
  55.000         320.000            7.386e-01           7.386e-01             316.922           1.469e-07             179.276           3.162e+02     
  60.000         320.000            7.367e-01           7.367e-01             311.891           4.523e-08             168.800           3.162e+02     
  65.000         320.000            7.652e-01           7.652e-01             306.558           1.321e-08             135.731           3.162e+02     
  70.000         320.000            8.215e-01           8.215e-01             301.935           1.105e-08              87.547           3.162e+02     
  75.000         320.000            8.915e-01           8.915e-01             298.500           1.339e-08              67.606           3.162e+02     
  80.000         320.000            9.574e-01           9.574e-01             296.263           9.745e-09              60.756           3.162e+02     
  85.000         320.000            1.004e+00           1.004e+00             295.037           3.194e-09              58.342           3.162e+02     
  90.000         320.000            1.020e+00           1.020e+00             294.651           1.339e-12             257.584           3.162e+02     
  95.000         320.000            1.004e+00           1.004e+00             295.037           3.194e-09             238.352           3.162e+02     
 100.000         320.000            9.574e-01           9.574e-01             296.263           9.744e-09             240.761           3.162e+02     
 105.000         320.000            8.915e-01           8.915e-01             298.500           1.339e-08             247.609           3.162e+02     
 110.000         320.000            8.215e-01           8.215e-01             301.935           1.106e-08             267.548           3.162e+02     
 115.000         320.000            7.652e-01           7.652e-01             306.558           1.321e-08             315.727           3.162e+02     
 120.000         320.000            7.367e-01           7.367e-01             311.891           4.523e-08             348.797           3.162e+02     
 125.000         320.000            7.386e-01           7.386e-01             316.922           1.469e-07             359.274           3.162e+02     
 130.000         320.000            7.563e-01           7.563e-01             320.512           3.366e-07             356.172           3.162e+02     
 135.000         320.000            7.616e-01           7.616e-01             321.918           5.689e-07             350.452           3.162e+02     
 140.000         320.000            7.277e-01           7.277e-01             320.928           7.517e-07             340.473           3.162e+02     
 145.000         320.000            6.482e-01           6.482e-01             317.667           8.738e-07             326.050           3.162e+02     
 150.000         320.000            5.419e-01           5.419e-01             312.508           9.894e-07             307.155           3.162e+02     
 155.000         320.000            4.350e-01           4.350e-01             306.177           1.063e-06             288.209           3.162e+02     
 160.000         320.000            3.391e-01           3.391e-01             299.732           1.068e-06             270.532           3.162e+02     
 165.000         320.000            2.459e-01           2.459e-01             294.028           8.943e-07             252.630           3.162e+02     
 170.000         320.000            1.442e-01           1.442e-01             289.105           5.804e-07             228.965           3.162e+02     
 175.000         320.000            4.619e-02           4.619e-02             284.304           3.769e-07             191.658           3.162e+02     
 180.000         320.000            5.984e-07           8.251e-08             209.120           5.159e-07             147.620           2.963e+00     
   0.000         325.000            5.983e-07           6.871e-08             221.247           5.296e-07             329.345           2.962e+00     
   5.000         325.000            4.672e-02           4.672e-02             286.167           3.939e-07              12.310           3.162e+02     
  10.000         325.000            1.473e-01           1.473e-01             293.231           5.708e-07              50.028           3.162e+02     
  15.000         325.000            2.538e-01           2.538e-01             300.797           8.469e-07              75.742           3.162e+02     
  20.000         325.000            3.565e-01           3.565e-01             309.155           1.004e-06              96.087           3.162e+02     
  25.000         325.000            4.736e-01           4.736e-01             317.644           1.080e-06             117.338           3.162e+02     
  30.000         325.000            6.192e-01           6.192e-01             325.014           1.067e-06             138.222           3.162e+02     
  35.000         325.000            7.815e-01           7.815e-01             330.362           1.068e-06             157.063           3.162e+02     
  40.000         325.000            9.257e-01           9.257e-01             333.441           1.017e-06             172.658           3.162e+02     
  45.000         325.000            1.021e+00           1.021e+00             334.347           8.285e-07             183.516           3.162e+02     
  50.000         325.000            1.062e+00           1.062e+00             333.284           5.589e-07             191.127           3.162e+02     
  55.000         325.000            1.071e+00           1.071e+00             330.594           3.019e-07             196.022           3.162e+02     
  60.000         325.000            1.078e+00           1.078e+00             326.862           1.306e-07             198.302           3.162e+02     
  65.000         325.000            1.102e+00           1.102e+00             322.847           3.836e-08             202.638           3.162e+02     
  70.000         325.000            1.146e+00           1.146e+00             319.241           7.312e-09             196.054           3.162e+02     
  75.000         325.000            1.201e+00           1.201e+00             316.437           7.047e-10             165.021           3.162e+02     
  80.000         325.000            1.254e+00           1.254e+00             314.532           2.962e-10              92.155           3.162e+02     
  85.000         325.000            1.291e+00           1.291e+00             313.454           1.846e-10              71.183           3.162e+02     
  90.000         325.000            1.304e+00           1.304e+00             313.108           1.147e-12             270.873           3.162e+02     
  95.000         325.000            1.291e+00           1.291e+00             313.454           1.849e-10             251.212           3.162e+02     
 100.000         325.000            1.254e+00           1.254e+00             314.532           2.968e-10             272.154           3.162e+02     
 105.000         325.000            1.201e+00           1.201e+00             316.437           7.047e-10             344.979           3.162e+02     
 110.000         325.000            1.146e+00           1.146e+00             319.241           7.309e-09              16.041           3.162e+02     
 115.000         325.000            1.102e+00           1.102e+00             322.847           3.835e-08              22.632           3.162e+02     
 120.000         325.000            1.078e+00           1.078e+00             326.862           1.306e-07              18.298           3.162e+02     
 125.000         325.000            1.071e+00           1.071e+00             330.594           3.018e-07              16.020           3.162e+02     
 130.000         325.000            1.062e+00           1.062e+00             333.283           5.589e-07              11.125           3.162e+02     
 135.000         325.000            1.021e+00           1.021e+00             334.347           8.285e-07               3.513           3.162e+02     
 140.000         325.000            9.257e-01           9.257e-01             333.441           1.017e-06             352.655           3.162e+02     
 145.000         325.000            7.815e-01           7.815e-01             330.362           1.068e-06             337.060           3.162e+02     
 150.000         325.000            6.192e-01           6.192e-01             325.014           1.068e-06             318.219           3.162e+02     
 155.000         325.000            4.736e-01           4.736e-01             317.644           1.080e-06             297.334           3.162e+02     
 160.000         325.000            3.565e-01           3.565e-01             309.155           1.004e-06             276.084           3.162e+02     
 165.000         325.000            2.538e-01           2.538e-01             300.797           8.471e-07             255.738           3.162e+02     
 170.000         325.000            1.473e-01           1.473e-01             293.231           5.710e-07             230.025           3.162e+02     
 175.000         325.000            4.672e-02           4.672e-02             286.167           3.941e-07             192.311           3.162e+02     
 180.000         325.000            5.984e-07           6.870e-08             221.236           5.297e-07             149.352           2.963e+00     
   0.000         330.000            5.983e-07           6.193e-08             235.267           5.363e-07             331.044           2.962e+00     
   5.000         330.000            4.731e-02           4.731e-02             287.968           4.030e-07              12.307           3.162e+02     
  10.000         330.000            1.510e-01           1.510e-01             297.218           5.399e-07              50.190           3.162e+02     
  15.000         330.000            2.639e-01           2.639e-01             307.341           7.639e-07              78.013           3.162e+02     
  20.000         330.000            3.799e-01           3.799e-01             318.226           9.046e-07             100.308           3.162e+02     
  25.000         330.000            5.230e-01           5.230e-01             328.567           9.901e-07             124.377           3.162e+02     
  30.000         330.000            7.107e-01           7.107e-01             336.784           1.059e-06             147.170           3.162e+02     
  35.000         330.000            9.275e-01           9.275e-01             342.225           1.134e-06             166.930           3.162e+02     
  40.000         330.000            1.131e+00           1.131e+00             345.108           1.125e-06             182.619           3.162e+02     
  45.000         330.000            1.279e+00           1.279e+00             345.909           9.429e-07             196.262           3.162e+02     
  50.000         330.000            1.358e+00           1.358e+00             345.068           6.820e-07             206.584           3.162e+02     
  55.000         330.000            1.385e+00           1.385e+00             343.007           4.210e-07             216.286           3.162e+02     
  60.000         330.000            1.389e+00           1.389e+00             340.208           2.194e-07             226.975           3.162e+02     
  65.000         330.000            1.392e+00           1.392e+00             337.205           1.034e-07             239.250           3.162e+02     
  70.000         330.000            1.406e+00           1.406e+00             334.470           4.689e-08             253.197           3.162e+02     
  75.000         330.000            1.428e+00           1.428e+00             332.299           2.113e-08             267.064           3.162e+02     
  80.000         330.000            1.452e+00           1.452e+00             330.791           8.538e-09             278.126           3.162e+02     
  85.000         330.000            1.470e+00           1.470e+00             329.926           2.148e-09             282.979           3.162e+02     
  90.000         330.000            1.476e+00           1.476e+00             329.646           6.529e-13             280.108           3.162e+02     
  95.000         330.000            1.470e+00           1.470e+00             329.926           2.144e-09             102.988           3.162e+02     
 100.000         330.000            1.452e+00           1.452e+00             330.791           8.530e-09              98.130           3.162e+02     
 105.000         330.000            1.428e+00           1.428e+00             332.299           2.111e-08              87.066           3.162e+02     
 110.000         330.000            1.406e+00           1.406e+00             334.470           4.687e-08              73.196           3.162e+02     
 115.000         330.000            1.392e+00           1.392e+00             337.205           1.034e-07              59.248           3.162e+02     
 120.000         330.000            1.389e+00           1.389e+00             340.208           2.193e-07              46.972           3.162e+02     
 125.000         330.000            1.385e+00           1.385e+00             343.007           4.210e-07              36.283           3.162e+02     
 130.000         330.000            1.358e+00           1.358e+00             345.068           6.819e-07              26.582           3.162e+02     
 135.000         330.000            1.279e+00           1.279e+00             345.909           9.428e-07              16.259           3.162e+02     
 140.000         330.000            1.131e+00           1.131e+00             345.108           1.125e-06               2.616           3.162e+02     
 145.000         330.000            9.275e-01           9.275e-01             342.225           1.134e-06             346.927           3.162e+02     
 150.000         330.000            7.107e-01           7.107e-01             336.784           1.059e-06             327.166           3.162e+02     
 155.000         330.000            5.230e-01           5.230e-01             328.567           9.901e-07             304.372           3.162e+02     
 160.000         330.000            3.799e-01           3.799e-01             318.226           9.047e-07             280.304           3.162e+02     
 165.000         330.000            2.639e-01           2.639e-01             307.341           7.641e-07             258.009           3.162e+02     
 170.000         330.000            1.510e-01           1.510e-01             297.218           5.401e-07             230.187           3.162e+02     
 175.000         330.000            4.731e-02           4.731e-02             287.968           4.031e-07             192.309           3.162e+02     
 180.000         330.000            5.984e-07           6.190e-08             235.259           5.365e-07             151.051           2.963e+00     
   0.000         335.000            5.983e-07           6.234e-08             250.001           5.359e-07             332.733           2.962e+00     
   5.000         335.000            4.794e-02           4.794e-02             289.686           4.044e-07              11.679           3.162e+02     
  10.000         335.000            1.551e-01           1.551e-01             301.011           4.932e-07              49.281           3.162e+02     
  15.000         335.000            2.761e-01           2.761e-01             313.537           6.562e-07              79.085           3.162e+02     
  20.000         335.000            4.085e-01           4.085e-01             326.743           7.710e-07             103.995           3.162e+02     
  25.000         335.000            5.810e-01           5.810e-01             338.730           8.417e-07             129.474           3.162e+02     
  30.000         335.000            8.096e-01           8.096e-01             347.722           9.423e-07             153.776           3.162e+02     
  35.000         335.000            1.071e+00           1.071e+00             353.338           1.050e-06             174.626           3.162e+02     
  40.000         335.000            1.314e+00           1.314e+00             356.163           1.035e-06             191.948           3.162e+02     
  45.000         335.000            1.490e+00           1.490e+00             356.952           8.919e-07             206.886           3.162e+02     
  50.000         335.000            1.581e+00           1.581e+00             356.326           6.770e-07             220.820           3.162e+02     
  55.000         335.000            1.601e+00           1.601e+00             354.783           4.525e-07             235.505           3.162e+02     
  60.000         335.000            1.579e+00           1.579e+00             352.762           2.946e-07             252.508           3.162e+02     
  65.000         335.000            1.543e+00           1.543e+00             350.661           1.945e-07             267.522           3.162e+02     
  70.000         335.000            1.509e+00           1.509e+00             348.796           1.287e-07             280.276           3.162e+02     
  75.000         335.000            1.484e+00           1.484e+00             347.348           7.939e-08             288.940           3.162e+02     
  80.000         335.000            1.468e+00           1.468e+00             346.367           3.832e-08             295.021           3.162e+02     
  85.000         335.000            1.459e+00           1.459e+00             345.817           1.014e-08             298.263           3.162e+02     
  90.000         335.000            1.456e+00           1.456e+00             345.642           1.928e-13             287.930           3.162e+02     
  95.000         335.000            1.459e+00           1.459e+00             345.817           1.012e-08             118.277           3.162e+02     
 100.000         335.000            1.468e+00           1.468e+00             346.367           3.829e-08             115.029           3.162e+02     
 105.000         335.000            1.484e+00           1.484e+00             347.348           7.934e-08             108.945           3.162e+02     
 110.000         335.000            1.509e+00           1.509e+00             348.796           1.287e-07             100.279           3.162e+02     
 115.000         335.000            1.543e+00           1.543e+00             350.661           1.945e-07              87.523           3.162e+02     
 120.000         335.000            1.579e+00           1.579e+00             352.762           2.945e-07              72.507           3.162e+02     
 125.000         335.000            1.601e+00           1.601e+00             354.783           4.523e-07              55.503           3.162e+02     
 130.000         335.000            1.581e+00           1.581e+00             356.326           6.768e-07              40.817           3.162e+02     
 135.000         335.000            1.490e+00           1.490e+00             356.951           8.917e-07              26.883           3.162e+02     
 140.000         335.000            1.314e+00           1.314e+00             356.163           1.034e-06              11.944           3.162e+02     
 145.000         335.000            1.071e+00           1.071e+00             353.338           1.050e-06             354.622           3.162e+02     
 150.000         335.000            8.096e-01           8.096e-01             347.722           9.423e-07             333.771           3.162e+02     
 155.000         335.000            5.810e-01           5.810e-01             338.730           8.418e-07             309.468           3.162e+02     
 160.000         335.000            4.085e-01           4.085e-01             326.743           7.711e-07             283.990           3.162e+02     
 165.000         335.000            2.761e-01           2.761e-01             313.537           6.564e-07             259.080           3.162e+02     
 170.000         335.000            1.551e-01           1.551e-01             301.011           4.934e-07             229.278           3.162e+02     
 175.000         335.000            4.794e-02           4.794e-02             289.686           4.046e-07             191.681           3.162e+02     
 180.000         335.000            5.984e-07           6.232e-08             249.998           5.361e-07             152.739           2.963e+00     
   0.000         340.000            5.983e-07           6.996e-08             263.846           5.283e-07             334.435           2.962e+00     
   5.000         340.000            4.861e-02           4.861e-02             291.306           3.995e-07              10.454           3.162e+02     
  10.000         340.000            1.596e-01           1.596e-01             304.560           4.378e-07              47.081           3.162e+02     
  15.000         340.000            2.899e-01           2.899e-01             319.277           5.374e-07              78.482           3.162e+02     
  20.000         340.000            4.411e-01           4.411e-01             334.552           6.173e-07             105.557           3.162e+02     
  25.000         340.000            6.440e-01           6.440e-01             348.020           6.817e-07             132.300           3.162e+02     
  30.000         340.000            9.088e-01           9.088e-01             357.838           7.473e-07             157.117           3.162e+02     
  35.000         340.000            1.199e+00           1.199e+00               3.852           8.026e-07             179.712           3.162e+02     
  40.000         340.000            1.455e+00           1.455e+00               6.873           7.766e-07             199.096           3.162e+02     
  45.000         340.000            1.625e+00           1.625e+00               7.834           6.636e-07             217.226           3.162e+02     
  50.000         340.000            1.697e+00           1.697e+00               7.504           5.179e-07             235.592           3.162e+02     
  55.000         340.000            1.688e+00           1.688e+00               6.480           3.891e-07             254.811           3.162e+02     
  60.000         340.000            1.629e+00           1.629e+00               5.227           3.033e-07             273.156           3.162e+02     
  65.000         340.000            1.550e+00           1.550e+00               4.087           2.420e-07             288.335           3.162e+02     
  70.000         340.000            1.473e+00           1.473e+00               3.260           1.837e-07             298.905           3.162e+02     
  75.000         340.000            1.408e+00           1.408e+00               2.792           1.203e-07             306.200           3.162e+02     
  80.000         340.000            1.361e+00           1.361e+00               2.611           6.003e-08             310.506           3.162e+02     
  85.000         340.000            1.333e+00           1.333e+00               2.583           1.611e-08             312.712           3.162e+02     
  90.000         340.000            1.323e+00           1.323e+00               2.589           5.658e-15             304.813           3.162e+02     
  95.000         340.000            1.333e+00           1.333e+00               2.583           1.608e-08             132.735           3.162e+02     
 100.000         340.000            1.361e+00           1.361e+00               2.611           5.997e-08             130.518           3.162e+02     
 105.000         340.000            1.408e+00           1.408e+00               2.792           1.202e-07             126.208           3.162e+02     
 110.000         340.000            1.473e+00           1.473e+00               3.260           1.836e-07             118.911           3.162e+02     
 115.000         340.000            1.550e+00           1.550e+00               4.087           2.418e-07             108.339           3.162e+02     
 120.000         340.000            1.629e+00           1.629e+00               5.227           3.032e-07              93.158           3.162e+02     
 125.000         340.000            1.688e+00           1.688e+00               6.480           3.889e-07              74.810           3.162e+02     
 130.000         340.000            1.697e+00           1.697e+00               7.504           5.178e-07              55.589           3.162e+02     
 135.000         340.000            1.625e+00           1.625e+00               7.834           6.635e-07              37.222           3.162e+02     
 140.000         340.000            1.455e+00           1.455e+00               6.873           7.765e-07              19.091           3.162e+02     
 145.000         340.000            1.199e+00           1.199e+00               3.852           8.025e-07             359.707           3.162e+02     
 150.000         340.000            9.088e-01           9.088e-01             357.838           7.473e-07             337.111           3.162e+02     
 155.000         340.000            6.440e-01           6.440e-01             348.020           6.817e-07             312.293           3.162e+02     
 160.000         340.000            4.411e-01           4.411e-01             334.552           6.174e-07             285.551           3.162e+02     
 165.000         340.000            2.899e-01           2.899e-01             319.277           5.375e-07             258.477           3.162e+02     
 170.000         340.000            1.596e-01           1.596e-01             304.560           4.379e-07             227.078           3.162e+02     
 175.000         340.000            4.861e-02           4.861e-02             291.306           3.996e-07             190.456           3.162e+02     
 180.000         340.000            5.984e-07           6.993e-08             263.849           5.285e-07             154.441           2.963e+00     
   0.000         345.000            5.983e-07           8.453e-08             275.705           5.137e-07             336.174           2.962e+00     
   5.000         345.000            4.932e-02           4.932e-02             292.810           3.895e-07               8.664           3.162e+02     
  10.000         345.000            1.645e-01           1.645e-01             307.817           3.811e-07              43.337           3.162e+02     
  15.000         345.000            3.051e-01           3.051e-01             324.475           4.217e-07              75.546           3.162e+02     
  20.000         345.000            4.759e-01           4.759e-01             341.551           4.636e-07             104.177           3.162e+02     
  25.000         345.000            7.082e-01           7.082e-01             356.385           4.988e-07             131.873           3.162e+02     
  30.000         345.000            1.002e+00           1.002e+00               7.159           5.268e-07             157.321           3.162e+02     
  35.000         345.000            1.306e+00           1.306e+00              13.867           5.245e-07             180.394           3.162e+02     
  40.000         345.000            1.549e+00           1.549e+00              17.410           4.615e-07             201.954           3.162e+02     
  45.000         345.000            1.687e+00           1.687e+00              18.793           3.617e-07             225.003           3.162e+02     
  50.000         345.000            1.719e+00           1.719e+00              18.886           2.848e-07             249.286           3.162e+02     
  55.000         345.000            1.673e+00           1.673e+00              18.405           2.415e-07             273.748           3.162e+02     
  60.000         345.000            1.585e+00           1.585e+00              17.905           2.230e-07             294.353           3.162e+02     
  65.000         345.000            1.485e+00           1.485e+00              17.742           2.013e-07             308.840           3.162e+02     
  70.000         345.000            1.392e+00           1.392e+00              18.044           1.614e-07             318.887           3.162e+02     
  75.000         345.000            1.316e+00           1.316e+00              18.718           1.074e-07             325.125           3.162e+02     
  80.000         345.000            1.263e+00           1.263e+00              19.518           5.337e-08             328.768           3.162e+02     
  85.000         345.000            1.231e+00           1.231e+00              20.151           1.423e-08             330.605           3.162e+02     
  90.000         345.000            1.221e+00           1.221e+00              20.390           3.737e-14             116.761           3.162e+02     
  95.000         345.000            1.231e+00           1.231e+00              20.151           1.419e-08             150.646           3.162e+02     
 100.000         345.000            1.263e+00           1.263e+00              19.518           5.331e-08             148.789           3.162e+02     
 105.000         345.000            1.316e+00           1.316e+00              18.718           1.074e-07             145.140           3.162e+02     
 110.000         345.000            1.392e+00           1.392e+00              18.044           1.613e-07             138.899           3.162e+02     
 115.000         345.000            1.485e+00           1.485e+00              17.742           2.012e-07             128.849           3.162e+02     
 120.000         345.000            1.585e+00           1.585e+00              17.905           2.229e-07             114.359           3.162e+02     
 125.000         345.000            1.673e+00           1.673e+00              18.405           2.413e-07              93.749           3.162e+02     
 130.000         345.000            1.719e+00           1.719e+00              18.886           2.846e-07              69.282           3.162e+02     
 135.000         345.000            1.687e+00           1.687e+00              18.793           3.616e-07              44.996           3.162e+02     
 140.000         345.000            1.549e+00           1.549e+00              17.410           4.614e-07              21.946           3.162e+02     
 145.000         345.000            1.306e+00           1.306e+00              13.867           5.245e-07               0.386           3.162e+02     
 150.000         345.000            1.002e+00           1.002e+00               7.159           5.268e-07             337.313           3.162e+02     
 155.000         345.000            7.082e-01           7.082e-01             356.385           4.988e-07             311.865           3.162e+02     
 160.000         345.000            4.759e-01           4.759e-01             341.551           4.637e-07             284.171           3.162e+02     
 165.000         345.000            3.051e-01           3.051e-01             324.475           4.218e-07             255.541           3.162e+02     
 170.000         345.000            1.645e-01           1.645e-01             307.817           3.813e-07             223.335           3.162e+02     
 175.000         345.000            4.932e-02           4.932e-02             292.810           3.897e-07             188.666           3.162e+02     
 180.000         345.000            5.984e-07           8.450e-08             275.712           5.139e-07             156.178           2.963e+00     
   0.000         350.000            5.983e-07           1.056e-07             285.332           4.926e-07             337.974           2.962e+00     
   5.000         350.000            5.006e-02           5.006e-02             294.186           3.760e-07               6.356           3.162e+02     
  10.000         350.000            1.697e-01           1.697e-01             310.746           3.303e-07              37.827           3.162e+02     
  15.000         350.000            3.209e-01           3.209e-01             329.064           3.229e-07              69.407           3.162e+02     
  20.000         350.000            5.109e-01           5.109e-01             347.678           3.310e-07              98.570           3.162e+02     
  25.000         350.000            7.694e-01           7.694e-01               3.794           3.375e-07             126.022           3.162e+02     
  30.000         350.000            1.086e+00           1.086e+00              15.670           3.289e-07             150.727           3.162e+02     
  35.000         350.000            1.391e+00           1.391e+00              23.369           2.839e-07             173.547           3.162e+02     
  40.000         350.000            1.608e+00           1.608e+00              27.771           2.042e-07             196.700           3.162e+02     
  45.000         350.000            1.701e+00           1.701e+00              29.850           1.285e-07             224.719           3.162e+02     
  50.000         350.000            1.689e+00           1.689e+00              30.499           8.801e-08             260.625           3.162e+02     
  55.000         350.000            1.612e+00           1.612e+00              30.527           8.997e-08             295.685           3.162e+02     
  60.000         350.000            1.513e+00           1.513e+00              30.598           1.070e-07             319.593           3.162e+02     
  65.000         350.000            1.417e+00           1.417e+00              31.140           1.099e-07             334.280           3.162e+02     
  70.000         350.000            1.338e+00           1.338e+00              32.257           9.250e-08             343.824           3.162e+02     
  75.000         350.000            1.280e+00           1.280e+00              33.756           6.157e-08             349.958           3.162e+02     
  80.000         350.000            1.243e+00           1.243e+00              35.259           3.006e-08             353.771           3.162e+02     
  85.000         350.000            1.223e+00           1.223e+00              36.359           7.884e-09             355.776           3.162e+02     
  90.000         350.000            1.217e+00           1.217e+00              36.761           1.050e-13             132.140           3.162e+02     
  95.000         350.000            1.223e+00           1.223e+00              36.359           7.863e-09             175.865           3.162e+02     
 100.000         350.000            1.243e+00           1.243e+00              35.259           3.002e-08             173.816           3.162e+02     
 105.000         350.000            1.280e+00           1.280e+00              33.756           6.151e-08             169.989           3.162e+02     
 110.000         350.000            1.338e+00           1.338e+00              32.257           9.243e-08             163.848           3.162e+02     
 115.000         350.000            1.417e+00           1.417e+00              31.140           1.098e-07             154.300           3.162e+02     
 120.000         350.000            1.513e+00           1.513e+00              30.598           1.069e-07             139.610           3.162e+02     
 125.000         350.000            1.612e+00           1.612e+00              30.527           8.989e-08             115.694           3.162e+02     
 130.000         350.000            1.689e+00           1.689e+00              30.499           8.794e-08              80.620           3.162e+02     
 135.000         350.000            1.701e+00           1.701e+00              29.850           1.284e-07              44.706           3.162e+02     
 140.000         350.000            1.608e+00           1.608e+00              27.771           2.042e-07              16.687           3.162e+02     
 145.000         350.000            1.391e+00           1.391e+00              23.369           2.839e-07             353.536           3.162e+02     
 150.000         350.000            1.086e+00           1.086e+00              15.670           3.289e-07             330.717           3.162e+02     
 155.000         350.000            7.694e-01           7.694e-01               3.794           3.376e-07             306.013           3.162e+02     
 160.000         350.000            5.109e-01           5.109e-01             347.678           3.311e-07             278.563           3.162e+02     
 165.000         350.000            3.209e-01           3.209e-01             329.064           3.230e-07             249.402           3.162e+02     
 170.000         350.000            1.697e-01           1.697e-01             310.746           3.305e-07             217.826           3.162e+02     
 175.000         350.000            5.006e-02           5.006e-02             294.186           3.761e-07             186.358           3.162e+02     
 180.000         350.000            5.984e-07           1.056e-07             285.342           4.928e-07             157.978           2.963e+00     
   0.000         355.000            5.983e-07           1.326e-07             293.006           4.657e-07             339.864           2.962e+00     
   5.000         355.000            5.082e-02           5.082e-02             295.419           3.602e-07               3.595           3.162e+02     
  10.000         355.000            1.750e-01           1.750e-01             313.311           2.880e-07              30.843           3.162e+02     
  15.000         355.000            3.367e-01           3.367e-01             333.001           2.524e-07              59.198           3.162e+02     
  20.000         355.000            5.440e-01           5.440e-01             352.895           2.378e-07              87.048           3.162e+02     
  25.000         355.000            8.236e-01           8.236e-01              10.211           2.300e-07             112.253           3.162e+02     
  30.000         355.000            1.155e+00           1.155e+00              23.297           2.086e-07             133.314           3.162e+02     
  35.000         355.000            1.458e+00           1.458e+00              32.214           1.554e-07             150.584           3.162e+02     
  40.000         355.000            1.648e+00           1.648e+00              37.749           8.204e-08             165.750           3.162e+02     
  45.000         355.000            1.701e+00           1.701e+00              40.763           2.230e-08             183.222           3.162e+02     
  50.000         355.000            1.651e+00           1.651e+00              42.077           1.194e-09             263.411           3.162e+02     
  55.000         355.000            1.553e+00           1.553e+00              42.506           1.392e-08             350.843           3.162e+02     
  60.000         355.000            1.454e+00           1.454e+00              42.803           3.553e-08               5.610           3.162e+02     
  65.000         355.000            1.374e+00           1.374e+00              43.498           4.687e-08              15.016           3.162e+02     
  70.000         355.000            1.319e+00           1.319e+00              44.757           4.273e-08              22.530           3.162e+02     
  75.000         355.000            1.288e+00           1.288e+00              46.389           2.917e-08              28.725           3.162e+02     
  80.000         355.000            1.274e+00           1.274e+00              47.997           1.435e-08              33.469           3.162e+02     
  85.000         355.000            1.269e+00           1.269e+00              49.161           3.767e-09              36.331           3.162e+02     
  90.000         355.000            1.268e+00           1.268e+00              49.585           1.297e-13             152.827           3.162e+02     
  95.000         355.000            1.269e+00           1.269e+00              49.161           3.764e-09             216.508           3.162e+02     
 100.000         355.000            1.274e+00           1.274e+00              47.997           1.434e-08             213.558           3.162e+02     
 105.000         355.000            1.288e+00           1.288e+00              46.389           2.916e-08             208.786           3.162e+02     
 110.000         355.000            1.319e+00           1.319e+00              44.757           4.271e-08             202.578           3.162e+02     
 115.000         355.000            1.374e+00           1.374e+00              43.498           4.686e-08             195.059           3.162e+02     
 120.000         355.000            1.454e+00           1.454e+00              42.803           3.551e-08             185.656           3.162e+02     
 125.000         355.000            1.553e+00           1.553e+00              42.506           1.391e-08             170.908           3.162e+02     
 130.000         355.000            1.651e+00           1.651e+00              42.077           1.185e-09              83.354           3.162e+02     
 135.000         355.000            1.701e+00           1.701e+00              40.763           2.230e-08               3.175           3.162e+02     
 140.000         355.000            1.648e+00           1.648e+00              37.749           8.205e-08             345.728           3.162e+02     
 145.000         355.000            1.458e+00           1.458e+00              32.214           1.554e-07             330.570           3.162e+02     
 150.000         355.000            1.155e+00           1.155e+00              23.297           2.087e-07             313.304           3.162e+02     
 155.000         355.000            8.236e-01           8.236e-01              10.211           2.300e-07             292.245           3.162e+02     
 160.000         355.000            5.440e-01           5.440e-01             352.895           2.379e-07             267.042           3.162e+02     
 165.000         355.000            3.367e-01           3.367e-01             333.001           2.525e-07             239.195           3.162e+02     
 170.000         355.000            1.750e-01           1.750e-01             313.311           2.882e-07             210.844           3.162e+02     
 175.000         355.000            5.082e-02           5.082e-02             295.419           3.603e-07             183.597           3.162e+02     
 180.000         355.000            5.984e-07           1.326e-07             293.017           4.658e-07             159.868           2.963e+00     
