Theta [deg.]  Phi   [deg.]  Abs(Grlz)[      ]   Abs(Theta)[      ]  Phase(Theta)[deg.]  Abs(Phi  )[      ]  Phase(Phi  )[deg.]  Ax.Ratio[      ]    
------------------------------------------------------------------------------------------------------------------------------------------------------
   0.000           0.000            1.326e-05           5.431e-08             139.508           1.321e-05             131.748           1.160e+02     
   5.000           0.000            2.777e-02           2.776e-02             261.329           1.270e-05             119.117           7.631e+01     
  10.000           0.000            9.631e-02           9.629e-02             245.985           1.148e-05             106.886           1.399e+02     
  15.000           0.000            1.847e-01           1.847e-01             229.852           9.729e-06              95.048           1.942e+02     
  20.000           0.000            2.826e-01           2.826e-01             214.357           7.729e-06              83.685           2.521e+02     
  25.000           0.000            3.783e-01           3.783e-01             201.014           5.750e-06              73.230           3.162e+02     
  30.000           0.000            4.476e-01           4.476e-01             190.440           3.999e-06              64.069           3.162e+02     
  35.000           0.000            4.662e-01           4.662e-01             182.286           2.631e-06              56.936           3.162e+02     
  40.000           0.000            4.299e-01           4.299e-01             175.595           1.683e-06              52.272           3.162e+02     
  45.000           0.000            3.582e-01           3.582e-01             168.977           1.121e-06              50.147           3.162e+02     
  50.000           0.000            2.806e-01           2.806e-01             160.639           8.225e-07              49.720           3.162e+02     
  55.000           0.000            2.228e-01           2.228e-01             148.805           6.815e-07              48.936           3.162e+02     
  60.000           0.000            2.016e-01           2.016e-01             133.389           6.093e-07              46.443           3.162e+02     
  65.000           0.000            2.238e-01           2.238e-01             117.613           5.343e-07              43.048           3.162e+02     
  70.000           0.000            2.853e-01           2.853e-01             105.168           4.293e-07              39.087           3.162e+02     
  75.000           0.000            3.713e-01           3.713e-01              96.886           2.925e-07              35.388           3.162e+02     
  80.000           0.000            4.590e-01           4.590e-01              91.886           1.496e-07              32.508           3.162e+02     
  85.000           0.000            5.242e-01           5.242e-01              89.242           4.049e-08              30.887           3.162e+02     
  90.000           0.000            5.482e-01           5.482e-01              88.417           6.682e-12             340.865           3.162e+02     
  95.000           0.000            5.242e-01           5.242e-01              89.242           4.047e-08             210.901           3.162e+02     
 100.000           0.000            4.590e-01           4.590e-01              91.886           1.496e-07             212.514           3.162e+02     
 105.000           0.000            3.713e-01           3.713e-01              96.886           2.925e-07             215.392           3.162e+02     
 110.000           0.000            2.853e-01           2.853e-01             105.168           4.293e-07             219.089           3.162e+02     
 115.000           0.000            2.238e-01           2.238e-01             117.613           5.342e-07             223.050           3.162e+02     
 120.000           0.000            2.016e-01           2.016e-01             133.389           6.092e-07             226.444           3.162e+02     
 125.000           0.000            2.228e-01           2.228e-01             148.805           6.814e-07             228.937           3.162e+02     
 130.000           0.000            2.806e-01           2.806e-01             160.639           8.224e-07             229.720           3.162e+02     
 135.000           0.000            3.582e-01           3.582e-01             168.977           1.121e-06             230.147           3.162e+02     
 140.000           0.000            4.299e-01           4.299e-01             175.595           1.683e-06             232.272           3.162e+02     
 145.000           0.000            4.662e-01           4.662e-01             182.286           2.631e-06             236.936           3.162e+02     
 150.000           0.000            4.476e-01           4.476e-01             190.440           3.998e-06             244.069           3.162e+02     
 155.000           0.000            3.783e-01           3.783e-01             201.014           5.750e-06             253.230           3.162e+02     
 160.000           0.000            2.826e-01           2.826e-01             214.357           7.729e-06             263.684           2.521e+02     
 165.000           0.000            1.847e-01           1.847e-01             229.852           9.728e-06             275.048           1.942e+02     
 170.000           0.000            9.631e-02           9.629e-02             245.985           1.148e-05             286.886           1.399e+02     
 175.000           0.000            2.777e-02           2.776e-02             261.329           1.270e-05             299.117           7.632e+01     
 180.000           0.000            1.326e-05           5.432e-08             139.511           1.321e-05             311.748           1.159e+02     
   0.000           5.000            1.326e-05           3.000e-07             135.029           1.296e-05             131.704           1.160e+02     
   5.000           5.000            2.725e-02           2.724e-02             258.628           1.205e-05             115.799           7.870e+01     
  10.000           5.000            9.342e-02           9.341e-02             240.497           1.066e-05             100.758           1.448e+02     
  15.000           5.000            1.789e-01           1.789e-01             221.517           8.919e-06              85.983           2.022e+02     
  20.000           5.000            2.766e-01           2.766e-01             203.481           7.022e-06              71.761           2.659e+02     
  25.000           5.000            3.749e-01           3.749e-01             188.144           5.157e-06              58.660           3.162e+02     
  30.000           5.000            4.458e-01           4.457e-01             176.084           3.472e-06              47.092           3.162e+02     
  35.000           5.000            4.610e-01           4.610e-01             166.812           2.131e-06              37.864           3.162e+02     
  40.000           5.000            4.166e-01           4.166e-01             159.265           1.202e-06              31.567           3.162e+02     
  45.000           5.000            3.348e-01           3.348e-01             151.949           6.712e-07              29.025           3.162e+02     
  50.000           5.000            2.475e-01           2.475e-01             142.812           4.129e-07              29.736           3.162e+02     
  55.000           5.000            1.815e-01           1.815e-01             129.422           3.131e-07              30.613           3.162e+02     
  60.000           5.000            1.533e-01           1.533e-01             110.930           2.855e-07              28.376           3.162e+02     
  65.000           5.000            1.691e-01           1.691e-01              91.405           2.676e-07              24.058           3.162e+02     
  70.000           5.000            2.247e-01           2.247e-01              76.319           2.338e-07              18.703           3.162e+02     
  75.000           5.000            3.054e-01           3.054e-01              66.657           1.721e-07              13.792           3.162e+02     
  80.000           5.000            3.887e-01           3.887e-01              60.981           9.333e-08              10.098           3.162e+02     
  85.000           5.000            4.509e-01           4.509e-01              58.017           2.618e-08               8.117           3.162e+02     
  90.000           5.000            4.738e-01           4.738e-01              57.095           7.187e-12             308.914           3.162e+02     
  95.000           5.000            4.509e-01           4.509e-01              58.017           2.617e-08             188.125           3.162e+02     
 100.000           5.000            3.887e-01           3.887e-01              60.981           9.330e-08             190.102           3.162e+02     
 105.000           5.000            3.054e-01           3.054e-01              66.657           1.720e-07             193.795           3.162e+02     
 110.000           5.000            2.247e-01           2.247e-01              76.319           2.338e-07             198.705           3.162e+02     
 115.000           5.000            1.691e-01           1.691e-01              91.405           2.675e-07             204.059           3.162e+02     
 120.000           5.000            1.533e-01           1.533e-01             110.930           2.855e-07             208.378           3.162e+02     
 125.000           5.000            1.815e-01           1.815e-01             129.422           3.130e-07             210.613           3.162e+02     
 130.000           5.000            2.475e-01           2.475e-01             142.812           4.128e-07             209.736           3.162e+02     
 135.000           5.000            3.348e-01           3.348e-01             151.949           6.711e-07             209.025           3.162e+02     
 140.000           5.000            4.166e-01           4.166e-01             159.265           1.202e-06             211.567           3.162e+02     
 145.000           5.000            4.610e-01           4.610e-01             166.812           2.131e-06             217.864           3.162e+02     
 150.000           5.000            4.458e-01           4.457e-01             176.084           3.472e-06             227.092           3.162e+02     
 155.000           5.000            3.749e-01           3.749e-01             188.144           5.157e-06             238.660           3.162e+02     
 160.000           5.000            2.766e-01           2.766e-01             203.481           7.021e-06             251.761           2.659e+02     
 165.000           5.000            1.789e-01           1.789e-01             221.517           8.918e-06             265.983           2.022e+02     
 170.000           5.000            9.342e-02           9.341e-02             240.497           1.066e-05             280.758           1.448e+02     
 175.000           5.000            2.725e-02           2.724e-02             258.628           1.205e-05             295.800           7.871e+01     
 180.000           5.000            1.326e-05           3.000e-07             135.031           1.296e-05             311.704           1.159e+02     
   0.000          10.000            1.326e-05           7.381e-07             133.815           1.253e-05             131.659           1.160e+02     
   5.000          10.000            2.680e-02           2.679e-02             256.026           1.139e-05             113.235           8.023e+01     
  10.000          10.000            9.136e-02           9.135e-02             235.197           9.896e-06              95.415           1.488e+02     
  15.000          10.000            1.761e-01           1.761e-01             213.544           8.209e-06              77.718           2.102e+02     
  20.000          10.000            2.760e-01           2.760e-01             193.233           6.449e-06              60.650           2.810e+02     
  25.000          10.000            3.768e-01           3.767e-01             176.098           4.706e-06              44.931           3.162e+02     
  30.000          10.000            4.444e-01           4.444e-01             162.520           3.078e-06              30.915           3.162e+02     
  35.000          10.000            4.485e-01           4.485e-01             151.847           1.751e-06              19.280           3.162e+02     
  40.000          10.000            3.892e-01           3.892e-01             142.977           8.428e-07              10.470           3.162e+02     
  45.000          10.000            2.952e-01           2.952e-01             134.427           3.562e-07               6.231           3.162e+02     
  50.000          10.000            2.018e-01           2.018e-01             124.030           1.499e-07               8.122           3.162e+02     
  55.000          10.000            1.344e-01           1.344e-01             108.800           8.869e-08              13.560           3.162e+02     
  60.000          10.000            1.050e-01           1.050e-01              87.087           8.116e-08              13.652           3.162e+02     
  65.000          10.000            1.157e-01           1.157e-01              64.024           9.166e-08               6.976           3.162e+02     
  70.000          10.000            1.609e-01           1.609e-01              46.978           9.507e-08             359.239           3.162e+02     
  75.000          10.000            2.272e-01           2.272e-01              36.584           8.059e-08             352.607           3.162e+02     
  80.000          10.000            2.958e-01           2.958e-01              30.645           4.819e-08             347.962           3.162e+02     
  85.000          10.000            3.470e-01           3.470e-01              27.578           1.429e-08             345.659           3.162e+02     
  90.000          10.000            3.659e-01           3.659e-01              26.629           7.168e-12             279.403           3.162e+02     
  95.000          10.000            3.470e-01           3.470e-01              27.578           1.428e-08             165.654           3.162e+02     
 100.000          10.000            2.958e-01           2.958e-01              30.645           4.817e-08             167.959           3.162e+02     
 105.000          10.000            2.272e-01           2.272e-01              36.584           8.055e-08             172.605           3.162e+02     
 110.000          10.000            1.609e-01           1.609e-01              46.978           9.504e-08             179.238           3.162e+02     
 115.000          10.000            1.157e-01           1.157e-01              64.024           9.162e-08             186.975           3.162e+02     
 120.000          10.000            1.050e-01           1.050e-01              87.087           8.113e-08             193.652           3.162e+02     
 125.000          10.000            1.344e-01           1.344e-01             108.800           8.866e-08             193.561           3.162e+02     
 130.000          10.000            2.018e-01           2.018e-01             124.030           1.499e-07             188.122           3.162e+02     
 135.000          10.000            2.952e-01           2.952e-01             134.427           3.562e-07             186.231           3.162e+02     
 140.000          10.000            3.892e-01           3.892e-01             142.977           8.427e-07             190.470           3.162e+02     
 145.000          10.000            4.485e-01           4.485e-01             151.847           1.751e-06             199.280           3.162e+02     
 150.000          10.000            4.444e-01           4.444e-01             162.520           3.078e-06             210.915           3.162e+02     
 155.000          10.000            3.768e-01           3.767e-01             176.098           4.706e-06             224.931           3.162e+02     
 160.000          10.000            2.760e-01           2.760e-01             193.233           6.448e-06             240.650           2.810e+02     
 165.000          10.000            1.761e-01           1.761e-01             213.544           8.209e-06             257.718           2.102e+02     
 170.000          10.000            9.136e-02           9.135e-02             235.197           9.895e-06             275.415           1.488e+02     
 175.000          10.000            2.680e-02           2.679e-02             256.026           1.138e-05             293.235           8.023e+01     
 180.000          10.000            1.326e-05           7.381e-07             133.816           1.253e-05             311.659           1.159e+02     
   0.000          15.000            1.326e-05           1.355e-06             133.244           1.191e-05             131.612           1.160e+02     
   5.000          15.000            2.641e-02           2.640e-02             253.550           1.059e-05             110.751           8.260e+01     
  10.000          15.000            9.008e-02           9.008e-02             230.172           9.067e-06              90.170           1.551e+02     
  15.000          15.000            1.758e-01           1.758e-01             206.108           7.508e-06              69.531           2.226e+02     
  20.000          15.000            2.794e-01           2.794e-01             183.818           5.946e-06              49.649           3.022e+02     
  25.000          15.000            3.815e-01           3.815e-01             164.972           4.360e-06              31.402           3.162e+02     
  30.000          15.000            4.424e-01           4.424e-01             149.616           2.799e-06              14.983           3.162e+02     
  35.000          15.000            4.327e-01           4.327e-01             136.913           1.482e-06               0.716           3.162e+02     
  40.000          15.000            3.596e-01           3.596e-01             125.748           5.963e-07             348.251           3.162e+02     
  45.000          15.000            2.584e-01           2.584e-01             114.722           1.654e-07             338.100           3.162e+02     
  50.000          15.000            1.659e-01           1.659e-01             101.758           2.468e-08             338.565           3.162e+02     
  55.000          15.000            1.035e-01           1.035e-01              83.870           3.826e-09              24.846           3.162e+02     
  60.000          15.000            7.726e-02           7.726e-02              59.493           7.215e-09              42.088           3.162e+02     
  65.000          15.000            8.405e-02           8.405e-02              34.514           1.343e-08              16.425           3.162e+02     
  70.000          15.000            1.162e-01           1.162e-01              16.575           2.127e-08             355.784           3.162e+02     
  75.000          15.000            1.628e-01           1.628e-01               5.762           2.475e-08             342.444           3.162e+02     
  80.000          15.000            2.104e-01           2.104e-01             359.582           1.800e-08             334.754           3.162e+02     
  85.000          15.000            2.457e-01           2.457e-01             356.379           5.930e-09             331.388           3.162e+02     
  90.000          15.000            2.587e-01           2.587e-01             355.384           6.682e-12             251.250           3.162e+02     
  95.000          15.000            2.457e-01           2.457e-01             356.379           5.922e-09             151.356           3.162e+02     
 100.000          15.000            2.104e-01           2.104e-01             359.582           1.799e-08             154.737           3.162e+02     
 105.000          15.000            1.628e-01           1.628e-01               5.762           2.473e-08             162.433           3.162e+02     
 110.000          15.000            1.162e-01           1.162e-01              16.575           2.126e-08             175.777           3.162e+02     
 115.000          15.000            8.405e-02           8.405e-02              34.514           1.342e-08             196.427           3.162e+02     
 120.000          15.000            7.726e-02           7.726e-02              59.493           7.208e-09             222.107           3.162e+02     
 125.000          15.000            1.035e-01           1.035e-01              83.870           3.821e-09             204.863           3.162e+02     
 130.000          15.000            1.659e-01           1.659e-01             101.758           2.466e-08             158.561           3.162e+02     
 135.000          15.000            2.584e-01           2.584e-01             114.722           1.653e-07             158.099           3.162e+02     
 140.000          15.000            3.596e-01           3.596e-01             125.748           5.963e-07             168.251           3.162e+02     
 145.000          15.000            4.327e-01           4.327e-01             136.913           1.482e-06             180.716           3.162e+02     
 150.000          15.000            4.424e-01           4.424e-01             149.616           2.799e-06             194.983           3.162e+02     
 155.000          15.000            3.815e-01           3.815e-01             164.972           4.360e-06             211.401           3.162e+02     
 160.000          15.000            2.794e-01           2.794e-01             183.818           5.945e-06             229.649           3.022e+02     
 165.000          15.000            1.758e-01           1.758e-01             206.108           7.507e-06             249.531           2.227e+02     
 170.000          15.000            9.008e-02           9.008e-02             230.172           9.066e-06             270.170           1.551e+02     
 175.000          15.000            2.641e-02           2.640e-02             253.550           1.059e-05             290.752           8.261e+01     
 180.000          15.000            1.326e-05           1.355e-06             133.245           1.191e-05             311.613           1.159e+02     
   0.000          20.000            1.326e-05           2.133e-06             132.908           1.113e-05             131.563           1.160e+02     
   5.000          20.000            2.610e-02           2.609e-02             251.227           9.695e-06             108.370           8.594e+01     
  10.000          20.000            8.954e-02           8.953e-02             225.501           8.200e-06              85.078           1.640e+02     
  15.000          20.000            1.777e-01           1.777e-01             199.349           6.826e-06              61.556           2.402e+02     
  20.000          20.000            2.855e-01           2.855e-01             175.364           5.509e-06              39.010           3.162e+02     
  25.000          20.000            3.877e-01           3.877e-01             154.821           4.102e-06              18.478           3.162e+02     
  30.000          20.000            4.410e-01           4.410e-01             137.339           2.611e-06             359.889           3.162e+02     
  35.000          20.000            4.214e-01           4.214e-01             121.895           1.348e-06             342.135           3.162e+02     
  40.000          20.000            3.439e-01           3.439e-01             107.387           4.631e-07             324.637           3.162e+02     
  45.000          20.000            2.462e-01           2.462e-01              92.631           7.402e-08             300.291           3.162e+02     
  50.000          20.000            1.612e-01           1.612e-01              76.106           6.840e-09             194.189           3.162e+02     
  55.000          20.000            1.048e-01           1.048e-01              55.986           3.838e-08             133.542           3.162e+02     
  60.000          20.000            7.910e-02           7.910e-02              31.858           5.069e-08             112.782           3.162e+02     
  65.000          20.000            7.900e-02           7.900e-02               7.828           3.533e-08              92.648           3.162e+02     
  70.000          20.000            9.714e-02           9.714e-02             349.248           1.699e-08              64.755           3.162e+02     
  75.000          20.000            1.252e-01           1.252e-01             337.043           9.269e-09              32.271           3.162e+02     
  80.000          20.000            1.541e-01           1.541e-01             329.668           5.536e-09               6.504           3.162e+02     
  85.000          20.000            1.757e-01           1.757e-01             325.737           1.907e-09             353.896           3.162e+02     
  90.000          20.000            1.836e-01           1.836e-01             324.501           6.086e-12             224.106           3.162e+02     
  95.000          20.000            1.757e-01           1.757e-01             325.737           1.901e-09             173.854           3.162e+02     
 100.000          20.000            1.541e-01           1.541e-01             329.668           5.525e-09             186.491           3.162e+02     
 105.000          20.000            1.252e-01           1.252e-01             337.043           9.256e-09             212.279           3.162e+02     
 110.000          20.000            9.714e-02           9.714e-02             349.248           1.698e-08             244.774           3.162e+02     
 115.000          20.000            7.900e-02           7.900e-02               7.828           3.533e-08             272.664           3.162e+02     
 120.000          20.000            7.910e-02           7.910e-02              31.858           5.070e-08             292.793           3.162e+02     
 125.000          20.000            1.048e-01           1.048e-01              55.986           3.839e-08             313.549           3.162e+02     
 130.000          20.000            1.612e-01           1.612e-01              76.106           6.844e-09              14.174           3.162e+02     
 135.000          20.000            2.462e-01           2.462e-01              92.631           7.400e-08             120.288           3.162e+02     
 140.000          20.000            3.439e-01           3.439e-01             107.387           4.630e-07             144.637           3.162e+02     
 145.000          20.000            4.214e-01           4.214e-01             121.895           1.348e-06             162.135           3.162e+02     
 150.000          20.000            4.410e-01           4.410e-01             137.339           2.610e-06             179.889           3.162e+02     
 155.000          20.000            3.877e-01           3.877e-01             154.821           4.101e-06             198.478           3.162e+02     
 160.000          20.000            2.855e-01           2.855e-01             175.364           5.508e-06             219.009           3.162e+02     
 165.000          20.000            1.777e-01           1.777e-01             199.349           6.825e-06             241.555           2.402e+02     
 170.000          20.000            8.954e-02           8.953e-02             225.501           8.200e-06             265.078           1.640e+02     
 175.000          20.000            2.610e-02           2.609e-02             251.227           9.694e-06             288.370           8.594e+01     
 180.000          20.000            1.326e-05           2.133e-06             132.909           1.113e-05             311.563           1.159e+02     
   0.000          25.000            1.326e-05           3.047e-06             132.684           1.022e-05             131.509           1.160e+02     
   5.000          25.000            2.585e-02           2.584e-02             249.081           8.726e-06             106.110           9.039e+01     
  10.000          25.000            8.963e-02           8.962e-02             221.253           7.316e-06              80.203           1.761e+02     
  15.000          25.000            1.812e-01           1.812e-01             193.363           6.162e-06              53.936           2.637e+02     
  20.000          25.000            2.933e-01           2.933e-01             167.946           5.111e-06              28.995           3.162e+02     
  25.000          25.000            3.944e-01           3.944e-01             145.705           3.981e-06               5.639           3.162e+02     
  30.000          25.000            4.419e-01           4.419e-01             125.814           2.585e-06             345.037           3.162e+02     
  35.000          25.000            4.212e-01           4.212e-01             107.146           1.263e-06             325.537           3.162e+02     
  40.000          25.000            3.537e-01           3.537e-01              88.864           3.836e-07             302.209           3.162e+02     
  45.000          25.000            2.722e-01           2.722e-01              70.502           4.909e-08             250.218           3.162e+02     
  50.000          25.000            1.990e-01           1.990e-01              51.749           7.291e-08             150.772           3.162e+02     
  55.000          25.000            1.437e-01           1.437e-01              32.176           1.888e-07             120.960           3.162e+02     
  60.000          25.000            1.084e-01           1.084e-01              11.395           2.340e-07             103.058           3.162e+02     
  65.000          25.000            9.217e-02           9.217e-02             350.093           1.948e-07              88.440           3.162e+02     
  70.000          25.000            9.157e-02           9.157e-02             330.698           1.254e-07              74.362           3.162e+02     
  75.000          25.000            1.014e-01           1.014e-01             315.629           6.370e-08              60.170           3.162e+02     
  80.000          25.000            1.151e-01           1.151e-01             305.538           2.663e-08              48.164           3.162e+02     
  85.000          25.000            1.265e-01           1.265e-01             299.894           6.583e-09              39.601           3.162e+02     
  90.000          25.000            1.308e-01           1.308e-01             298.090           5.788e-12             199.122           3.162e+02     
  95.000          25.000            1.265e-01           1.265e-01             299.894           6.569e-09             219.621           3.162e+02     
 100.000          25.000            1.151e-01           1.151e-01             305.538           2.660e-08             228.177           3.162e+02     
 105.000          25.000            1.014e-01           1.014e-01             315.629           6.367e-08             240.180           3.162e+02     
 110.000          25.000            9.157e-02           9.157e-02             330.698           1.253e-07             254.370           3.162e+02     
 115.000          25.000            9.217e-02           9.217e-02             350.093           1.948e-07             268.446           3.162e+02     
 120.000          25.000            1.084e-01           1.084e-01              11.395           2.340e-07             283.062           3.162e+02     
 125.000          25.000            1.437e-01           1.437e-01              32.176           1.888e-07             300.962           3.162e+02     
 130.000          25.000            1.990e-01           1.990e-01              51.749           7.292e-08             330.770           3.162e+02     
 135.000          25.000            2.722e-01           2.722e-01              70.502           4.908e-08              70.212           3.162e+02     
 140.000          25.000            3.537e-01           3.537e-01              88.864           3.836e-07             122.209           3.162e+02     
 145.000          25.000            4.212e-01           4.212e-01             107.146           1.263e-06             145.538           3.162e+02     
 150.000          25.000            4.419e-01           4.419e-01             125.814           2.585e-06             165.037           3.162e+02     
 155.000          25.000            3.944e-01           3.944e-01             145.705           3.980e-06             185.638           3.162e+02     
 160.000          25.000            2.933e-01           2.933e-01             167.946           5.110e-06             208.994           3.162e+02     
 165.000          25.000            1.812e-01           1.812e-01             193.363           6.161e-06             233.935           2.637e+02     
 170.000          25.000            8.963e-02           8.962e-02             221.253           7.315e-06             260.203           1.761e+02     
 175.000          25.000            2.585e-02           2.584e-02             249.081           8.725e-06             286.110           9.039e+01     
 180.000          25.000            1.326e-05           3.047e-06             132.684           1.022e-05             311.509           1.159e+02     
   0.000          30.000            1.326e-05           4.070e-06             132.522           9.195e-06             131.450           1.160e+02     
   5.000          30.000            2.567e-02           2.566e-02             247.133           7.710e-06             103.991           9.620e+01     
  10.000          30.000            9.027e-02           9.026e-02             217.481           6.428e-06              75.609           1.919e+02     
  15.000          30.000            1.859e-01           1.859e-01             188.208           5.506e-06              46.812           2.945e+02     
  20.000          30.000            3.019e-01           3.019e-01             161.600           4.713e-06              19.827           3.162e+02     
  25.000          30.000            4.011e-01           4.011e-01             137.696           3.822e-06             354.706           3.162e+02     
  30.000          30.000            4.459e-01           4.459e-01             115.275           2.538e-06             332.388           3.162e+02     
  35.000          30.000            4.342e-01           4.342e-01              93.328           1.229e-06             310.069           3.162e+02     
  40.000          30.000            3.908e-01           3.908e-01              71.760           3.438e-07             281.535           3.162e+02     
  45.000          30.000            3.360e-01           3.360e-01              51.244           6.734e-08             206.772           3.162e+02     
  50.000          30.000            2.761e-01           2.761e-01              32.332           2.170e-07             132.793           3.162e+02     
  55.000          30.000            2.143e-01           2.143e-01              14.736           4.555e-07             107.051           3.162e+02     
  60.000          30.000            1.579e-01           1.579e-01             357.387           5.779e-07              90.747           3.162e+02     
  65.000          30.000            1.154e-01           1.154e-01             339.104           5.337e-07              77.218           3.162e+02     
  70.000          30.000            9.063e-02           9.063e-02             319.840           3.933e-07              65.405           3.162e+02     
  75.000          30.000            8.160e-02           8.160e-02             301.756           2.358e-07              55.316           3.162e+02     
  80.000          30.000            8.234e-02           8.234e-02             287.834           1.078e-07              47.390           3.162e+02     
  85.000          30.000            8.615e-02           8.615e-02             279.497           2.683e-08              41.688           3.162e+02     
  90.000          30.000            8.802e-02           8.802e-02             276.771           5.894e-12             178.799           3.162e+02     
  95.000          30.000            8.615e-02           8.615e-02             279.497           2.681e-08             221.698           3.162e+02     
 100.000          30.000            8.234e-02           8.234e-02             287.834           1.077e-07             227.396           3.162e+02     
 105.000          30.000            8.160e-02           8.160e-02             301.756           2.358e-07             235.320           3.162e+02     
 110.000          30.000            9.063e-02           9.063e-02             319.840           3.933e-07             245.408           3.162e+02     
 115.000          30.000            1.154e-01           1.154e-01             339.104           5.336e-07             257.220           3.162e+02     
 120.000          30.000            1.579e-01           1.579e-01             357.387           5.779e-07             270.748           3.162e+02     
 125.000          30.000            2.143e-01           2.143e-01              14.736           4.555e-07             287.052           3.162e+02     
 130.000          30.000            2.761e-01           2.761e-01              32.332           2.170e-07             312.791           3.162e+02     
 135.000          30.000            3.360e-01           3.360e-01              51.244           6.733e-08              26.766           3.162e+02     
 140.000          30.000            3.908e-01           3.908e-01              71.760           3.438e-07             101.536           3.162e+02     
 145.000          30.000            4.342e-01           4.342e-01              93.328           1.229e-06             130.070           3.162e+02     
 150.000          30.000            4.459e-01           4.459e-01             115.275           2.538e-06             152.388           3.162e+02     
 155.000          30.000            4.011e-01           4.011e-01             137.696           3.821e-06             174.705           3.162e+02     
 160.000          30.000            3.019e-01           3.019e-01             161.600           4.712e-06             199.827           3.162e+02     
 165.000          30.000            1.859e-01           1.859e-01             188.208           5.505e-06             226.811           2.946e+02     
 170.000          30.000            9.027e-02           9.026e-02             217.481           6.427e-06             255.608           1.920e+02     
 175.000          30.000            2.567e-02           2.566e-02             247.133           7.709e-06             283.991           9.620e+01     
 180.000          30.000            1.326e-05           4.070e-06             132.522           9.194e-06             311.450           1.159e+02     
   0.000          35.000            1.326e-05           5.171e-06             132.397           8.094e-06             131.384           1.160e+02     
   5.000          35.000            2.554e-02           2.554e-02             245.403           6.674e-06             102.030           1.037e+02     
  10.000          35.000            9.135e-02           9.135e-02             214.225           5.548e-06              71.357           2.126e+02     
  15.000          35.000            1.915e-01           1.915e-01             183.908           4.845e-06              40.307           3.162e+02     
  20.000          35.000            3.107e-01           3.107e-01             156.343           4.416e-06              10.531           3.162e+02     
  25.000          35.000            4.074e-01           4.074e-01             130.877           3.635e-06             344.969           3.162e+02     
  30.000          35.000            4.521e-01           4.521e-01             105.991           2.483e-06             321.238           3.162e+02     
  35.000          35.000            4.571e-01           4.571e-01              81.074           1.207e-06             296.877           3.162e+02     
  40.000          35.000            4.473e-01           4.473e-01              57.121           3.417e-07             263.461           3.162e+02     
  45.000          35.000            4.247e-01           4.247e-01              35.682           1.232e-07             179.635           3.162e+02     
  50.000          35.000            3.764e-01           3.764e-01              17.223           4.059e-07             121.185           3.162e+02     
  55.000          35.000            3.014e-01           3.014e-01               0.918           8.187e-07              97.053           3.162e+02     
  60.000          35.000            2.170e-01           2.170e-01             345.264           1.046e-06              80.419           3.162e+02     
  65.000          35.000            1.446e-01           1.446e-01             328.532           1.032e-06              67.126           3.162e+02     
  70.000          35.000            9.674e-02           9.674e-02             309.432           8.201e-07              56.365           3.162e+02     
  75.000          35.000            7.330e-02           7.330e-02             288.928           5.267e-07              47.596           3.162e+02     
  80.000          35.000            6.665e-02           6.665e-02             271.158           2.535e-07              41.018           3.162e+02     
  85.000          35.000            6.735e-02           6.735e-02             259.898           6.643e-08              36.775           3.162e+02     
  90.000          35.000            6.842e-02           6.842e-02             256.159           6.161e-12             164.218           3.162e+02     
  95.000          35.000            6.735e-02           6.735e-02             259.898           6.639e-08             216.779           3.162e+02     
 100.000          35.000            6.665e-02           6.665e-02             271.158           2.534e-07             221.019           3.162e+02     
 105.000          35.000            7.330e-02           7.330e-02             288.928           5.266e-07             227.597           3.162e+02     
 110.000          35.000            9.674e-02           9.674e-02             309.432           8.200e-07             236.365           3.162e+02     
 115.000          35.000            1.446e-01           1.446e-01             328.532           1.032e-06             247.126           3.162e+02     
 120.000          35.000            2.170e-01           2.170e-01             345.264           1.046e-06             260.419           3.162e+02     
 125.000          35.000            3.014e-01           3.014e-01               0.918           8.187e-07             277.052           3.162e+02     
 130.000          35.000            3.764e-01           3.764e-01              17.223           4.059e-07             301.183           3.162e+02     
 135.000          35.000            4.247e-01           4.247e-01              35.682           1.231e-07             359.630           3.162e+02     
 140.000          35.000            4.473e-01           4.473e-01              57.121           3.416e-07              83.462           3.162e+02     
 145.000          35.000            4.571e-01           4.571e-01              81.074           1.207e-06             116.877           3.162e+02     
 150.000          35.000            4.521e-01           4.521e-01             105.991           2.483e-06             141.238           3.162e+02     
 155.000          35.000            4.074e-01           4.074e-01             130.877           3.635e-06             164.968           3.162e+02     
 160.000          35.000            3.107e-01           3.107e-01             156.343           4.416e-06             190.530           3.162e+02     
 165.000          35.000            1.915e-01           1.915e-01             183.908           4.844e-06             220.306           3.162e+02     
 170.000          35.000            9.135e-02           9.135e-02             214.225           5.548e-06             251.356           2.126e+02     
 175.000          35.000            2.554e-02           2.554e-02             245.403           6.674e-06             282.030           1.037e+02     
 180.000          35.000            1.326e-05           5.171e-06             132.398           8.093e-06             311.384           1.159e+02     
   0.000          40.000            1.326e-05           6.317e-06             132.297           6.948e-06             131.308           1.160e+02     
   5.000          40.000            2.547e-02           2.546e-02             243.908           5.645e-06             100.240           1.134e+02     
  10.000          40.000            9.279e-02           9.279e-02             211.510           4.689e-06              67.501           2.394e+02     
  15.000          40.000            1.976e-01           1.976e-01             180.464           4.169e-06              34.517           3.162e+02     
  20.000          40.000            3.195e-01           3.195e-01             152.168           3.981e-06               3.092           3.162e+02     
  25.000          40.000            4.132e-01           4.132e-01             125.315           3.418e-06             336.081           3.162e+02     
  30.000          40.000            4.592e-01           4.592e-01              98.180           2.374e-06             311.434           3.162e+02     
  35.000          40.000            4.844e-01           4.844e-01              70.754           1.220e-06             285.161           3.162e+02     
  40.000          40.000            5.111e-01           5.111e-01              45.146           3.758e-07             245.648           3.162e+02     
  45.000          40.000            5.202e-01           5.202e-01              23.192           2.069e-07             165.953           3.162e+02     
  50.000          40.000            4.803e-01           4.803e-01               4.736           5.984e-07             114.745           3.162e+02     
  55.000          40.000            3.894e-01           3.894e-01             348.344           1.141e-06              90.373           3.162e+02     
  60.000          40.000            2.780e-01           2.780e-01             332.175           1.512e-06              73.875           3.162e+02     
  65.000          40.000            1.819e-01           1.819e-01             314.260           1.521e-06              60.494           3.162e+02     
  70.000          40.000            1.207e-01           1.207e-01             293.226           1.262e-06              50.074           3.162e+02     
  75.000          40.000            9.382e-02           9.382e-02             270.641           8.421e-07              41.817           3.162e+02     
  80.000          40.000            8.946e-02           8.946e-02             251.695           4.171e-07              35.776           3.162e+02     
  85.000          40.000            9.359e-02           9.359e-02             240.133           1.111e-07              31.964           3.162e+02     
  90.000          40.000            9.616e-02           9.616e-02             236.372           6.309e-12             153.359           3.162e+02     
  95.000          40.000            9.359e-02           9.359e-02             240.133           1.110e-07             211.963           3.162e+02     
 100.000          40.000            8.946e-02           8.946e-02             251.695           4.170e-07             215.776           3.162e+02     
 105.000          40.000            9.382e-02           9.382e-02             270.641           8.419e-07             221.816           3.162e+02     
 110.000          40.000            1.207e-01           1.207e-01             293.226           1.262e-06             230.074           3.162e+02     
 115.000          40.000            1.819e-01           1.819e-01             314.260           1.521e-06             240.493           3.162e+02     
 120.000          40.000            2.780e-01           2.780e-01             332.175           1.511e-06             253.874           3.162e+02     
 125.000          40.000            3.894e-01           3.894e-01             348.344           1.141e-06             270.371           3.162e+02     
 130.000          40.000            4.803e-01           4.803e-01               4.736           5.984e-07             294.743           3.162e+02     
 135.000          40.000            5.202e-01           5.202e-01              23.192           2.068e-07             345.949           3.162e+02     
 140.000          40.000            5.111e-01           5.111e-01              45.146           3.757e-07              65.649           3.162e+02     
 145.000          40.000            4.844e-01           4.844e-01              70.754           1.220e-06             105.161           3.162e+02     
 150.000          40.000            4.592e-01           4.592e-01              98.180           2.373e-06             131.433           3.162e+02     
 155.000          40.000            4.132e-01           4.132e-01             125.315           3.418e-06             156.080           3.162e+02     
 160.000          40.000            3.195e-01           3.195e-01             152.168           3.981e-06             183.090           3.162e+02     
 165.000          40.000            1.976e-01           1.976e-01             180.464           4.169e-06             214.515           3.162e+02     
 170.000          40.000            9.279e-02           9.279e-02             211.510           4.689e-06             247.500           2.394e+02     
 175.000          40.000            2.547e-02           2.546e-02             243.908           5.644e-06             280.240           1.134e+02     
 180.000          40.000            1.326e-05           6.316e-06             132.298           6.948e-06             311.308           1.159e+02     
   0.000          45.000            1.326e-05           7.472e-06             132.214           5.793e-06             131.218           1.160e+02     
   5.000          45.000            2.544e-02           2.544e-02             242.663           4.645e-06              98.629           1.260e+02     
  10.000          45.000            9.449e-02           9.448e-02             209.346           3.862e-06              64.086           2.745e+02     
  15.000          45.000            2.039e-01           2.039e-01             177.861           3.558e-06              28.428           3.162e+02     
  20.000          45.000            3.281e-01           3.281e-01             149.060           3.481e-06             356.595           3.162e+02     
  25.000          45.000            4.185e-01           4.185e-01             121.057           3.091e-06             328.594           3.162e+02     
  30.000          45.000            4.660e-01           4.660e-01              91.986           2.253e-06             302.734           3.162e+02     
  35.000          45.000            5.111e-01           5.111e-01              62.518           1.188e-06             274.299           3.162e+02     
  40.000          45.000            5.719e-01           5.719e-01              35.675           4.429e-07             231.783           3.162e+02     
  45.000          45.000            6.092e-01           6.092e-01              13.155           3.319e-07             161.193           3.162e+02     
  50.000          45.000            5.757e-01           5.757e-01             354.069           7.314e-07             113.350           3.162e+02     
  55.000          45.000            4.722e-01           4.722e-01             336.431           1.332e-06              88.344           3.162e+02     
  60.000          45.000            3.444e-01           3.444e-01             318.078           1.746e-06              71.054           3.162e+02     
  65.000          45.000            2.413e-01           2.413e-01             297.160           1.802e-06              57.609           3.162e+02     
  70.000          45.000            1.860e-01           1.860e-01             273.791           1.517e-06              46.916           3.162e+02     
  75.000          45.000            1.740e-01           1.740e-01             251.837           1.030e-06              38.648           3.162e+02     
  80.000          45.000            1.862e-01           1.862e-01             235.687           5.091e-07              32.262           3.162e+02     
  85.000          45.000            2.027e-01           2.027e-01             226.454           1.368e-07              28.622           3.162e+02     
  90.000          45.000            2.097e-01           2.097e-01             223.504           6.278e-12             142.502           3.162e+02     
  95.000          45.000            2.027e-01           2.027e-01             226.454           1.368e-07             208.618           3.162e+02     
 100.000          45.000            1.862e-01           1.862e-01             235.687           5.090e-07             212.260           3.162e+02     
 105.000          45.000            1.740e-01           1.740e-01             251.837           1.029e-06             218.646           3.162e+02     
 110.000          45.000            1.860e-01           1.860e-01             273.791           1.517e-06             226.914           3.162e+02     
 115.000          45.000            2.413e-01           2.413e-01             297.160           1.802e-06             237.608           3.162e+02     
 120.000          45.000            3.444e-01           3.444e-01             318.078           1.746e-06             251.053           3.162e+02     
 125.000          45.000            4.722e-01           4.722e-01             336.431           1.332e-06             268.342           3.162e+02     
 130.000          45.000            5.757e-01           5.757e-01             354.069           7.313e-07             293.348           3.162e+02     
 135.000          45.000            6.092e-01           6.092e-01              13.155           3.318e-07             341.190           3.162e+02     
 140.000          45.000            5.719e-01           5.719e-01              35.675           4.428e-07              51.783           3.162e+02     
 145.000          45.000            5.111e-01           5.111e-01              62.518           1.188e-06              94.299           3.162e+02     
 150.000          45.000            4.660e-01           4.660e-01              91.986           2.253e-06             122.733           3.162e+02     
 155.000          45.000            4.185e-01           4.185e-01             121.057           3.091e-06             148.593           3.162e+02     
 160.000          45.000            3.281e-01           3.281e-01             149.060           3.481e-06             176.594           3.162e+02     
 165.000          45.000            2.039e-01           2.039e-01             177.861           3.558e-06             208.426           3.162e+02     
 170.000          45.000            9.449e-02           9.448e-02             209.346           3.861e-06             244.085           2.745e+02     
 175.000          45.000            2.544e-02           2.544e-02             242.663           4.645e-06             278.629           1.260e+02     
 180.000          45.000            1.326e-05           7.471e-06             132.214           5.793e-06             311.218           1.159e+02     
   0.000          50.000            1.326e-05           8.601e-06             132.143           4.664e-06             131.108           1.160e+02     
   5.000          50.000            2.546e-02           2.545e-02             241.676           3.699e-06              97.196           1.428e+02     
  10.000          50.000            9.635e-02           9.635e-02             207.736           3.079e-06              61.139           3.162e+02     
  15.000          50.000            2.104e-01           2.104e-01             176.066           2.913e-06              23.952           3.162e+02     
  20.000          50.000            3.367e-01           3.367e-01             146.987           2.918e-06             351.016           3.162e+02     
  25.000          50.000            4.238e-01           4.238e-01             118.118           2.667e-06             322.041           3.162e+02     
  30.000          50.000            4.725e-01           4.725e-01              87.496           2.032e-06             294.537           3.162e+02     
  35.000          50.000            5.348e-01           5.348e-01              56.428           1.144e-06             264.360           3.162e+02     
  40.000          50.000            6.249e-01           6.249e-01              28.625           5.465e-07             221.083           3.162e+02     
  45.000          50.000            6.857e-01           6.857e-01               5.474           4.618e-07             162.194           3.162e+02     
  50.000          50.000            6.583e-01           6.583e-01             345.443           8.259e-07             117.761           3.162e+02     
  55.000          50.000            5.492e-01           5.492e-01             326.110           1.306e-06              90.621           3.162e+02     
  60.000          50.000            4.198e-01           4.198e-01             305.177           1.653e-06              72.267           3.162e+02     
  65.000          50.000            3.307e-01           3.307e-01             281.623           1.671e-06              57.987           3.162e+02     
  70.000          50.000            3.054e-01           3.054e-01             257.801           1.405e-06              46.787           3.162e+02     
  75.000          50.000            3.309e-01           3.309e-01             238.253           9.539e-07              38.188           3.162e+02     
  80.000          50.000            3.779e-01           3.779e-01             225.076           4.793e-07              32.039           3.162e+02     
  85.000          50.000            4.182e-01           4.182e-01             217.770           1.286e-07              28.208           3.162e+02     
  90.000          50.000            4.336e-01           4.336e-01             215.449           6.338e-12             128.979           3.162e+02     
  95.000          50.000            4.182e-01           4.182e-01             217.770           1.285e-07             208.202           3.162e+02     
 100.000          50.000            3.779e-01           3.779e-01             225.076           4.792e-07             212.036           3.162e+02     
 105.000          50.000            3.309e-01           3.309e-01             238.253           9.538e-07             218.186           3.162e+02     
 110.000          50.000            3.054e-01           3.054e-01             257.801           1.405e-06             226.785           3.162e+02     
 115.000          50.000            3.307e-01           3.307e-01             281.623           1.671e-06             237.985           3.162e+02     
 120.000          50.000            4.198e-01           4.198e-01             305.177           1.653e-06             252.265           3.162e+02     
 125.000          50.000            5.492e-01           5.492e-01             326.110           1.306e-06             270.619           3.162e+02     
 130.000          50.000            6.583e-01           6.583e-01             345.443           8.259e-07             297.758           3.162e+02     
 135.000          50.000            6.857e-01           6.857e-01               5.474           4.617e-07             342.191           3.162e+02     
 140.000          50.000            6.249e-01           6.249e-01              28.625           5.465e-07              41.082           3.162e+02     
 145.000          50.000            5.348e-01           5.348e-01              56.428           1.144e-06              84.360           3.162e+02     
 150.000          50.000            4.725e-01           4.725e-01              87.496           2.032e-06             114.536           3.162e+02     
 155.000          50.000            4.238e-01           4.238e-01             118.118           2.667e-06             142.040           3.162e+02     
 160.000          50.000            3.367e-01           3.367e-01             146.987           2.917e-06             171.014           3.162e+02     
 165.000          50.000            2.104e-01           2.104e-01             176.066           2.912e-06             203.950           3.162e+02     
 170.000          50.000            9.635e-02           9.635e-02             207.736           3.079e-06             241.138           3.162e+02     
 175.000          50.000            2.546e-02           2.545e-02             241.676           3.698e-06             277.196           1.428e+02     
 180.000          50.000            1.326e-05           8.601e-06             132.143           4.663e-06             311.108           1.159e+02     
   0.000          55.000            1.326e-05           9.671e-06             132.080           3.594e-06             130.969           1.160e+02     
   5.000          55.000            2.551e-02           2.550e-02             240.956           2.826e-06              95.928           1.658e+02     
  10.000          55.000            9.831e-02           9.831e-02             206.675           2.356e-06              58.669           3.162e+02     
  15.000          55.000            2.169e-01           2.169e-01             175.047           2.270e-06              20.249           3.162e+02     
  20.000          55.000            3.454e-01           3.454e-01             145.906           2.311e-06             346.281           3.162e+02     
  25.000          55.000            4.301e-01           4.301e-01             116.486           2.167e-06             316.243           3.162e+02     
  30.000          55.000            4.796e-01           4.796e-01              84.754           1.736e-06             287.430           3.162e+02     
  35.000          55.000            5.558e-01           5.558e-01              52.547           1.108e-06             255.046           3.162e+02     
  40.000          55.000            6.694e-01           6.694e-01              24.080           6.670e-07             214.317           3.162e+02     
  45.000          55.000            7.486e-01           7.486e-01               0.440           6.113e-07             165.321           3.162e+02     
  50.000          55.000            7.246e-01           7.246e-01             339.614           8.461e-07             126.009           3.162e+02     
  55.000          55.000            6.108e-01           6.108e-01             318.856           1.147e-06              98.803           3.162e+02     
  60.000          55.000            4.846e-01           4.846e-01             295.840           1.308e-06              78.900           3.162e+02     
  65.000          55.000            4.181e-01           4.181e-01             270.465           1.246e-06              62.758           3.162e+02     
  70.000          55.000            4.342e-01           4.342e-01             246.628           1.013e-06              50.672           3.162e+02     
  75.000          55.000            5.099e-01           5.099e-01             228.527           6.722e-07              41.332           3.162e+02     
  80.000          55.000            6.030e-01           6.030e-01             216.831           3.325e-07              34.617           3.162e+02     
  85.000          55.000            6.750e-01           6.750e-01             210.438           8.826e-08              30.393           3.162e+02     
  90.000          55.000            7.016e-01           7.016e-01             208.413           6.891e-12             114.051           3.162e+02     
  95.000          55.000            6.750e-01           6.750e-01             210.438           8.822e-08             210.384           3.162e+02     
 100.000          55.000            6.030e-01           6.030e-01             216.831           3.325e-07             214.612           3.162e+02     
 105.000          55.000            5.099e-01           5.099e-01             228.527           6.721e-07             221.329           3.162e+02     
 110.000          55.000            4.342e-01           4.342e-01             246.628           1.013e-06             230.669           3.162e+02     
 115.000          55.000            4.181e-01           4.181e-01             270.465           1.246e-06             242.756           3.162e+02     
 120.000          55.000            4.846e-01           4.846e-01             295.840           1.308e-06             258.899           3.162e+02     
 125.000          55.000            6.108e-01           6.108e-01             318.856           1.147e-06             278.801           3.162e+02     
 130.000          55.000            7.246e-01           7.246e-01             339.614           8.460e-07             306.007           3.162e+02     
 135.000          55.000            7.486e-01           7.486e-01               0.440           6.112e-07             345.319           3.162e+02     
 140.000          55.000            6.694e-01           6.694e-01              24.080           6.669e-07              34.316           3.162e+02     
 145.000          55.000            5.558e-01           5.558e-01              52.547           1.108e-06              75.045           3.162e+02     
 150.000          55.000            4.796e-01           4.796e-01              84.754           1.736e-06             107.429           3.162e+02     
 155.000          55.000            4.301e-01           4.301e-01             116.486           2.167e-06             136.241           3.162e+02     
 160.000          55.000            3.454e-01           3.454e-01             145.906           2.310e-06             166.278           3.162e+02     
 165.000          55.000            2.169e-01           2.169e-01             175.047           2.270e-06             200.246           3.162e+02     
 170.000          55.000            9.831e-02           9.831e-02             206.675           2.355e-06             238.668           3.162e+02     
 175.000          55.000            2.551e-02           2.550e-02             240.956           2.825e-06             275.927           1.658e+02     
 180.000          55.000            1.326e-05           9.670e-06             132.081           3.594e-06             310.968           1.159e+02     
   0.000          60.000            1.326e-05           1.065e-05             132.024           2.617e-06             130.782           1.160e+02     
   5.000          60.000            2.558e-02           2.558e-02             240.507           2.045e-06              94.785           1.986e+02     
  10.000          60.000            1.003e-01           1.003e-01             206.149           1.707e-06              56.650           3.162e+02     
  15.000          60.000            2.233e-01           2.233e-01             174.766           1.665e-06              17.232           3.162e+02     
  20.000          60.000            3.546e-01           3.546e-01             145.767           1.723e-06             342.213           3.162e+02     
  25.000          60.000            4.383e-01           4.383e-01             116.115           1.691e-06             311.066           3.162e+02     
  30.000          60.000            4.892e-01           4.892e-01              83.757           1.398e-06             280.846           3.162e+02     
  35.000          60.000            5.763e-01           5.763e-01              50.926           1.021e-06             247.509           3.162e+02     
  40.000          60.000            7.076e-01           7.076e-01              22.175           7.837e-07             209.381           3.162e+02     
  45.000          60.000            7.982e-01           7.982e-01             358.389           7.298e-07             169.726           3.162e+02     
  50.000          60.000            7.698e-01           7.698e-01             337.244           8.366e-07             136.996           3.162e+02     
  55.000          60.000            6.405e-01           6.405e-01             315.704           9.156e-07             111.811           3.162e+02     
  60.000          60.000            5.040e-01           5.040e-01             291.125           8.978e-07              91.497           3.162e+02     
  65.000          60.000            4.465e-01           4.465e-01             263.684           7.651e-07              74.978           3.162e+02     
  70.000          60.000            4.936e-01           4.936e-01             238.536           5.625e-07              61.489           3.162e+02     
  75.000          60.000            6.138e-01           6.138e-01             220.230           3.462e-07              50.811           3.162e+02     
  80.000          60.000            7.513e-01           7.513e-01             208.746           1.626e-07              42.960           3.162e+02     
  85.000          60.000            8.553e-01           8.553e-01             202.556           4.169e-08              37.898           3.162e+02     
  90.000          60.000            8.936e-01           8.936e-01             200.605           7.726e-12             102.104           3.162e+02     
  95.000          60.000            8.553e-01           8.553e-01             202.556           4.167e-08             217.887           3.162e+02     
 100.000          60.000            7.513e-01           7.513e-01             208.746           1.625e-07             222.955           3.162e+02     
 105.000          60.000            6.138e-01           6.138e-01             220.230           3.462e-07             230.808           3.162e+02     
 110.000          60.000            4.936e-01           4.936e-01             238.536           5.624e-07             241.487           3.162e+02     
 115.000          60.000            4.465e-01           4.465e-01             263.684           7.650e-07             254.977           3.162e+02     
 120.000          60.000            5.040e-01           5.040e-01             291.125           8.977e-07             271.495           3.162e+02     
 125.000          60.000            6.405e-01           6.405e-01             315.704           9.156e-07             291.809           3.162e+02     
 130.000          60.000            7.698e-01           7.698e-01             337.244           8.366e-07             316.994           3.162e+02     
 135.000          60.000            7.982e-01           7.982e-01             358.389           7.297e-07             349.723           3.162e+02     
 140.000          60.000            7.076e-01           7.076e-01              22.175           7.836e-07              29.379           3.162e+02     
 145.000          60.000            5.763e-01           5.763e-01              50.926           1.021e-06              67.507           3.162e+02     
 150.000          60.000            4.892e-01           4.892e-01              83.757           1.398e-06             100.844           3.162e+02     
 155.000          60.000            4.383e-01           4.383e-01             116.115           1.690e-06             131.064           3.162e+02     
 160.000          60.000            3.546e-01           3.546e-01             145.767           1.723e-06             162.210           3.162e+02     
 165.000          60.000            2.233e-01           2.233e-01             174.766           1.664e-06             197.228           3.162e+02     
 170.000          60.000            1.003e-01           1.003e-01             206.149           1.707e-06             236.648           3.162e+02     
 175.000          60.000            2.558e-02           2.558e-02             240.507           2.045e-06             274.784           1.986e+02     
 180.000          60.000            1.326e-05           1.065e-05             132.024           2.616e-06             310.782           1.159e+02     
   0.000          65.000            1.326e-05           1.150e-05             131.972           1.761e-06             130.516           1.160e+02     
   5.000          65.000            2.567e-02           2.567e-02             240.332           1.374e-06              93.679           2.487e+02     
  10.000          65.000            1.022e-01           1.022e-01             206.146           1.148e-06              54.999           3.162e+02     
  15.000          65.000            2.294e-01           2.294e-01             175.185           1.123e-06              14.800           3.162e+02     
  20.000          65.000            3.642e-01           3.642e-01             146.511           1.173e-06             338.779           3.162e+02     
  25.000          65.000            4.493e-01           4.493e-01             116.937           1.160e-06             306.217           3.162e+02     
  30.000          65.000            5.030e-01           5.030e-01              84.450           1.040e-06             274.590           3.162e+02     
  35.000          65.000            5.989e-01           5.989e-01              51.536           8.953e-07             241.686           3.162e+02     
  40.000          65.000            7.424e-01           7.424e-01              22.922           8.082e-07             207.039           3.162e+02     
  45.000          65.000            8.372e-01           8.372e-01             359.398           8.125e-07             175.599           3.162e+02     
  50.000          65.000            7.945e-01           7.945e-01             338.505           8.150e-07             150.109           3.162e+02     
  55.000          65.000            6.346e-01           6.346e-01             316.913           7.255e-07             128.278           3.162e+02     
  60.000          65.000            4.672e-01           4.672e-01             291.141           5.870e-07             111.106           3.162e+02     
  65.000          65.000            3.972e-01           3.972e-01             260.525           4.097e-07              96.529           3.162e+02     
  70.000          65.000            4.583e-01           4.583e-01             232.040           2.464e-07              84.034           3.162e+02     
  75.000          65.000            6.135e-01           6.135e-01             212.129           1.245e-07              74.116           3.162e+02     
  80.000          65.000            7.926e-01           7.926e-01             200.165           4.972e-08              65.835           3.162e+02     
  85.000          65.000            9.292e-01           9.292e-01             193.870           1.131e-08              60.148           3.162e+02     
  90.000          65.000            9.796e-01           9.796e-01             191.906           7.688e-12              95.917           3.162e+02     
  95.000          65.000            9.292e-01           9.292e-01             193.870           1.129e-08             240.147           3.162e+02     
 100.000          65.000            7.926e-01           7.926e-01             200.165           4.970e-08             245.835           3.162e+02     
 105.000          65.000            6.135e-01           6.135e-01             212.129           1.245e-07             254.116           3.162e+02     
 110.000          65.000            4.583e-01           4.583e-01             232.040           2.463e-07             264.034           3.162e+02     
 115.000          65.000            3.972e-01           3.972e-01             260.525           4.096e-07             276.529           3.162e+02     
 120.000          65.000            4.672e-01           4.672e-01             291.141           5.870e-07             291.105           3.162e+02     
 125.000          65.000            6.346e-01           6.346e-01             316.913           7.255e-07             308.277           3.162e+02     
 130.000          65.000            7.945e-01           7.945e-01             338.505           8.150e-07             330.108           3.162e+02     
 135.000          65.000            8.372e-01           8.372e-01             359.398           8.125e-07             355.596           3.162e+02     
 140.000          65.000            7.424e-01           7.424e-01              22.922           8.081e-07              27.036           3.162e+02     
 145.000          65.000            5.989e-01           5.989e-01              51.536           8.952e-07              61.684           3.162e+02     
 150.000          65.000            5.030e-01           5.030e-01              84.450           1.040e-06              94.587           3.162e+02     
 155.000          65.000            4.493e-01           4.493e-01             116.937           1.160e-06             126.214           3.162e+02     
 160.000          65.000            3.642e-01           3.642e-01             146.511           1.172e-06             158.775           3.162e+02     
 165.000          65.000            2.294e-01           2.294e-01             175.185           1.123e-06             194.796           3.162e+02     
 170.000          65.000            1.022e-01           1.022e-01             206.146           1.148e-06             234.996           3.162e+02     
 175.000          65.000            2.567e-02           2.567e-02             240.332           1.373e-06             273.678           2.487e+02     
 180.000          65.000            1.326e-05           1.150e-05             131.973           1.761e-06             310.516           1.159e+02     
   0.000          70.000            1.326e-05           1.221e-05             131.924           1.054e-06             130.097           1.160e+02     
   5.000          70.000            2.578e-02           2.578e-02             240.428           8.249e-07              92.403           3.162e+02     
  10.000          70.000            1.040e-01           1.040e-01             206.648           6.915e-07              53.503           3.162e+02     
  15.000          70.000            2.352e-01           2.352e-01             176.268           6.722e-07              12.705           3.162e+02     
  20.000          70.000            3.743e-01           3.743e-01             148.084           7.012e-07             335.450           3.162e+02     
  25.000          70.000            4.632e-01           4.632e-01             118.867           7.332e-07             301.408           3.162e+02     
  30.000          70.000            5.220e-01           5.220e-01              86.716           7.110e-07             268.383           3.162e+02     
  35.000          70.000            6.255e-01           6.254e-01              54.230           6.968e-07             236.023           3.162e+02     
  40.000          70.000            7.766e-01           7.766e-01              26.120           7.301e-07             206.092           3.162e+02     
  45.000          70.000            8.704e-01           8.704e-01               3.168           7.645e-07             181.445           3.162e+02     
  50.000          70.000            8.085e-01           8.085e-01             342.951           7.338e-07             162.577           3.162e+02     
  55.000          70.000            6.117e-01           6.117e-01             321.956           6.133e-07             147.893           3.162e+02     
  60.000          70.000            4.043e-01           4.043e-01             295.529           4.390e-07             137.074           3.162e+02     
  65.000          70.000            3.118e-01           3.118e-01             260.674           2.683e-07             129.599           3.162e+02     
  70.000          70.000            3.805e-01           3.805e-01             227.008           1.416e-07             125.805           3.162e+02     
  75.000          70.000            5.700e-01           5.700e-01             205.017           6.278e-08             124.395           3.162e+02     
  80.000          70.000            7.946e-01           7.946e-01             192.682           2.225e-08             125.336           3.162e+02     
  85.000          70.000            9.685e-01           9.685e-01             186.421           4.641e-09             127.469           3.162e+02     
  90.000          70.000            1.033e+00           1.033e+00             184.493           5.902e-12              96.102           3.162e+02     
  95.000          70.000            9.685e-01           9.685e-01             186.421           4.639e-09             307.509           3.162e+02     
 100.000          70.000            7.946e-01           7.946e-01             192.682           2.224e-08             305.352           3.162e+02     
 105.000          70.000            5.700e-01           5.700e-01             205.017           6.277e-08             304.403           3.162e+02     
 110.000          70.000            3.805e-01           3.805e-01             227.008           1.416e-07             305.809           3.162e+02     
 115.000          70.000            3.118e-01           3.118e-01             260.674           2.683e-07             309.600           3.162e+02     
 120.000          70.000            4.043e-01           4.043e-01             295.529           4.390e-07             317.074           3.162e+02     
 125.000          70.000            6.117e-01           6.117e-01             321.956           6.133e-07             327.891           3.162e+02     
 130.000          70.000            8.085e-01           8.085e-01             342.951           7.338e-07             342.575           3.162e+02     
 135.000          70.000            8.704e-01           8.704e-01               3.168           7.645e-07               1.442           3.162e+02     
 140.000          70.000            7.766e-01           7.766e-01              26.120           7.300e-07              26.088           3.162e+02     
 145.000          70.000            6.255e-01           6.255e-01              54.230           6.968e-07              56.019           3.162e+02     
 150.000          70.000            5.220e-01           5.220e-01              86.716           7.110e-07              88.378           3.162e+02     
 155.000          70.000            4.632e-01           4.632e-01             118.867           7.331e-07             121.403           3.162e+02     
 160.000          70.000            3.743e-01           3.743e-01             148.084           7.011e-07             155.445           3.162e+02     
 165.000          70.000            2.352e-01           2.352e-01             176.268           6.721e-07             192.700           3.162e+02     
 170.000          70.000            1.040e-01           1.040e-01             206.648           6.914e-07             233.500           3.162e+02     
 175.000          70.000            2.578e-02           2.578e-02             240.428           8.247e-07             272.401           3.162e+02     
 180.000          70.000            1.326e-05           1.221e-05             131.924           1.054e-06             310.096           1.159e+02     
   0.000          75.000            1.326e-05           1.275e-05             131.878           5.160e-07             129.323           1.160e+02     
   5.000          75.000            2.590e-02           2.590e-02             240.794           4.103e-07              90.387           3.162e+02     
  10.000          75.000            1.056e-01           1.056e-01             207.637           3.472e-07              51.575           3.162e+02     
  15.000          75.000            2.404e-01           2.404e-01             177.983           3.311e-07              10.252           3.162e+02     
  20.000          75.000            3.845e-01           3.845e-01             150.434           3.428e-07             331.125           3.162e+02     
  25.000          75.000            4.797e-01           4.797e-01             121.814           3.821e-07             295.058           3.162e+02     
  30.000          75.000            5.458e-01           5.458e-01              90.394           4.235e-07             261.353           3.162e+02     
  35.000          75.000            6.559e-01           6.559e-01              58.752           4.920e-07             231.390           3.162e+02     
  40.000          75.000            8.107e-01           8.107e-01              31.389           5.707e-07             206.464           3.162e+02     
  45.000          75.000            9.011e-01           9.011e-01               9.113           6.061e-07             187.282           3.162e+02     
  50.000          75.000            8.231e-01           8.231e-01             349.659           5.864e-07             174.739           3.162e+02     
  55.000          75.000            5.966e-01           5.966e-01             329.519           4.943e-07             166.572           3.162e+02     
  60.000          75.000            3.566e-01           3.566e-01             303.120           3.699e-07             162.554           3.162e+02     
  65.000          75.000            2.458e-01           2.458e-01             264.321           2.558e-07             162.314           3.162e+02     
  70.000          75.000            3.228e-01           3.228e-01             225.435           1.618e-07             164.242           3.162e+02     
  75.000          75.000            5.462e-01           5.462e-01             202.160           9.271e-08             167.404           3.162e+02     
  80.000          75.000            8.162e-01           8.162e-01             190.007           4.288e-08             170.479           3.162e+02     
  85.000          75.000            1.028e+00           1.028e+00             184.026           1.109e-08             172.866           3.162e+02     
  90.000          75.000            1.107e+00           1.107e+00             182.204           3.100e-12             104.077           3.162e+02     
  95.000          75.000            1.028e+00           1.028e+00             184.026           1.109e-08             352.877           3.162e+02     
 100.000          75.000            8.162e-01           8.162e-01             190.007           4.288e-08             350.484           3.162e+02     
 105.000          75.000            5.462e-01           5.462e-01             202.160           9.272e-08             347.407           3.162e+02     
 110.000          75.000            3.228e-01           3.228e-01             225.435           1.618e-07             344.243           3.162e+02     
 115.000          75.000            2.458e-01           2.458e-01             264.321           2.558e-07             342.313           3.162e+02     
 120.000          75.000            3.566e-01           3.566e-01             303.120           3.699e-07             342.552           3.162e+02     
 125.000          75.000            5.966e-01           5.966e-01             329.519           4.943e-07             346.570           3.162e+02     
 130.000          75.000            8.231e-01           8.231e-01             349.659           5.865e-07             354.735           3.162e+02     
 135.000          75.000            9.011e-01           9.011e-01               9.113           6.061e-07               7.278           3.162e+02     
 140.000          75.000            8.107e-01           8.107e-01              31.389           5.707e-07              26.459           3.162e+02     
 145.000          75.000            6.559e-01           6.559e-01              58.752           4.920e-07              51.384           3.162e+02     
 150.000          75.000            5.458e-01           5.458e-01              90.394           4.235e-07              81.347           3.162e+02     
 155.000          75.000            4.797e-01           4.797e-01             121.814           3.821e-07             115.051           3.162e+02     
 160.000          75.000            3.845e-01           3.845e-01             150.434           3.428e-07             151.117           3.162e+02     
 165.000          75.000            2.404e-01           2.404e-01             177.983           3.310e-07             190.244           3.162e+02     
 170.000          75.000            1.056e-01           1.056e-01             207.637           3.471e-07             231.570           3.162e+02     
 175.000          75.000            2.590e-02           2.590e-02             240.794           4.102e-07             270.384           3.162e+02     
 180.000          75.000            1.326e-05           1.275e-05             131.879           5.159e-07             309.321           1.159e+02     
   0.000          80.000            1.326e-05           1.310e-05             131.834           1.640e-07             127.359           1.160e+02     
   5.000          80.000            2.602e-02           2.602e-02             241.425           1.384e-07              85.396           3.162e+02     
  10.000          80.000            1.070e-01           1.070e-01             209.097           1.211e-07              46.980           3.162e+02     
  15.000          80.000            2.449e-01           2.449e-01             180.304           1.111e-07               4.720           3.162e+02     
  20.000          80.000            3.941e-01           3.941e-01             153.523           1.158e-07             321.590           3.162e+02     
  25.000          80.000            4.974e-01           4.974e-01             125.700           1.516e-07             282.650           3.162e+02     
  30.000          80.000            5.727e-01           5.727e-01              95.312           2.100e-07             250.068           3.162e+02     
  35.000          80.000            6.883e-01           6.883e-01              64.812           2.890e-07             225.183           3.162e+02     
  40.000          80.000            8.424e-01           8.424e-01              38.316           3.645e-07             206.955           3.162e+02     
  45.000          80.000            9.274e-01           9.274e-01              16.623           4.101e-07             195.307           3.162e+02     
  50.000          80.000            8.398e-01           8.398e-01             357.660           4.081e-07             188.264           3.162e+02     
  55.000          80.000            5.995e-01           5.995e-01             338.013           3.703e-07             185.458           3.162e+02     
  60.000          80.000            3.448e-01           3.448e-01             311.791           3.152e-07             185.524           3.162e+02     
  65.000          80.000            2.272e-01           2.272e-01             271.311           2.572e-07             187.055           3.162e+02     
  70.000          80.000            3.133e-01           3.133e-01             230.302           1.924e-07             188.658           3.162e+02     
  75.000          80.000            5.621e-01           5.621e-01             206.888           1.252e-07             189.857           3.162e+02     
  80.000          80.000            8.651e-01           8.651e-01             195.041           6.251e-08             190.555           3.162e+02     
  85.000          80.000            1.104e+00           1.104e+00             189.281           1.628e-08             191.119           3.162e+02     
  90.000          80.000            1.194e+00           1.194e+00             187.534           9.684e-13             127.729           3.162e+02     
  95.000          80.000            1.104e+00           1.104e+00             189.281           1.628e-08              11.117           3.162e+02     
 100.000          80.000            8.651e-01           8.651e-01             195.041           6.251e-08              10.553           3.162e+02     
 105.000          80.000            5.621e-01           5.621e-01             206.888           1.252e-07               9.855           3.162e+02     
 110.000          80.000            3.133e-01           3.133e-01             230.302           1.924e-07               8.655           3.162e+02     
 115.000          80.000            2.272e-01           2.272e-01             271.311           2.572e-07               7.052           3.162e+02     
 120.000          80.000            3.448e-01           3.448e-01             311.791           3.152e-07               5.521           3.162e+02     
 125.000          80.000            5.995e-01           5.995e-01             338.013           3.703e-07               5.454           3.162e+02     
 130.000          80.000            8.398e-01           8.398e-01             357.660           4.081e-07               8.258           3.162e+02     
 135.000          80.000            9.274e-01           9.274e-01              16.623           4.101e-07              15.301           3.162e+02     
 140.000          80.000            8.424e-01           8.424e-01              38.316           3.646e-07              26.948           3.162e+02     
 145.000          80.000            6.883e-01           6.883e-01              64.812           2.890e-07              45.174           3.162e+02     
 150.000          80.000            5.727e-01           5.727e-01              95.312           2.100e-07              70.058           3.162e+02     
 155.000          80.000            4.974e-01           4.974e-01             125.700           1.516e-07             102.639           3.162e+02     
 160.000          80.000            3.941e-01           3.941e-01             153.523           1.158e-07             141.578           3.162e+02     
 165.000          80.000            2.449e-01           2.449e-01             180.304           1.111e-07             184.708           3.162e+02     
 170.000          80.000            1.070e-01           1.070e-01             209.097           1.211e-07             226.970           3.162e+02     
 175.000          80.000            2.602e-02           2.602e-02             241.425           1.384e-07             265.391           3.162e+02     
 180.000          80.000            1.326e-05           1.310e-05             131.834           1.639e-07             307.356           1.159e+02     
   0.000          85.000            1.326e-05           1.326e-05             131.791           8.509e-09             111.881           1.160e+02     
   5.000          85.000            2.614e-02           2.614e-02             242.313           1.470e-08              55.700           3.162e+02     
  10.000          85.000            1.082e-01           1.082e-01             211.009           1.547e-08              20.861           3.162e+02     
  15.000          85.000            2.484e-01           2.484e-01             183.209           1.416e-08             332.809           3.162e+02     
  20.000          85.000            4.025e-01           4.025e-01             157.326           2.298e-08             280.066           3.162e+02     
  25.000          85.000            5.145e-01           5.145e-01             130.466           5.070e-08             246.666           3.162e+02     
  30.000          85.000            5.995e-01           5.995e-01             101.324           9.262e-08             225.426           3.162e+02     
  35.000          85.000            7.184e-01           7.184e-01              72.157           1.383e-07             212.270           3.162e+02     
  40.000          85.000            8.665e-01           8.665e-01              46.582           1.766e-07             204.704           3.162e+02     
  45.000          85.000            9.422e-01           9.422e-01              25.319           2.037e-07             202.321           3.162e+02     
  50.000          85.000            8.502e-01           8.502e-01               6.437           2.202e-07             202.996           3.162e+02     
  55.000          85.000            6.126e-01           6.126e-01             346.585           2.302e-07             205.266           3.162e+02     
  60.000          85.000            3.655e-01           3.655e-01             320.040           2.292e-07             207.312           3.162e+02     
  65.000          85.000            2.580e-01           2.580e-01             280.535           2.114e-07             208.232           3.162e+02     
  70.000          85.000            3.569e-01           3.569e-01             241.776           1.702e-07             208.050           3.162e+02     
  75.000          85.000            6.216e-01           6.216e-01             219.185           1.142e-07             207.207           3.162e+02     
  80.000          85.000            9.414e-01           9.414e-01             207.508           5.738e-08             206.188           3.162e+02     
  85.000          85.000            1.194e+00           1.194e+00             201.782           1.536e-08             205.420           3.162e+02     
  90.000          85.000            1.288e+00           1.288e+00             200.040           3.407e-13             193.869           3.162e+02     
  95.000          85.000            1.194e+00           1.194e+00             201.782           1.535e-08              25.413           3.162e+02     
 100.000          85.000            9.414e-01           9.414e-01             207.508           5.736e-08              26.184           3.162e+02     
 105.000          85.000            6.216e-01           6.216e-01             219.185           1.142e-07              27.202           3.162e+02     
 110.000          85.000            3.569e-01           3.569e-01             241.776           1.702e-07              28.045           3.162e+02     
 115.000          85.000            2.580e-01           2.580e-01             280.535           2.113e-07              28.226           3.162e+02     
 120.000          85.000            3.655e-01           3.655e-01             320.040           2.292e-07              27.305           3.162e+02     
 125.000          85.000            6.126e-01           6.126e-01             346.585           2.302e-07              25.257           3.162e+02     
 130.000          85.000            8.502e-01           8.502e-01               6.437           2.203e-07              22.986           3.162e+02     
 135.000          85.000            9.422e-01           9.422e-01              25.319           2.037e-07              22.311           3.162e+02     
 140.000          85.000            8.665e-01           8.665e-01              46.582           1.767e-07              24.693           3.162e+02     
 145.000          85.000            7.184e-01           7.184e-01              72.157           1.383e-07              32.259           3.162e+02     
 150.000          85.000            5.995e-01           5.995e-01             101.324           9.265e-08              45.415           3.162e+02     
 155.000          85.000            5.145e-01           5.145e-01             130.466           5.072e-08              66.654           3.162e+02     
 160.000          85.000            4.025e-01           4.025e-01             157.326           2.299e-08             100.047           3.162e+02     
 165.000          85.000            2.484e-01           2.484e-01             183.209           1.416e-08             152.778           3.162e+02     
 170.000          85.000            1.082e-01           1.082e-01             211.009           1.546e-08             200.831           3.162e+02     
 175.000          85.000            2.614e-02           2.614e-02             242.313           1.469e-08             235.675           3.162e+02     
 180.000          85.000            1.326e-05           1.326e-05             131.791           8.503e-09             291.863           1.159e+02     
   0.000          90.000            1.326e-05           1.321e-05             131.748           5.431e-08             319.508           1.160e+02     
   5.000          90.000            2.626e-02           2.626e-02             243.452           3.582e-08             304.608           3.162e+02     
  10.000          90.000            1.090e-01           1.090e-01             213.363           2.409e-08             273.705           3.162e+02     
  15.000          90.000            2.509e-01           2.509e-01             186.682           2.848e-08             234.817           3.162e+02     
  20.000          90.000            4.088e-01           4.088e-01             161.827           4.666e-08             207.743           3.162e+02     
  25.000          90.000            5.288e-01           5.288e-01             136.082           6.516e-08             191.716           3.162e+02     
  30.000          90.000            6.222e-01           6.222e-01             108.335           7.161e-08             182.937           3.162e+02     
  35.000          90.000            7.412e-01           7.412e-01              80.619           6.318e-08             181.839           3.162e+02     
  40.000          90.000            8.776e-01           8.776e-01              56.028           5.106e-08             191.209           3.162e+02     
  45.000          90.000            9.389e-01           9.389e-01              35.136           5.248e-08             210.007           3.162e+02     
  50.000          90.000            8.440e-01           8.440e-01              16.088           7.481e-08             225.702           3.162e+02     
  55.000          90.000            6.216e-01           6.216e-01             355.572           1.091e-07             232.908           3.162e+02     
  60.000          90.000            4.016e-01           4.016e-01             328.401           1.349e-07             234.549           3.162e+02     
  65.000          90.000            3.220e-01           3.220e-01             291.288           1.372e-07             233.391           3.162e+02     
  70.000          90.000            4.411e-01           4.411e-01             256.975           1.139e-07             231.066           3.162e+02     
  75.000          90.000            7.163e-01           7.163e-01             236.053           7.591e-08             228.432           3.162e+02     
  80.000          90.000            1.040e+00           1.040e+00             224.707           3.739e-08             226.079           3.162e+02     
  85.000          90.000            1.292e+00           1.292e+00             219.019           9.825e-09             224.382           3.162e+02     
  90.000          90.000            1.386e+00           1.386e+00             217.274           6.704e-13             255.609           3.162e+02     
  95.000          90.000            1.292e+00           1.292e+00             219.019           9.810e-09              44.378           3.162e+02     
 100.000          90.000            1.040e+00           1.040e+00             224.707           3.736e-08              46.076           3.162e+02     
 105.000          90.000            7.163e-01           7.163e-01             236.053           7.587e-08              48.428           3.162e+02     
 110.000          90.000            4.411e-01           4.411e-01             256.975           1.138e-07              51.060           3.162e+02     
 115.000          90.000            3.220e-01           3.220e-01             291.288           1.371e-07              53.383           3.162e+02     
 120.000          90.000            4.016e-01           4.016e-01             328.401           1.349e-07              54.538           3.162e+02     
 125.000          90.000            6.216e-01           6.216e-01             355.572           1.091e-07              52.892           3.162e+02     
 130.000          90.000            8.440e-01           8.440e-01              16.088           7.481e-08              45.681           3.162e+02     
 135.000          90.000            9.389e-01           9.389e-01              35.136           5.251e-08              29.984           3.162e+02     
 140.000          90.000            8.776e-01           8.776e-01              56.028           5.110e-08              11.196           3.162e+02     
 145.000          90.000            7.412e-01           7.412e-01              80.619           6.322e-08               1.835           3.162e+02     
 150.000          90.000            6.222e-01           6.222e-01             108.335           7.165e-08               2.939           3.162e+02     
 155.000          90.000            5.288e-01           5.288e-01             136.082           6.519e-08              11.721           3.162e+02     
 160.000          90.000            4.088e-01           4.088e-01             161.827           4.668e-08              27.751           3.162e+02     
 165.000          90.000            2.509e-01           2.509e-01             186.682           2.850e-08              54.828           3.162e+02     
 170.000          90.000            1.090e-01           1.090e-01             213.363           2.411e-08              93.712           3.162e+02     
 175.000          90.000            2.626e-02           2.626e-02             243.452           3.584e-08             124.610           3.162e+02     
 180.000          90.000            1.326e-05           1.321e-05             131.748           5.432e-08             139.511           1.159e+02     
   0.000          95.000            1.326e-05           1.296e-05             131.704           3.000e-07             315.029           1.160e+02     
   5.000          95.000            2.637e-02           2.637e-02             244.829           2.042e-07             291.733           3.162e+02     
  10.000          95.000            1.096e-01           1.096e-01             216.122           1.444e-07             259.781           3.162e+02     
  15.000          95.000            2.520e-01           2.520e-01             190.708           1.410e-07             223.148           3.162e+02     
  20.000          95.000            4.123e-01           4.123e-01             167.025           1.682e-07             194.118           3.162e+02     
  25.000          95.000            5.380e-01           5.380e-01             142.543           1.830e-07             172.724           3.162e+02     
  30.000          95.000            6.367e-01           6.367e-01             116.306           1.542e-07             156.330           3.162e+02     
  35.000          95.000            7.517e-01           7.517e-01              90.118           9.234e-08             142.926           3.162e+02     
  40.000          95.000            8.719e-01           8.719e-01              66.613           2.998e-08             131.981           3.162e+02     
  45.000          95.000            9.156e-01           9.156e-01              46.211           7.536e-10             133.325           3.162e+02     
  50.000          95.000            8.185e-01           8.185e-01              27.100           1.218e-08             288.164           3.162e+02     
  55.000          95.000            6.167e-01           6.167e-01               6.054           4.561e-08             281.901           3.162e+02     
  60.000          95.000            4.321e-01           4.321e-01             338.667           7.365e-08             275.403           3.162e+02     
  65.000          95.000            3.855e-01           3.855e-01             304.258           8.021e-08             269.490           3.162e+02     
  70.000          95.000            5.219e-01           5.219e-01             274.017           6.664e-08             264.222           3.162e+02     
  75.000          95.000            7.957e-01           7.957e-01             254.918           4.318e-08             259.725           3.162e+02     
  80.000          95.000            1.106e+00           1.106e+00             244.123           2.053e-08             256.172           3.162e+02     
  85.000          95.000            1.344e+00           1.344e+00             238.592           5.236e-09             253.662           3.162e+02     
  90.000          95.000            1.433e+00           1.433e+00             236.881           1.164e-12             294.459           3.162e+02     
  95.000          95.000            1.344e+00           1.344e+00             238.592           5.223e-09              73.688           3.162e+02     
 100.000          95.000            1.106e+00           1.106e+00             244.123           2.051e-08              76.183           3.162e+02     
 105.000          95.000            7.957e-01           7.957e-01             254.918           4.314e-08              79.730           3.162e+02     
 110.000          95.000            5.219e-01           5.219e-01             274.017           6.660e-08              84.222           3.162e+02     
 115.000          95.000            3.855e-01           3.855e-01             304.258           8.016e-08              89.486           3.162e+02     
 120.000          95.000            4.321e-01           4.321e-01             338.667           7.360e-08              95.395           3.162e+02     
 125.000          95.000            6.167e-01           6.167e-01               6.054           4.557e-08             101.886           3.162e+02     
 130.000          95.000            8.185e-01           8.185e-01              27.100           1.217e-08             108.128           3.162e+02     
 135.000          95.000            9.156e-01           9.156e-01              46.211           7.591e-10             313.426           3.162e+02     
 140.000          95.000            8.719e-01           8.719e-01              66.613           3.001e-08             312.002           3.162e+02     
 145.000          95.000            7.517e-01           7.517e-01              90.118           9.238e-08             322.936           3.162e+02     
 150.000          95.000            6.367e-01           6.367e-01             116.306           1.542e-07             336.337           3.162e+02     
 155.000          95.000            5.380e-01           5.380e-01             142.543           1.830e-07             352.729           3.162e+02     
 160.000          95.000            4.123e-01           4.123e-01             167.025           1.682e-07              14.124           3.162e+02     
 165.000          95.000            2.520e-01           2.520e-01             190.708           1.410e-07              43.154           3.162e+02     
 170.000          95.000            1.096e-01           1.096e-01             216.122           1.445e-07              79.786           3.162e+02     
 175.000          95.000            2.637e-02           2.637e-02             244.829           2.042e-07             111.736           3.162e+02     
 180.000          95.000            1.326e-05           1.296e-05             131.704           3.000e-07             135.031           1.159e+02     
   0.000         100.000            1.326e-05           1.253e-05             131.659           7.381e-07             313.815           1.160e+02     
   5.000         100.000            2.648e-02           2.648e-02             246.436           5.180e-07             289.588           3.162e+02     
  10.000         100.000            1.098e-01           1.098e-01             219.290           3.708e-07             259.048           3.162e+02     
  15.000         100.000            2.518e-01           2.518e-01             195.276           3.343e-07             223.972           3.162e+02     
  20.000         100.000            4.124e-01           4.124e-01             172.920           3.575e-07             193.907           3.162e+02     
  25.000         100.000            5.406e-01           5.406e-01             149.866           3.698e-07             169.642           3.162e+02     
  30.000         100.000            6.400e-01           6.400e-01             125.248           3.144e-07             148.726           3.162e+02     
  35.000         100.000            7.464e-01           7.464e-01             100.650           2.143e-07             127.527           3.162e+02     
  40.000         100.000            8.484e-01           8.484e-01              78.354           1.162e-07             100.980           3.162e+02     
  45.000         100.000            8.760e-01           8.760e-01              58.696           6.371e-08              63.321           3.162e+02     
  50.000         100.000            7.799e-01           7.799e-01              39.952           5.970e-08              19.827           3.162e+02     
  55.000         100.000            5.998e-01           5.998e-01              19.094           7.807e-08             349.996           3.162e+02     
  60.000         100.000            4.447e-01           4.447e-01             352.512           8.980e-08             331.884           3.162e+02     
  65.000         100.000            4.162e-01           4.162e-01             320.824           8.251e-08             319.969           3.162e+02     
  70.000         100.000            5.468e-01           5.468e-01             293.440           6.147e-08             311.149           3.162e+02     
  75.000         100.000            7.923e-01           7.923e-01             275.630           3.669e-08             304.527           3.162e+02     
  80.000         100.000            1.064e+00           1.064e+00             265.289           1.639e-08             299.668           3.162e+02     
  85.000         100.000            1.271e+00           1.271e+00             259.921           4.301e-09             296.183           3.162e+02     
  90.000         100.000            1.347e+00           1.347e+00             258.253           1.816e-12             332.266           3.162e+02     
  95.000         100.000            1.271e+00           1.271e+00             259.921           4.292e-09             116.264           3.162e+02     
 100.000         100.000            1.064e+00           1.064e+00             265.289           1.637e-08             119.707           3.162e+02     
 105.000         100.000            7.923e-01           7.923e-01             275.630           3.667e-08             124.550           3.162e+02     
 110.000         100.000            5.468e-01           5.468e-01             293.440           6.144e-08             131.165           3.162e+02     
 115.000         100.000            4.162e-01           4.162e-01             320.824           8.246e-08             139.981           3.162e+02     
 120.000         100.000            4.447e-01           4.447e-01             352.512           8.975e-08             151.893           3.162e+02     
 125.000         100.000            5.998e-01           5.998e-01              19.094           7.802e-08             170.008           3.162e+02     
 130.000         100.000            7.799e-01           7.799e-01              39.952           5.966e-08             199.846           3.162e+02     
 135.000         100.000            8.760e-01           8.760e-01              58.696           6.370e-08             243.345           3.162e+02     
 140.000         100.000            8.484e-01           8.484e-01              78.354           1.162e-07             280.996           3.162e+02     
 145.000         100.000            7.464e-01           7.464e-01             100.650           2.144e-07             307.536           3.162e+02     
 150.000         100.000            6.400e-01           6.400e-01             125.248           3.145e-07             328.732           3.162e+02     
 155.000         100.000            5.406e-01           5.406e-01             149.866           3.698e-07             349.646           3.162e+02     
 160.000         100.000            4.124e-01           4.124e-01             172.920           3.575e-07              13.911           3.162e+02     
 165.000         100.000            2.518e-01           2.518e-01             195.276           3.343e-07              43.976           3.162e+02     
 170.000         100.000            1.098e-01           1.098e-01             219.290           3.708e-07              79.052           3.162e+02     
 175.000         100.000            2.648e-02           2.648e-02             246.436           5.180e-07             109.590           3.162e+02     
 180.000         100.000            1.326e-05           1.253e-05             131.659           7.381e-07             133.816           1.159e+02     
   0.000         105.000            1.326e-05           1.191e-05             131.612           1.355e-06             313.244           1.160e+02     
   5.000         105.000            2.659e-02           2.659e-02             248.259           9.714e-07             289.669           2.501e+02     
  10.000         105.000            1.097e-01           1.097e-01             222.841           6.984e-07             261.163           3.162e+02     
  15.000         105.000            2.503e-01           2.502e-01             200.373           5.940e-07             228.150           3.162e+02     
  20.000         105.000            4.091e-01           4.091e-01             179.515           5.893e-07             198.159           3.162e+02     
  25.000         105.000            5.360e-01           5.360e-01             158.076           5.950e-07             172.546           3.162e+02     
  30.000         105.000            6.307e-01           6.307e-01             135.213           5.292e-07             149.563           3.162e+02     
  35.000         105.000            7.240e-01           7.240e-01             112.273           4.203e-07             126.076           3.162e+02     
  40.000         105.000            8.077e-01           8.077e-01              91.292           3.175e-07              99.427           3.162e+02     
  45.000         105.000            8.251e-01           8.251e-01              72.640           2.688e-07              68.203           3.162e+02     
  50.000         105.000            7.381e-01           7.381e-01              54.792           2.637e-07              42.944           3.162e+02     
  55.000         105.000            5.819e-01           5.819e-01              35.082           2.624e-07              23.245           3.162e+02     
  60.000         105.000            4.470e-01           4.470e-01              10.632           2.359e-07               8.673           3.162e+02     
  65.000         105.000            4.153e-01           4.153e-01             342.150           1.821e-07             357.854           3.162e+02     
  70.000         105.000            5.117e-01           5.117e-01             316.944           1.199e-07             349.079           3.162e+02     
  75.000         105.000            7.002e-01           7.002e-01             299.808           6.536e-08             342.162           3.162e+02     
  80.000         105.000            9.105e-01           9.105e-01             289.596           2.734e-08             336.892           3.162e+02     
  85.000         105.000            1.071e+00           1.071e+00             284.245           6.395e-09             333.228           3.162e+02     
  90.000         105.000            1.130e+00           1.130e+00             282.578           3.149e-12               6.417           3.162e+02     
  95.000         105.000            1.071e+00           1.071e+00             284.245           6.392e-09             153.315           3.162e+02     
 100.000         105.000            9.105e-01           9.105e-01             289.596           2.734e-08             156.933           3.162e+02     
 105.000         105.000            7.002e-01           7.002e-01             299.808           6.534e-08             162.187           3.162e+02     
 110.000         105.000            5.117e-01           5.117e-01             316.944           1.199e-07             169.097           3.162e+02     
 115.000         105.000            4.153e-01           4.153e-01             342.150           1.821e-07             177.867           3.162e+02     
 120.000         105.000            4.470e-01           4.470e-01              10.632           2.358e-07             188.685           3.162e+02     
 125.000         105.000            5.819e-01           5.819e-01              35.082           2.623e-07             203.256           3.162e+02     
 130.000         105.000            7.381e-01           7.381e-01              54.792           2.636e-07             222.954           3.162e+02     
 135.000         105.000            8.251e-01           8.251e-01              72.640           2.688e-07             248.213           3.162e+02     
 140.000         105.000            8.077e-01           8.077e-01              91.292           3.175e-07             279.436           3.162e+02     
 145.000         105.000            7.240e-01           7.240e-01             112.273           4.203e-07             306.082           3.162e+02     
 150.000         105.000            6.307e-01           6.307e-01             135.213           5.292e-07             329.567           3.162e+02     
 155.000         105.000            5.360e-01           5.360e-01             158.076           5.950e-07             352.549           3.162e+02     
 160.000         105.000            4.091e-01           4.091e-01             179.515           5.892e-07              18.161           3.162e+02     
 165.000         105.000            2.503e-01           2.502e-01             200.373           5.940e-07              48.152           3.162e+02     
 170.000         105.000            1.097e-01           1.097e-01             222.841           6.984e-07              81.166           3.162e+02     
 175.000         105.000            2.659e-02           2.659e-02             248.259           9.713e-07             109.671           2.501e+02     
 180.000         105.000            1.326e-05           1.191e-05             131.613           1.355e-06             133.245           1.159e+02     
   0.000         110.000            1.326e-05           1.113e-05             131.563           2.133e-06             312.908           1.160e+02     
   5.000         110.000            2.669e-02           2.669e-02             250.284           1.556e-06             290.672           2.021e+02     
  10.000         110.000            1.093e-01           1.093e-01             226.757           1.123e-06             264.564           3.162e+02     
  15.000         110.000            2.474e-01           2.474e-01             205.982           9.109e-07             234.131           3.162e+02     
  20.000         110.000            4.025e-01           4.025e-01             186.805           8.449e-07             205.070           3.162e+02     
  25.000         110.000            5.248e-01           5.248e-01             167.198           8.315e-07             178.964           3.162e+02     
  30.000         110.000            6.100e-01           6.100e-01             146.277           7.694e-07             154.988           3.162e+02     
  35.000         110.000            6.859e-01           6.859e-01             125.102           6.667e-07             129.472           3.162e+02     
  40.000         110.000            7.516e-01           7.516e-01             105.514           6.073e-07             103.782           3.162e+02     
  45.000         110.000            7.655e-01           7.655e-01              88.016           6.068e-07              79.299           3.162e+02     
  50.000         110.000            6.974e-01           6.974e-01              71.394           6.305e-07              59.018           3.162e+02     
  55.000         110.000            5.722e-01           5.722e-01              53.474           6.205e-07              43.113           3.162e+02     
  60.000         110.000            4.581e-01           4.581e-01              32.121           5.398e-07              30.939           3.162e+02     
  65.000         110.000            4.177e-01           4.177e-01               7.756           4.041e-07              21.307           3.162e+02     
  70.000         110.000            4.725e-01           4.725e-01             345.277           2.559e-07              13.660           3.162e+02     
  75.000         110.000            5.979e-01           5.979e-01             328.921           1.356e-07               7.185           3.162e+02     
  80.000         110.000            7.434e-01           7.434e-01             318.729           5.545e-08               2.131           3.162e+02     
  85.000         110.000            8.560e-01           8.560e-01             313.283           1.278e-08             358.562           3.162e+02     
  90.000         110.000            8.980e-01           8.980e-01             311.577           5.242e-12              33.976           3.162e+02     
  95.000         110.000            8.560e-01           8.560e-01             313.283           1.278e-08             178.622           3.162e+02     
 100.000         110.000            7.434e-01           7.434e-01             318.729           5.546e-08             182.160           3.162e+02     
 105.000         110.000            5.979e-01           5.979e-01             328.921           1.356e-07             187.203           3.162e+02     
 110.000         110.000            4.725e-01           4.725e-01             345.277           2.559e-07             193.673           3.162e+02     
 115.000         110.000            4.177e-01           4.177e-01               7.756           4.041e-07             201.316           3.162e+02     
 120.000         110.000            4.581e-01           4.581e-01              32.121           5.398e-07             210.947           3.162e+02     
 125.000         110.000            5.722e-01           5.722e-01              53.474           6.205e-07             223.119           3.162e+02     
 130.000         110.000            6.974e-01           6.974e-01              71.394           6.304e-07             239.024           3.162e+02     
 135.000         110.000            7.655e-01           7.655e-01              88.016           6.068e-07             259.304           3.162e+02     
 140.000         110.000            7.516e-01           7.516e-01             105.514           6.073e-07             283.787           3.162e+02     
 145.000         110.000            6.859e-01           6.859e-01             125.102           6.667e-07             309.475           3.162e+02     
 150.000         110.000            6.100e-01           6.100e-01             146.277           7.694e-07             334.990           3.162e+02     
 155.000         110.000            5.248e-01           5.248e-01             167.198           8.314e-07             358.966           3.162e+02     
 160.000         110.000            4.025e-01           4.025e-01             186.805           8.448e-07              25.072           3.162e+02     
 165.000         110.000            2.474e-01           2.474e-01             205.982           9.109e-07              54.133           3.162e+02     
 170.000         110.000            1.093e-01           1.093e-01             226.757           1.123e-06              84.566           3.162e+02     
 175.000         110.000            2.669e-02           2.669e-02             250.284           1.556e-06             110.673           2.021e+02     
 180.000         110.000            1.326e-05           1.113e-05             131.563           2.133e-06             132.909           1.159e+02     
   0.000         115.000            1.326e-05           1.022e-05             131.509           3.047e-06             312.684           1.160e+02     
   5.000         115.000            2.679e-02           2.679e-02             252.497           2.261e-06             292.195           1.704e+02     
  10.000         115.000            1.087e-01           1.087e-01             231.017           1.643e-06             268.747           3.162e+02     
  15.000         115.000            2.434e-01           2.434e-01             212.083           1.283e-06             241.353           3.162e+02     
  20.000         115.000            3.932e-01           3.932e-01             194.772           1.118e-06             214.031           3.162e+02     
  25.000         115.000            5.086e-01           5.086e-01             177.237           1.032e-06             187.362           3.162e+02     
  30.000         115.000            5.813e-01           5.813e-01             158.509           9.691e-07             162.777           3.162e+02     
  35.000         115.000            6.374e-01           6.374e-01             139.293           9.317e-07             138.094           3.162e+02     
  40.000         115.000            6.850e-01           6.850e-01             121.190           9.449e-07             112.980           3.162e+02     
  45.000         115.000            6.984e-01           6.984e-01             104.867           1.038e-06              90.496           3.162e+02     
  50.000         115.000            6.544e-01           6.544e-01              89.472           1.132e-06              72.557           3.162e+02     
  55.000         115.000            5.670e-01           5.670e-01              73.329           1.159e-06              57.386           3.162e+02     
  60.000         115.000            4.825e-01           4.825e-01              54.978           1.020e-06              46.708           3.162e+02     
  65.000         115.000            4.470e-01           4.470e-01              34.782           7.733e-07              37.985           3.162e+02     
  70.000         115.000            4.789e-01           4.789e-01              15.803           4.995e-07              30.694           3.162e+02     
  75.000         115.000            5.636e-01           5.636e-01               1.136           2.671e-07              24.831           3.162e+02     
  80.000         115.000            6.656e-01           6.656e-01             351.473           1.113e-07              20.029           3.162e+02     
  85.000         115.000            7.458e-01           7.458e-01             346.138           2.608e-08              16.654           3.162e+02     
  90.000         115.000            7.760e-01           7.760e-01             344.442           7.397e-12              58.038           3.162e+02     
  95.000         115.000            7.458e-01           7.458e-01             346.138           2.609e-08             196.693           3.162e+02     
 100.000         115.000            6.656e-01           6.656e-01             351.473           1.113e-07             200.048           3.162e+02     
 105.000         115.000            5.636e-01           5.636e-01               1.136           2.671e-07             204.843           3.162e+02     
 110.000         115.000            4.789e-01           4.789e-01              15.803           4.996e-07             210.702           3.162e+02     
 115.000         115.000            4.470e-01           4.470e-01              34.782           7.733e-07             217.991           3.162e+02     
 120.000         115.000            4.825e-01           4.825e-01              54.978           1.021e-06             226.713           3.162e+02     
 125.000         115.000            5.670e-01           5.670e-01              73.329           1.159e-06             237.390           3.162e+02     
 130.000         115.000            6.544e-01           6.544e-01              89.472           1.132e-06             252.560           3.162e+02     
 135.000         115.000            6.984e-01           6.984e-01             104.867           1.038e-06             270.498           3.162e+02     
 140.000         115.000            6.850e-01           6.850e-01             121.190           9.449e-07             292.982           3.162e+02     
 145.000         115.000            6.374e-01           6.374e-01             139.293           9.317e-07             318.096           3.162e+02     
 150.000         115.000            5.813e-01           5.813e-01             158.509           9.691e-07             342.778           3.162e+02     
 155.000         115.000            5.086e-01           5.086e-01             177.237           1.032e-06               7.363           3.162e+02     
 160.000         115.000            3.932e-01           3.932e-01             194.772           1.117e-06              34.032           3.162e+02     
 165.000         115.000            2.434e-01           2.434e-01             212.083           1.283e-06              61.354           3.162e+02     
 170.000         115.000            1.087e-01           1.087e-01             231.017           1.643e-06              88.748           3.162e+02     
 175.000         115.000            2.679e-02           2.679e-02             252.497           2.261e-06             112.196           1.704e+02     
 180.000         115.000            1.326e-05           1.022e-05             131.509           3.047e-06             132.684           1.159e+02     
   0.000         120.000            1.326e-05           9.195e-06             131.450           4.070e-06             312.522           1.160e+02     
   5.000         120.000            2.689e-02           2.689e-02             254.881           3.073e-06             294.064           1.481e+02     
  10.000         120.000            1.078e-01           1.078e-01             235.598           2.255e-06             273.465           3.162e+02     
  15.000         120.000            2.384e-01           2.384e-01             218.651           1.718e-06             249.470           3.162e+02     
  20.000         120.000            3.819e-01           3.819e-01             203.385           1.415e-06             224.669           3.162e+02     
  25.000         120.000            4.895e-01           4.895e-01             188.160           1.242e-06             199.293           3.162e+02     
  30.000         120.000            5.497e-01           5.497e-01             171.926           1.149e-06             174.466           3.162e+02     
  35.000         120.000            5.865e-01           5.865e-01             154.968           1.134e-06             149.076           3.162e+02     
  40.000         120.000            6.165e-01           6.165e-01             138.539           1.236e-06             124.595           3.162e+02     
  45.000         120.000            6.284e-01           6.284e-01             123.402           1.439e-06             102.233           3.162e+02     
  50.000         120.000            6.058e-01           6.058e-01             109.059           1.646e-06              85.478           3.162e+02     
  55.000         120.000            5.542e-01           5.542e-01              94.270           1.695e-06              72.486           3.162e+02     
  60.000         120.000            5.031e-01           5.031e-01              78.059           1.534e-06              62.028           3.162e+02     
  65.000         120.000            4.855e-01           4.855e-01              60.853           1.195e-06              53.497           3.162e+02     
  70.000         120.000            5.169e-01           5.169e-01              44.770           7.952e-07              46.377           3.162e+02     
  75.000         120.000            5.879e-01           5.879e-01              31.975           4.424e-07              40.487           3.162e+02     
  80.000         120.000            6.718e-01           6.718e-01              23.221           1.898e-07              35.890           3.162e+02     
  85.000         120.000            7.378e-01           7.378e-01              18.248           4.560e-08              32.688           3.162e+02     
  90.000         120.000            7.626e-01           7.626e-01              16.646           8.851e-12              82.353           3.162e+02     
  95.000         120.000            7.378e-01           7.378e-01              18.248           4.562e-08             212.712           3.162e+02     
 100.000         120.000            6.718e-01           6.718e-01              23.221           1.898e-07             215.902           3.162e+02     
 105.000         120.000            5.879e-01           5.879e-01              31.975           4.424e-07             220.494           3.162e+02     
 110.000         120.000            5.169e-01           5.169e-01              44.770           7.953e-07             226.382           3.162e+02     
 115.000         120.000            4.855e-01           4.855e-01              60.853           1.195e-06             233.501           3.162e+02     
 120.000         120.000            5.031e-01           5.031e-01              78.059           1.534e-06             242.031           3.162e+02     
 125.000         120.000            5.542e-01           5.542e-01              94.270           1.695e-06             252.488           3.162e+02     
 130.000         120.000            6.058e-01           6.058e-01             109.059           1.646e-06             265.480           3.162e+02     
 135.000         120.000            6.284e-01           6.284e-01             123.402           1.439e-06             282.234           3.162e+02     
 140.000         120.000            6.165e-01           6.165e-01             138.539           1.236e-06             304.596           3.162e+02     
 145.000         120.000            5.865e-01           5.865e-01             154.968           1.134e-06             329.076           3.162e+02     
 150.000         120.000            5.497e-01           5.497e-01             171.926           1.149e-06             354.467           3.162e+02     
 155.000         120.000            4.895e-01           4.895e-01             188.160           1.242e-06              19.293           3.162e+02     
 160.000         120.000            3.819e-01           3.819e-01             203.385           1.415e-06              44.669           3.162e+02     
 165.000         120.000            2.384e-01           2.384e-01             218.651           1.717e-06              69.471           3.162e+02     
 170.000         120.000            1.078e-01           1.078e-01             235.598           2.255e-06              93.467           3.162e+02     
 175.000         120.000            2.689e-02           2.689e-02             254.881           3.073e-06             114.065           1.481e+02     
 180.000         120.000            1.326e-05           9.194e-06             131.450           4.070e-06             132.522           1.159e+02     
   0.000         125.000            1.326e-05           8.094e-06             131.384           5.171e-06             312.397           1.160e+02     
   5.000         125.000            2.700e-02           2.700e-02             257.418           3.975e-06             296.184           1.316e+02     
  10.000         125.000            1.068e-01           1.068e-01             240.476           2.957e-06             278.563           3.081e+02     
  15.000         125.000            2.327e-01           2.327e-01             225.653           2.225e-06             258.192           3.162e+02     
  20.000         125.000            3.694e-01           3.694e-01             212.590           1.716e-06             236.368           3.162e+02     
  25.000         125.000            4.700e-01           4.700e-01             199.887           1.418e-06             213.504           3.162e+02     
  30.000         125.000            5.205e-01           5.205e-01             186.437           1.287e-06             189.123           3.162e+02     
  35.000         125.000            5.426e-01           5.426e-01             172.100           1.259e-06             163.700           3.162e+02     
  40.000         125.000            5.580e-01           5.580e-01             157.655           1.390e-06             138.758           3.162e+02     
  45.000         125.000            5.670e-01           5.670e-01             143.824           1.667e-06             117.616           3.162e+02     
  50.000         125.000            5.587e-01           5.587e-01             130.441           1.944e-06             101.006           3.162e+02     
  55.000         125.000            5.330e-01           5.330e-01             116.669           2.044e-06              88.153           3.162e+02     
  60.000         125.000            5.073e-01           5.073e-01             101.874           1.867e-06              78.050           3.162e+02     
  65.000         125.000            5.052e-01           5.052e-01              86.494           1.494e-06              69.255           3.162e+02     
  70.000         125.000            5.396e-01           5.396e-01              72.156           1.019e-06              62.527           3.162e+02     
  75.000         125.000            6.045e-01           6.045e-01              60.551           5.824e-07              56.952           3.162e+02     
  80.000         125.000            6.786e-01           6.786e-01              52.417           2.562e-07              52.621           3.162e+02     
  85.000         125.000            7.363e-01           7.363e-01              47.707           6.282e-08              49.618           3.162e+02     
  90.000         125.000            7.580e-01           7.580e-01              46.175           9.582e-12             109.119           3.162e+02     
  95.000         125.000            7.363e-01           7.363e-01              47.707           6.284e-08             229.633           3.162e+02     
 100.000         125.000            6.786e-01           6.786e-01              52.417           2.563e-07             232.629           3.162e+02     
 105.000         125.000            6.045e-01           6.045e-01              60.551           5.825e-07             236.957           3.162e+02     
 110.000         125.000            5.396e-01           5.396e-01              72.156           1.020e-06             242.530           3.162e+02     
 115.000         125.000            5.052e-01           5.052e-01              86.494           1.494e-06             249.258           3.162e+02     
 120.000         125.000            5.073e-01           5.073e-01             101.874           1.867e-06             258.052           3.162e+02     
 125.000         125.000            5.330e-01           5.330e-01             116.669           2.044e-06             268.154           3.162e+02     
 130.000         125.000            5.587e-01           5.587e-01             130.441           1.944e-06             281.006           3.162e+02     
 135.000         125.000            5.670e-01           5.670e-01             143.824           1.667e-06             297.616           3.162e+02     
 140.000         125.000            5.580e-01           5.580e-01             157.655           1.390e-06             318.757           3.162e+02     
 145.000         125.000            5.426e-01           5.426e-01             172.100           1.259e-06             343.700           3.162e+02     
 150.000         125.000            5.205e-01           5.205e-01             186.437           1.286e-06               9.123           3.162e+02     
 155.000         125.000            4.700e-01           4.700e-01             199.887           1.417e-06              33.504           3.162e+02     
 160.000         125.000            3.694e-01           3.694e-01             212.590           1.715e-06              56.369           3.162e+02     
 165.000         125.000            2.327e-01           2.327e-01             225.653           2.225e-06              78.193           3.162e+02     
 170.000         125.000            1.068e-01           1.068e-01             240.476           2.956e-06              98.564           3.081e+02     
 175.000         125.000            2.700e-02           2.700e-02             257.418           3.974e-06             116.185           1.316e+02     
 180.000         125.000            1.326e-05           8.093e-06             131.384           5.171e-06             132.398           1.159e+02     
   0.000         130.000            1.326e-05           6.948e-06             131.308           6.317e-06             312.297           1.160e+02     
   5.000         130.000            2.712e-02           2.712e-02             260.089           4.948e-06             298.490           1.192e+02     
  10.000         130.000            1.057e-01           1.057e-01             245.621           3.744e-06             283.923           2.711e+02     
  15.000         130.000            2.266e-01           2.266e-01             233.055           2.819e-06             267.259           3.162e+02     
  20.000         130.000            3.562e-01           3.562e-01             222.323           2.119e-06             249.300           3.162e+02     
  25.000         130.000            4.516e-01           4.516e-01             212.290           1.666e-06             229.374           3.162e+02     
  30.000         130.000            4.976e-01           4.976e-01             201.825           1.415e-06             206.849           3.162e+02     
  35.000         130.000            5.126e-01           5.126e-01             190.393           1.299e-06             181.833           3.162e+02     
  40.000         130.000            5.203e-01           5.203e-01             178.241           1.399e-06             157.342           3.162e+02     
  45.000         130.000            5.280e-01           5.280e-01             165.916           1.644e-06             136.339           3.162e+02     
  50.000         130.000            5.295e-01           5.295e-01             153.545           1.908e-06             119.694           3.162e+02     
  55.000         130.000            5.209e-01           5.209e-01             140.754           2.006e-06             106.782           3.162e+02     
  60.000         130.000            5.105e-01           5.105e-01             127.224           1.853e-06              97.144           3.162e+02     
  65.000         130.000            5.143e-01           5.143e-01             113.346           1.467e-06              89.361           3.162e+02     
  70.000         130.000            5.429e-01           5.429e-01             100.341           1.012e-06              82.875           3.162e+02     
  75.000         130.000            5.935e-01           5.935e-01              89.581           5.844e-07              77.592           3.162e+02     
  80.000         130.000            6.510e-01           6.510e-01              81.838           2.597e-07              73.528           3.162e+02     
  85.000         130.000            6.958e-01           6.958e-01              77.264           6.419e-08              70.697           3.162e+02     
  90.000         130.000            7.127e-01           7.127e-01              75.760           1.007e-11             138.333           3.162e+02     
  95.000         130.000            6.958e-01           6.958e-01              77.264           6.421e-08             250.706           3.162e+02     
 100.000         130.000            6.510e-01           6.510e-01              81.838           2.597e-07             253.532           3.162e+02     
 105.000         130.000            5.935e-01           5.935e-01              89.581           5.845e-07             257.595           3.162e+02     
 110.000         130.000            5.429e-01           5.429e-01             100.341           1.012e-06             262.877           3.162e+02     
 115.000         130.000            5.143e-01           5.143e-01             113.346           1.467e-06             269.362           3.162e+02     
 120.000         130.000            5.105e-01           5.105e-01             127.224           1.853e-06             277.145           3.162e+02     
 125.000         130.000            5.209e-01           5.209e-01             140.754           2.007e-06             286.782           3.162e+02     
 130.000         130.000            5.295e-01           5.295e-01             153.545           1.908e-06             299.694           3.162e+02     
 135.000         130.000            5.280e-01           5.280e-01             165.916           1.644e-06             316.337           3.162e+02     
 140.000         130.000            5.203e-01           5.203e-01             178.241           1.399e-06             337.341           3.162e+02     
 145.000         130.000            5.126e-01           5.126e-01             190.393           1.299e-06               1.832           3.162e+02     
 150.000         130.000            4.976e-01           4.976e-01             201.825           1.415e-06              26.849           3.162e+02     
 155.000         130.000            4.516e-01           4.516e-01             212.290           1.666e-06              49.374           3.162e+02     
 160.000         130.000            3.562e-01           3.562e-01             222.323           2.119e-06              69.301           3.162e+02     
 165.000         130.000            2.266e-01           2.266e-01             233.055           2.819e-06              87.259           3.162e+02     
 170.000         130.000            1.057e-01           1.057e-01             245.621           3.744e-06             103.924           2.711e+02     
 175.000         130.000            2.712e-02           2.712e-02             260.089           4.947e-06             118.491           1.192e+02     
 180.000         130.000            1.326e-05           6.948e-06             131.308           6.316e-06             132.298           1.159e+02     
   0.000         135.000            1.326e-05           5.793e-06             131.218           7.472e-06             312.214           1.160e+02     
   5.000         135.000            2.726e-02           2.725e-02             262.874           5.969e-06             300.937           1.096e+02     
  10.000         135.000            1.046e-01           1.046e-01             251.004           4.608e-06             289.452           2.423e+02     
  15.000         135.000            2.203e-01           2.203e-01             240.815           3.463e-06             276.336           3.162e+02     
  20.000         135.000            3.431e-01           3.431e-01             232.511           2.621e-06             262.520           3.162e+02     
  25.000         135.000            4.352e-01           4.352e-01             225.211           1.999e-06             246.340           3.162e+02     
  30.000         135.000            4.824e-01           4.824e-01             217.776           1.580e-06             226.805           3.162e+02     
  35.000         135.000            4.991e-01           4.991e-01             209.320           1.353e-06             204.609           3.162e+02     
  40.000         135.000            5.072e-01           5.072e-01             199.565           1.327e-06             181.138           3.162e+02     
  45.000         135.000            5.180e-01           5.180e-01             188.808           1.459e-06             160.096           3.162e+02     
  50.000         135.000            5.295e-01           5.295e-01             177.449           1.617e-06             143.697           3.162e+02     
  55.000         135.000            5.367e-01           5.367e-01             165.642           1.672e-06             131.577           3.162e+02     
  60.000         135.000            5.410e-01           5.410e-01             153.469           1.521e-06             122.496           3.162e+02     
  65.000         135.000            5.506e-01           5.506e-01             141.320           1.203e-06             115.472           3.162e+02     
  70.000         135.000            5.731e-01           5.731e-01             130.026           8.194e-07             109.893           3.162e+02     
  75.000         135.000            6.080e-01           6.080e-01             120.550           4.687e-07             105.459           3.162e+02     
  80.000         135.000            6.465e-01           6.465e-01             113.568           2.038e-07             101.918           3.162e+02     
  85.000         135.000            6.764e-01           6.764e-01             109.352           5.018e-08              99.577           3.162e+02     
  90.000         135.000            6.876e-01           6.876e-01             107.950           1.037e-11             168.818           3.162e+02     
  95.000         135.000            6.764e-01           6.764e-01             109.352           5.019e-08             279.579           3.162e+02     
 100.000         135.000            6.465e-01           6.465e-01             113.568           2.039e-07             281.919           3.162e+02     
 105.000         135.000            6.080e-01           6.080e-01             120.550           4.688e-07             285.459           3.162e+02     
 110.000         135.000            5.731e-01           5.731e-01             130.026           8.195e-07             289.893           3.162e+02     
 115.000         135.000            5.506e-01           5.506e-01             141.320           1.203e-06             295.471           3.162e+02     
 120.000         135.000            5.410e-01           5.410e-01             153.469           1.521e-06             302.495           3.162e+02     
 125.000         135.000            5.367e-01           5.367e-01             165.642           1.672e-06             311.576           3.162e+02     
 130.000         135.000            5.295e-01           5.295e-01             177.449           1.617e-06             323.695           3.162e+02     
 135.000         135.000            5.180e-01           5.180e-01             188.808           1.459e-06             340.095           3.162e+02     
 140.000         135.000            5.072e-01           5.072e-01             199.565           1.327e-06               1.136           3.162e+02     
 145.000         135.000            4.991e-01           4.991e-01             209.320           1.353e-06              24.608           3.162e+02     
 150.000         135.000            4.824e-01           4.824e-01             217.776           1.580e-06              46.804           3.162e+02     
 155.000         135.000            4.352e-01           4.352e-01             225.211           1.998e-06              66.340           3.162e+02     
 160.000         135.000            3.431e-01           3.431e-01             232.511           2.620e-06              82.521           3.162e+02     
 165.000         135.000            2.203e-01           2.203e-01             240.815           3.462e-06              96.337           3.162e+02     
 170.000         135.000            1.046e-01           1.046e-01             251.004           4.608e-06             109.453           2.423e+02     
 175.000         135.000            2.726e-02           2.725e-02             262.874           5.969e-06             120.938           1.096e+02     
 180.000         135.000            1.326e-05           5.793e-06             131.218           7.471e-06             132.214           1.159e+02     
   0.000         140.000            1.326e-05           4.664e-06             131.108           8.601e-06             312.143           1.160e+02     
   5.000         140.000            2.742e-02           2.741e-02             265.749           7.016e-06             303.486           1.021e+02     
  10.000         140.000            1.036e-01           1.036e-01             256.588           5.536e-06             295.075           2.198e+02     
  15.000         140.000            2.140e-01           2.140e-01             248.890           4.220e-06             286.297           3.162e+02     
  20.000         140.000            3.302e-01           3.302e-01             243.082           3.241e-06             275.632           3.162e+02     
  25.000         140.000            4.209e-01           4.209e-01             238.503           2.457e-06             263.537           3.162e+02     
  30.000         140.000            4.740e-01           4.740e-01             233.986           1.857e-06             248.451           3.162e+02     
  35.000         140.000            4.995e-01           4.995e-01             228.338           1.500e-06             230.206           3.162e+02     
  40.000         140.000            5.146e-01           5.146e-01             220.830           1.312e-06             209.825           3.162e+02     
  45.000         140.000            5.318e-01           5.318e-01             211.511           1.291e-06             190.334           3.162e+02     
  50.000         140.000            5.540e-01           5.540e-01             200.987           1.341e-06             174.835           3.162e+02     
  55.000         140.000            5.785e-01           5.785e-01             189.943           1.314e-06             163.750           3.162e+02     
  60.000         140.000            6.029e-01           6.029e-01             178.917           1.176e-06             155.838           3.162e+02     
  65.000         140.000            6.285e-01           6.285e-01             168.412           9.233e-07             150.292           3.162e+02     
  70.000         140.000            6.576e-01           6.576e-01             158.989           6.290e-07             146.639           3.162e+02     
  75.000         140.000            6.896e-01           6.896e-01             151.204           3.602e-07             144.079           3.162e+02     
  80.000         140.000            7.198e-01           7.198e-01             145.461           1.590e-07             142.298           3.162e+02     
  85.000         140.000            7.417e-01           7.417e-01             141.970           3.900e-08             140.953           3.162e+02     
  90.000         140.000            7.496e-01           7.496e-01             140.803           1.011e-11             200.663           3.162e+02     
  95.000         140.000            7.417e-01           7.417e-01             141.970           3.900e-08             320.952           3.162e+02     
 100.000         140.000            7.198e-01           7.198e-01             145.461           1.590e-07             322.296           3.162e+02     
 105.000         140.000            6.896e-01           6.896e-01             151.204           3.603e-07             324.078           3.162e+02     
 110.000         140.000            6.576e-01           6.576e-01             158.989           6.291e-07             326.638           3.162e+02     
 115.000         140.000            6.285e-01           6.285e-01             168.412           9.234e-07             330.290           3.162e+02     
 120.000         140.000            6.029e-01           6.029e-01             178.917           1.176e-06             335.836           3.162e+02     
 125.000         140.000            5.785e-01           5.785e-01             189.943           1.314e-06             343.749           3.162e+02     
 130.000         140.000            5.540e-01           5.540e-01             200.987           1.341e-06             354.833           3.162e+02     
 135.000         140.000            5.318e-01           5.318e-01             211.511           1.291e-06              10.332           3.162e+02     
 140.000         140.000            5.146e-01           5.146e-01             220.830           1.311e-06              29.823           3.162e+02     
 145.000         140.000            4.995e-01           4.995e-01             228.338           1.500e-06              50.205           3.162e+02     
 150.000         140.000            4.740e-01           4.740e-01             233.986           1.857e-06              68.450           3.162e+02     
 155.000         140.000            4.209e-01           4.209e-01             238.503           2.457e-06              83.536           3.162e+02     
 160.000         140.000            3.302e-01           3.302e-01             243.082           3.241e-06              95.632           3.162e+02     
 165.000         140.000            2.140e-01           2.140e-01             248.890           4.219e-06             106.298           3.162e+02     
 170.000         140.000            1.036e-01           1.036e-01             256.588           5.535e-06             115.075           2.198e+02     
 175.000         140.000            2.742e-02           2.741e-02             265.749           7.015e-06             123.486           1.021e+02     
 180.000         140.000            1.326e-05           4.663e-06             131.108           8.601e-06             132.143           1.159e+02     
   0.000         145.000            1.326e-05           3.594e-06             130.969           9.671e-06             312.080           1.160e+02     
   5.000         145.000            2.760e-02           2.759e-02             268.693           8.059e-06             306.104           9.633e+01     
  10.000         145.000            1.027e-01           1.027e-01             262.335           6.507e-06             300.731           2.023e+02     
  15.000         145.000            2.080e-01           2.080e-01             257.237           5.095e-06             295.261           3.162e+02     
  20.000         145.000            3.178e-01           3.178e-01             253.974           3.981e-06             288.364           3.162e+02     
  25.000         145.000            4.081e-01           4.081e-01             252.048           3.030e-06             280.196           3.162e+02     
  30.000         145.000            4.700e-01           4.700e-01             250.250           2.322e-06             269.666           3.162e+02     
  35.000         145.000            5.086e-01           5.086e-01             247.128           1.788e-06             256.261           3.162e+02     
  40.000         145.000            5.343e-01           5.343e-01             241.647           1.466e-06             240.642           3.162e+02     
  45.000         145.000            5.574e-01           5.574e-01             233.658           1.312e-06             224.859           3.162e+02     
  50.000         145.000            5.862e-01           5.862e-01             223.867           1.250e-06             211.375           3.162e+02     
  55.000         145.000            6.233e-01           6.233e-01             213.361           1.186e-06             201.460           3.162e+02     
  60.000         145.000            6.666e-01           6.666e-01             203.113           1.056e-06             194.890           3.162e+02     
  65.000         145.000            7.125e-01           7.125e-01             193.796           8.378e-07             191.177           3.162e+02     
  70.000         145.000            7.572e-01           7.572e-01             185.837           5.937e-07             188.841           3.162e+02     
  75.000         145.000            7.975e-01           7.975e-01             179.499           3.547e-07             187.568           3.162e+02     
  80.000         145.000            8.297e-01           8.297e-01             174.926           1.625e-07             186.869           3.162e+02     
  85.000         145.000            8.507e-01           8.507e-01             172.177           4.082e-08             186.297           3.162e+02     
  90.000         145.000            8.580e-01           8.580e-01             171.261           9.447e-12             235.237           3.162e+02     
  95.000         145.000            8.507e-01           8.507e-01             172.177           4.083e-08               6.297           3.162e+02     
 100.000         145.000            8.297e-01           8.297e-01             174.926           1.625e-07               6.868           3.162e+02     
 105.000         145.000            7.975e-01           7.975e-01             179.499           3.548e-07               7.567           3.162e+02     
 110.000         145.000            7.572e-01           7.572e-01             185.837           5.937e-07               8.839           3.162e+02     
 115.000         145.000            7.125e-01           7.125e-01             193.796           8.378e-07              11.175           3.162e+02     
 120.000         145.000            6.666e-01           6.666e-01             203.113           1.056e-06              14.888           3.162e+02     
 125.000         145.000            6.233e-01           6.233e-01             213.361           1.186e-06              21.458           3.162e+02     
 130.000         145.000            5.862e-01           5.862e-01             223.867           1.250e-06              31.373           3.162e+02     
 135.000         145.000            5.574e-01           5.574e-01             233.658           1.312e-06              44.856           3.162e+02     
 140.000         145.000            5.343e-01           5.343e-01             241.647           1.466e-06              60.639           3.162e+02     
 145.000         145.000            5.086e-01           5.086e-01             247.128           1.788e-06              76.259           3.162e+02     
 150.000         145.000            4.700e-01           4.700e-01             250.250           2.322e-06              89.665           3.162e+02     
 155.000         145.000            4.081e-01           4.081e-01             252.048           3.030e-06             100.196           3.162e+02     
 160.000         145.000            3.178e-01           3.178e-01             253.974           3.980e-06             108.365           3.162e+02     
 165.000         145.000            2.080e-01           2.080e-01             257.237           5.094e-06             115.261           3.162e+02     
 170.000         145.000            1.027e-01           1.027e-01             262.335           6.507e-06             120.731           2.023e+02     
 175.000         145.000            2.760e-02           2.759e-02             268.693           8.058e-06             126.105           9.633e+01     
 180.000         145.000            1.326e-05           3.594e-06             130.968           9.670e-06             132.081           1.159e+02     
   0.000         150.000            1.326e-05           2.617e-06             130.782           1.065e-05             312.024           1.160e+02     
   5.000         150.000            2.781e-02           2.780e-02             271.680           9.071e-06             308.764           9.183e+01     
  10.000         150.000            1.020e-01           1.020e-01             268.199           7.497e-06             306.371           1.888e+02     
  15.000         150.000            2.027e-01           2.027e-01             265.805           6.027e-06             304.054           2.962e+02     
  20.000         150.000            3.064e-01           3.064e-01             265.131           4.774e-06             301.281           3.162e+02     
  25.000         150.000            3.964e-01           3.964e-01             265.783           3.766e-06             296.212           3.162e+02     
  30.000         150.000            4.680e-01           4.680e-01             266.484           2.933e-06             289.767           3.162e+02     
  35.000         150.000            5.218e-01           5.218e-01             265.631           2.275e-06             281.035           3.162e+02     
  40.000         150.000            5.595e-01           5.595e-01             262.059           1.810e-06             270.252           3.162e+02     
  45.000         150.000            5.867e-01           5.867e-01             255.521           1.538e-06             258.887           3.162e+02     
  50.000         150.000            6.145e-01           6.145e-01             246.700           1.369e-06             248.100           3.162e+02     
  55.000         150.000            6.522e-01           6.522e-01             236.870           1.243e-06             239.490           3.162e+02     
  60.000         150.000            7.011e-01           7.011e-01             227.318           1.094e-06             233.522           3.162e+02     
  65.000         150.000            7.558e-01           7.558e-01             218.915           8.887e-07             229.648           3.162e+02     
  70.000         150.000            8.082e-01           8.082e-01             212.056           6.416e-07             227.283           3.162e+02     
  75.000         150.000            8.522e-01           8.522e-01             206.831           3.923e-07             225.890           3.162e+02     
  80.000         150.000            8.846e-01           8.846e-01             203.192           1.835e-07             225.061           3.162e+02     
  85.000         150.000            9.041e-01           9.041e-01             201.056           4.657e-08             224.326           3.162e+02     
  90.000         150.000            9.105e-01           9.105e-01             200.352           9.153e-12             272.273           3.162e+02     
  95.000         150.000            9.041e-01           9.041e-01             201.056           4.658e-08              44.327           3.162e+02     
 100.000         150.000            8.846e-01           8.846e-01             203.192           1.835e-07              45.061           3.162e+02     
 105.000         150.000            8.522e-01           8.522e-01             206.831           3.924e-07              45.889           3.162e+02     
 110.000         150.000            8.082e-01           8.082e-01             212.056           6.416e-07              47.282           3.162e+02     
 115.000         150.000            7.558e-01           7.558e-01             218.915           8.888e-07              49.647           3.162e+02     
 120.000         150.000            7.011e-01           7.011e-01             227.318           1.094e-06              53.520           3.162e+02     
 125.000         150.000            6.522e-01           6.522e-01             236.870           1.243e-06              59.488           3.162e+02     
 130.000         150.000            6.145e-01           6.145e-01             246.700           1.369e-06              68.098           3.162e+02     
 135.000         150.000            5.867e-01           5.867e-01             255.521           1.538e-06              78.885           3.162e+02     
 140.000         150.000            5.595e-01           5.595e-01             262.059           1.810e-06              90.250           3.162e+02     
 145.000         150.000            5.218e-01           5.218e-01             265.631           2.275e-06             101.033           3.162e+02     
 150.000         150.000            4.680e-01           4.680e-01             266.484           2.933e-06             109.766           3.162e+02     
 155.000         150.000            3.964e-01           3.964e-01             265.783           3.766e-06             116.211           3.162e+02     
 160.000         150.000            3.064e-01           3.064e-01             265.131           4.774e-06             121.281           3.162e+02     
 165.000         150.000            2.027e-01           2.027e-01             265.805           6.026e-06             124.055           2.962e+02     
 170.000         150.000            1.020e-01           1.020e-01             268.199           7.496e-06             126.371           1.888e+02     
 175.000         150.000            2.781e-02           2.780e-02             271.680           9.070e-06             128.764           9.184e+01     
 180.000         150.000            1.326e-05           2.616e-06             130.782           1.065e-05             132.024           1.159e+02     
   0.000         155.000            1.326e-05           1.761e-06             130.516           1.150e-05             311.972           1.160e+02     
   5.000         155.000            2.806e-02           2.805e-02             274.685           1.002e-05             311.438           8.844e+01     
  10.000         155.000            1.017e-01           1.017e-01             274.131           8.474e-06             311.955           1.787e+02     
  15.000         155.000            1.983e-01           1.983e-01             274.531           6.981e-06             312.649           2.730e+02     
  20.000         155.000            2.964e-01           2.964e-01             276.505           5.676e-06             312.920           3.162e+02     
  25.000         155.000            3.860e-01           3.859e-01             279.673           4.577e-06             311.392           3.162e+02     
  30.000         155.000            4.668e-01           4.668e-01             282.690           3.642e-06             308.676           3.162e+02     
  35.000         155.000            5.366e-01           5.366e-01             283.909           2.870e-06             304.031           3.162e+02     
  40.000         155.000            5.884e-01           5.884e-01             282.224           2.302e-06             297.597           3.162e+02     
  45.000         155.000            6.208e-01           6.208e-01             277.418           1.885e-06             290.006           3.162e+02     
  50.000         155.000            6.440e-01           6.440e-01             270.106           1.581e-06             282.160           3.162e+02     
  55.000         155.000            6.718e-01           6.718e-01             261.516           1.348e-06             275.130           3.162e+02     
  60.000         155.000            7.105e-01           7.105e-01             253.035           1.116e-06             269.907           3.162e+02     
  65.000         155.000            7.563e-01           7.563e-01             245.681           8.653e-07             265.769           3.162e+02     
  70.000         155.000            8.007e-01           8.007e-01             239.900           6.039e-07             262.928           3.162e+02     
  75.000         155.000            8.368e-01           8.368e-01             235.714           3.589e-07             261.085           3.162e+02     
  80.000         155.000            8.616e-01           8.616e-01             232.947           1.651e-07             259.965           3.162e+02     
  85.000         155.000            8.757e-01           8.757e-01             231.389           4.166e-08             259.118           3.162e+02     
  90.000         155.000            8.801e-01           8.801e-01             230.889           9.388e-12             309.007           3.162e+02     
  95.000         155.000            8.757e-01           8.757e-01             231.389           4.168e-08              79.116           3.162e+02     
 100.000         155.000            8.616e-01           8.616e-01             232.947           1.651e-07              79.964           3.162e+02     
 105.000         155.000            8.368e-01           8.368e-01             235.714           3.589e-07              81.084           3.162e+02     
 110.000         155.000            8.007e-01           8.007e-01             239.900           6.040e-07              82.926           3.162e+02     
 115.000         155.000            7.563e-01           7.563e-01             245.681           8.654e-07              85.767           3.162e+02     
 120.000         155.000            7.105e-01           7.105e-01             253.035           1.116e-06              89.905           3.162e+02     
 125.000         155.000            6.718e-01           6.718e-01             261.516           1.348e-06              95.128           3.162e+02     
 130.000         155.000            6.440e-01           6.440e-01             270.106           1.581e-06             102.157           3.162e+02     
 135.000         155.000            6.208e-01           6.208e-01             277.418           1.885e-06             110.003           3.162e+02     
 140.000         155.000            5.884e-01           5.884e-01             282.224           2.302e-06             117.595           3.162e+02     
 145.000         155.000            5.366e-01           5.366e-01             283.909           2.870e-06             124.029           3.162e+02     
 150.000         155.000            4.668e-01           4.668e-01             282.690           3.642e-06             128.675           3.162e+02     
 155.000         155.000            3.860e-01           3.859e-01             279.673           4.577e-06             131.391           3.162e+02     
 160.000         155.000            2.964e-01           2.964e-01             276.505           5.676e-06             132.920           3.162e+02     
 165.000         155.000            1.983e-01           1.983e-01             274.531           6.980e-06             132.650           2.730e+02     
 170.000         155.000            1.017e-01           1.017e-01             274.131           8.473e-06             131.955           1.787e+02     
 175.000         155.000            2.806e-02           2.805e-02             274.685           1.002e-05             131.438           8.844e+01     
 180.000         155.000            1.326e-05           1.761e-06             130.516           1.150e-05             131.973           1.159e+02     
   0.000         160.000            1.326e-05           1.054e-06             130.097           1.221e-05             311.924           1.160e+02     
   5.000         160.000            2.835e-02           2.834e-02             277.684           1.088e-05             314.103           8.598e+01     
  10.000         160.000            1.018e-01           1.018e-01             280.076           9.405e-06             317.449           1.714e+02     
  15.000         160.000            1.952e-01           1.952e-01             283.344           7.915e-06             321.031           2.569e+02     
  20.000         160.000            2.884e-01           2.884e-01             288.032           6.568e-06             324.240           3.162e+02     
  25.000         160.000            3.774e-01           3.774e-01             293.687           5.367e-06             326.418           3.162e+02     
  30.000         160.000            4.665e-01           4.665e-01             298.881           4.330e-06             327.121           3.162e+02     
  35.000         160.000            5.524e-01           5.524e-01             302.008           3.521e-06             325.663           3.162e+02     
  40.000         160.000            6.217e-01           6.217e-01             302.155           2.838e-06             323.059           3.162e+02     
  45.000         160.000            6.653e-01           6.653e-01             299.269           2.284e-06             319.273           3.162e+02     
  50.000         160.000            6.888e-01           6.888e-01             293.955           1.828e-06             314.908           3.162e+02     
  55.000         160.000            7.066e-01           7.066e-01             287.282           1.436e-06             310.510           3.162e+02     
  60.000         160.000            7.289e-01           7.289e-01             280.503           1.081e-06             306.632           3.162e+02     
  65.000         160.000            7.563e-01           7.563e-01             274.622           7.601e-07             303.547           3.162e+02     
  70.000         160.000            7.835e-01           7.835e-01             270.133           4.832e-07             301.422           3.162e+02     
  75.000         160.000            8.052e-01           8.052e-01             267.063           2.678e-07             300.025           3.162e+02     
  80.000         160.000            8.196e-01           8.196e-01             265.186           1.162e-07             299.171           3.162e+02     
  85.000         160.000            8.273e-01           8.273e-01             264.211           2.819e-08             298.476           3.162e+02     
  90.000         160.000            8.297e-01           8.297e-01             263.914           9.448e-12             344.175           3.162e+02     
  95.000         160.000            8.273e-01           8.273e-01             264.211           2.821e-08             118.467           3.162e+02     
 100.000         160.000            8.196e-01           8.196e-01             265.186           1.162e-07             119.166           3.162e+02     
 105.000         160.000            8.052e-01           8.052e-01             267.063           2.679e-07             120.021           3.162e+02     
 110.000         160.000            7.835e-01           7.835e-01             270.133           4.833e-07             121.419           3.162e+02     
 115.000         160.000            7.563e-01           7.563e-01             274.622           7.602e-07             123.544           3.162e+02     
 120.000         160.000            7.289e-01           7.289e-01             280.503           1.081e-06             126.629           3.162e+02     
 125.000         160.000            7.066e-01           7.066e-01             287.282           1.436e-06             130.507           3.162e+02     
 130.000         160.000            6.888e-01           6.888e-01             293.955           1.828e-06             134.905           3.162e+02     
 135.000         160.000            6.653e-01           6.653e-01             299.269           2.284e-06             139.270           3.162e+02     
 140.000         160.000            6.217e-01           6.217e-01             302.155           2.837e-06             143.057           3.162e+02     
 145.000         160.000            5.524e-01           5.524e-01             302.008           3.521e-06             145.661           3.162e+02     
 150.000         160.000            4.665e-01           4.665e-01             298.881           4.329e-06             147.120           3.162e+02     
 155.000         160.000            3.774e-01           3.774e-01             293.687           5.366e-06             146.417           3.162e+02     
 160.000         160.000            2.884e-01           2.884e-01             288.032           6.567e-06             144.240           3.162e+02     
 165.000         160.000            1.952e-01           1.952e-01             283.344           7.914e-06             141.031           2.569e+02     
 170.000         160.000            1.018e-01           1.018e-01             280.076           9.404e-06             137.450           1.714e+02     
 175.000         160.000            2.835e-02           2.834e-02             277.684           1.088e-05             134.103           8.598e+01     
 180.000         160.000            1.326e-05           1.054e-06             130.096           1.221e-05             131.924           1.159e+02     
   0.000         165.000            1.326e-05           5.160e-07             129.323           1.275e-05             311.878           1.160e+02     
   5.000         165.000            2.868e-02           2.867e-02             280.648           1.162e-05             316.737           8.434e+01     
  10.000         165.000            1.023e-01           1.023e-01             285.972           1.025e-05             322.825           1.666e+02     
  15.000         165.000            1.936e-01           1.936e-01             292.152           8.789e-06             329.189           2.464e+02     
  20.000         165.000            2.833e-01           2.833e-01             299.616           7.401e-06             335.264           3.162e+02     
  25.000         165.000            3.719e-01           3.719e-01             307.764           6.143e-06             340.449           3.162e+02     
  30.000         165.000            4.681e-01           4.681e-01             315.040           5.042e-06             344.312           3.162e+02     
  35.000         165.000            5.692e-01           5.692e-01             319.911           4.109e-06             346.678           3.162e+02     
  40.000         165.000            6.584e-01           6.584e-01             321.730           3.323e-06             347.539           3.162e+02     
  45.000         165.000            7.203e-01           7.203e-01             320.690           2.687e-06             347.179           3.162e+02     
  50.000         165.000            7.539e-01           7.539e-01             317.477           2.095e-06             346.532           3.162e+02     
  55.000         165.000            7.701e-01           7.701e-01             313.043           1.562e-06             345.795           3.162e+02     
  60.000         165.000            7.800e-01           7.800e-01             308.407           1.092e-06             345.471           3.162e+02     
  65.000         165.000            7.885e-01           7.885e-01             304.394           7.031e-07             345.972           3.162e+02     
  70.000         165.000            7.954e-01           7.954e-01             301.439           4.127e-07             346.995           3.162e+02     
  75.000         165.000            7.996e-01           7.996e-01             299.578           2.115e-07             348.532           3.162e+02     
  80.000         165.000            8.011e-01           8.011e-01             298.589           8.636e-08             350.150           3.162e+02     
  85.000         165.000            8.012e-01           8.012e-01             298.164           2.009e-08             351.207           3.162e+02     
  90.000         165.000            8.011e-01           8.011e-01             298.054           8.977e-12              19.261           3.162e+02     
  95.000         165.000            8.012e-01           8.012e-01             298.164           2.010e-08             171.187           3.162e+02     
 100.000         165.000            8.011e-01           8.011e-01             298.589           8.638e-08             170.139           3.162e+02     
 105.000         165.000            7.996e-01           7.996e-01             299.578           2.116e-07             168.525           3.162e+02     
 110.000         165.000            7.954e-01           7.954e-01             301.439           4.127e-07             166.990           3.162e+02     
 115.000         165.000            7.885e-01           7.885e-01             304.394           7.031e-07             165.968           3.162e+02     
 120.000         165.000            7.800e-01           7.800e-01             308.407           1.093e-06             165.467           3.162e+02     
 125.000         165.000            7.701e-01           7.701e-01             313.043           1.562e-06             165.791           3.162e+02     
 130.000         165.000            7.539e-01           7.539e-01             317.477           2.095e-06             166.529           3.162e+02     
 135.000         165.000            7.203e-01           7.203e-01             320.690           2.687e-06             167.176           3.162e+02     
 140.000         165.000            6.584e-01           6.584e-01             321.730           3.323e-06             167.536           3.162e+02     
 145.000         165.000            5.692e-01           5.692e-01             319.911           4.109e-06             166.676           3.162e+02     
 150.000         165.000            4.681e-01           4.681e-01             315.040           5.042e-06             164.311           3.162e+02     
 155.000         165.000            3.719e-01           3.719e-01             307.764           6.142e-06             160.448           3.162e+02     
 160.000         165.000            2.833e-01           2.833e-01             299.616           7.400e-06             155.264           3.162e+02     
 165.000         165.000            1.936e-01           1.936e-01             292.152           8.788e-06             149.189           2.464e+02     
 170.000         165.000            1.023e-01           1.023e-01             285.972           1.025e-05             142.826           1.666e+02     
 175.000         165.000            2.868e-02           2.867e-02             280.648           1.162e-05             136.738           8.434e+01     
 180.000         165.000            1.326e-05           5.159e-07             129.321           1.275e-05             131.879           1.159e+02     
   0.000         170.000            1.326e-05           1.640e-07             127.359           1.310e-05             311.834           1.160e+02     
   5.000         170.000            2.905e-02           2.904e-02             283.553           1.221e-05             319.320           8.345e+01     
  10.000         170.000            1.034e-01           1.034e-01             291.755           1.099e-05             328.054           1.639e+02     
  15.000         170.000            1.940e-01           1.940e-01             300.844           9.564e-06             337.107           2.408e+02     
  20.000         170.000            2.819e-01           2.819e-01             311.118           8.137e-06             346.001           3.162e+02     
  25.000         170.000            3.712e-01           3.712e-01             321.775           6.818e-06             354.183           3.162e+02     
  30.000         170.000            4.734e-01           4.734e-01             331.085           5.650e-06               1.187           3.162e+02     
  35.000         170.000            5.869e-01           5.869e-01             337.582           4.662e-06               6.762           3.162e+02     
  40.000         170.000            6.937e-01           6.937e-01             340.883           3.813e-06              10.869           3.162e+02     
  45.000         170.000            7.752e-01           7.751e-01             341.448           3.068e-06              14.048           3.162e+02     
  50.000         170.000            8.246e-01           8.246e-01             340.112           2.392e-06              16.639           3.162e+02     
  55.000         170.000            8.470e-01           8.470e-01             337.801           1.776e-06              19.452           3.162e+02     
  60.000         170.000            8.509e-01           8.509e-01             335.362           1.239e-06              22.891           3.162e+02     
  65.000         170.000            8.432e-01           8.432e-01             333.409           8.048e-07              27.361           3.162e+02     
  70.000         170.000            8.289e-01           8.289e-01             332.230           4.799e-07              32.244           3.162e+02     
  75.000         170.000            8.122e-01           8.122e-01             331.794           2.536e-07              37.257           3.162e+02     
  80.000         170.000            7.972e-01           7.972e-01             331.850           1.075e-07              41.620           3.162e+02     
  85.000         170.000            7.869e-01           7.869e-01             332.066           2.583e-08              44.538           3.162e+02     
  90.000         170.000            7.832e-01           7.832e-01             332.174           8.496e-12              55.465           3.162e+02     
  95.000         170.000            7.869e-01           7.869e-01             332.066           2.584e-08             224.513           3.162e+02     
 100.000         170.000            7.972e-01           7.972e-01             331.850           1.075e-07             221.607           3.162e+02     
 105.000         170.000            8.122e-01           8.122e-01             331.794           2.536e-07             217.248           3.162e+02     
 110.000         170.000            8.289e-01           8.289e-01             332.230           4.799e-07             212.238           3.162e+02     
 115.000         170.000            8.432e-01           8.432e-01             333.409           8.048e-07             207.355           3.162e+02     
 120.000         170.000            8.509e-01           8.509e-01             335.362           1.240e-06             202.886           3.162e+02     
 125.000         170.000            8.470e-01           8.470e-01             337.801           1.776e-06             199.448           3.162e+02     
 130.000         170.000            8.246e-01           8.246e-01             340.112           2.392e-06             196.635           3.162e+02     
 135.000         170.000            7.752e-01           7.751e-01             341.448           3.068e-06             194.044           3.162e+02     
 140.000         170.000            6.937e-01           6.937e-01             340.883           3.813e-06             190.866           3.162e+02     
 145.000         170.000            5.869e-01           5.869e-01             337.582           4.662e-06             186.759           3.162e+02     
 150.000         170.000            4.734e-01           4.734e-01             331.085           5.650e-06             181.185           3.162e+02     
 155.000         170.000            3.712e-01           3.712e-01             321.775           6.818e-06             174.182           3.162e+02     
 160.000         170.000            2.819e-01           2.819e-01             311.118           8.137e-06             166.001           3.162e+02     
 165.000         170.000            1.940e-01           1.940e-01             300.844           9.564e-06             157.107           2.408e+02     
 170.000         170.000            1.034e-01           1.034e-01             291.755           1.099e-05             148.054           1.639e+02     
 175.000         170.000            2.905e-02           2.904e-02             283.553           1.221e-05             139.320           8.345e+01     
 180.000         170.000            1.326e-05           1.639e-07             127.356           1.310e-05             131.834           1.159e+02     
   0.000         175.000            1.326e-05           8.509e-09             111.881           1.326e-05             311.791           1.160e+02     
   5.000         175.000            2.947e-02           2.946e-02             286.373           1.264e-05             321.832           8.325e+01     
  10.000         175.000            1.050e-01           1.050e-01             297.355           1.157e-05             333.098           1.631e+02     
  15.000         175.000            1.965e-01           1.965e-01             309.290           1.021e-05             344.760           2.391e+02     
  20.000         175.000            2.851e-01           2.851e-01             322.349           8.755e-06             356.427           3.162e+02     
  25.000         175.000            3.767e-01           3.767e-01             335.507           7.382e-06               7.599           3.162e+02     
  30.000         175.000            4.844e-01           4.844e-01             346.859           6.155e-06              17.743           3.162e+02     
  35.000         175.000            6.058e-01           6.058e-01             354.986           5.117e-06              26.474           3.162e+02     
  40.000         175.000            7.226e-01           7.226e-01             359.718           4.216e-06              33.620           3.162e+02     
  45.000         175.000            8.157e-01           8.157e-01               1.741           3.429e-06              39.642           3.162e+02     
  50.000         175.000            8.762e-01           8.762e-01               2.048           2.709e-06              44.910           3.162e+02     
  55.000         175.000            9.049e-01           9.049e-01               1.617           2.059e-06              50.234           3.162e+02     
  60.000         175.000            9.072e-01           9.072e-01               1.231           1.494e-06              56.260           3.162e+02     
  65.000         175.000            8.901e-01           8.901e-01               1.365           1.021e-06              62.486           3.162e+02     
  70.000         175.000            8.618e-01           8.618e-01               2.157           6.466e-07              68.944           3.162e+02     
  75.000         175.000            8.307e-01           8.307e-01               3.439           3.634e-07              74.961           3.162e+02     
  80.000         175.000            8.041e-01           8.041e-01               4.837           1.624e-07              79.818           3.162e+02     
  85.000         175.000            7.868e-01           7.868e-01               5.910           4.048e-08              82.928           3.162e+02     
  90.000         175.000            7.808e-01           7.808e-01               6.311           8.600e-12              91.585           3.162e+02     
  95.000         175.000            7.868e-01           7.868e-01               5.910           4.048e-08             262.902           3.162e+02     
 100.000         175.000            8.041e-01           8.041e-01               4.837           1.624e-07             259.805           3.162e+02     
 105.000         175.000            8.307e-01           8.307e-01               3.439           3.634e-07             254.952           3.162e+02     
 110.000         175.000            8.618e-01           8.618e-01               2.157           6.466e-07             248.937           3.162e+02     
 115.000         175.000            8.901e-01           8.901e-01               1.365           1.021e-06             242.480           3.162e+02     
 120.000         175.000            9.072e-01           9.072e-01               1.231           1.494e-06             236.255           3.162e+02     
 125.000         175.000            9.049e-01           9.049e-01               1.617           2.059e-06             230.229           3.162e+02     
 130.000         175.000            8.762e-01           8.762e-01               2.048           2.709e-06             224.906           3.162e+02     
 135.000         175.000            8.157e-01           8.157e-01               1.741           3.429e-06             219.638           3.162e+02     
 140.000         175.000            7.226e-01           7.226e-01             359.718           4.216e-06             213.617           3.162e+02     
 145.000         175.000            6.058e-01           6.058e-01             354.986           5.117e-06             206.472           3.162e+02     
 150.000         175.000            4.844e-01           4.844e-01             346.859           6.154e-06             197.741           3.162e+02     
 155.000         175.000            3.767e-01           3.767e-01             335.507           7.381e-06             187.598           3.162e+02     
 160.000         175.000            2.851e-01           2.851e-01             322.349           8.755e-06             176.426           3.162e+02     
 165.000         175.000            1.965e-01           1.965e-01             309.290           1.021e-05             164.760           2.391e+02     
 170.000         175.000            1.050e-01           1.050e-01             297.355           1.157e-05             153.098           1.631e+02     
 175.000         175.000            2.947e-02           2.946e-02             286.373           1.264e-05             141.832           8.325e+01     
 180.000         175.000            1.326e-05           8.503e-09             111.863           1.326e-05             131.791           1.159e+02     
   0.000         180.000            1.326e-05           5.431e-08             319.508           1.321e-05             311.748           1.160e+02     
   5.000         180.000            2.993e-02           2.992e-02             289.081           1.295e-05             324.888           8.217e+01     
  10.000         180.000            1.072e-01           1.072e-01             302.709           1.205e-05             338.591           1.609e+02     
  15.000         180.000            2.013e-01           2.013e-01             317.352           1.074e-05             352.756           2.363e+02     
  20.000         180.000            2.933e-01           2.933e-01             333.078           9.261e-06               7.127           3.162e+02     
  25.000         180.000            3.898e-01           3.898e-01             348.676           7.849e-06              21.231           3.162e+02     
  30.000         180.000            5.030e-01           5.030e-01               2.119           6.577e-06              34.453           3.162e+02     
  35.000         180.000            6.282e-01           6.282e-01              12.047           5.497e-06              46.261           3.162e+02     
  40.000         180.000            7.454e-01           7.454e-01              18.424           4.542e-06              56.291           3.162e+02     
  45.000         180.000            8.370e-01           8.370e-01              22.052           3.708e-06              64.818           3.162e+02     
  50.000         180.000            8.963e-01           8.963e-01              24.017           2.943e-06              72.106           3.162e+02     
  55.000         180.000            9.251e-01           9.251e-01              25.350           2.264e-06              78.881           3.162e+02     
  60.000         180.000            9.285e-01           9.285e-01              26.834           1.680e-06              85.766           3.162e+02     
  65.000         180.000            9.134e-01           9.134e-01              28.876           1.176e-06              92.386           3.162e+02     
  70.000         180.000            8.881e-01           8.881e-01              31.498           7.641e-07              98.827           3.162e+02     
  75.000         180.000            8.614e-01           8.614e-01              34.392           4.388e-07             104.580           3.162e+02     
  80.000         180.000            8.397e-01           8.397e-01              37.046           1.990e-07             109.104           3.162e+02     
  85.000         180.000            8.263e-01           8.263e-01              38.913           5.005e-08             111.938           3.162e+02     
  90.000         180.000            8.218e-01           8.218e-01              39.585           9.341e-12             125.406           3.162e+02     
  95.000         180.000            8.263e-01           8.263e-01              38.913           5.004e-08             291.910           3.162e+02     
 100.000         180.000            8.397e-01           8.397e-01              37.046           1.990e-07             289.090           3.162e+02     
 105.000         180.000            8.614e-01           8.614e-01              34.392           4.388e-07             284.570           3.162e+02     
 110.000         180.000            8.881e-01           8.881e-01              31.498           7.641e-07             278.819           3.162e+02     
 115.000         180.000            9.134e-01           9.134e-01              28.876           1.176e-06             272.379           3.162e+02     
 120.000         180.000            9.285e-01           9.285e-01              26.834           1.680e-06             265.760           3.162e+02     
 125.000         180.000            9.251e-01           9.251e-01              25.350           2.264e-06             258.876           3.162e+02     
 130.000         180.000            8.963e-01           8.963e-01              24.017           2.943e-06             252.101           3.162e+02     
 135.000         180.000            8.370e-01           8.370e-01              22.052           3.708e-06             244.814           3.162e+02     
 140.000         180.000            7.454e-01           7.454e-01              18.424           4.542e-06             236.287           3.162e+02     
 145.000         180.000            6.282e-01           6.282e-01              12.047           5.496e-06             226.259           3.162e+02     
 150.000         180.000            5.030e-01           5.030e-01               2.119           6.576e-06             214.451           3.162e+02     
 155.000         180.000            3.898e-01           3.898e-01             348.676           7.848e-06             201.230           3.162e+02     
 160.000         180.000            2.933e-01           2.933e-01             333.078           9.261e-06             187.126           3.162e+02     
 165.000         180.000            2.013e-01           2.013e-01             317.352           1.074e-05             172.756           2.363e+02     
 170.000         180.000            1.072e-01           1.072e-01             302.709           1.205e-05             158.591           1.609e+02     
 175.000         180.000            2.993e-02           2.992e-02             289.081           1.295e-05             144.888           8.217e+01     
 180.000         180.000            1.326e-05           5.432e-08             319.511           1.321e-05             131.748           1.159e+02     
   0.000         185.000            1.326e-05           3.000e-07             315.029           1.296e-05             311.704           1.160e+02     
   5.000         185.000            3.044e-02           3.042e-02             291.659           1.298e-05             327.140           8.342e+01     
  10.000         185.000            1.100e-01           1.100e-01             307.753           1.229e-05             343.108           1.635e+02     
  15.000         185.000            2.084e-01           2.084e-01             324.896           1.108e-05             359.616           2.408e+02     
  20.000         185.000            3.065e-01           3.065e-01             343.073           9.639e-06              16.548           3.162e+02     
  25.000         185.000            4.108e-01           4.107e-01               0.961           8.240e-06              33.474           3.162e+02     
  30.000         185.000            5.308e-01           5.308e-01              16.536           6.971e-06              49.714           3.162e+02     
  35.000         185.000            6.580e-01           6.580e-01              28.547           5.888e-06              64.619           3.162e+02     
  40.000         185.000            7.705e-01           7.705e-01              37.019           4.906e-06              77.613           3.162e+02     
  45.000         185.000            8.520e-01           8.520e-01              42.732           4.027e-06              88.714           3.162e+02     
  50.000         185.000            9.007e-01           9.007e-01              46.711           3.185e-06              97.995           3.162e+02     
  55.000         185.000            9.237e-01           9.237e-01              49.937           2.428e-06             106.038           3.162e+02     
  60.000         185.000            9.292e-01           9.292e-01              53.145           1.781e-06             113.450           3.162e+02     
  65.000         185.000            9.245e-01           9.245e-01              56.694           1.223e-06             120.106           3.162e+02     
  70.000         185.000            9.156e-01           9.156e-01              60.547           7.785e-07             126.267           3.162e+02     
  75.000         185.000            9.073e-01           9.073e-01              64.353           4.381e-07             131.646           3.162e+02     
  80.000         185.000            9.020e-01           9.020e-01              67.602           1.953e-07             135.845           3.162e+02     
  85.000         185.000            8.997e-01           8.997e-01              69.789           4.855e-08             138.451           3.162e+02     
  90.000         185.000            8.992e-01           8.992e-01              70.560           1.045e-11             155.864           3.162e+02     
  95.000         185.000            8.997e-01           8.997e-01              69.789           4.853e-08             318.421           3.162e+02     
 100.000         185.000            9.020e-01           9.020e-01              67.602           1.953e-07             315.830           3.162e+02     
 105.000         185.000            9.073e-01           9.073e-01              64.353           4.381e-07             311.636           3.162e+02     
 110.000         185.000            9.156e-01           9.156e-01              60.547           7.784e-07             306.259           3.162e+02     
 115.000         185.000            9.245e-01           9.245e-01              56.694           1.223e-06             300.099           3.162e+02     
 120.000         185.000            9.292e-01           9.292e-01              53.145           1.781e-06             293.444           3.162e+02     
 125.000         185.000            9.237e-01           9.237e-01              49.937           2.428e-06             286.034           3.162e+02     
 130.000         185.000            9.007e-01           9.007e-01              46.711           3.185e-06             277.991           3.162e+02     
 135.000         185.000            8.520e-01           8.520e-01              42.732           4.026e-06             268.711           3.162e+02     
 140.000         185.000            7.705e-01           7.705e-01              37.019           4.906e-06             257.610           3.162e+02     
 145.000         185.000            6.580e-01           6.580e-01              28.547           5.888e-06             244.616           3.162e+02     
 150.000         185.000            5.308e-01           5.308e-01              16.536           6.971e-06             229.712           3.162e+02     
 155.000         185.000            4.108e-01           4.107e-01               0.961           8.240e-06             213.473           3.162e+02     
 160.000         185.000            3.065e-01           3.065e-01             343.073           9.638e-06             196.548           3.162e+02     
 165.000         185.000            2.084e-01           2.084e-01             324.896           1.108e-05             179.616           2.408e+02     
 170.000         185.000            1.100e-01           1.100e-01             307.753           1.229e-05             163.108           1.635e+02     
 175.000         185.000            3.044e-02           3.042e-02             291.659           1.298e-05             147.140           8.342e+01     
 180.000         185.000            1.326e-05           3.000e-07             315.031           1.296e-05             131.704           1.159e+02     
   0.000         190.000            1.326e-05           7.381e-07             313.815           1.253e-05             311.659           1.160e+02     
   5.000         190.000            3.097e-02           3.096e-02             294.082           1.281e-05             329.290           8.530e+01     
  10.000         190.000            1.133e-01           1.133e-01             312.433           1.231e-05             347.415           1.674e+02     
  15.000         190.000            2.176e-01           2.175e-01             331.801           1.125e-05               6.183           2.462e+02     
  20.000         190.000            3.245e-01           3.245e-01             352.120           9.898e-06              25.556           3.162e+02     
  25.000         190.000            4.389e-01           4.389e-01              12.054           8.563e-06              45.143           3.162e+02     
  30.000         190.000            5.676e-01           5.676e-01              29.726           7.345e-06              64.236           3.162e+02     
  35.000         190.000            6.987e-01           6.987e-01              44.057           6.308e-06              82.112           3.162e+02     
  40.000         190.000            8.095e-01           8.095e-01              55.090           5.342e-06              98.023           3.162e+02     
  45.000         190.000            8.855e-01           8.855e-01              63.475           4.440e-06             111.736           3.162e+02     
  50.000         190.000            9.284e-01           9.284e-01              70.018           3.503e-06             123.207           3.162e+02     
  55.000         190.000            9.489e-01           9.489e-01              75.469           2.623e-06             132.892           3.162e+02     
  60.000         190.000            9.582e-01           9.582e-01              80.395           1.843e-06             141.229           3.162e+02     
  65.000         190.000            9.633e-01           9.633e-01              85.089           1.218e-06             148.712           3.162e+02     
  70.000         190.000            9.678e-01           9.678e-01              89.551           7.345e-07             155.300           3.162e+02     
  75.000         190.000            9.727e-01           9.727e-01              93.559           3.929e-07             160.966           3.162e+02     
  80.000         190.000            9.778e-01           9.778e-01              96.775           1.681e-07             165.382           3.162e+02     
  85.000         190.000            9.817e-01           9.817e-01              98.865           4.065e-08             168.135           3.162e+02     
  90.000         190.000            9.833e-01           9.833e-01              99.589           1.157e-11             182.901           3.162e+02     
  95.000         190.000            9.817e-01           9.817e-01              98.865           4.061e-08             348.109           3.162e+02     
 100.000         190.000            9.778e-01           9.778e-01              96.775           1.680e-07             345.368           3.162e+02     
 105.000         190.000            9.727e-01           9.727e-01              93.559           3.928e-07             340.958           3.162e+02     
 110.000         190.000            9.678e-01           9.678e-01              89.551           7.344e-07             335.294           3.162e+02     
 115.000         190.000            9.633e-01           9.633e-01              85.089           1.218e-06             328.707           3.162e+02     
 120.000         190.000            9.582e-01           9.582e-01              80.395           1.843e-06             321.224           3.162e+02     
 125.000         190.000            9.489e-01           9.489e-01              75.469           2.622e-06             312.888           3.162e+02     
 130.000         190.000            9.284e-01           9.284e-01              70.018           3.503e-06             303.203           3.162e+02     
 135.000         190.000            8.855e-01           8.855e-01              63.475           4.439e-06             291.733           3.162e+02     
 140.000         190.000            8.095e-01           8.095e-01              55.090           5.341e-06             278.020           3.162e+02     
 145.000         190.000            6.987e-01           6.987e-01              44.057           6.308e-06             262.109           3.162e+02     
 150.000         190.000            5.676e-01           5.676e-01              29.726           7.345e-06             244.234           3.162e+02     
 155.000         190.000            4.389e-01           4.389e-01              12.054           8.563e-06             225.142           3.162e+02     
 160.000         190.000            3.245e-01           3.245e-01             352.120           9.897e-06             205.555           3.162e+02     
 165.000         190.000            2.176e-01           2.175e-01             331.801           1.125e-05             186.183           2.462e+02     
 170.000         190.000            1.133e-01           1.133e-01             312.433           1.231e-05             167.415           1.674e+02     
 175.000         190.000            3.097e-02           3.096e-02             294.082           1.281e-05             149.290           8.530e+01     
 180.000         190.000            1.326e-05           7.381e-07             313.816           1.253e-05             131.659           1.159e+02     
   0.000         195.000            1.326e-05           1.355e-06             313.244           1.191e-05             311.612           1.160e+02     
   5.000         195.000            3.155e-02           3.153e-02             296.330           1.242e-05             331.321           8.787e+01     
  10.000         195.000            1.171e-01           1.171e-01             316.694           1.214e-05             351.486           1.722e+02     
  15.000         195.000            2.286e-01           2.286e-01             337.973           1.126e-05              12.364           2.522e+02     
  20.000         195.000            3.462e-01           3.461e-01               0.064           1.005e-05              33.955           3.162e+02     
  25.000         195.000            4.722e-01           4.722e-01              21.721           8.835e-06              55.890           3.162e+02     
  30.000         195.000            6.105e-01           6.105e-01              41.331           7.718e-06              77.482           3.162e+02     
  35.000         195.000            7.489e-01           7.489e-01              58.024           6.786e-06              97.986           3.162e+02     
  40.000         195.000            8.675e-01           8.675e-01              71.823           5.904e-06             116.507           3.162e+02     
  45.000         195.000            9.548e-01           9.548e-01              83.165           5.011e-06             132.939           3.162e+02     
  50.000         195.000            1.012e+00           1.012e+00              92.550           4.050e-06             146.487           3.162e+02     
  55.000         195.000            1.049e+00           1.049e+00             100.420           3.032e-06             158.024           3.162e+02     
  60.000         195.000            1.071e+00           1.071e+00             107.131           2.095e-06             168.069           3.162e+02     
  65.000         195.000            1.085e+00           1.085e+00             112.925           1.341e-06             177.090           3.162e+02     
  70.000         195.000            1.093e+00           1.093e+00             117.900           7.769e-07             185.223           3.162e+02     
  75.000         195.000            1.096e+00           1.096e+00             122.024           3.996e-07             192.294           3.162e+02     
  80.000         195.000            1.096e+00           1.096e+00             125.161           1.657e-07             197.869           3.162e+02     
  85.000         195.000            1.096e+00           1.096e+00             127.137           3.923e-08             201.440           3.162e+02     
  90.000         195.000            1.096e+00           1.096e+00             127.814           1.214e-11             207.121           3.162e+02     
  95.000         195.000            1.096e+00           1.096e+00             127.137           3.919e-08              21.427           3.162e+02     
 100.000         195.000            1.096e+00           1.096e+00             125.161           1.656e-07              17.863           3.162e+02     
 105.000         195.000            1.096e+00           1.096e+00             122.024           3.995e-07              12.289           3.162e+02     
 110.000         195.000            1.093e+00           1.093e+00             117.900           7.768e-07               5.219           3.162e+02     
 115.000         195.000            1.085e+00           1.085e+00             112.925           1.341e-06             357.087           3.162e+02     
 120.000         195.000            1.071e+00           1.071e+00             107.131           2.094e-06             348.066           3.162e+02     
 125.000         195.000            1.049e+00           1.049e+00             100.420           3.031e-06             338.021           3.162e+02     
 130.000         195.000            1.012e+00           1.012e+00              92.550           4.050e-06             326.484           3.162e+02     
 135.000         195.000            9.548e-01           9.548e-01              83.165           5.010e-06             312.937           3.162e+02     
 140.000         195.000            8.675e-01           8.675e-01              71.823           5.904e-06             296.505           3.162e+02     
 145.000         195.000            7.489e-01           7.489e-01              58.024           6.785e-06             277.984           3.162e+02     
 150.000         195.000            6.105e-01           6.105e-01              41.331           7.717e-06             257.481           3.162e+02     
 155.000         195.000            4.722e-01           4.722e-01              21.721           8.834e-06             235.889           3.162e+02     
 160.000         195.000            3.462e-01           3.461e-01               0.064           1.005e-05             213.954           3.162e+02     
 165.000         195.000            2.286e-01           2.286e-01             337.973           1.126e-05             192.363           2.523e+02     
 170.000         195.000            1.171e-01           1.171e-01             316.694           1.214e-05             171.486           1.722e+02     
 175.000         195.000            3.155e-02           3.153e-02             296.330           1.242e-05             151.321           8.788e+01     
 180.000         195.000            1.326e-05           1.355e-06             313.245           1.191e-05             131.613           1.159e+02     
   0.000         200.000            1.326e-05           2.133e-06             312.908           1.113e-05             311.563           1.160e+02     
   5.000         200.000            3.214e-02           3.213e-02             298.388           1.184e-05             333.220           9.122e+01     
  10.000         200.000            1.213e-01           1.213e-01             320.503           1.176e-05             355.282           1.780e+02     
  15.000         200.000            2.410e-01           2.410e-01             343.348           1.110e-05              18.077           2.586e+02     
  20.000         200.000            3.702e-01           3.702e-01               6.816           1.009e-05              41.578           3.162e+02     
  25.000         200.000            5.075e-01           5.075e-01              29.827           9.038e-06              65.426           3.162e+02     
  30.000         200.000            6.538e-01           6.538e-01              51.101           8.049e-06              89.002           3.162e+02     
  35.000         200.000            7.996e-01           7.996e-01              69.972           7.286e-06             111.955           3.162e+02     
  40.000         200.000            9.332e-01           9.332e-01              86.381           6.537e-06             132.469           3.162e+02     
  45.000         200.000            1.049e+00           1.049e+00             100.479           5.741e-06             150.348           3.162e+02     
  50.000         200.000            1.146e+00           1.146e+00             112.440           4.795e-06             165.532           3.162e+02     
  55.000         200.000            1.223e+00           1.223e+00             122.475           3.676e-06             178.597           3.162e+02     
  60.000         200.000            1.278e+00           1.278e+00             130.844           2.581e-06             190.111           3.162e+02     
  65.000         200.000            1.310e+00           1.310e+00             137.807           1.655e-06             200.554           3.162e+02     
  70.000         200.000            1.323e+00           1.323e+00             143.555           9.714e-07             210.096           3.162e+02     
  75.000         200.000            1.321e+00           1.321e+00             148.154           5.025e-07             218.463           3.162e+02     
  80.000         200.000            1.312e+00           1.312e+00             151.564           2.097e-07             225.069           3.162e+02     
  85.000         200.000            1.304e+00           1.304e+00             153.680           4.999e-08             229.321           3.162e+02     
  90.000         200.000            1.301e+00           1.301e+00             154.399           1.165e-11             230.135           3.162e+02     
  95.000         200.000            1.304e+00           1.304e+00             153.680           4.995e-08              49.319           3.162e+02     
 100.000         200.000            1.312e+00           1.312e+00             151.564           2.096e-07              45.067           3.162e+02     
 105.000         200.000            1.321e+00           1.321e+00             148.154           5.024e-07              38.462           3.162e+02     
 110.000         200.000            1.323e+00           1.323e+00             143.555           9.712e-07              30.094           3.162e+02     
 115.000         200.000            1.310e+00           1.310e+00             137.807           1.655e-06              20.552           3.162e+02     
 120.000         200.000            1.278e+00           1.278e+00             130.844           2.580e-06              10.109           3.162e+02     
 125.000         200.000            1.223e+00           1.223e+00             122.475           3.676e-06             358.596           3.162e+02     
 130.000         200.000            1.146e+00           1.146e+00             112.440           4.795e-06             345.530           3.162e+02     
 135.000         200.000            1.049e+00           1.049e+00             100.479           5.740e-06             330.347           3.162e+02     
 140.000         200.000            9.332e-01           9.332e-01              86.381           6.536e-06             312.468           3.162e+02     
 145.000         200.000            7.996e-01           7.996e-01              69.972           7.286e-06             291.953           3.162e+02     
 150.000         200.000            6.538e-01           6.538e-01              51.101           8.049e-06             269.000           3.162e+02     
 155.000         200.000            5.075e-01           5.075e-01              29.827           9.038e-06             245.425           3.162e+02     
 160.000         200.000            3.702e-01           3.702e-01               6.815           1.009e-05             221.577           3.162e+02     
 165.000         200.000            2.410e-01           2.410e-01             343.348           1.110e-05             198.077           2.587e+02     
 170.000         200.000            1.213e-01           1.213e-01             320.503           1.176e-05             175.282           1.781e+02     
 175.000         200.000            3.214e-02           3.213e-02             298.388           1.184e-05             153.220           9.122e+01     
 180.000         200.000            1.326e-05           2.133e-06             312.909           1.113e-05             131.563           1.159e+02     
   0.000         205.000            1.326e-05           3.047e-06             312.684           1.022e-05             311.509           1.160e+02     
   5.000         205.000            3.275e-02           3.274e-02             300.239           1.108e-05             334.973           9.545e+01     
  10.000         205.000            1.258e-01           1.258e-01             323.831           1.119e-05             358.774           1.851e+02     
  15.000         205.000            2.542e-01           2.542e-01             347.894           1.077e-05              23.258           2.655e+02     
  20.000         205.000            3.949e-01           3.949e-01              12.350           9.991e-06              48.300           3.162e+02     
  25.000         205.000            5.409e-01           5.409e-01              36.339           9.174e-06              74.043           3.162e+02     
  30.000         205.000            6.894e-01           6.894e-01              58.932           8.283e-06              98.893           3.162e+02     
  35.000         205.000            8.359e-01           8.359e-01              79.653           7.626e-06             122.960           3.162e+02     
  40.000         205.000            9.800e-01           9.800e-01              98.309           7.025e-06             145.034           3.162e+02     
  45.000         205.000            1.125e+00           1.125e+00             114.717           6.386e-06             164.173           3.162e+02     
  50.000         205.000            1.267e+00           1.267e+00             128.751           5.524e-06             180.223           3.162e+02     
  55.000         205.000            1.396e+00           1.396e+00             140.494           4.365e-06             194.016           3.162e+02     
  60.000         205.000            1.496e+00           1.496e+00             150.226           3.160e-06             206.347           3.162e+02     
  65.000         205.000            1.561e+00           1.561e+00             158.274           2.079e-06             217.147           3.162e+02     
  70.000         205.000            1.591e+00           1.591e+00             164.880           1.242e-06             226.906           3.162e+02     
  75.000         205.000            1.597e+00           1.597e+00             170.141           6.573e-07             235.392           3.162e+02     
  80.000         205.000            1.590e+00           1.590e+00             174.022           2.783e-07             242.032           3.162e+02     
  85.000         205.000            1.581e+00           1.581e+00             176.419           6.710e-08             246.238           3.162e+02     
  90.000         205.000            1.577e+00           1.577e+00             177.232           1.026e-11             254.589           3.162e+02     
  95.000         205.000            1.581e+00           1.581e+00             176.419           6.706e-08              66.238           3.162e+02     
 100.000         205.000            1.590e+00           1.590e+00             174.022           2.783e-07              62.031           3.162e+02     
 105.000         205.000            1.597e+00           1.597e+00             170.141           6.571e-07              55.392           3.162e+02     
 110.000         205.000            1.591e+00           1.591e+00             164.880           1.241e-06              46.905           3.162e+02     
 115.000         205.000            1.561e+00           1.561e+00             158.274           2.079e-06              37.146           3.162e+02     
 120.000         205.000            1.496e+00           1.496e+00             150.226           3.160e-06              26.346           3.162e+02     
 125.000         205.000            1.396e+00           1.396e+00             140.494           4.365e-06              14.015           3.162e+02     
 130.000         205.000            1.267e+00           1.267e+00             128.751           5.524e-06               0.222           3.162e+02     
 135.000         205.000            1.125e+00           1.125e+00             114.717           6.386e-06             344.172           3.162e+02     
 140.000         205.000            9.800e-01           9.800e-01              98.309           7.024e-06             325.033           3.162e+02     
 145.000         205.000            8.359e-01           8.359e-01              79.653           7.625e-06             302.959           3.162e+02     
 150.000         205.000            6.894e-01           6.894e-01              58.932           8.283e-06             278.891           3.162e+02     
 155.000         205.000            5.409e-01           5.409e-01              36.339           9.173e-06             254.041           3.162e+02     
 160.000         205.000            3.949e-01           3.949e-01              12.350           9.991e-06             228.299           3.162e+02     
 165.000         205.000            2.542e-01           2.542e-01             347.894           1.077e-05             203.257           2.655e+02     
 170.000         205.000            1.258e-01           1.258e-01             323.831           1.119e-05             178.773           1.851e+02     
 175.000         205.000            3.275e-02           3.274e-02             300.239           1.107e-05             154.973           9.545e+01     
 180.000         205.000            1.326e-05           3.047e-06             312.684           1.022e-05             131.509           1.159e+02     
   0.000         210.000            1.326e-05           4.070e-06             312.522           9.195e-06             311.450           1.160e+02     
   5.000         210.000            3.337e-02           3.336e-02             301.874           1.015e-05             336.571           1.008e+02     
  10.000         210.000            1.305e-01           1.305e-01             326.663           1.044e-05               1.938           1.936e+02     
  15.000         210.000            2.677e-01           2.677e-01             351.606           1.026e-05              27.861           2.732e+02     
  20.000         210.000            4.184e-01           4.184e-01              16.693           9.739e-06              54.041           3.162e+02     
  25.000         210.000            5.682e-01           5.682e-01              41.306           9.087e-06              80.574           3.162e+02     
  30.000         210.000            7.095e-01           7.094e-01              64.860           8.277e-06             106.395           3.162e+02     
  35.000         210.000            8.420e-01           8.420e-01              87.067           7.617e-06             131.497           3.162e+02     
  40.000         210.000            9.774e-01           9.774e-01             107.611           7.183e-06             154.562           3.162e+02     
  45.000         210.000            1.128e+00           1.128e+00             125.974           6.696e-06             174.856           3.162e+02     
  50.000         210.000            1.292e+00           1.292e+00             141.749           5.897e-06             191.267           3.162e+02     
  55.000         210.000            1.450e+00           1.450e+00             154.933           4.798e-06             204.986           3.162e+02     
  60.000         210.000            1.580e+00           1.580e+00             165.850           3.543e-06             216.882           3.162e+02     
  65.000         210.000            1.670e+00           1.670e+00             174.888           2.381e-06             227.352           3.162e+02     
  70.000         210.000            1.721e+00           1.721e+00             182.316           1.446e-06             236.597           3.162e+02     
  75.000         210.000            1.742e+00           1.742e+00             188.226           7.718e-07             244.449           3.162e+02     
  80.000         210.000            1.747e+00           1.747e+00             192.576           3.287e-07             250.496           3.162e+02     
  85.000         210.000            1.745e+00           1.745e+00             195.255           7.967e-08             254.313           3.162e+02     
  90.000         210.000            1.744e+00           1.744e+00             196.161           9.178e-12             282.601           3.162e+02     
  95.000         210.000            1.745e+00           1.745e+00             195.255           7.965e-08              74.313           3.162e+02     
 100.000         210.000            1.747e+00           1.747e+00             192.576           3.287e-07              70.495           3.162e+02     
 105.000         210.000            1.742e+00           1.742e+00             188.226           7.717e-07              64.449           3.162e+02     
 110.000         210.000            1.721e+00           1.721e+00             182.316           1.446e-06              56.597           3.162e+02     
 115.000         210.000            1.670e+00           1.670e+00             174.888           2.381e-06              47.351           3.162e+02     
 120.000         210.000            1.580e+00           1.580e+00             165.850           3.543e-06              36.881           3.162e+02     
 125.000         210.000            1.450e+00           1.450e+00             154.933           4.798e-06              24.985           3.162e+02     
 130.000         210.000            1.292e+00           1.292e+00             141.749           5.897e-06              11.266           3.162e+02     
 135.000         210.000            1.128e+00           1.128e+00             125.974           6.696e-06             354.855           3.162e+02     
 140.000         210.000            9.774e-01           9.774e-01             107.611           7.183e-06             334.561           3.162e+02     
 145.000         210.000            8.420e-01           8.420e-01              87.067           7.616e-06             311.496           3.162e+02     
 150.000         210.000            7.095e-01           7.094e-01              64.860           8.276e-06             286.394           3.162e+02     
 155.000         210.000            5.682e-01           5.682e-01              41.306           9.087e-06             260.573           3.162e+02     
 160.000         210.000            4.184e-01           4.184e-01              16.693           9.738e-06             234.040           3.162e+02     
 165.000         210.000            2.677e-01           2.677e-01             351.606           1.026e-05             207.860           2.732e+02     
 170.000         210.000            1.305e-01           1.305e-01             326.663           1.044e-05             181.937           1.936e+02     
 175.000         210.000            3.337e-02           3.336e-02             301.874           1.015e-05             156.571           1.008e+02     
 180.000         210.000            1.326e-05           4.070e-06             312.522           9.194e-06             131.450           1.159e+02     
   0.000         215.000            1.326e-05           5.171e-06             312.397           8.094e-06             311.384           1.160e+02     
   5.000         215.000            3.399e-02           3.398e-02             303.282           9.087e-06             338.005           1.074e+02     
  10.000         215.000            1.352e-01           1.352e-01             328.991           9.527e-06               4.759           2.038e+02     
  15.000         215.000            2.809e-01           2.809e-01             354.499           9.580e-06              31.862           2.822e+02     
  20.000         215.000            4.391e-01           4.391e-01              19.906           9.334e-06              59.243           3.162e+02     
  25.000         215.000            5.862e-01           5.862e-01              44.838           8.813e-06              85.799           3.162e+02     
  30.000         215.000            7.085e-01           7.085e-01              69.029           8.019e-06             111.992           3.162e+02     
  35.000         215.000            8.088e-01           8.088e-01              92.404           7.323e-06             137.616           3.162e+02     
  40.000         215.000            9.086e-01           9.086e-01             114.608           6.914e-06             161.638           3.162e+02     
  45.000         215.000            1.029e+00           1.029e+00             134.832           6.437e-06             182.049           3.162e+02     
  50.000         215.000            1.169e+00           1.169e+00             152.360           5.748e-06             198.782           3.162e+02     
  55.000         215.000            1.311e+00           1.311e+00             167.064           4.741e-06             212.363           3.162e+02     
  60.000         215.000            1.429e+00           1.429e+00             179.277           3.566e-06             223.644           3.162e+02     
  65.000         215.000            1.514e+00           1.514e+00             189.424           2.439e-06             233.699           3.162e+02     
  70.000         215.000            1.565e+00           1.565e+00             197.783           1.499e-06             241.834           3.162e+02     
  75.000         215.000            1.592e+00           1.592e+00             204.436           8.050e-07             248.616           3.162e+02     
  80.000         215.000            1.604e+00           1.604e+00             209.321           3.439e-07             253.760           3.162e+02     
  85.000         215.000            1.608e+00           1.608e+00             212.319           8.346e-08             256.819           3.162e+02     
  90.000         215.000            1.609e+00           1.609e+00             213.332           9.722e-12             311.641           3.162e+02     
  95.000         215.000            1.608e+00           1.608e+00             212.319           8.345e-08              76.817           3.162e+02     
 100.000         215.000            1.604e+00           1.604e+00             209.321           3.439e-07              73.759           3.162e+02     
 105.000         215.000            1.592e+00           1.592e+00             204.436           8.050e-07              68.615           3.162e+02     
 110.000         215.000            1.565e+00           1.565e+00             197.783           1.499e-06              61.833           3.162e+02     
 115.000         215.000            1.514e+00           1.514e+00             189.424           2.439e-06              53.698           3.162e+02     
 120.000         215.000            1.429e+00           1.429e+00             179.277           3.566e-06              43.643           3.162e+02     
 125.000         215.000            1.311e+00           1.311e+00             167.064           4.741e-06              32.362           3.162e+02     
 130.000         215.000            1.169e+00           1.169e+00             152.360           5.748e-06              18.781           3.162e+02     
 135.000         215.000            1.029e+00           1.029e+00             134.832           6.436e-06               2.048           3.162e+02     
 140.000         215.000            9.086e-01           9.086e-01             114.608           6.914e-06             341.637           3.162e+02     
 145.000         215.000            8.088e-01           8.088e-01              92.404           7.323e-06             317.614           3.162e+02     
 150.000         215.000            7.085e-01           7.085e-01              69.029           8.019e-06             291.991           3.162e+02     
 155.000         215.000            5.862e-01           5.862e-01              44.838           8.812e-06             265.798           3.162e+02     
 160.000         215.000            4.391e-01           4.391e-01              19.906           9.333e-06             239.242           3.162e+02     
 165.000         215.000            2.809e-01           2.809e-01             354.499           9.580e-06             211.861           2.822e+02     
 170.000         215.000            1.352e-01           1.352e-01             328.991           9.526e-06             184.758           2.038e+02     
 175.000         215.000            3.399e-02           3.398e-02             303.282           9.086e-06             158.005           1.074e+02     
 180.000         215.000            1.326e-05           5.171e-06             312.398           8.093e-06             131.384           1.159e+02     
   0.000         220.000            1.326e-05           6.317e-06             312.297           6.948e-06             311.308           1.160e+02     
   5.000         220.000            3.459e-02           3.459e-02             304.457           7.928e-06             339.270           1.157e+02     
  10.000         220.000            1.398e-01           1.398e-01             330.817           8.473e-06               7.231           2.164e+02     
  15.000         220.000            2.932e-01           2.932e-01             356.603           8.733e-06              35.265           2.933e+02     
  20.000         220.000            4.555e-01           4.555e-01              22.066           8.691e-06              63.054           3.162e+02     
  25.000         220.000            5.927e-01           5.927e-01              47.081           8.240e-06              89.645           3.162e+02     
  30.000         220.000            6.849e-01           6.849e-01              71.662           7.509e-06             115.819           3.162e+02     
  35.000         220.000            7.375e-01           7.375e-01              95.991           6.714e-06             141.938           3.162e+02     
  40.000         220.000            7.804e-01           7.804e-01             119.818           6.118e-06             166.079           3.162e+02     
  45.000         220.000            8.418e-01           8.418e-01             142.135           5.692e-06             186.978           3.162e+02     
  50.000         220.000            9.256e-01           9.256e-01             161.846           5.097e-06             203.965           3.162e+02     
  55.000         220.000            1.015e+00           1.015e+00             178.571           4.267e-06             217.682           3.162e+02     
  60.000         220.000            1.089e+00           1.089e+00             192.584           3.247e-06             228.090           3.162e+02     
  65.000         220.000            1.142e+00           1.142e+00             204.318           2.244e-06             236.638           3.162e+02     
  70.000         220.000            1.174e+00           1.174e+00             214.038           1.400e-06             243.680           3.162e+02     
  75.000         220.000            1.193e+00           1.193e+00             221.793           7.623e-07             249.316           3.162e+02     
  80.000         220.000            1.204e+00           1.204e+00             227.484           3.289e-07             253.458           3.162e+02     
  85.000         220.000            1.211e+00           1.211e+00             230.972           8.047e-08             255.777           3.162e+02     
  90.000         220.000            1.213e+00           1.213e+00             232.147           1.188e-11             335.423           3.162e+02     
  95.000         220.000            1.211e+00           1.211e+00             230.972           8.048e-08              75.775           3.162e+02     
 100.000         220.000            1.204e+00           1.204e+00             227.484           3.289e-07              73.457           3.162e+02     
 105.000         220.000            1.193e+00           1.193e+00             221.793           7.623e-07              69.316           3.162e+02     
 110.000         220.000            1.174e+00           1.174e+00             214.038           1.400e-06              63.680           3.162e+02     
 115.000         220.000            1.142e+00           1.142e+00             204.318           2.244e-06              56.637           3.162e+02     
 120.000         220.000            1.089e+00           1.089e+00             192.584           3.247e-06              48.089           3.162e+02     
 125.000         220.000            1.015e+00           1.015e+00             178.571           4.267e-06              37.681           3.162e+02     
 130.000         220.000            9.256e-01           9.256e-01             161.846           5.097e-06              23.964           3.162e+02     
 135.000         220.000            8.418e-01           8.418e-01             142.135           5.692e-06               6.977           3.162e+02     
 140.000         220.000            7.804e-01           7.804e-01             119.818           6.118e-06             346.078           3.162e+02     
 145.000         220.000            7.375e-01           7.375e-01              95.991           6.714e-06             321.936           3.162e+02     
 150.000         220.000            6.849e-01           6.849e-01              71.662           7.509e-06             295.817           3.162e+02     
 155.000         220.000            5.927e-01           5.927e-01              47.081           8.240e-06             269.644           3.162e+02     
 160.000         220.000            4.555e-01           4.555e-01              22.066           8.690e-06             243.052           3.162e+02     
 165.000         220.000            2.932e-01           2.932e-01             356.603           8.733e-06             215.263           2.933e+02     
 170.000         220.000            1.398e-01           1.398e-01             330.817           8.473e-06             187.230           2.164e+02     
 175.000         220.000            3.459e-02           3.459e-02             304.457           7.928e-06             159.270           1.157e+02     
 180.000         220.000            1.326e-05           6.316e-06             312.298           6.948e-06             131.308           1.159e+02     
   0.000         225.000            1.326e-05           7.472e-06             312.214           5.793e-06             311.218           1.160e+02     
   5.000         225.000            3.518e-02           3.517e-02             305.395           6.711e-06             340.365           1.263e+02     
  10.000         225.000            1.443e-01           1.443e-01             332.147           7.316e-06               9.361           2.322e+02     
  15.000         225.000            3.041e-01           3.041e-01             357.955           7.770e-06              38.593           3.038e+02     
  20.000         225.000            4.667e-01           4.667e-01              23.261           7.866e-06              66.080           3.162e+02     
  25.000         225.000            5.871e-01           5.871e-01              48.193           7.535e-06              92.432           3.162e+02     
  30.000         225.000            6.409e-01           6.408e-01              73.029           6.824e-06             118.617           3.162e+02     
  35.000         225.000            6.386e-01           6.386e-01              98.264           5.845e-06             143.976           3.162e+02     
  40.000         225.000            6.196e-01           6.196e-01             123.954           5.121e-06             168.568           3.162e+02     
  45.000         225.000            6.198e-01           6.198e-01             149.044           4.629e-06             190.146           3.162e+02     
  50.000         225.000            6.472e-01           6.472e-01             171.924           4.164e-06             207.729           3.162e+02     
  55.000         225.000            6.878e-01           6.878e-01             191.720           3.500e-06             220.832           3.162e+02     
  60.000         225.000            7.258e-01           7.258e-01             208.522           2.715e-06             230.736           3.162e+02     
  65.000         225.000            7.550e-01           7.550e-01             222.723           1.925e-06             238.296           3.162e+02     
  70.000         225.000            7.771e-01           7.771e-01             234.549           1.233e-06             244.132           3.162e+02     
  75.000         225.000            7.955e-01           7.955e-01             243.980           6.884e-07             248.577           3.162e+02     
  80.000         225.000            8.108e-01           8.108e-01             250.870           3.017e-07             252.349           3.162e+02     
  85.000         225.000            8.215e-01           8.215e-01             255.067           7.517e-08             253.939           3.162e+02     
  90.000         225.000            8.254e-01           8.254e-01             256.476           1.410e-11             351.723           3.162e+02     
  95.000         225.000            8.215e-01           8.215e-01             255.067           7.518e-08              73.939           3.162e+02     
 100.000         225.000            8.108e-01           8.108e-01             250.870           3.018e-07              72.349           3.162e+02     
 105.000         225.000            7.955e-01           7.955e-01             243.980           6.884e-07              68.577           3.162e+02     
 110.000         225.000            7.771e-01           7.771e-01             234.549           1.233e-06              64.131           3.162e+02     
 115.000         225.000            7.550e-01           7.550e-01             222.723           1.925e-06              58.295           3.162e+02     
 120.000         225.000            7.258e-01           7.258e-01             208.522           2.715e-06              50.735           3.162e+02     
 125.000         225.000            6.878e-01           6.878e-01             191.720           3.500e-06              40.831           3.162e+02     
 130.000         225.000            6.472e-01           6.472e-01             171.924           4.164e-06              27.728           3.162e+02     
 135.000         225.000            6.198e-01           6.198e-01             149.044           4.629e-06              10.144           3.162e+02     
 140.000         225.000            6.196e-01           6.196e-01             123.954           5.121e-06             348.566           3.162e+02     
 145.000         225.000            6.386e-01           6.386e-01              98.264           5.845e-06             323.975           3.162e+02     
 150.000         225.000            6.409e-01           6.408e-01              73.029           6.824e-06             298.615           3.162e+02     
 155.000         225.000            5.871e-01           5.871e-01              48.193           7.535e-06             272.431           3.162e+02     
 160.000         225.000            4.667e-01           4.667e-01              23.261           7.865e-06             246.079           3.162e+02     
 165.000         225.000            3.041e-01           3.041e-01             357.955           7.769e-06             218.591           3.038e+02     
 170.000         225.000            1.443e-01           1.443e-01             332.147           7.316e-06             189.360           2.322e+02     
 175.000         225.000            3.518e-02           3.517e-02             305.395           6.711e-06             160.365           1.263e+02     
 180.000         225.000            1.326e-05           7.471e-06             312.214           5.793e-06             131.218           1.159e+02     
   0.000         230.000            1.326e-05           8.601e-06             312.143           4.664e-06             311.108           1.160e+02     
   5.000         230.000            3.573e-02           3.572e-02             306.094           5.479e-06             341.295           1.401e+02     
  10.000         230.000            1.485e-01           1.485e-01             332.994           6.097e-06              11.167           2.525e+02     
  15.000         230.000            3.135e-01           3.135e-01             358.594           6.584e-06              40.792           3.162e+02     
  20.000         230.000            4.724e-01           4.724e-01              23.572           6.884e-06              68.418           3.162e+02     
  25.000         230.000            5.699e-01           5.699e-01              48.330           6.660e-06              94.284           3.162e+02     
  30.000         230.000            5.814e-01           5.814e-01              73.428           5.880e-06             119.566           3.162e+02     
  35.000         230.000            5.274e-01           5.274e-01              99.776           4.906e-06             144.603           3.162e+02     
  40.000         230.000            4.595e-01           4.595e-01             128.021           4.074e-06             169.393           3.162e+02     
  45.000         230.000            4.221e-01           4.221e-01             157.251           3.564e-06             192.144           3.162e+02     
  50.000         230.000            4.259e-01           4.259e-01             184.935           3.146e-06             209.939           3.162e+02     
  55.000         230.000            4.564e-01           4.564e-01             209.136           2.682e-06             223.167           3.162e+02     
  60.000         230.000            4.963e-01           4.963e-01             229.583           2.133e-06             232.754           3.162e+02     
  65.000         230.000            5.368e-01           5.368e-01             246.687           1.565e-06             240.072           3.162e+02     
  70.000         230.000            5.762e-01           5.762e-01             260.713           1.039e-06             244.881           3.162e+02     
  75.000         230.000            6.134e-01           6.134e-01             271.683           6.012e-07             248.453           3.162e+02     
  80.000         230.000            6.453e-01           6.453e-01             279.540           2.733e-07             250.933           3.162e+02     
  85.000         230.000            6.670e-01           6.670e-01             284.252           6.958e-08             252.144           3.162e+02     
  90.000         230.000            6.748e-01           6.748e-01             285.821           1.481e-11               1.770           3.162e+02     
  95.000         230.000            6.670e-01           6.670e-01             284.252           6.960e-08              72.147           3.162e+02     
 100.000         230.000            6.453e-01           6.453e-01             279.540           2.733e-07              70.935           3.162e+02     
 105.000         230.000            6.134e-01           6.134e-01             271.683           6.013e-07              68.454           3.162e+02     
 110.000         230.000            5.762e-01           5.762e-01             260.713           1.039e-06              64.881           3.162e+02     
 115.000         230.000            5.368e-01           5.368e-01             246.687           1.565e-06              60.071           3.162e+02     
 120.000         230.000            4.963e-01           4.963e-01             229.583           2.134e-06              52.753           3.162e+02     
 125.000         230.000            4.564e-01           4.564e-01             209.136           2.682e-06              43.166           3.162e+02     
 130.000         230.000            4.259e-01           4.259e-01             184.935           3.146e-06              29.937           3.162e+02     
 135.000         230.000            4.221e-01           4.221e-01             157.251           3.564e-06              12.142           3.162e+02     
 140.000         230.000            4.595e-01           4.595e-01             128.021           4.073e-06             349.391           3.162e+02     
 145.000         230.000            5.274e-01           5.274e-01              99.776           4.906e-06             324.601           3.162e+02     
 150.000         230.000            5.814e-01           5.814e-01              73.428           5.880e-06             299.564           3.162e+02     
 155.000         230.000            5.699e-01           5.699e-01              48.330           6.660e-06             274.282           3.162e+02     
 160.000         230.000            4.724e-01           4.724e-01              23.572           6.883e-06             248.417           3.162e+02     
 165.000         230.000            3.135e-01           3.135e-01             358.594           6.584e-06             220.790           3.162e+02     
 170.000         230.000            1.485e-01           1.485e-01             332.994           6.096e-06             191.166           2.525e+02     
 175.000         230.000            3.573e-02           3.572e-02             306.094           5.479e-06             161.294           1.401e+02     
 180.000         230.000            1.326e-05           8.601e-06             312.143           4.663e-06             131.108           1.159e+02     
   0.000         235.000            1.326e-05           9.671e-06             312.080           3.594e-06             310.969           1.160e+02     
   5.000         235.000            3.623e-02           3.623e-02             306.554           4.277e-06             342.072           1.584e+02     
  10.000         235.000            1.523e-01           1.523e-01             333.374           4.863e-06              12.692           2.793e+02     
  15.000         235.000            3.210e-01           3.210e-01             358.560           5.397e-06              42.623           3.162e+02     
  20.000         235.000            4.727e-01           4.727e-01              23.069           5.788e-06              70.212           3.162e+02     
  25.000         235.000            5.429e-01           5.429e-01              47.624           5.667e-06              95.429           3.162e+02     
  30.000         235.000            5.127e-01           5.126e-01              73.151           4.958e-06             119.821           3.162e+02     
  35.000         235.000            4.183e-01           4.183e-01             101.193           3.948e-06             144.102           3.162e+02     
  40.000         235.000            3.267e-01           3.267e-01             133.398           3.156e-06             169.338           3.162e+02     
  45.000         235.000            2.889e-01           2.889e-01             168.823           2.608e-06             192.291           3.162e+02     
  50.000         235.000            3.131e-01           3.131e-01             202.349           2.269e-06             211.243           3.162e+02     
  55.000         235.000            3.775e-01           3.775e-01             230.186           1.957e-06             225.093           3.162e+02     
  60.000         235.000            4.565e-01           4.565e-01             252.511           1.603e-06             235.000           3.162e+02     
  65.000         235.000            5.354e-01           5.354e-01             270.533           1.212e-06             241.423           3.162e+02     
  70.000         235.000            6.085e-01           6.085e-01             284.970           8.372e-07             245.938           3.162e+02     
  75.000         235.000            6.725e-01           6.725e-01             296.090           5.027e-07             249.174           3.162e+02     
  80.000         235.000            7.235e-01           7.235e-01             303.980           2.355e-07             251.388           3.162e+02     
  85.000         235.000            7.567e-01           7.567e-01             308.688           6.119e-08             252.441           3.162e+02     
  90.000         235.000            7.682e-01           7.682e-01             310.253           1.375e-11               6.648           3.162e+02     
  95.000         235.000            7.567e-01           7.567e-01             308.688           6.121e-08              72.445           3.162e+02     
 100.000         235.000            7.235e-01           7.235e-01             303.980           2.355e-07              71.390           3.162e+02     
 105.000         235.000            6.725e-01           6.725e-01             296.090           5.028e-07              69.174           3.162e+02     
 110.000         235.000            6.085e-01           6.085e-01             284.970           8.373e-07              65.938           3.162e+02     
 115.000         235.000            5.354e-01           5.354e-01             270.533           1.212e-06              61.422           3.162e+02     
 120.000         235.000            4.565e-01           4.565e-01             252.511           1.603e-06              54.999           3.162e+02     
 125.000         235.000            3.775e-01           3.775e-01             230.186           1.957e-06              45.091           3.162e+02     
 130.000         235.000            3.131e-01           3.131e-01             202.349           2.269e-06              31.241           3.162e+02     
 135.000         235.000            2.889e-01           2.889e-01             168.823           2.608e-06              12.289           3.162e+02     
 140.000         235.000            3.267e-01           3.267e-01             133.398           3.156e-06             349.335           3.162e+02     
 145.000         235.000            4.183e-01           4.183e-01             101.193           3.948e-06             324.100           3.162e+02     
 150.000         235.000            5.127e-01           5.126e-01              73.151           4.958e-06             299.819           3.162e+02     
 155.000         235.000            5.429e-01           5.429e-01              47.624           5.667e-06             275.427           3.162e+02     
 160.000         235.000            4.727e-01           4.727e-01              23.069           5.788e-06             250.210           3.162e+02     
 165.000         235.000            3.210e-01           3.210e-01             358.560           5.396e-06             222.621           3.162e+02     
 170.000         235.000            1.523e-01           1.523e-01             333.374           4.863e-06             192.690           2.794e+02     
 175.000         235.000            3.623e-02           3.623e-02             306.554           4.277e-06             162.071           1.584e+02     
 180.000         235.000            1.326e-05           9.670e-06             312.081           3.594e-06             130.968           1.159e+02     
   0.000         240.000            1.326e-05           1.065e-05             312.024           2.617e-06             310.782           1.160e+02     
   5.000         240.000            3.669e-02           3.669e-02             306.777           3.151e-06             342.725           1.838e+02     
  10.000         240.000            1.558e-01           1.558e-01             333.305           3.668e-06              14.013           3.160e+02     
  15.000         240.000            3.269e-01           3.269e-01             357.892           4.196e-06              44.165           3.162e+02     
  20.000         240.000            4.683e-01           4.683e-01              21.805           4.580e-06              71.511           3.162e+02     
  25.000         240.000            5.089e-01           5.089e-01              46.162           4.636e-06              96.593           3.162e+02     
  30.000         240.000            4.408e-01           4.408e-01              72.439           4.044e-06             119.592           3.162e+02     
  35.000         240.000            3.223e-01           3.223e-01             103.230           3.151e-06             142.858           3.162e+02     
  40.000         240.000            2.360e-01           2.360e-01             141.558           2.359e-06             167.447           3.162e+02     
  45.000         240.000            2.340e-01           2.340e-01             184.079           1.877e-06             191.091           3.162e+02     
  50.000         240.000            3.144e-01           3.144e-01             220.232           1.588e-06             211.350           3.162e+02     
  55.000         240.000            4.409e-01           4.409e-01             247.394           1.382e-06             226.726           3.162e+02     
  60.000         240.000            5.759e-01           5.759e-01             268.425           1.153e-06             236.679           3.162e+02     
  65.000         240.000            6.987e-01           6.987e-01             285.406           9.005e-07             243.335           3.162e+02     
  70.000         240.000            8.027e-01           8.027e-01             299.175           6.410e-07             247.865           3.162e+02     
  75.000         240.000            8.871e-01           8.871e-01             309.940           3.956e-07             251.046           3.162e+02     
  80.000         240.000            9.505e-01           9.505e-01             317.684           1.893e-07             253.201           3.162e+02     
  85.000         240.000            9.904e-01           9.904e-01             322.353           4.986e-08             254.205           3.162e+02     
  90.000         240.000            1.004e+00           1.004e+00             323.913           1.176e-11               6.743           3.162e+02     
  95.000         240.000            9.904e-01           9.904e-01             322.353           4.987e-08              74.209           3.162e+02     
 100.000         240.000            9.505e-01           9.505e-01             317.684           1.894e-07              73.202           3.162e+02     
 105.000         240.000            8.871e-01           8.871e-01             309.940           3.956e-07              71.046           3.162e+02     
 110.000         240.000            8.027e-01           8.027e-01             299.175           6.411e-07              67.864           3.162e+02     
 115.000         240.000            6.987e-01           6.987e-01             285.406           9.006e-07              63.334           3.162e+02     
 120.000         240.000            5.759e-01           5.759e-01             268.425           1.153e-06              56.677           3.162e+02     
 125.000         240.000            4.409e-01           4.409e-01             247.394           1.382e-06              46.723           3.162e+02     
 130.000         240.000            3.144e-01           3.144e-01             220.232           1.588e-06              31.348           3.162e+02     
 135.000         240.000            2.340e-01           2.340e-01             184.079           1.877e-06              11.088           3.162e+02     
 140.000         240.000            2.360e-01           2.360e-01             141.558           2.359e-06             347.444           3.162e+02     
 145.000         240.000            3.223e-01           3.223e-01             103.230           3.151e-06             322.855           3.162e+02     
 150.000         240.000            4.408e-01           4.408e-01              72.439           4.044e-06             299.590           3.162e+02     
 155.000         240.000            5.089e-01           5.089e-01              46.162           4.636e-06             276.590           3.162e+02     
 160.000         240.000            4.683e-01           4.683e-01              21.805           4.580e-06             251.509           3.162e+02     
 165.000         240.000            3.269e-01           3.269e-01             357.892           4.196e-06             224.163           3.162e+02     
 170.000         240.000            1.558e-01           1.558e-01             333.305           3.667e-06             194.011           3.160e+02     
 175.000         240.000            3.669e-02           3.669e-02             306.777           3.150e-06             162.724           1.838e+02     
 180.000         240.000            1.326e-05           1.065e-05             312.024           2.616e-06             130.782           1.159e+02     
   0.000         245.000            1.326e-05           1.150e-05             311.972           1.761e-06             310.516           1.160e+02     
   5.000         245.000            3.709e-02           3.708e-02             306.767           2.143e-06             343.312           2.209e+02     
  10.000         245.000            1.588e-01           1.588e-01             332.808           2.565e-06              15.278           3.162e+02     
  15.000         245.000            3.313e-01           3.313e-01             356.627           3.046e-06              45.607           3.162e+02     
  20.000         245.000            4.606e-01           4.606e-01              19.814           3.449e-06              72.625           3.162e+02     
  25.000         245.000            4.710e-01           4.710e-01              43.973           3.591e-06              97.132           3.162e+02     
  30.000         245.000            3.714e-01           3.714e-01              71.425           3.183e-06             119.145           3.162e+02     
  35.000         245.000            2.462e-01           2.462e-01             106.491           2.486e-06             141.705           3.162e+02     
  40.000         245.000            1.914e-01           1.914e-01             152.737           1.788e-06             164.608           3.162e+02     
  45.000         245.000            2.527e-01           2.527e-01             198.514           1.330e-06             188.346           3.162e+02     
  50.000         245.000            4.104e-01           4.104e-01             231.826           1.094e-06             210.269           3.162e+02     
  55.000         245.000            6.105e-01           6.105e-01             256.020           9.475e-07             226.240           3.162e+02     
  60.000         245.000            8.046e-01           8.046e-01             275.209           7.978e-07             237.457           3.162e+02     
  65.000         245.000            9.695e-01           9.695e-01             291.172           6.340e-07             244.881           3.162e+02     
  70.000         245.000            1.102e+00           1.102e+00             304.439           4.589e-07             249.838           3.162e+02     
  75.000         245.000            1.204e+00           1.204e+00             315.010           2.859e-07             253.729           3.162e+02     
  80.000         245.000            1.279e+00           1.279e+00             322.723           1.379e-07             255.887           3.162e+02     
  85.000         245.000            1.326e+00           1.326e+00             327.417           3.643e-08             256.871           3.162e+02     
  90.000         245.000            1.342e+00           1.342e+00             328.992           9.654e-12               2.547           3.162e+02     
  95.000         245.000            1.326e+00           1.326e+00             327.417           3.644e-08              76.873           3.162e+02     
 100.000         245.000            1.279e+00           1.279e+00             322.723           1.379e-07              75.887           3.162e+02     
 105.000         245.000            1.204e+00           1.204e+00             315.010           2.859e-07              73.728           3.162e+02     
 110.000         245.000            1.102e+00           1.102e+00             304.439           4.589e-07              69.837           3.162e+02     
 115.000         245.000            9.695e-01           9.695e-01             291.172           6.340e-07              64.879           3.162e+02     
 120.000         245.000            8.046e-01           8.046e-01             275.209           7.978e-07              57.455           3.162e+02     
 125.000         245.000            6.105e-01           6.105e-01             256.020           9.475e-07              46.237           3.162e+02     
 130.000         245.000            4.104e-01           4.104e-01             231.826           1.094e-06              30.265           3.162e+02     
 135.000         245.000            2.527e-01           2.527e-01             198.514           1.330e-06               8.342           3.162e+02     
 140.000         245.000            1.914e-01           1.914e-01             152.737           1.788e-06             344.605           3.162e+02     
 145.000         245.000            2.462e-01           2.462e-01             106.491           2.486e-06             321.702           3.162e+02     
 150.000         245.000            3.714e-01           3.714e-01              71.425           3.183e-06             299.142           3.162e+02     
 155.000         245.000            4.710e-01           4.710e-01              43.973           3.591e-06             277.130           3.162e+02     
 160.000         245.000            4.606e-01           4.606e-01              19.814           3.449e-06             252.622           3.162e+02     
 165.000         245.000            3.313e-01           3.313e-01             356.627           3.046e-06             225.604           3.162e+02     
 170.000         245.000            1.588e-01           1.588e-01             332.808           2.565e-06             195.276           3.162e+02     
 175.000         245.000            3.709e-02           3.708e-02             306.767           2.143e-06             163.310           2.209e+02     
 180.000         245.000            1.326e-05           1.150e-05             311.973           1.761e-06             130.516           1.159e+02     
   0.000         250.000            1.326e-05           1.221e-05             311.924           1.054e-06             310.097           1.160e+02     
   5.000         250.000            3.742e-02           3.742e-02             306.527           1.295e-06             343.967           2.797e+02     
  10.000         250.000            1.614e-01           1.614e-01             331.904           1.609e-06              16.805           3.162e+02     
  15.000         250.000            3.345e-01           3.345e-01             354.800           2.012e-06              47.313           3.162e+02     
  20.000         250.000            4.510e-01           4.510e-01              17.118           2.395e-06              73.883           3.162e+02     
  25.000         250.000            4.326e-01           4.326e-01              41.021           2.563e-06              97.380           3.162e+02     
  30.000         250.000            3.088e-01           3.088e-01              70.072           2.352e-06             118.466           3.162e+02     
  35.000         250.000            1.924e-01           1.924e-01             111.096           1.914e-06             139.526           3.162e+02     
  40.000         250.000            1.889e-01           1.889e-01             164.196           1.368e-06             160.794           3.162e+02     
  45.000         250.000            3.296e-01           3.296e-01             207.144           9.745e-07             183.417           3.162e+02     
  50.000         250.000            5.722e-01           5.722e-01             236.060           7.556e-07             205.499           3.162e+02     
  55.000         250.000            8.475e-01           8.475e-01             257.839           6.285e-07             223.046           3.162e+02     
  60.000         250.000            1.103e+00           1.103e+00             275.872           5.289e-07             235.657           3.162e+02     
  65.000         250.000            1.318e+00           1.318e+00             291.298           4.234e-07             244.088           3.162e+02     
  70.000         250.000            1.491e+00           1.491e+00             304.318           3.079e-07             250.129           3.162e+02     
  75.000         250.000            1.630e+00           1.630e+00             314.775           1.926e-07             253.736           3.162e+02     
  80.000         250.000            1.733e+00           1.733e+00             322.430           9.287e-08             256.087           3.162e+02     
  85.000         250.000            1.798e+00           1.798e+00             327.094           2.448e-08             257.100           3.162e+02     
  90.000         250.000            1.820e+00           1.820e+00             328.661           7.584e-12             355.190           3.162e+02     
  95.000         250.000            1.798e+00           1.798e+00             327.094           2.449e-08              77.096           3.162e+02     
 100.000         250.000            1.733e+00           1.733e+00             322.430           9.288e-08              76.084           3.162e+02     
 105.000         250.000            1.630e+00           1.630e+00             314.775           1.926e-07              73.734           3.162e+02     
 110.000         250.000            1.491e+00           1.491e+00             304.318           3.080e-07              70.126           3.162e+02     
 115.000         250.000            1.318e+00           1.318e+00             291.298           4.234e-07              64.085           3.162e+02     
 120.000         250.000            1.103e+00           1.103e+00             275.872           5.289e-07              55.654           3.162e+02     
 125.000         250.000            8.475e-01           8.475e-01             257.839           6.285e-07              43.042           3.162e+02     
 130.000         250.000            5.722e-01           5.722e-01             236.060           7.556e-07              25.495           3.162e+02     
 135.000         250.000            3.296e-01           3.296e-01             207.144           9.745e-07               3.414           3.162e+02     
 140.000         250.000            1.889e-01           1.889e-01             164.196           1.368e-06             340.791           3.162e+02     
 145.000         250.000            1.924e-01           1.924e-01             111.096           1.914e-06             319.523           3.162e+02     
 150.000         250.000            3.088e-01           3.088e-01              70.072           2.352e-06             298.463           3.162e+02     
 155.000         250.000            4.326e-01           4.326e-01              41.021           2.563e-06             277.377           3.162e+02     
 160.000         250.000            4.510e-01           4.510e-01              17.118           2.395e-06             253.880           3.162e+02     
 165.000         250.000            3.345e-01           3.345e-01             354.800           2.012e-06             227.311           3.162e+02     
 170.000         250.000            1.614e-01           1.614e-01             331.904           1.609e-06             196.802           3.162e+02     
 175.000         250.000            3.742e-02           3.742e-02             306.527           1.294e-06             163.965           2.797e+02     
 180.000         250.000            1.326e-05           1.221e-05             311.924           1.054e-06             130.096           1.159e+02     
   0.000         255.000            1.326e-05           1.275e-05             311.878           5.160e-07             309.323           1.160e+02     
   5.000         255.000            3.767e-02           3.767e-02             306.065           6.400e-07             345.060           3.162e+02     
  10.000         255.000            1.635e-01           1.635e-01             330.616           8.482e-07              19.396           3.162e+02     
  15.000         255.000            3.370e-01           3.370e-01             352.447           1.156e-06              50.121           3.162e+02     
  20.000         255.000            4.415e-01           4.415e-01              13.729           1.486e-06              75.917           3.162e+02     
  25.000         255.000            3.973e-01           3.973e-01              37.214           1.700e-06              98.181           3.162e+02     
  30.000         255.000            2.560e-01           2.560e-01              68.101           1.660e-06             117.725           3.162e+02     
  35.000         255.000            1.590e-01           1.590e-01             116.232           1.391e-06             136.605           3.162e+02     
  40.000         255.000            2.172e-01           2.172e-01             172.056           1.022e-06             155.598           3.162e+02     
  45.000         255.000            4.411e-01           4.411e-01             209.602           7.370e-07             176.109           3.162e+02     
  50.000         255.000            7.640e-01           7.640e-01             235.065           5.374e-07             196.930           3.162e+02     
  55.000         255.000            1.107e+00           1.107e+00             255.355           4.243e-07             215.092           3.162e+02     
  60.000         255.000            1.424e+00           1.424e+00             272.837           3.491e-07             229.007           3.162e+02     
  65.000         255.000            1.703e+00           1.703e+00             288.087           2.792e-07             239.145           3.162e+02     
  70.000         255.000            1.944e+00           1.944e+00             301.026           2.028e-07             245.316           3.162e+02     
  75.000         255.000            2.150e+00           2.150e+00             311.384           1.268e-07             249.400           3.162e+02     
  80.000         255.000            2.310e+00           2.310e+00             318.923           6.099e-08             251.934           3.162e+02     
  85.000         255.000            2.414e+00           2.414e+00             323.493           1.602e-08             252.980           3.162e+02     
  90.000         255.000            2.450e+00           2.450e+00             325.023           5.237e-12             345.620           3.162e+02     
  95.000         255.000            2.414e+00           2.414e+00             323.493           1.602e-08              72.968           3.162e+02     
 100.000         255.000            2.310e+00           2.310e+00             318.923           6.099e-08              71.928           3.162e+02     
 105.000         255.000            2.150e+00           2.150e+00             311.384           1.268e-07              69.395           3.162e+02     
 110.000         255.000            1.944e+00           1.944e+00             301.026           2.028e-07              65.312           3.162e+02     
 115.000         255.000            1.703e+00           1.703e+00             288.087           2.792e-07              59.140           3.162e+02     
 120.000         255.000            1.424e+00           1.424e+00             272.837           3.491e-07              49.003           3.162e+02     
 125.000         255.000            1.107e+00           1.107e+00             255.355           4.243e-07              35.088           3.162e+02     
 130.000         255.000            7.640e-01           7.640e-01             235.065           5.374e-07              16.925           3.162e+02     
 135.000         255.000            4.411e-01           4.411e-01             209.602           7.370e-07             356.105           3.162e+02     
 140.000         255.000            2.172e-01           2.172e-01             172.056           1.022e-06             335.594           3.162e+02     
 145.000         255.000            1.590e-01           1.590e-01             116.232           1.391e-06             316.602           3.162e+02     
 150.000         255.000            2.560e-01           2.560e-01              68.101           1.660e-06             297.722           3.162e+02     
 155.000         255.000            3.973e-01           3.973e-01              37.214           1.700e-06             278.178           3.162e+02     
 160.000         255.000            4.415e-01           4.415e-01              13.729           1.486e-06             255.914           3.162e+02     
 165.000         255.000            3.370e-01           3.370e-01             352.447           1.156e-06             230.117           3.162e+02     
 170.000         255.000            1.635e-01           1.635e-01             330.616           8.481e-07             199.392           3.162e+02     
 175.000         255.000            3.767e-02           3.767e-02             306.065           6.400e-07             165.058           3.162e+02     
 180.000         255.000            1.326e-05           1.275e-05             311.879           5.159e-07             129.321           1.159e+02     
   0.000         260.000            1.326e-05           1.310e-05             311.834           1.640e-07             307.359           1.160e+02     
   5.000         260.000            3.785e-02           3.785e-02             305.388           2.068e-07             348.098           3.162e+02     
  10.000         260.000            1.651e-01           1.651e-01             328.969           3.225e-07              25.872           3.162e+02     
  15.000         260.000            3.391e-01           3.391e-01             349.604           5.294e-07              56.458           3.162e+02     
  20.000         260.000            4.338e-01           4.338e-01               9.666           7.814e-07              80.296           3.162e+02     
  25.000         260.000            3.682e-01           3.682e-01              32.427           9.926e-07             100.128           3.162e+02     
  30.000         260.000            2.144e-01           2.144e-01              64.962           1.060e-06             117.092           3.162e+02     
  35.000         260.000            1.402e-01           1.402e-01             120.133           9.630e-07             133.023           3.162e+02     
  40.000         260.000            2.593e-01           2.593e-01             174.862           7.562e-07             148.729           3.162e+02     
  45.000         260.000            5.578e-01           5.578e-01             207.467           5.463e-07             165.995           3.162e+02     
  50.000         260.000            9.441e-01           9.441e-01             230.465           3.890e-07             183.730           3.162e+02     
  55.000         260.000            1.336e+00           1.336e+00             249.785           2.953e-07             201.120           3.162e+02     
  60.000         260.000            1.701e+00           1.701e+00             267.015           2.378e-07             215.615           3.162e+02     
  65.000         260.000            2.042e+00           2.042e+00             282.273           1.903e-07             226.569           3.162e+02     
  70.000         260.000            2.363e+00           2.363e+00             295.220           1.399e-07             233.573           3.162e+02     
  75.000         260.000            2.655e+00           2.655e+00             305.505           8.844e-08             238.119           3.162e+02     
  80.000         260.000            2.893e+00           2.893e+00             312.919           4.280e-08             240.859           3.162e+02     
  85.000         260.000            3.049e+00           3.049e+00             317.378           1.148e-08             242.468           3.162e+02     
  90.000         260.000            3.104e+00           3.104e+00             318.865           2.631e-12             332.801           3.162e+02     
  95.000         260.000            3.049e+00           3.049e+00             317.378           1.148e-08              62.445           3.162e+02     
 100.000         260.000            2.893e+00           2.893e+00             312.919           4.279e-08              60.847           3.162e+02     
 105.000         260.000            2.655e+00           2.655e+00             305.505           8.844e-08              58.110           3.162e+02     
 110.000         260.000            2.363e+00           2.363e+00             295.220           1.399e-07              53.566           3.162e+02     
 115.000         260.000            2.042e+00           2.042e+00             282.273           1.902e-07              46.563           3.162e+02     
 120.000         260.000            1.701e+00           1.701e+00             267.015           2.378e-07              35.609           3.162e+02     
 125.000         260.000            1.336e+00           1.336e+00             249.785           2.953e-07              21.115           3.162e+02     
 130.000         260.000            9.441e-01           9.441e-01             230.465           3.890e-07               3.724           3.162e+02     
 135.000         260.000            5.578e-01           5.578e-01             207.467           5.463e-07             345.991           3.162e+02     
 140.000         260.000            2.593e-01           2.593e-01             174.862           7.562e-07             328.725           3.162e+02     
 145.000         260.000            1.402e-01           1.402e-01             120.133           9.629e-07             313.019           3.162e+02     
 150.000         260.000            2.144e-01           2.144e-01              64.962           1.060e-06             297.088           3.162e+02     
 155.000         260.000            3.682e-01           3.682e-01              32.427           9.924e-07             280.124           3.162e+02     
 160.000         260.000            4.338e-01           4.338e-01               9.666           7.813e-07             260.292           3.162e+02     
 165.000         260.000            3.391e-01           3.391e-01             349.604           5.294e-07             236.453           3.162e+02     
 170.000         260.000            1.651e-01           1.651e-01             328.969           3.224e-07             205.867           3.162e+02     
 175.000         260.000            3.785e-02           3.785e-02             305.388           2.068e-07             168.095           3.162e+02     
 180.000         260.000            1.326e-05           1.310e-05             311.834           1.639e-07             127.356           1.159e+02     
   0.000         265.000            1.326e-05           1.326e-05             311.791           8.509e-09             291.881           1.160e+02     
   5.000         265.000            3.794e-02           3.794e-02             304.502           1.370e-08              12.671           3.162e+02     
  10.000         265.000            1.663e-01           1.663e-01             326.985           6.140e-08              54.265           3.162e+02     
  15.000         265.000            3.412e-01           3.412e-01             346.313           1.690e-07              76.173           3.162e+02     
  20.000         265.000            4.297e-01           4.297e-01               4.966           3.202e-07              92.036           3.162e+02     
  25.000         265.000            3.484e-01           3.484e-01              26.561           4.764e-07             105.412           3.162e+02     
  30.000         265.000            1.845e-01           1.845e-01              59.886           5.767e-07             117.065           3.162e+02     
  35.000         265.000            1.280e-01           1.280e-01             120.833           5.878e-07             128.231           3.162e+02     
  40.000         265.000            2.952e-01           2.952e-01             173.150           5.139e-07             139.561           3.162e+02     
  45.000         265.000            6.496e-01           6.496e-01             201.972           4.033e-07             152.575           3.162e+02     
  50.000         265.000            1.075e+00           1.075e+00             222.989           3.014e-07             167.094           3.162e+02     
  55.000         265.000            1.484e+00           1.484e+00             241.399           2.317e-07             182.829           3.162e+02     
  60.000         265.000            1.863e+00           1.863e+00             258.337           1.878e-07             197.458           3.162e+02     
  65.000         265.000            2.233e+00           2.233e+00             273.579           1.530e-07             209.427           3.162e+02     
  70.000         265.000            2.605e+00           2.605e+00             286.544           1.155e-07             217.749           3.162e+02     
  75.000         265.000            2.960e+00           2.960e+00             296.784           7.467e-08             223.356           3.162e+02     
  80.000         265.000            3.259e+00           3.259e+00             304.105           3.664e-08             226.861           3.162e+02     
  85.000         265.000            3.459e+00           3.459e+00             308.478           9.695e-09             228.633           3.162e+02     
  90.000         265.000            3.529e+00           3.529e+00             309.930           6.106e-13             306.531           3.162e+02     
  95.000         265.000            3.459e+00           3.459e+00             308.478           9.693e-09              48.601           3.162e+02     
 100.000         265.000            3.259e+00           3.259e+00             304.105           3.663e-08              46.845           3.162e+02     
 105.000         265.000            2.960e+00           2.960e+00             296.784           7.466e-08              43.345           3.162e+02     
 110.000         265.000            2.605e+00           2.605e+00             286.544           1.155e-07              37.739           3.162e+02     
 115.000         265.000            2.233e+00           2.233e+00             273.579           1.530e-07              29.418           3.162e+02     
 120.000         265.000            1.863e+00           1.863e+00             258.337           1.878e-07              17.451           3.162e+02     
 125.000         265.000            1.484e+00           1.484e+00             241.399           2.316e-07               2.822           3.162e+02     
 130.000         265.000            1.075e+00           1.075e+00             222.989           3.014e-07             347.088           3.162e+02     
 135.000         265.000            6.496e-01           6.496e-01             201.972           4.033e-07             332.570           3.162e+02     
 140.000         265.000            2.952e-01           2.952e-01             173.150           5.138e-07             319.557           3.162e+02     
 145.000         265.000            1.280e-01           1.280e-01             120.833           5.877e-07             308.228           3.162e+02     
 150.000         265.000            1.845e-01           1.845e-01              59.886           5.766e-07             297.061           3.162e+02     
 155.000         265.000            3.484e-01           3.484e-01              26.561           4.763e-07             285.408           3.162e+02     
 160.000         265.000            4.297e-01           4.297e-01               4.966           3.201e-07             272.032           3.162e+02     
 165.000         265.000            3.412e-01           3.412e-01             346.313           1.689e-07             256.168           3.162e+02     
 170.000         265.000            1.663e-01           1.663e-01             326.985           6.137e-08             234.260           3.162e+02     
 175.000         265.000            3.794e-02           3.794e-02             304.502           1.369e-08             192.664           3.162e+02     
 180.000         265.000            1.326e-05           1.326e-05             311.791           8.503e-09             111.863           1.159e+02     
   0.000         270.000            1.326e-05           1.321e-05             311.748           5.431e-08             139.508           1.160e+02     
   5.000         270.000            3.795e-02           3.795e-02             303.417           6.989e-08             144.254           3.162e+02     
  10.000         270.000            1.670e-01           1.670e-01             324.693           8.133e-08             142.243           3.162e+02     
  15.000         270.000            3.435e-01           3.435e-01             342.621           9.613e-08             135.755           3.162e+02     
  20.000         270.000            4.305e-01           4.305e-01             359.696           1.249e-07             127.943           3.162e+02     
  25.000         270.000            3.403e-01           3.403e-01              19.614           1.744e-07             122.190           3.162e+02     
  30.000         270.000            1.670e-01           1.670e-01              52.118           2.353e-07             120.124           3.162e+02     
  35.000         270.000            1.154e-01           1.154e-01             116.785           2.854e-07             121.837           3.162e+02     
  40.000         270.000            3.074e-01           3.074e-01             167.690           3.003e-07             126.965           3.162e+02     
  45.000         270.000            6.929e-01           6.929e-01             193.782           2.759e-07             135.808           3.162e+02     
  50.000         270.000            1.134e+00           1.134e+00             212.928           2.314e-07             148.084           3.162e+02     
  55.000         270.000            1.535e+00           1.535e+00             230.121           1.893e-07             163.206           3.162e+02     
  60.000         270.000            1.888e+00           1.888e+00             246.372           1.582e-07             178.858           3.162e+02     
  65.000         270.000            2.230e+00           2.230e+00             261.307           1.319e-07             192.703           3.162e+02     
  70.000         270.000            2.586e+00           2.586e+00             274.160           1.018e-07             203.188           3.162e+02     
  75.000         270.000            2.938e+00           2.938e+00             284.340           6.679e-08             210.637           3.162e+02     
  80.000         270.000            3.242e+00           3.242e+00             291.605           3.304e-08             215.548           3.162e+02     
  85.000         270.000            3.448e+00           3.448e+00             295.931           8.747e-09             218.393           3.162e+02     
  90.000         270.000            3.522e+00           3.522e+00             297.365           2.931e-13             196.426           3.162e+02     
  95.000         270.000            3.448e+00           3.448e+00             295.931           8.744e-09              38.356           3.162e+02     
 100.000         270.000            3.242e+00           3.242e+00             291.605           3.303e-08              35.529           3.162e+02     
 105.000         270.000            2.938e+00           2.938e+00             284.340           6.678e-08              30.623           3.162e+02     
 110.000         270.000            2.586e+00           2.586e+00             274.160           1.018e-07              23.177           3.162e+02     
 115.000         270.000            2.230e+00           2.230e+00             261.307           1.319e-07              12.693           3.162e+02     
 120.000         270.000            1.888e+00           1.888e+00             246.372           1.582e-07             358.849           3.162e+02     
 125.000         270.000            1.535e+00           1.535e+00             230.121           1.893e-07             343.198           3.162e+02     
 130.000         270.000            1.134e+00           1.134e+00             212.928           2.314e-07             328.077           3.162e+02     
 135.000         270.000            6.929e-01           6.929e-01             193.781           2.759e-07             315.802           3.162e+02     
 140.000         270.000            3.074e-01           3.074e-01             167.690           3.002e-07             306.960           3.162e+02     
 145.000         270.000            1.154e-01           1.154e-01             116.785           2.854e-07             301.832           3.162e+02     
 150.000         270.000            1.670e-01           1.670e-01              52.118           2.352e-07             300.120           3.162e+02     
 155.000         270.000            3.403e-01           3.403e-01              19.614           1.743e-07             302.189           3.162e+02     
 160.000         270.000            4.305e-01           4.305e-01             359.696           1.248e-07             307.945           3.162e+02     
 165.000         270.000            3.435e-01           3.435e-01             342.621           9.610e-08             315.762           3.162e+02     
 170.000         270.000            1.670e-01           1.670e-01             324.693           8.132e-08             322.251           3.162e+02     
 175.000         270.000            3.795e-02           3.795e-02             303.417           6.989e-08             324.261           3.162e+02     
 180.000         270.000            1.326e-05           1.321e-05             311.748           5.432e-08             319.511           1.159e+02     
   0.000         275.000            1.326e-05           1.296e-05             311.704           3.000e-07             135.029           1.160e+02     
   5.000         275.000            3.787e-02           3.787e-02             302.141           3.901e-07             151.811           3.162e+02     
  10.000         275.000            1.672e-01           1.672e-01             322.103           3.941e-07             164.569           3.162e+02     
  15.000         275.000            3.463e-01           3.463e-01             338.574           3.162e-07             173.984           3.162e+02     
  20.000         275.000            4.372e-01           4.372e-01             353.952           1.931e-07             178.159           3.162e+02     
  25.000         275.000            3.463e-01           3.463e-01              11.745           8.551e-08             170.307           3.162e+02     
  30.000         275.000            1.639e-01           1.639e-01              41.374           4.775e-08             136.866           3.162e+02     
  35.000         275.000            9.975e-02           9.975e-02             106.531           8.102e-08             108.233           3.162e+02     
  40.000         275.000            2.858e-01           2.858e-01             158.739           1.388e-07             104.120           3.162e+02     
  45.000         275.000            6.744e-01           6.744e-01             183.206           1.699e-07             110.823           3.162e+02     
  50.000         275.000            1.117e+00           1.117e+00             200.521           1.641e-07             123.820           3.162e+02     
  55.000         275.000            1.502e+00           1.502e+00             216.037           1.401e-07             141.062           3.162e+02     
  60.000         275.000            1.814e+00           1.814e+00             230.928           1.169e-07             160.191           3.162e+02     
  65.000         275.000            2.092e+00           2.092e+00             244.934           9.748e-08             177.969           3.162e+02     
  70.000         275.000            2.373e+00           2.373e+00             257.263           7.610e-08             192.231           3.162e+02     
  75.000         275.000            2.654e+00           2.654e+00             267.196           5.058e-08             202.701           3.162e+02     
  80.000         275.000            2.901e+00           2.901e+00             274.354           2.523e-08             209.863           3.162e+02     
  85.000         275.000            3.072e+00           3.072e+00             278.637           6.702e-09             214.358           3.162e+02     
  90.000         275.000            3.133e+00           3.133e+00             280.059           1.886e-12             151.874           3.162e+02     
  95.000         275.000            3.072e+00           3.072e+00             278.637           6.697e-09              34.319           3.162e+02     
 100.000         275.000            2.901e+00           2.901e+00             274.354           2.522e-08              29.843           3.162e+02     
 105.000         275.000            2.654e+00           2.654e+00             267.196           5.057e-08              22.687           3.162e+02     
 110.000         275.000            2.373e+00           2.373e+00             257.263           7.609e-08              12.218           3.162e+02     
 115.000         275.000            2.092e+00           2.092e+00             244.934           9.747e-08             357.958           3.162e+02     
 120.000         275.000            1.814e+00           1.814e+00             230.928           1.169e-07             340.181           3.162e+02     
 125.000         275.000            1.502e+00           1.502e+00             216.037           1.401e-07             321.053           3.162e+02     
 130.000         275.000            1.117e+00           1.117e+00             200.521           1.641e-07             303.813           3.162e+02     
 135.000         275.000            6.744e-01           6.744e-01             183.206           1.699e-07             290.817           3.162e+02     
 140.000         275.000            2.858e-01           2.858e-01             158.739           1.387e-07             284.113           3.162e+02     
 145.000         275.000            9.975e-02           9.975e-02             106.531           8.100e-08             288.226           3.162e+02     
 150.000         275.000            1.639e-01           1.639e-01              41.374           4.772e-08             316.867           3.162e+02     
 155.000         275.000            3.463e-01           3.463e-01              11.745           8.548e-08             350.317           3.162e+02     
 160.000         275.000            4.372e-01           4.372e-01             353.952           1.931e-07             358.167           3.162e+02     
 165.000         275.000            3.463e-01           3.463e-01             338.574           3.162e-07             353.989           3.162e+02     
 170.000         275.000            1.672e-01           1.672e-01             322.103           3.941e-07             344.573           3.162e+02     
 175.000         275.000            3.787e-02           3.787e-02             302.141           3.901e-07             331.813           3.162e+02     
 180.000         275.000            1.326e-05           1.296e-05             311.704           3.000e-07             315.031           1.159e+02     
   0.000         280.000            1.326e-05           1.253e-05             311.659           7.381e-07             133.815           1.160e+02     
   5.000         280.000            3.770e-02           3.770e-02             300.683           9.377e-07             152.640           3.162e+02     
  10.000         280.000            1.669e-01           1.669e-01             319.250           9.692e-07             168.525           3.162e+02     
  15.000         280.000            3.492e-01           3.492e-01             334.221           8.107e-07             182.783           3.162e+02     
  20.000         280.000            4.496e-01           4.496e-01             347.851           5.190e-07             195.680           3.162e+02     
  25.000         280.000            3.680e-01           3.680e-01               3.264           2.176e-07             208.057           3.162e+02     
  30.000         280.000            1.794e-01           1.794e-01              28.341           3.534e-08             220.102           3.162e+02     
  35.000         280.000            8.627e-02           8.627e-02              88.281           3.792e-09              46.466           3.162e+02     
  40.000         280.000            2.327e-01           2.327e-01             145.647           5.490e-08              62.521           3.162e+02     
  45.000         280.000            5.925e-01           5.925e-01             170.216           9.936e-08              76.397           3.162e+02     
  50.000         280.000            1.026e+00           1.026e+00             186.061           1.010e-07              94.232           3.162e+02     
  55.000         280.000            1.410e+00           1.410e+00             199.679           7.855e-08             116.218           3.162e+02     
  60.000         280.000            1.703e+00           1.703e+00             212.617           5.765e-08             142.498           3.162e+02     
  65.000         280.000            1.933e+00           1.933e+00             224.918           4.571e-08             168.726           3.162e+02     
  70.000         280.000            2.136e+00           2.136e+00             236.000           3.729e-08             190.595           3.162e+02     
  75.000         280.000            2.327e+00           2.327e+00             245.167           2.666e-08             206.431           3.162e+02     
  80.000         280.000            2.493e+00           2.493e+00             251.923           1.420e-08             217.179           3.162e+02     
  85.000         280.000            2.608e+00           2.608e+00             256.025           3.918e-09             223.829           3.162e+02     
  90.000         280.000            2.649e+00           2.649e+00             257.397           4.253e-12             130.029           3.162e+02     
  95.000         280.000            2.608e+00           2.608e+00             256.025           3.911e-09              43.805           3.162e+02     
 100.000         280.000            2.493e+00           2.493e+00             251.923           1.419e-08              37.164           3.162e+02     
 105.000         280.000            2.327e+00           2.327e+00             245.167           2.664e-08              26.417           3.162e+02     
 110.000         280.000            2.136e+00           2.136e+00             236.000           3.727e-08              10.581           3.162e+02     
 115.000         280.000            1.933e+00           1.933e+00             224.918           4.570e-08             348.712           3.162e+02     
 120.000         280.000            1.703e+00           1.703e+00             212.617           5.764e-08             322.485           3.162e+02     
 125.000         280.000            1.410e+00           1.410e+00             199.679           7.855e-08             296.208           3.162e+02     
 130.000         280.000            1.026e+00           1.026e+00             186.061           1.010e-07             274.224           3.162e+02     
 135.000         280.000            5.925e-01           5.925e-01             170.216           9.936e-08             256.390           3.162e+02     
 140.000         280.000            2.327e-01           2.327e-01             145.647           5.490e-08             242.511           3.162e+02     
 145.000         280.000            8.627e-02           8.627e-02              88.280           3.792e-09             226.423           3.162e+02     
 150.000         280.000            1.794e-01           1.794e-01              28.341           3.534e-08              40.118           3.162e+02     
 155.000         280.000            3.680e-01           3.680e-01               3.264           2.176e-07              28.064           3.162e+02     
 160.000         280.000            4.496e-01           4.496e-01             347.851           5.190e-07              15.684           3.162e+02     
 165.000         280.000            3.492e-01           3.492e-01             334.221           8.107e-07               2.786           3.162e+02     
 170.000         280.000            1.669e-01           1.669e-01             319.250           9.692e-07             348.527           3.162e+02     
 175.000         280.000            3.770e-02           3.770e-02             300.683           9.376e-07             332.641           3.162e+02     
 180.000         280.000            1.326e-05           1.253e-05             311.659           7.381e-07             313.816           1.159e+02     
   0.000         285.000            1.326e-05           1.191e-05             311.612           1.355e-06             133.244           1.160e+02     
   5.000         285.000            3.744e-02           3.743e-02             299.052           1.699e-06             152.173           2.716e+02     
  10.000         285.000            1.660e-01           1.660e-01             316.148           1.788e-06             168.677           3.162e+02     
  15.000         285.000            3.520e-01           3.520e-01             329.608           1.559e-06             184.101           3.162e+02     
  20.000         285.000            4.672e-01           4.672e-01             341.512           1.083e-06             199.233           3.162e+02     
  25.000         285.000            4.059e-01           4.059e-01             354.546           5.571e-07             216.528           3.162e+02     
  30.000         285.000            2.190e-01           2.190e-01              14.558           1.922e-07             240.768           3.162e+02     
  35.000         285.000            8.814e-02           8.814e-02              61.994           5.391e-08             290.583           3.162e+02     
  40.000         285.000            1.655e-01           1.655e-01             126.037           5.097e-08             353.950           3.162e+02     
  45.000         285.000            4.598e-01           4.598e-01             154.073           6.891e-08              27.339           3.162e+02     
  50.000         285.000            8.630e-01           8.630e-01             169.596           5.538e-08              50.080           3.162e+02     
  55.000         285.000            1.253e+00           1.253e+00             181.762           2.568e-08              75.647           3.162e+02     
  60.000         285.000            1.565e+00           1.565e+00             192.783           8.109e-09             121.075           3.162e+02     
  65.000         285.000            1.797e+00           1.797e+00             203.071           7.358e-09             186.659           3.162e+02     
  70.000         285.000            1.974e+00           1.974e+00             212.366           1.364e-08             221.564           3.162e+02     
  75.000         285.000            2.116e+00           2.116e+00             220.181           1.572e-08             238.200           3.162e+02     
  80.000         285.000            2.227e+00           2.227e+00             226.057           1.088e-08             247.920           3.162e+02     
  85.000         285.000            2.300e+00           2.300e+00             229.688           3.556e-09             253.707           3.162e+02     
  90.000         285.000            2.326e+00           2.326e+00             230.913           5.898e-12             107.781           3.162e+02     
  95.000         285.000            2.300e+00           2.300e+00             229.688           3.550e-09              73.742           3.162e+02     
 100.000         285.000            2.227e+00           2.227e+00             226.057           1.087e-08              67.938           3.162e+02     
 105.000         285.000            2.116e+00           2.116e+00             220.181           1.570e-08              58.211           3.162e+02     
 110.000         285.000            1.974e+00           1.974e+00             212.366           1.363e-08              41.569           3.162e+02     
 115.000         285.000            1.797e+00           1.797e+00             203.071           7.350e-09               6.647           3.162e+02     
 120.000         285.000            1.565e+00           1.565e+00             192.783           8.107e-09             301.046           3.162e+02     
 125.000         285.000            1.253e+00           1.253e+00             181.762           2.568e-08             255.635           3.162e+02     
 130.000         285.000            8.630e-01           8.630e-01             169.596           5.538e-08             230.073           3.162e+02     
 135.000         285.000            4.598e-01           4.598e-01             154.073           6.892e-08             207.334           3.162e+02     
 140.000         285.000            1.655e-01           1.655e-01             126.037           5.098e-08             173.943           3.162e+02     
 145.000         285.000            8.814e-02           8.814e-02              61.994           5.392e-08             110.582           3.162e+02     
 150.000         285.000            2.190e-01           2.190e-01              14.558           1.923e-07              60.771           3.162e+02     
 155.000         285.000            4.059e-01           4.059e-01             354.546           5.572e-07              36.531           3.162e+02     
 160.000         285.000            4.672e-01           4.672e-01             341.512           1.083e-06              19.235           3.162e+02     
 165.000         285.000            3.520e-01           3.520e-01             329.607           1.559e-06               4.102           3.162e+02     
 170.000         285.000            1.660e-01           1.660e-01             316.148           1.788e-06             348.678           3.162e+02     
 175.000         285.000            3.744e-02           3.743e-02             299.052           1.699e-06             332.174           2.716e+02     
 180.000         285.000            1.326e-05           1.191e-05             311.613           1.355e-06             313.245           1.159e+02     
   0.000         290.000            1.326e-05           1.113e-05             311.563           2.133e-06             132.908           1.160e+02     
   5.000         290.000            3.709e-02           3.708e-02             297.258           2.645e-06             151.122           2.125e+02     
  10.000         290.000            1.645e-01           1.645e-01             312.814           2.814e-06             167.256           3.162e+02     
  15.000         290.000            3.540e-01           3.540e-01             324.768           2.527e-06             182.519           3.162e+02     
  20.000         290.000            4.883e-01           4.883e-01             335.031           1.862e-06             197.735           3.162e+02     
  25.000         290.000            4.584e-01           4.584e-01             345.903           1.099e-06             215.214           3.162e+02     
  30.000         290.000            2.872e-01           2.872e-01               1.479           5.244e-07             237.369           3.162e+02     
  35.000         290.000            1.235e-01           1.235e-01              34.048           2.381e-07             269.505           3.162e+02     
  40.000         290.000            1.166e-01           1.166e-01              95.157           1.359e-07             305.106           3.162e+02     
  45.000         290.000            3.104e-01           3.104e-01             132.373           9.220e-08             331.457           3.162e+02     
  50.000         290.000            6.420e-01           6.420e-01             150.215           5.030e-08             343.505           3.162e+02     
  55.000         290.000            1.011e+00           1.011e+00             162.317           1.661e-08             333.507           3.162e+02     
  60.000         290.000            1.342e+00           1.342e+00             172.336           1.171e-08             286.902           3.162e+02     
  65.000         290.000            1.605e+00           1.605e+00             181.200           2.665e-08             265.187           3.162e+02     
  70.000         290.000            1.804e+00           1.804e+00             188.980           4.031e-08             264.249           3.162e+02     
  75.000         290.000            1.949e+00           1.949e+00             195.447           4.056e-08             266.543           3.162e+02     
  80.000         290.000            2.050e+00           2.050e+00             200.311           2.615e-08             269.467           3.162e+02     
  85.000         290.000            2.110e+00           2.110e+00             203.328           8.215e-09             271.440           3.162e+02     
  90.000         290.000            2.130e+00           2.130e+00             204.350           6.416e-12              80.773           3.162e+02     
  95.000         290.000            2.110e+00           2.110e+00             203.328           8.213e-09              91.482           3.162e+02     
 100.000         290.000            2.050e+00           2.050e+00             200.311           2.615e-08              89.490           3.162e+02     
 105.000         290.000            1.949e+00           1.949e+00             195.447           4.055e-08              86.561           3.162e+02     
 110.000         290.000            1.804e+00           1.804e+00             188.980           4.030e-08              84.265           3.162e+02     
 115.000         290.000            1.605e+00           1.605e+00             181.199           2.665e-08              85.204           3.162e+02     
 120.000         290.000            1.342e+00           1.342e+00             172.336           1.171e-08             106.921           3.162e+02     
 125.000         290.000            1.011e+00           1.011e+00             162.317           1.662e-08             153.508           3.162e+02     
 130.000         290.000            6.420e-01           6.420e-01             150.215           5.031e-08             163.502           3.162e+02     
 135.000         290.000            3.104e-01           3.104e-01             132.373           9.221e-08             151.454           3.162e+02     
 140.000         290.000            1.166e-01           1.166e-01              95.157           1.359e-07             125.103           3.162e+02     
 145.000         290.000            1.235e-01           1.235e-01              34.048           2.381e-07              89.504           3.162e+02     
 150.000         290.000            2.872e-01           2.872e-01               1.479           5.244e-07              57.370           3.162e+02     
 155.000         290.000            4.584e-01           4.584e-01             345.903           1.099e-06              35.215           3.162e+02     
 160.000         290.000            4.883e-01           4.883e-01             335.031           1.862e-06              17.736           3.162e+02     
 165.000         290.000            3.540e-01           3.540e-01             324.768           2.527e-06               2.520           3.162e+02     
 170.000         290.000            1.645e-01           1.645e-01             312.814           2.814e-06             347.257           3.162e+02     
 175.000         290.000            3.709e-02           3.708e-02             297.258           2.645e-06             331.122           2.125e+02     
 180.000         290.000            1.326e-05           1.113e-05             311.563           2.133e-06             312.909           1.159e+02     
   0.000         295.000            1.326e-05           1.022e-05             311.509           3.047e-06             132.684           1.160e+02     
   5.000         295.000            3.666e-02           3.665e-02             295.310           3.738e-06             149.711           1.753e+02     
  10.000         295.000            1.622e-01           1.622e-01             309.261           3.999e-06             164.952           3.162e+02     
  15.000         295.000            3.546e-01           3.546e-01             319.728           3.670e-06             179.419           3.162e+02     
  20.000         295.000            5.100e-01           5.100e-01             328.467           2.830e-06             193.803           3.162e+02     
  25.000         295.000            5.213e-01           5.213e-01             337.502           1.851e-06             209.922           3.162e+02     
  30.000         295.000            3.843e-01           3.843e-01             349.734           1.034e-06             229.069           3.162e+02     
  35.000         295.000            2.080e-01           2.080e-01              11.528           5.779e-07             252.125           3.162e+02     
  40.000         295.000            1.253e-01           1.253e-01              54.449           3.447e-07             272.173           3.162e+02     
  45.000         295.000            2.020e-01           2.020e-01              99.947           2.209e-07             284.218           3.162e+02     
  50.000         295.000            4.174e-01           4.174e-01             124.794           1.534e-07             285.033           3.162e+02     
  55.000         295.000            7.043e-01           7.043e-01             139.536           1.228e-07             273.992           3.162e+02     
  60.000         295.000            9.970e-01           9.970e-01             150.324           1.308e-07             263.701           3.162e+02     
  65.000         295.000            1.255e+00           1.255e+00             159.078           1.483e-07             259.408           3.162e+02     
  70.000         295.000            1.462e+00           1.462e+00             166.324           1.467e-07             259.541           3.162e+02     
  75.000         295.000            1.616e+00           1.616e+00             172.119           1.141e-07             262.135           3.162e+02     
  80.000         295.000            1.721e+00           1.721e+00             176.373           6.433e-08             264.076           3.162e+02     
  85.000         295.000            1.782e+00           1.782e+00             178.977           1.870e-08             265.288           3.162e+02     
  90.000         295.000            1.802e+00           1.802e+00             179.855           6.787e-12              48.407           3.162e+02     
  95.000         295.000            1.782e+00           1.782e+00             178.977           1.871e-08              85.318           3.162e+02     
 100.000         295.000            1.721e+00           1.721e+00             176.373           6.434e-08              84.092           3.162e+02     
 105.000         295.000            1.616e+00           1.616e+00             172.119           1.141e-07              82.146           3.162e+02     
 110.000         295.000            1.462e+00           1.462e+00             166.324           1.467e-07              79.549           3.162e+02     
 115.000         295.000            1.255e+00           1.255e+00             159.078           1.483e-07              79.414           3.162e+02     
 120.000         295.000            9.970e-01           9.970e-01             150.324           1.309e-07              83.706           3.162e+02     
 125.000         295.000            7.043e-01           7.043e-01             139.536           1.228e-07              93.993           3.162e+02     
 130.000         295.000            4.174e-01           4.174e-01             124.794           1.534e-07             105.032           3.162e+02     
 135.000         295.000            2.020e-01           2.020e-01              99.947           2.209e-07             104.216           3.162e+02     
 140.000         295.000            1.253e-01           1.253e-01              54.449           3.447e-07              92.170           3.162e+02     
 145.000         295.000            2.080e-01           2.080e-01              11.528           5.779e-07              72.124           3.162e+02     
 150.000         295.000            3.843e-01           3.843e-01             349.734           1.034e-06              49.068           3.162e+02     
 155.000         295.000            5.213e-01           5.213e-01             337.502           1.851e-06              29.922           3.162e+02     
 160.000         295.000            5.100e-01           5.100e-01             328.467           2.830e-06              13.804           3.162e+02     
 165.000         295.000            3.546e-01           3.546e-01             319.728           3.670e-06             359.419           3.162e+02     
 170.000         295.000            1.622e-01           1.622e-01             309.261           3.999e-06             344.953           3.162e+02     
 175.000         295.000            3.666e-02           3.665e-02             295.310           3.738e-06             329.712           1.753e+02     
 180.000         295.000            1.326e-05           1.022e-05             311.509           3.047e-06             312.684           1.159e+02     
   0.000         300.000            1.326e-05           9.195e-06             311.450           4.070e-06             132.522           1.160e+02     
   5.000         300.000            3.615e-02           3.614e-02             293.218           4.934e-06             148.042           1.499e+02     
  10.000         300.000            1.592e-01           1.592e-01             305.500           5.289e-06             162.053           2.913e+02     
  15.000         300.000            3.530e-01           3.530e-01             314.496           4.934e-06             175.358           3.162e+02     
  20.000         300.000            5.292e-01           5.292e-01             321.838           3.948e-06             188.440           3.162e+02     
  25.000         300.000            5.874e-01           5.874e-01             329.361           2.753e-06             203.028           3.162e+02     
  30.000         300.000            5.025e-01           5.025e-01             339.240           1.749e-06             218.637           3.162e+02     
  35.000         300.000            3.449e-01           3.449e-01             354.774           1.124e-06             234.368           3.162e+02     
  40.000         300.000            2.203e-01           2.203e-01              20.880           7.884e-07             246.859           3.162e+02     
  45.000         300.000            1.976e-01           1.976e-01              56.887           5.926e-07             251.628           3.162e+02     
  50.000         300.000            2.821e-01           2.821e-01              87.924           4.958e-07             250.289           3.162e+02     
  55.000         300.000            4.376e-01           4.376e-01             108.515           4.697e-07             246.785           3.162e+02     
  60.000         300.000            6.194e-01           6.194e-01             122.699           4.639e-07             243.399           3.162e+02     
  65.000         300.000            7.947e-01           7.947e-01             133.298           4.377e-07             242.720           3.162e+02     
  70.000         300.000            9.450e-01           9.450e-01             141.481           3.653e-07             243.920           3.162e+02     
  75.000         300.000            1.062e+00           1.062e+00             147.683           2.532e-07             245.904           3.162e+02     
  80.000         300.000            1.145e+00           1.145e+00             152.062           1.308e-07             247.788           3.162e+02     
  85.000         300.000            1.193e+00           1.193e+00             154.677           3.600e-08             248.846           3.162e+02     
  90.000         300.000            1.209e+00           1.209e+00             155.547           7.989e-12              15.210           3.162e+02     
  95.000         300.000            1.193e+00           1.193e+00             154.677           3.601e-08              68.868           3.162e+02     
 100.000         300.000            1.145e+00           1.145e+00             152.062           1.308e-07              67.800           3.162e+02     
 105.000         300.000            1.062e+00           1.062e+00             147.683           2.532e-07              65.911           3.162e+02     
 110.000         300.000            9.450e-01           9.450e-01             141.481           3.653e-07              63.925           3.162e+02     
 115.000         300.000            7.947e-01           7.947e-01             133.298           4.377e-07              62.723           3.162e+02     
 120.000         300.000            6.194e-01           6.194e-01             122.699           4.640e-07              63.400           3.162e+02     
 125.000         300.000            4.376e-01           4.376e-01             108.515           4.698e-07              66.785           3.162e+02     
 130.000         300.000            2.821e-01           2.821e-01              87.924           4.958e-07              70.287           3.162e+02     
 135.000         300.000            1.976e-01           1.976e-01              56.887           5.926e-07              71.625           3.162e+02     
 140.000         300.000            2.203e-01           2.203e-01              20.880           7.885e-07              66.857           3.162e+02     
 145.000         300.000            3.449e-01           3.449e-01             354.774           1.124e-06              54.366           3.162e+02     
 150.000         300.000            5.025e-01           5.025e-01             339.240           1.749e-06              38.636           3.162e+02     
 155.000         300.000            5.874e-01           5.874e-01             329.361           2.753e-06              23.027           3.162e+02     
 160.000         300.000            5.292e-01           5.292e-01             321.838           3.948e-06               8.439           3.162e+02     
 165.000         300.000            3.530e-01           3.530e-01             314.496           4.934e-06             355.358           3.162e+02     
 170.000         300.000            1.592e-01           1.592e-01             305.500           5.289e-06             342.053           2.913e+02     
 175.000         300.000            3.615e-02           3.614e-02             293.218           4.934e-06             328.042           1.499e+02     
 180.000         300.000            1.326e-05           9.194e-06             311.450           4.070e-06             312.522           1.159e+02     
   0.000         305.000            1.326e-05           8.094e-06             311.384           5.171e-06             132.397           1.160e+02     
   5.000         305.000            3.556e-02           3.556e-02             290.992           6.188e-06             146.168           1.316e+02     
  10.000         305.000            1.555e-01           1.555e-01             301.536           6.622e-06             158.706           2.536e+02     
  15.000         305.000            3.484e-01           3.484e-01             309.068           6.257e-06             170.617           3.162e+02     
  20.000         305.000            5.423e-01           5.422e-01             315.115           5.161e-06             182.200           3.162e+02     
  25.000         305.000            6.473e-01           6.473e-01             321.388           3.804e-06             194.447           3.162e+02     
  30.000         305.000            6.261e-01           6.261e-01             329.617           2.688e-06             207.433           3.162e+02     
  35.000         305.000            5.177e-01           5.177e-01             341.592           1.971e-06             218.833           3.162e+02     
  40.000         305.000            3.990e-01           3.990e-01             358.827           1.579e-06             226.965           3.162e+02     
  45.000         305.000            3.274e-01           3.274e-01              21.033           1.358e-06             229.457           3.162e+02     
  50.000         305.000            3.158e-01           3.158e-01              44.640           1.259e-06             228.552           3.162e+02     
  55.000         305.000            3.462e-01           3.462e-01              65.581           1.208e-06             226.652           3.162e+02     
  60.000         305.000            3.949e-01           3.949e-01              82.580           1.125e-06             225.998           3.162e+02     
  65.000         305.000            4.465e-01           4.465e-01              96.057           9.660e-07             225.733           3.162e+02     
  70.000         305.000            4.932e-01           4.932e-01             106.568           7.339e-07             226.621           3.162e+02     
  75.000         305.000            5.313e-01           5.313e-01             114.457           4.700e-07             227.937           3.162e+02     
  80.000         305.000            5.592e-01           5.592e-01             119.939           2.287e-07             229.170           3.162e+02     
  85.000         305.000            5.762e-01           5.762e-01             123.164           6.053e-08             229.799           3.162e+02     
  90.000         305.000            5.818e-01           5.818e-01             124.227           9.544e-12             345.668           3.162e+02     
  95.000         305.000            5.762e-01           5.762e-01             123.164           6.054e-08              49.816           3.162e+02     
 100.000         305.000            5.592e-01           5.592e-01             119.939           2.287e-07              49.178           3.162e+02     
 105.000         305.000            5.313e-01           5.313e-01             114.457           4.700e-07              47.942           3.162e+02     
 110.000         305.000            4.932e-01           4.932e-01             106.568           7.339e-07              46.624           3.162e+02     
 115.000         305.000            4.465e-01           4.465e-01              96.057           9.660e-07              45.735           3.162e+02     
 120.000         305.000            3.949e-01           3.949e-01              82.580           1.125e-06              45.999           3.162e+02     
 125.000         305.000            3.462e-01           3.462e-01              65.581           1.208e-06              46.652           3.162e+02     
 130.000         305.000            3.158e-01           3.158e-01              44.640           1.259e-06              48.550           3.162e+02     
 135.000         305.000            3.274e-01           3.274e-01              21.033           1.358e-06              49.455           3.162e+02     
 140.000         305.000            3.990e-01           3.990e-01             358.827           1.579e-06              46.962           3.162e+02     
 145.000         305.000            5.177e-01           5.177e-01             341.592           1.971e-06              38.831           3.162e+02     
 150.000         305.000            6.261e-01           6.261e-01             329.617           2.688e-06              27.432           3.162e+02     
 155.000         305.000            6.473e-01           6.473e-01             321.388           3.804e-06              14.446           3.162e+02     
 160.000         305.000            5.423e-01           5.422e-01             315.115           5.161e-06               2.199           3.162e+02     
 165.000         305.000            3.484e-01           3.484e-01             309.068           6.257e-06             350.617           3.162e+02     
 170.000         305.000            1.555e-01           1.555e-01             301.536           6.622e-06             338.706           2.536e+02     
 175.000         305.000            3.556e-02           3.556e-02             290.992           6.188e-06             326.168           1.316e+02     
 180.000         305.000            1.326e-05           8.093e-06             311.384           5.171e-06             312.398           1.159e+02     
   0.000         310.000            1.326e-05           6.948e-06             311.308           6.317e-06             132.297           1.160e+02     
   5.000         310.000            3.492e-02           3.491e-02             288.642           7.451e-06             144.123           1.180e+02     
  10.000         310.000            1.510e-01           1.510e-01             297.371           7.936e-06             154.997           2.260e+02     
  15.000         310.000            3.405e-01           3.405e-01             303.427           7.572e-06             165.360           3.162e+02     
  20.000         310.000            5.461e-01           5.461e-01             308.240           6.374e-06             175.339           3.162e+02     
  25.000         310.000            6.911e-01           6.911e-01             313.429           4.951e-06             185.642           3.162e+02     
  30.000         310.000            7.336e-01           7.336e-01             320.432           3.811e-06             196.122           3.162e+02     
  35.000         310.000            6.917e-01           6.917e-01             330.253           3.073e-06             204.608           3.162e+02     
  40.000         310.000            6.187e-01           6.187e-01             343.031           2.696e-06             210.156           3.162e+02     
  45.000         310.000            5.570e-01           5.570e-01             357.650           2.550e-06             212.528           3.162e+02     
  50.000         310.000            5.152e-01           5.152e-01              12.246           2.461e-06             212.109           3.162e+02     
  55.000         310.000            4.810e-01           4.810e-01              25.458           2.327e-06             211.056           3.162e+02     
  60.000         310.000            4.439e-01           4.439e-01              36.902           2.075e-06             210.442           3.162e+02     
  65.000         310.000            4.032e-01           4.032e-01              46.696           1.678e-06             210.788           3.162e+02     
  70.000         310.000            3.642e-01           3.642e-01              54.961           1.209e-06             210.929           3.162e+02     
  75.000         310.000            3.321e-01           3.321e-01              61.651           7.381e-07             211.407           3.162e+02     
  80.000         310.000            3.092e-01           3.092e-01              66.605           3.459e-07             211.904           3.162e+02     
  85.000         310.000            2.957e-01           2.957e-01              69.651           8.926e-08             212.062           3.162e+02     
  90.000         310.000            2.914e-01           2.914e-01              70.678           1.002e-11             318.814           3.162e+02     
  95.000         310.000            2.957e-01           2.957e-01              69.651           8.927e-08              32.074           3.162e+02     
 100.000         310.000            3.092e-01           3.092e-01              66.605           3.460e-07              31.910           3.162e+02     
 105.000         310.000            3.321e-01           3.321e-01              61.651           7.381e-07              31.410           3.162e+02     
 110.000         310.000            3.642e-01           3.642e-01              54.961           1.209e-06              30.931           3.162e+02     
 115.000         310.000            4.032e-01           4.032e-01              46.696           1.678e-06              30.789           3.162e+02     
 120.000         310.000            4.439e-01           4.439e-01              36.902           2.075e-06              30.442           3.162e+02     
 125.000         310.000            4.810e-01           4.810e-01              25.458           2.327e-06              31.056           3.162e+02     
 130.000         310.000            5.152e-01           5.152e-01              12.246           2.461e-06              32.107           3.162e+02     
 135.000         310.000            5.570e-01           5.570e-01             357.650           2.550e-06              32.526           3.162e+02     
 140.000         310.000            6.187e-01           6.187e-01             343.031           2.696e-06              30.154           3.162e+02     
 145.000         310.000            6.917e-01           6.917e-01             330.253           3.073e-06              24.606           3.162e+02     
 150.000         310.000            7.336e-01           7.336e-01             320.432           3.811e-06              16.120           3.162e+02     
 155.000         310.000            6.911e-01           6.911e-01             313.429           4.951e-06               5.641           3.162e+02     
 160.000         310.000            5.461e-01           5.461e-01             308.240           6.374e-06             355.339           3.162e+02     
 165.000         310.000            3.405e-01           3.405e-01             303.427           7.572e-06             345.360           3.162e+02     
 170.000         310.000            1.510e-01           1.510e-01             297.371           7.936e-06             334.997           2.260e+02     
 175.000         310.000            3.492e-02           3.491e-02             288.642           7.450e-06             324.123           1.180e+02     
 180.000         310.000            1.326e-05           6.948e-06             311.308           6.316e-06             312.298           1.159e+02     
   0.000         315.000            1.326e-05           5.793e-06             311.218           7.472e-06             132.214           1.160e+02     
   5.000         315.000            3.423e-02           3.422e-02             286.180           8.675e-06             141.935           1.075e+02     
  10.000         315.000            1.459e-01           1.459e-01             293.007           9.171e-06             150.984           2.050e+02     
  15.000         315.000            3.291e-01           3.291e-01             297.542           8.830e-06             159.688           2.877e+02     
  20.000         315.000            5.389e-01           5.389e-01             301.125           7.532e-06             167.940           3.162e+02     
  25.000         315.000            7.111e-01           7.111e-01             305.291           6.088e-06             176.370           3.162e+02     
  30.000         315.000            8.044e-01           8.044e-01             311.272           4.993e-06             184.768           3.162e+02     
  35.000         315.000            8.247e-01           8.247e-01             319.645           4.286e-06             191.636           3.162e+02     
  40.000         315.000            8.106e-01           8.106e-01             329.973           3.996e-06             196.000           3.162e+02     
  45.000         315.000            7.930e-01           7.930e-01             340.845           3.911e-06             197.775           3.162e+02     
  50.000         315.000            7.744e-01           7.744e-01             350.676           3.807e-06             198.216           3.162e+02     
  55.000         315.000            7.423e-01           7.423e-01             358.582           3.528e-06             197.693           3.162e+02     
  60.000         315.000            6.903e-01           6.903e-01               4.451           3.030e-06             197.143           3.162e+02     
  65.000         315.000            6.250e-01           6.250e-01               8.573           2.358e-06             196.777           3.162e+02     
  70.000         315.000            5.591e-01           5.591e-01              11.334           1.627e-06             196.612           3.162e+02     
  75.000         315.000            5.030e-01           5.029e-01              13.099           9.576e-07             196.579           3.162e+02     
  80.000         315.000            4.619e-01           4.619e-01              14.157           4.312e-07             196.947           3.162e+02     
  85.000         315.000            4.374e-01           4.374e-01              14.715           1.089e-07             196.745           3.162e+02     
  90.000         315.000            4.293e-01           4.293e-01              14.889           8.943e-12             290.770           3.162e+02     
  95.000         315.000            4.374e-01           4.374e-01              14.715           1.090e-07              16.754           3.162e+02     
 100.000         315.000            4.619e-01           4.619e-01              14.157           4.312e-07              16.950           3.162e+02     
 105.000         315.000            5.030e-01           5.029e-01              13.099           9.577e-07              16.581           3.162e+02     
 110.000         315.000            5.591e-01           5.591e-01              11.334           1.627e-06              16.613           3.162e+02     
 115.000         315.000            6.250e-01           6.250e-01               8.573           2.358e-06              16.777           3.162e+02     
 120.000         315.000            6.903e-01           6.903e-01               4.451           3.030e-06              17.143           3.162e+02     
 125.000         315.000            7.423e-01           7.423e-01             358.582           3.528e-06              17.692           3.162e+02     
 130.000         315.000            7.744e-01           7.744e-01             350.676           3.807e-06              18.214           3.162e+02     
 135.000         315.000            7.930e-01           7.930e-01             340.845           3.911e-06              17.773           3.162e+02     
 140.000         315.000            8.106e-01           8.106e-01             329.973           3.996e-06              15.998           3.162e+02     
 145.000         315.000            8.247e-01           8.247e-01             319.645           4.285e-06              11.634           3.162e+02     
 150.000         315.000            8.044e-01           8.044e-01             311.272           4.993e-06               4.767           3.162e+02     
 155.000         315.000            7.111e-01           7.111e-01             305.291           6.088e-06             356.368           3.162e+02     
 160.000         315.000            5.389e-01           5.389e-01             301.125           7.532e-06             347.939           3.162e+02     
 165.000         315.000            3.291e-01           3.291e-01             297.542           8.830e-06             339.687           2.877e+02     
 170.000         315.000            1.459e-01           1.459e-01             293.007           9.171e-06             330.984           2.050e+02     
 175.000         315.000            3.423e-02           3.422e-02             286.180           8.674e-06             321.935           1.075e+02     
 180.000         315.000            1.326e-05           5.793e-06             311.218           7.471e-06             312.214           1.159e+02     
   0.000         320.000            1.326e-05           4.664e-06             311.108           8.601e-06             132.143           1.160e+02     
   5.000         320.000            3.349e-02           3.348e-02             283.616           9.815e-06             139.626           9.936e+01     
  10.000         320.000            1.402e-01           1.402e-01             288.442           1.027e-05             146.710           1.887e+02     
  15.000         320.000            3.144e-01           3.144e-01             291.374           9.799e-06             153.327           2.680e+02     
  20.000         320.000            5.201e-01           5.201e-01             293.666           8.546e-06             160.111           3.162e+02     
  25.000         320.000            7.038e-01           7.038e-01             296.763           7.089e-06             166.716           3.162e+02     
  30.000         320.000            8.256e-01           8.256e-01             301.752           5.964e-06             173.201           3.162e+02     
  35.000         320.000            8.850e-01           8.850e-01             308.980           5.370e-06             179.127           3.162e+02     
  40.000         320.000            9.123e-01           9.123e-01             317.780           5.125e-06             182.762           3.162e+02     
  45.000         320.000            9.333e-01           9.333e-01             326.647           5.019e-06             184.465           3.162e+02     
  50.000         320.000            9.485e-01           9.485e-01             334.085           4.822e-06             184.981           3.162e+02     
  55.000         320.000            9.449e-01           9.449e-01             339.337           4.363e-06             185.069           3.162e+02     
  60.000         320.000            9.169e-01           9.169e-01             342.410           3.607e-06             184.450           3.162e+02     
  65.000         320.000            8.720e-01           8.720e-01             343.728           2.682e-06             183.898           3.162e+02     
  70.000         320.000            8.236e-01           8.236e-01             343.875           1.775e-06             183.514           3.162e+02     
  75.000         320.000            7.819e-01           7.819e-01             343.419           1.004e-06             183.200           3.162e+02     
  80.000         320.000            7.519e-01           7.519e-01             342.816           4.424e-07             182.933           3.162e+02     
  85.000         320.000            7.343e-01           7.343e-01             342.358           1.092e-07             182.594           3.162e+02     
  90.000         320.000            7.286e-01           7.286e-01             342.191           7.523e-12             257.995           3.162e+02     
  95.000         320.000            7.343e-01           7.343e-01             342.358           1.093e-07               2.600           3.162e+02     
 100.000         320.000            7.519e-01           7.519e-01             342.816           4.424e-07               2.936           3.162e+02     
 105.000         320.000            7.819e-01           7.819e-01             343.419           1.004e-06               3.200           3.162e+02     
 110.000         320.000            8.236e-01           8.236e-01             343.875           1.775e-06               3.514           3.162e+02     
 115.000         320.000            8.720e-01           8.720e-01             343.728           2.682e-06               3.898           3.162e+02     
 120.000         320.000            9.169e-01           9.169e-01             342.410           3.607e-06               4.449           3.162e+02     
 125.000         320.000            9.449e-01           9.449e-01             339.337           4.363e-06               5.067           3.162e+02     
 130.000         320.000            9.485e-01           9.485e-01             334.085           4.822e-06               4.979           3.162e+02     
 135.000         320.000            9.333e-01           9.333e-01             326.647           5.019e-06               4.463           3.162e+02     
 140.000         320.000            9.123e-01           9.123e-01             317.780           5.125e-06               2.760           3.162e+02     
 145.000         320.000            8.850e-01           8.850e-01             308.980           5.370e-06             359.125           3.162e+02     
 150.000         320.000            8.256e-01           8.256e-01             301.752           5.964e-06             353.199           3.162e+02     
 155.000         320.000            7.038e-01           7.038e-01             296.763           7.089e-06             346.715           3.162e+02     
 160.000         320.000            5.201e-01           5.201e-01             293.666           8.546e-06             340.110           3.162e+02     
 165.000         320.000            3.144e-01           3.144e-01             291.374           9.798e-06             333.326           2.680e+02     
 170.000         320.000            1.402e-01           1.402e-01             288.442           1.027e-05             326.710           1.887e+02     
 175.000         320.000            3.349e-02           3.348e-02             283.616           9.815e-06             319.626           9.936e+01     
 180.000         320.000            1.326e-05           4.663e-06             311.108           8.601e-06             312.143           1.159e+02     
   0.000         325.000            1.326e-05           3.594e-06             310.969           9.671e-06             132.080           1.160e+02     
   5.000         325.000            3.273e-02           3.272e-02             280.964           1.083e-05             137.214           9.296e+01     
  10.000         325.000            1.341e-01           1.341e-01             283.677           1.119e-05             142.208           1.757e+02     
  15.000         325.000            2.970e-01           2.970e-01             284.884           1.061e-05             146.951           2.497e+02     
  20.000         325.000            4.913e-01           4.913e-01             285.752           9.343e-06             151.921           3.162e+02     
  25.000         325.000            6.710e-01           6.710e-01             287.628           7.850e-06             156.541           3.162e+02     
  30.000         325.000            7.974e-01           7.974e-01             291.492           6.666e-06             161.693           3.162e+02     
  35.000         325.000            8.650e-01           8.650e-01             297.595           6.012e-06             166.195           3.162e+02     
  40.000         325.000            8.994e-01           8.994e-01             305.220           5.756e-06             169.511           3.162e+02     
  45.000         325.000            9.263e-01           9.263e-01             312.842           5.549e-06             171.278           3.162e+02     
  50.000         325.000            9.494e-01           9.494e-01             318.913           5.184e-06             171.783           3.162e+02     
  55.000         325.000            9.588e-01           9.588e-01             322.623           4.527e-06             171.533           3.162e+02     
  60.000         325.000            9.503e-01           9.503e-01             323.982           3.595e-06             170.972           3.162e+02     
  65.000         325.000            9.303e-01           9.303e-01             323.522           2.581e-06             170.683           3.162e+02     
  70.000         325.000            9.094e-01           9.094e-01             321.990           1.639e-06             170.018           3.162e+02     
  75.000         325.000            8.945e-01           8.945e-01             320.123           8.926e-07             169.469           3.162e+02     
  80.000         325.000            8.865e-01           8.865e-01             318.483           3.811e-07             169.027           3.162e+02     
  85.000         325.000            8.834e-01           8.834e-01             317.402           9.193e-08             168.597           3.162e+02     
  90.000         325.000            8.827e-01           8.827e-01             317.028           7.216e-12             221.504           3.162e+02     
  95.000         325.000            8.834e-01           8.834e-01             317.402           9.195e-08             348.601           3.162e+02     
 100.000         325.000            8.865e-01           8.865e-01             318.483           3.811e-07             349.028           3.162e+02     
 105.000         325.000            8.945e-01           8.945e-01             320.123           8.926e-07             349.469           3.162e+02     
 110.000         325.000            9.094e-01           9.094e-01             321.990           1.639e-06             350.017           3.162e+02     
 115.000         325.000            9.303e-01           9.303e-01             323.522           2.581e-06             350.682           3.162e+02     
 120.000         325.000            9.503e-01           9.503e-01             323.982           3.595e-06             350.971           3.162e+02     
 125.000         325.000            9.588e-01           9.588e-01             322.623           4.527e-06             351.531           3.162e+02     
 130.000         325.000            9.494e-01           9.494e-01             318.913           5.184e-06             351.781           3.162e+02     
 135.000         325.000            9.263e-01           9.263e-01             312.842           5.548e-06             351.277           3.162e+02     
 140.000         325.000            8.994e-01           8.994e-01             305.220           5.756e-06             349.510           3.162e+02     
 145.000         325.000            8.650e-01           8.650e-01             297.595           6.012e-06             346.193           3.162e+02     
 150.000         325.000            7.974e-01           7.974e-01             291.492           6.666e-06             341.692           3.162e+02     
 155.000         325.000            6.710e-01           6.710e-01             287.628           7.850e-06             336.540           3.162e+02     
 160.000         325.000            4.913e-01           4.913e-01             285.752           9.343e-06             331.920           3.162e+02     
 165.000         325.000            2.970e-01           2.970e-01             284.884           1.061e-05             326.951           2.497e+02     
 170.000         325.000            1.341e-01           1.341e-01             283.677           1.119e-05             322.208           1.757e+02     
 175.000         325.000            3.273e-02           3.272e-02             280.964           1.083e-05             317.214           9.296e+01     
 180.000         325.000            1.326e-05           3.594e-06             310.968           9.670e-06             312.081           1.159e+02     
   0.000         330.000            1.326e-05           2.617e-06             310.782           1.065e-05             132.024           1.160e+02     
   5.000         330.000            3.195e-02           3.194e-02             278.238           1.169e-05             134.720           8.792e+01     
  10.000         330.000            1.278e-01           1.278e-01             278.714           1.190e-05             137.507           1.654e+02     
  15.000         330.000            2.779e-01           2.779e-01             278.033           1.117e-05             140.249           2.348e+02     
  20.000         330.000            4.554e-01           4.554e-01             277.273           9.755e-06             142.993           3.018e+02     
  25.000         330.000            6.196e-01           6.196e-01             277.677           8.264e-06             146.210           3.162e+02     
  30.000         330.000            7.323e-01           7.323e-01             280.131           6.975e-06             149.678           3.162e+02     
  35.000         330.000            7.835e-01           7.835e-01             284.868           6.187e-06             153.041           3.162e+02     
  40.000         330.000            7.953e-01           7.953e-01             291.247           5.732e-06             155.577           3.162e+02     
  45.000         330.000            7.957e-01           7.957e-01             297.793           5.422e-06             157.346           3.162e+02     
  50.000         330.000            7.957e-01           7.957e-01             302.822           4.892e-06             157.507           3.162e+02     
  55.000         330.000            7.922e-01           7.922e-01             305.277           4.114e-06             156.950           3.162e+02     
  60.000         330.000            7.843e-01           7.843e-01             305.035           3.180e-06             156.142           3.162e+02     
  65.000         330.000            7.780e-01           7.780e-01             302.699           2.213e-06             155.170           3.162e+02     
  70.000         330.000            7.805e-01           7.805e-01             299.263           1.367e-06             154.223           3.162e+02     
  75.000         330.000            7.931e-01           7.931e-01             295.737           7.266e-07             153.400           3.162e+02     
  80.000         330.000            8.106e-01           8.106e-01             292.863           3.039e-07             152.740           3.162e+02     
  85.000         330.000            8.253e-01           8.253e-01             291.040           7.170e-08             152.342           3.162e+02     
  90.000         330.000            8.310e-01           8.310e-01             290.421           8.040e-12             187.127           3.162e+02     
  95.000         330.000            8.253e-01           8.253e-01             291.040           7.172e-08             332.346           3.162e+02     
 100.000         330.000            8.106e-01           8.106e-01             292.863           3.039e-07             332.741           3.162e+02     
 105.000         330.000            7.931e-01           7.931e-01             295.737           7.266e-07             333.400           3.162e+02     
 110.000         330.000            7.805e-01           7.805e-01             299.263           1.367e-06             334.223           3.162e+02     
 115.000         330.000            7.780e-01           7.780e-01             302.699           2.213e-06             335.169           3.162e+02     
 120.000         330.000            7.843e-01           7.843e-01             305.035           3.180e-06             336.141           3.162e+02     
 125.000         330.000            7.922e-01           7.922e-01             305.277           4.114e-06             336.949           3.162e+02     
 130.000         330.000            7.957e-01           7.957e-01             302.822           4.892e-06             337.505           3.162e+02     
 135.000         330.000            7.957e-01           7.957e-01             297.793           5.422e-06             337.344           3.162e+02     
 140.000         330.000            7.953e-01           7.953e-01             291.247           5.731e-06             335.576           3.162e+02     
 145.000         330.000            7.835e-01           7.835e-01             284.868           6.187e-06             333.040           3.162e+02     
 150.000         330.000            7.323e-01           7.323e-01             280.131           6.974e-06             329.677           3.162e+02     
 155.000         330.000            6.196e-01           6.196e-01             277.677           8.264e-06             326.209           3.162e+02     
 160.000         330.000            4.554e-01           4.554e-01             277.273           9.755e-06             322.993           3.018e+02     
 165.000         330.000            2.779e-01           2.779e-01             278.033           1.117e-05             320.248           2.348e+02     
 170.000         330.000            1.278e-01           1.278e-01             278.714           1.190e-05             317.507           1.654e+02     
 175.000         330.000            3.195e-02           3.194e-02             278.238           1.169e-05             314.720           8.792e+01     
 180.000         330.000            1.326e-05           2.616e-06             310.782           1.065e-05             312.024           1.159e+02     
   0.000         335.000            1.326e-05           1.761e-06             310.516           1.150e-05             131.972           1.160e+02     
   5.000         335.000            3.118e-02           3.117e-02             275.453           1.237e-05             132.163           8.398e+01     
  10.000         335.000            1.215e-01           1.215e-01             273.562           1.238e-05             132.636           1.572e+02     
  15.000         335.000            2.581e-01           2.581e-01             270.793           1.146e-05             133.248           2.223e+02     
  20.000         335.000            4.162e-01           4.162e-01             268.143           9.924e-06             133.970           2.855e+02     
  25.000         335.000            5.594e-01           5.594e-01             266.745           8.366e-06             135.456           3.162e+02     
  30.000         335.000            6.505e-01           6.505e-01             267.381           6.905e-06             137.063           3.162e+02     
  35.000         335.000            6.759e-01           6.759e-01             270.269           5.905e-06             138.884           3.162e+02     
  40.000         335.000            6.543e-01           6.543e-01             274.911           5.255e-06             140.776           3.162e+02     
  45.000         335.000            6.167e-01           6.167e-01             279.991           4.740e-06             141.634           3.162e+02     
  50.000         335.000            5.823e-01           5.823e-01             283.714           4.151e-06             141.281           3.162e+02     
  55.000         335.000            5.565e-01           5.565e-01             284.642           3.449e-06             140.386           3.162e+02     
  60.000         335.000            5.427e-01           5.427e-01             282.360           2.652e-06             139.177           3.162e+02     
  65.000         335.000            5.473e-01           5.473e-01             277.589           1.838e-06             137.498           3.162e+02     
  70.000         335.000            5.739e-01           5.739e-01             271.770           1.138e-06             135.904           3.162e+02     
  75.000         335.000            6.176e-01           6.176e-01             266.348           6.054e-07             134.668           3.162e+02     
  80.000         335.000            6.657e-01           6.657e-01             262.219           2.551e-07             133.719           3.162e+02     
  85.000         335.000            7.025e-01           7.025e-01             259.715           6.076e-08             133.033           3.162e+02     
  90.000         335.000            7.162e-01           7.162e-01             258.883           8.707e-12             156.617           3.162e+02     
  95.000         335.000            7.025e-01           7.025e-01             259.715           6.078e-08             313.039           3.162e+02     
 100.000         335.000            6.657e-01           6.657e-01             262.219           2.551e-07             313.721           3.162e+02     
 105.000         335.000            6.176e-01           6.176e-01             266.348           6.054e-07             314.669           3.162e+02     
 110.000         335.000            5.739e-01           5.739e-01             271.770           1.138e-06             315.904           3.162e+02     
 115.000         335.000            5.473e-01           5.473e-01             277.589           1.838e-06             317.498           3.162e+02     
 120.000         335.000            5.427e-01           5.427e-01             282.360           2.652e-06             319.176           3.162e+02     
 125.000         335.000            5.565e-01           5.565e-01             284.642           3.449e-06             320.385           3.162e+02     
 130.000         335.000            5.823e-01           5.823e-01             283.714           4.150e-06             321.279           3.162e+02     
 135.000         335.000            6.167e-01           6.167e-01             279.991           4.740e-06             321.633           3.162e+02     
 140.000         335.000            6.543e-01           6.543e-01             274.911           5.255e-06             320.775           3.162e+02     
 145.000         335.000            6.759e-01           6.759e-01             270.269           5.905e-06             318.882           3.162e+02     
 150.000         335.000            6.505e-01           6.505e-01             267.381           6.905e-06             317.062           3.162e+02     
 155.000         335.000            5.594e-01           5.594e-01             266.745           8.366e-06             315.455           3.162e+02     
 160.000         335.000            4.162e-01           4.162e-01             268.143           9.924e-06             313.970           2.855e+02     
 165.000         335.000            2.581e-01           2.581e-01             270.793           1.146e-05             313.247           2.223e+02     
 170.000         335.000            1.215e-01           1.215e-01             273.562           1.237e-05             312.636           1.572e+02     
 175.000         335.000            3.118e-02           3.117e-02             275.453           1.237e-05             312.163           8.398e+01     
 180.000         335.000            1.326e-05           1.761e-06             310.516           1.150e-05             311.973           1.159e+02     
   0.000         340.000            1.326e-05           1.054e-06             310.097           1.221e-05             131.924           1.160e+02     
   5.000         340.000            3.042e-02           3.041e-02             272.627           1.285e-05             129.560           8.097e+01     
  10.000         340.000            1.154e-01           1.154e-01             268.237           1.261e-05             127.623           1.508e+02     
  15.000         340.000            2.389e-01           2.388e-01             263.156           1.149e-05             125.974           2.121e+02     
  20.000         340.000            3.778e-01           3.778e-01             258.322           9.812e-06             124.535           2.718e+02     
  25.000         340.000            5.004e-01           5.004e-01             254.767           8.013e-06             123.575           3.162e+02     
  30.000         340.000            5.723e-01           5.723e-01             253.146           6.455e-06             123.377           3.162e+02     
  35.000         340.000            5.775e-01           5.775e-01             253.599           5.355e-06             124.124           3.162e+02     
  40.000         340.000            5.313e-01           5.313e-01             255.705           4.527e-06             124.754           3.162e+02     
  45.000         340.000            4.657e-01           4.657e-01             258.358           3.920e-06             124.787           3.162e+02     
  50.000         340.000            4.066e-01           4.066e-01             259.820           3.370e-06             123.878           3.162e+02     
  55.000         340.000            3.670e-01           3.670e-01             258.372           2.799e-06             122.308           3.162e+02     
  60.000         340.000            3.538e-01           3.538e-01             253.376           2.182e-06             120.191           3.162e+02     
  65.000         340.000            3.730e-01           3.730e-01             245.913           1.565e-06             117.919           3.162e+02     
  70.000         340.000            4.252e-01           4.252e-01             238.116           1.007e-06             115.882           3.162e+02     
  75.000         340.000            5.004e-01           5.004e-01             231.671           5.619e-07             114.253           3.162e+02     
  80.000         340.000            5.787e-01           5.787e-01             227.183           2.453e-07             113.044           3.162e+02     
  85.000         340.000            6.375e-01           6.375e-01             224.612           5.984e-08             112.249           3.162e+02     
  90.000         340.000            6.593e-01           6.593e-01             223.781           8.208e-12             126.754           3.162e+02     
  95.000         340.000            6.375e-01           6.375e-01             224.612           5.985e-08             292.259           3.162e+02     
 100.000         340.000            5.787e-01           5.787e-01             227.183           2.453e-07             293.048           3.162e+02     
 105.000         340.000            5.004e-01           5.004e-01             231.671           5.620e-07             294.255           3.162e+02     
 110.000         340.000            4.252e-01           4.252e-01             238.116           1.007e-06             295.883           3.162e+02     
 115.000         340.000            3.730e-01           3.730e-01             245.913           1.565e-06             297.919           3.162e+02     
 120.000         340.000            3.538e-01           3.538e-01             253.376           2.182e-06             300.190           3.162e+02     
 125.000         340.000            3.670e-01           3.670e-01             258.372           2.799e-06             302.307           3.162e+02     
 130.000         340.000            4.066e-01           4.066e-01             259.820           3.370e-06             303.877           3.162e+02     
 135.000         340.000            4.657e-01           4.657e-01             258.358           3.920e-06             304.786           3.162e+02     
 140.000         340.000            5.313e-01           5.313e-01             255.705           4.526e-06             304.753           3.162e+02     
 145.000         340.000            5.775e-01           5.775e-01             253.599           5.355e-06             304.123           3.162e+02     
 150.000         340.000            5.723e-01           5.723e-01             253.146           6.455e-06             303.376           3.162e+02     
 155.000         340.000            5.004e-01           5.004e-01             254.767           8.013e-06             303.575           3.162e+02     
 160.000         340.000            3.778e-01           3.778e-01             258.322           9.811e-06             304.535           2.718e+02     
 165.000         340.000            2.389e-01           2.388e-01             263.156           1.149e-05             305.974           2.121e+02     
 170.000         340.000            1.154e-01           1.154e-01             268.237           1.261e-05             307.623           1.508e+02     
 175.000         340.000            3.042e-02           3.041e-02             272.627           1.285e-05             309.560           8.097e+01     
 180.000         340.000            1.326e-05           1.054e-06             310.096           1.221e-05             311.924           1.159e+02     
   0.000         345.000            1.326e-05           5.160e-07             309.323           1.275e-05             131.878           1.160e+02     
   5.000         345.000            2.969e-02           2.968e-02             269.779           1.313e-05             126.933           7.875e+01     
  10.000         345.000            1.097e-01           1.097e-01             262.768           1.262e-05             122.499           1.459e+02     
  15.000         345.000            2.212e-01           2.212e-01             255.151           1.129e-05             118.460           2.041e+02     
  20.000         345.000            3.435e-01           3.435e-01             247.848           9.469e-06             114.715           2.610e+02     
  25.000         345.000            4.504e-01           4.503e-01             241.843           7.554e-06             111.549           3.162e+02     
  30.000         345.000            5.115e-01           5.115e-01             237.678           5.877e-06             109.258           3.162e+02     
  35.000         345.000            5.100e-01           5.100e-01             235.343           4.595e-06             107.900           3.162e+02     
  40.000         345.000            4.565e-01           4.565e-01             234.339           3.694e-06             107.281           3.162e+02     
  45.000         345.000            3.813e-01           3.813e-01             233.640           3.114e-06             107.024           3.162e+02     
  50.000         345.000            3.136e-01           3.136e-01             231.695           2.644e-06             105.602           3.162e+02     
  55.000         345.000            2.711e-01           2.711e-01             226.935           2.230e-06             103.589           3.162e+02     
  60.000         345.000            2.634e-01           2.634e-01             219.056           1.809e-06             101.100           3.162e+02     
  65.000         345.000            2.952e-01           2.952e-01             209.820           1.368e-06              98.480           3.162e+02     
  70.000         345.000            3.645e-01           3.645e-01             201.617           9.377e-07              96.269           3.162e+02     
  75.000         345.000            4.584e-01           4.584e-01             195.584           5.525e-07              94.429           3.162e+02     
  80.000         345.000            5.539e-01           5.539e-01             191.683           2.521e-07              93.078           3.162e+02     
  85.000         345.000            6.251e-01           6.251e-01             189.537           6.335e-08              92.252           3.162e+02     
  90.000         345.000            6.514e-01           6.514e-01             188.855           6.912e-12              93.642           3.162e+02     
  95.000         345.000            6.251e-01           6.251e-01             189.537           6.336e-08             272.263           3.162e+02     
 100.000         345.000            5.539e-01           5.539e-01             191.683           2.521e-07             273.083           3.162e+02     
 105.000         345.000            4.584e-01           4.584e-01             195.584           5.525e-07             274.432           3.162e+02     
 110.000         345.000            3.645e-01           3.645e-01             201.617           9.377e-07             276.270           3.162e+02     
 115.000         345.000            2.952e-01           2.952e-01             209.820           1.368e-06             278.480           3.162e+02     
 120.000         345.000            2.634e-01           2.634e-01             219.056           1.809e-06             281.100           3.162e+02     
 125.000         345.000            2.711e-01           2.711e-01             226.935           2.230e-06             283.588           3.162e+02     
 130.000         345.000            3.136e-01           3.136e-01             231.695           2.644e-06             285.601           3.162e+02     
 135.000         345.000            3.813e-01           3.813e-01             233.640           3.114e-06             287.023           3.162e+02     
 140.000         345.000            4.565e-01           4.565e-01             234.339           3.694e-06             287.280           3.162e+02     
 145.000         345.000            5.100e-01           5.100e-01             235.343           4.595e-06             287.899           3.162e+02     
 150.000         345.000            5.115e-01           5.115e-01             237.678           5.877e-06             289.257           3.162e+02     
 155.000         345.000            4.504e-01           4.503e-01             241.843           7.554e-06             291.549           3.162e+02     
 160.000         345.000            3.435e-01           3.435e-01             247.848           9.469e-06             294.714           2.610e+02     
 165.000         345.000            2.212e-01           2.212e-01             255.151           1.129e-05             298.460           2.041e+02     
 170.000         345.000            1.097e-01           1.097e-01             262.768           1.262e-05             302.499           1.459e+02     
 175.000         345.000            2.969e-02           2.968e-02             269.779           1.312e-05             306.934           7.876e+01     
 180.000         345.000            1.326e-05           5.159e-07             309.321           1.275e-05             311.879           1.159e+02     
   0.000         350.000            1.326e-05           1.640e-07             307.359           1.310e-05             131.834           1.160e+02     
   5.000         350.000            2.900e-02           2.899e-02             266.932           1.319e-05             124.303           7.727e+01     
  10.000         350.000            1.045e-01           1.045e-01             257.198           1.241e-05             117.304           1.424e+02     
  15.000         350.000            2.060e-01           2.060e-01             246.846           1.090e-05             110.750           1.983e+02     
  20.000         350.000            3.156e-01           3.156e-01             236.857           8.963e-06             104.558           2.537e+02     
  25.000         350.000            4.134e-01           4.134e-01             228.274           6.975e-06              99.035           3.143e+02     
  30.000         350.000            4.732e-01           4.732e-01             221.599           5.229e-06              94.495           3.162e+02     
  35.000         350.000            4.769e-01           4.769e-01             216.684           3.881e-06              91.260           3.162e+02     
  40.000         350.000            4.296e-01           4.296e-01             212.873           2.942e-06              89.307           3.162e+02     
  45.000         350.000            3.572e-01           3.572e-01             209.078           2.343e-06              87.857           3.162e+02     
  50.000         350.000            2.891e-01           2.891e-01             203.860           1.964e-06              86.650           3.162e+02     
  55.000         350.000            2.463e-01           2.463e-01             195.983           1.688e-06              84.814           3.162e+02     
  60.000         350.000            2.403e-01           2.403e-01             185.713           1.429e-06              82.424           3.162e+02     
  65.000         350.000            2.750e-01           2.750e-01             175.288           1.146e-06              79.805           3.162e+02     
  70.000         350.000            3.467e-01           3.467e-01             166.906           8.296e-07              77.401           3.162e+02     
  75.000         350.000            4.418e-01           4.418e-01             161.133           5.134e-07              75.308           3.162e+02     
  80.000         350.000            5.377e-01           5.377e-01             157.543           2.434e-07              73.719           3.162e+02     
  85.000         350.000            6.087e-01           6.087e-01             155.608           6.273e-08              72.785           3.162e+02     
  90.000         350.000            6.349e-01           6.349e-01             154.998           5.984e-12              55.758           3.162e+02     
  95.000         350.000            6.087e-01           6.087e-01             155.608           6.273e-08             252.798           3.162e+02     
 100.000         350.000            5.377e-01           5.377e-01             157.543           2.434e-07             253.726           3.162e+02     
 105.000         350.000            4.418e-01           4.418e-01             161.133           5.134e-07             255.311           3.162e+02     
 110.000         350.000            3.467e-01           3.467e-01             166.906           8.296e-07             257.403           3.162e+02     
 115.000         350.000            2.750e-01           2.750e-01             175.288           1.146e-06             259.806           3.162e+02     
 120.000         350.000            2.403e-01           2.403e-01             185.713           1.429e-06             262.425           3.162e+02     
 125.000         350.000            2.463e-01           2.463e-01             195.983           1.688e-06             264.814           3.162e+02     
 130.000         350.000            2.891e-01           2.891e-01             203.860           1.964e-06             266.650           3.162e+02     
 135.000         350.000            3.572e-01           3.572e-01             209.078           2.343e-06             267.856           3.162e+02     
 140.000         350.000            4.296e-01           4.296e-01             212.873           2.942e-06             269.307           3.162e+02     
 145.000         350.000            4.769e-01           4.769e-01             216.684           3.881e-06             271.259           3.162e+02     
 150.000         350.000            4.732e-01           4.732e-01             221.599           5.228e-06             274.494           3.162e+02     
 155.000         350.000            4.134e-01           4.134e-01             228.274           6.974e-06             279.034           3.143e+02     
 160.000         350.000            3.156e-01           3.156e-01             236.857           8.963e-06             284.558           2.537e+02     
 165.000         350.000            2.060e-01           2.060e-01             246.846           1.090e-05             290.750           1.983e+02     
 170.000         350.000            1.045e-01           1.045e-01             257.197           1.241e-05             297.304           1.424e+02     
 175.000         350.000            2.900e-02           2.899e-02             266.932           1.318e-05             304.303           7.727e+01     
 180.000         350.000            1.326e-05           1.639e-07             307.356           1.310e-05             311.834           1.159e+02     
   0.000         355.000            1.326e-05           8.509e-09             291.881           1.326e-05             131.791           1.160e+02     
   5.000         355.000            2.836e-02           2.834e-02             264.107           1.304e-05             121.690           7.646e+01     
  10.000         355.000            1.000e-01           1.000e-01             251.580           1.203e-05             112.074           1.404e+02     
  15.000         355.000            1.937e-01           1.937e-01             238.359           1.036e-05             102.912           1.949e+02     
  20.000         355.000            2.954e-01           2.954e-01             225.591           8.364e-06              94.159           2.506e+02     
  25.000         355.000            3.901e-01           3.901e-01             214.510           6.355e-06              86.176           3.158e+02     
  30.000         355.000            4.543e-01           4.543e-01             205.672           4.589e-06              79.314           3.162e+02     
  35.000         355.000            4.675e-01           4.675e-01             198.832           3.220e-06              74.135           3.162e+02     
  40.000         355.000            4.292e-01           4.292e-01             193.180           2.269e-06              70.854           3.162e+02     
  45.000         355.000            3.605e-01           3.605e-01             187.495           1.688e-06              69.063           3.162e+02     
  50.000         355.000            2.903e-01           2.903e-01             180.241           1.356e-06              68.129           3.162e+02     
  55.000         355.000            2.423e-01           2.423e-01             170.122           1.164e-06              66.728           3.162e+02     
  60.000         355.000            2.305e-01           2.305e-01             157.473           1.019e-06              64.286           3.162e+02     
  65.000         355.000            2.600e-01           2.599e-01             144.920           8.551e-07              61.597           3.162e+02     
  70.000         355.000            3.264e-01           3.264e-01             135.023           6.506e-07              58.651           3.162e+02     
  75.000         355.000            4.157e-01           4.157e-01             128.333           4.210e-07              55.939           3.162e+02     
  80.000         355.000            5.058e-01           5.058e-01             124.236           2.067e-07              53.816           3.162e+02     
  85.000         355.000            5.725e-01           5.725e-01             122.051           5.449e-08              52.589           3.162e+02     
  90.000         355.000            5.970e-01           5.970e-01             121.367           6.038e-12              16.640           3.162e+02     
  95.000         355.000            5.725e-01           5.725e-01             122.051           5.449e-08             232.603           3.162e+02     
 100.000         355.000            5.058e-01           5.058e-01             124.236           2.067e-07             233.823           3.162e+02     
 105.000         355.000            4.157e-01           4.157e-01             128.333           4.210e-07             235.943           3.162e+02     
 110.000         355.000            3.264e-01           3.264e-01             135.023           6.506e-07             238.653           3.162e+02     
 115.000         355.000            2.600e-01           2.599e-01             144.920           8.550e-07             241.598           3.162e+02     
 120.000         355.000            2.305e-01           2.305e-01             157.473           1.019e-06             244.287           3.162e+02     
 125.000         355.000            2.423e-01           2.423e-01             170.122           1.164e-06             246.729           3.162e+02     
 130.000         355.000            2.903e-01           2.903e-01             180.241           1.356e-06             248.129           3.162e+02     
 135.000         355.000            3.605e-01           3.605e-01             187.495           1.688e-06             249.062           3.162e+02     
 140.000         355.000            4.292e-01           4.292e-01             193.180           2.268e-06             250.854           3.162e+02     
 145.000         355.000            4.675e-01           4.675e-01             198.831           3.219e-06             254.134           3.162e+02     
 150.000         355.000            4.543e-01           4.543e-01             205.672           4.588e-06             259.314           3.162e+02     
 155.000         355.000            3.901e-01           3.901e-01             214.510           6.355e-06             266.176           3.159e+02     
 160.000         355.000            2.954e-01           2.954e-01             225.591           8.364e-06             274.159           2.507e+02     
 165.000         355.000            1.937e-01           1.937e-01             238.359           1.036e-05             282.912           1.949e+02     
 170.000         355.000            1.000e-01           1.000e-01             251.580           1.203e-05             292.074           1.404e+02     
 175.000         355.000            2.836e-02           2.834e-02             264.106           1.304e-05             301.690           7.646e+01     
 180.000         355.000            1.326e-05           8.503e-09             291.863           1.326e-05             311.791           1.159e+02     
