Theta [deg.]  Phi   [deg.]  Abs(Grlz)[      ]   Abs(Theta)[      ]  Phase(Theta)[deg.]  Abs(Phi  )[      ]  Phase(Phi  )[deg.]  Ax.Ratio[      ]    
------------------------------------------------------------------------------------------------------------------------------------------------------
   0.000           0.000            1.250e-05           1.235e-05             302.163           1.433e-07             315.515           4.065e+01     
   5.000           0.000            3.847e-02           3.847e-02             302.446           1.168e-07             339.422           3.162e+02     
  10.000           0.000            1.487e-01           1.487e-01             329.583           9.544e-08             359.189           3.162e+02     
  15.000           0.000            2.959e-01           2.959e-01             355.590           6.950e-08              13.670           3.162e+02     
  20.000           0.000            4.134e-01           4.134e-01              23.117           4.012e-08              20.975           3.162e+02     
  25.000           0.000            4.947e-01           4.947e-01              54.943           1.841e-08              13.127           3.162e+02     
  30.000           0.000            6.423e-01           6.423e-01              89.755           1.321e-08             342.565           3.162e+02     
  35.000           0.000            9.653e-01           9.653e-01             120.945           2.476e-08             325.468           3.162e+02     
  40.000           0.000            1.434e+00           1.434e+00             145.300           4.228e-08             329.206           3.162e+02     
  45.000           0.000            1.874e+00           1.874e+00             164.495           5.736e-08             343.676           3.162e+02     
  50.000           0.000            2.104e+00           2.104e+00             180.831           6.858e-08               2.253           3.162e+02     
  55.000           0.000            2.064e+00           2.064e+00             195.930           7.889e-08              22.003           3.162e+02     
  60.000           0.000            1.831e+00           1.831e+00             210.827           8.702e-08              40.328           3.162e+02     
  65.000           0.000            1.536e+00           1.536e+00             226.039           8.622e-08              54.857           3.162e+02     
  70.000           0.000            1.287e+00           1.287e+00             241.375           7.373e-08              66.423           3.162e+02     
  75.000           0.000            1.127e+00           1.127e+00             255.735           5.154e-08              75.214           3.162e+02     
  80.000           0.000            1.048e+00           1.048e+00             267.422           2.657e-08              81.404           3.162e+02     
  85.000           0.000            1.020e+00           1.020e+00             274.955           7.237e-09              84.992           3.162e+02     
  90.000           0.000            1.014e+00           1.014e+00             277.539           2.549e-13             177.042           3.162e+02     
  95.000           0.000            1.020e+00           1.020e+00             274.955           7.239e-09             264.973           3.162e+02     
 100.000           0.000            1.048e+00           1.048e+00             267.422           2.657e-08             261.394           3.162e+02     
 105.000           0.000            1.127e+00           1.127e+00             255.735           5.154e-08             255.206           3.162e+02     
 110.000           0.000            1.287e+00           1.287e+00             241.375           7.374e-08             246.417           3.162e+02     
 115.000           0.000            1.536e+00           1.536e+00             226.039           8.623e-08             234.851           3.162e+02     
 120.000           0.000            1.831e+00           1.831e+00             210.827           8.703e-08             220.322           3.162e+02     
 125.000           0.000            2.064e+00           2.064e+00             195.930           7.890e-08             201.997           3.162e+02     
 130.000           0.000            2.104e+00           2.104e+00             180.831           6.859e-08             182.247           3.162e+02     
 135.000           0.000            1.874e+00           1.874e+00             164.495           5.736e-08             163.669           3.162e+02     
 140.000           0.000            1.434e+00           1.434e+00             145.300           4.228e-08             149.197           3.162e+02     
 145.000           0.000            9.653e-01           9.653e-01             120.945           2.475e-08             145.456           3.162e+02     
 150.000           0.000            6.423e-01           6.423e-01              89.755           1.320e-08             162.561           3.162e+02     
 155.000           0.000            4.947e-01           4.947e-01              54.943           1.840e-08             193.143           3.162e+02     
 160.000           0.000            4.134e-01           4.134e-01              23.117           4.012e-08             200.991           3.162e+02     
 165.000           0.000            2.959e-01           2.959e-01             355.590           6.951e-08             193.683           3.162e+02     
 170.000           0.000            1.487e-01           1.487e-01             329.583           9.547e-08             179.199           3.162e+02     
 175.000           0.000            3.847e-02           3.847e-02             302.446           1.168e-07             159.431           3.162e+02     
 180.000           0.000            1.250e-05           1.235e-05             302.163           1.434e-07             135.524           4.061e+01     
   0.000           5.000            1.250e-05           1.249e-05             302.287           1.126e-08             357.325           4.065e+01     
   5.000           5.000            3.891e-02           3.891e-02             303.217           1.947e-09              13.787           3.162e+02     
  10.000           5.000            1.514e-01           1.514e-01             331.129           2.853e-09             312.856           3.162e+02     
  15.000           5.000            3.031e-01           3.031e-01             357.976           1.581e-08             306.231           3.162e+02     
  20.000           5.000            4.277e-01           4.277e-01              26.317           4.080e-08             309.689           3.162e+02     
  25.000           5.000            5.182e-01           5.181e-01              58.694           6.840e-08             313.309           3.162e+02     
  30.000           5.000            6.735e-01           6.735e-01              93.737           8.623e-08             315.034           3.162e+02     
  35.000           5.000            9.973e-01           9.973e-01             125.351           9.323e-08             316.607           3.162e+02     
  40.000           5.000            1.460e+00           1.460e+00             150.517           9.022e-08             318.742           3.162e+02     
  45.000           5.000            1.895e+00           1.895e+00             170.694           8.213e-08             324.970           3.162e+02     
  50.000           5.000            2.130e+00           2.130e+00             188.014           7.236e-08             334.678           3.162e+02     
  55.000           5.000            2.111e+00           2.111e+00             203.991           6.610e-08             348.997           3.162e+02     
  60.000           5.000            1.907e+00           1.907e+00             219.546           6.431e-08               5.685           3.162e+02     
  65.000           5.000            1.638e+00           1.638e+00             235.071           6.401e-08              19.189           3.162e+02     
  70.000           5.000            1.404e+00           1.404e+00             250.294           5.834e-08              29.796           3.162e+02     
  75.000           5.000            1.247e+00           1.247e+00             264.208           4.411e-08              37.389           3.162e+02     
  80.000           5.000            1.165e+00           1.165e+00             275.376           2.435e-08              42.385           3.162e+02     
  85.000           5.000            1.131e+00           1.131e+00             282.545           6.977e-09              45.011           3.162e+02     
  90.000           5.000            1.123e+00           1.123e+00             285.004           1.410e-12             176.877           3.162e+02     
  95.000           5.000            1.131e+00           1.131e+00             282.545           6.983e-09             225.011           3.162e+02     
 100.000           5.000            1.165e+00           1.165e+00             275.376           2.436e-08             222.384           3.162e+02     
 105.000           5.000            1.247e+00           1.247e+00             264.208           4.412e-08             217.388           3.162e+02     
 110.000           5.000            1.404e+00           1.404e+00             250.294           5.835e-08             209.795           3.162e+02     
 115.000           5.000            1.638e+00           1.638e+00             235.071           6.403e-08             199.187           3.162e+02     
 120.000           5.000            1.907e+00           1.907e+00             219.546           6.433e-08             185.683           3.162e+02     
 125.000           5.000            2.111e+00           2.111e+00             203.991           6.612e-08             168.995           3.162e+02     
 130.000           5.000            2.130e+00           2.130e+00             188.014           7.238e-08             154.674           3.162e+02     
 135.000           5.000            1.895e+00           1.895e+00             170.694           8.214e-08             144.964           3.162e+02     
 140.000           5.000            1.460e+00           1.460e+00             150.517           9.022e-08             138.735           3.162e+02     
 145.000           5.000            9.973e-01           9.973e-01             125.351           9.321e-08             136.599           3.162e+02     
 150.000           5.000            6.735e-01           6.735e-01              93.737           8.620e-08             135.027           3.162e+02     
 155.000           5.000            5.181e-01           5.181e-01              58.694           6.837e-08             133.307           3.162e+02     
 160.000           5.000            4.277e-01           4.277e-01              26.317           4.077e-08             129.695           3.162e+02     
 165.000           5.000            3.031e-01           3.031e-01             357.976           1.580e-08             126.258           3.162e+02     
 170.000           5.000            1.514e-01           1.514e-01             331.129           2.852e-09             132.952           3.162e+02     
 175.000           5.000            3.891e-02           3.891e-02             303.217           1.956e-09             193.793           3.162e+02     
 180.000           5.000            1.250e-05           1.248e-05             302.286           1.128e-08             177.315           4.061e+01     
   0.000          10.000            1.250e-05           1.243e-05             302.410           6.871e-08             102.988           4.065e+01     
   5.000          10.000            3.930e-02           3.930e-02             303.745           7.024e-08             148.748           3.162e+02     
  10.000          10.000            1.537e-01           1.537e-01             332.201           5.753e-08             197.859           3.162e+02     
  15.000          10.000            3.094e-01           3.094e-01             359.628           8.128e-08             249.848           3.162e+02     
  20.000          10.000            4.409e-01           4.409e-01              28.393           1.502e-07             282.325           3.162e+02     
  25.000          10.000            5.378e-01           5.378e-01              60.752           2.157e-07             300.890           3.162e+02     
  30.000          10.000            6.880e-01           6.880e-01              95.546           2.284e-07             311.236           3.162e+02     
  35.000          10.000            9.862e-01           9.862e-01             127.485           1.950e-07             316.422           3.162e+02     
  40.000          10.000            1.412e+00           1.412e+00             153.549           1.471e-07             316.442           3.162e+02     
  45.000          10.000            1.826e+00           1.826e+00             174.731           1.143e-07             315.744           3.162e+02     
  50.000          10.000            2.080e+00           2.080e+00             192.873           9.885e-08             316.285           3.162e+02     
  55.000          10.000            2.117e+00           2.117e+00             209.311           9.356e-08             323.612           3.162e+02     
  60.000          10.000            1.980e+00           1.980e+00             224.809           9.416e-08             336.098           3.162e+02     
  65.000          10.000            1.764e+00           1.764e+00             239.645           9.499e-08             350.174           3.162e+02     
  70.000          10.000            1.553e+00           1.553e+00             253.600           9.079e-08               1.992           3.162e+02     
  75.000          10.000            1.391e+00           1.391e+00             265.979           7.233e-08              11.051           3.162e+02     
  80.000          10.000            1.289e+00           1.289e+00             275.793           4.180e-08              17.236           3.162e+02     
  85.000          10.000            1.237e+00           1.237e+00             282.096           1.239e-08              20.688           3.162e+02     
  90.000          10.000            1.221e+00           1.221e+00             284.268           2.862e-12             179.213           3.162e+02     
  95.000          10.000            1.237e+00           1.237e+00             282.096           1.239e-08             200.707           3.162e+02     
 100.000          10.000            1.289e+00           1.289e+00             275.793           4.181e-08             197.245           3.162e+02     
 105.000          10.000            1.391e+00           1.391e+00             265.979           7.235e-08             191.058           3.162e+02     
 110.000          10.000            1.553e+00           1.553e+00             253.600           9.081e-08             181.998           3.162e+02     
 115.000          10.000            1.764e+00           1.764e+00             239.645           9.501e-08             170.179           3.162e+02     
 120.000          10.000            1.980e+00           1.980e+00             224.809           9.418e-08             156.102           3.162e+02     
 125.000          10.000            2.117e+00           2.117e+00             209.311           9.358e-08             143.615           3.162e+02     
 130.000          10.000            2.080e+00           2.080e+00             192.873           9.888e-08             136.285           3.162e+02     
 135.000          10.000            1.826e+00           1.826e+00             174.731           1.143e-07             135.741           3.162e+02     
 140.000          10.000            1.412e+00           1.412e+00             153.549           1.471e-07             136.436           3.162e+02     
 145.000          10.000            9.862e-01           9.862e-01             127.485           1.950e-07             136.416           3.162e+02     
 150.000          10.000            6.880e-01           6.880e-01              95.546           2.284e-07             131.232           3.162e+02     
 155.000          10.000            5.378e-01           5.378e-01              60.752           2.157e-07             120.887           3.162e+02     
 160.000          10.000            4.409e-01           4.409e-01              28.393           1.501e-07             102.324           3.162e+02     
 165.000          10.000            3.094e-01           3.094e-01             359.628           8.122e-08              69.845           3.162e+02     
 170.000          10.000            1.537e-01           1.537e-01             332.201           5.748e-08              17.848           3.162e+02     
 175.000          10.000            3.930e-02           3.930e-02             303.745           7.020e-08             328.731           3.162e+02     
 180.000          10.000            1.250e-05           1.243e-05             302.410           6.867e-08             282.965           4.061e+01     
   0.000          15.000            1.250e-05           1.218e-05             302.535           3.139e-07             113.495           4.065e+01     
   5.000          15.000            3.964e-02           3.964e-02             304.025           3.158e-07             152.122           3.162e+02     
  10.000          15.000            1.556e-01           1.556e-01             332.795           2.587e-07             192.788           3.162e+02     
  15.000          15.000            3.144e-01           3.144e-01               0.541           2.653e-07             237.776           3.162e+02     
  20.000          15.000            4.518e-01           4.518e-01              29.373           3.633e-07             273.219           3.162e+02     
  25.000          15.000            5.519e-01           5.519e-01              61.236           4.535e-07             296.367           3.162e+02     
  30.000          15.000            6.858e-01           6.858e-01              95.337           4.364e-07             310.672           3.162e+02     
  35.000          15.000            9.358e-01           9.358e-01             127.395           3.326e-07             318.924           3.162e+02     
  40.000          15.000            1.296e+00           1.296e+00             154.358           2.124e-07             319.745           3.162e+02     
  45.000          15.000            1.667e+00           1.667e+00             176.557           1.473e-07             316.314           3.162e+02     
  50.000          15.000            1.931e+00           1.931e+00             195.413           1.214e-07             312.942           3.162e+02     
  55.000          15.000            2.031e+00           2.031e+00             212.052           1.207e-07             316.217           3.162e+02     
  60.000          15.000            1.982e+00           1.982e+00             227.111           1.266e-07             326.757           3.162e+02     
  65.000          15.000            1.843e+00           1.843e+00             240.828           1.294e-07             340.502           3.162e+02     
  70.000          15.000            1.677e+00           1.677e+00             253.107           1.246e-07             352.750           3.162e+02     
  75.000          15.000            1.529e+00           1.529e+00             263.574           9.964e-08               2.546           3.162e+02     
  80.000          15.000            1.419e+00           1.419e+00             271.670           5.779e-08               9.402           3.162e+02     
  85.000          15.000            1.355e+00           1.355e+00             276.815           1.718e-08              13.324           3.162e+02     
  90.000          15.000            1.334e+00           1.334e+00             278.582           3.856e-12             178.635           3.162e+02     
  95.000          15.000            1.355e+00           1.355e+00             276.815           1.718e-08             193.353           3.162e+02     
 100.000          15.000            1.419e+00           1.419e+00             271.670           5.780e-08             189.418           3.162e+02     
 105.000          15.000            1.529e+00           1.529e+00             263.574           9.965e-08             182.557           3.162e+02     
 110.000          15.000            1.677e+00           1.677e+00             253.107           1.246e-07             172.759           3.162e+02     
 115.000          15.000            1.843e+00           1.843e+00             240.828           1.294e-07             160.510           3.162e+02     
 120.000          15.000            1.982e+00           1.982e+00             227.111           1.266e-07             146.764           3.162e+02     
 125.000          15.000            2.031e+00           2.031e+00             212.052           1.207e-07             136.222           3.162e+02     
 130.000          15.000            1.931e+00           1.931e+00             195.413           1.215e-07             132.944           3.162e+02     
 135.000          15.000            1.667e+00           1.667e+00             176.557           1.473e-07             136.311           3.162e+02     
 140.000          15.000            1.296e+00           1.296e+00             154.358           2.124e-07             139.739           3.162e+02     
 145.000          15.000            9.358e-01           9.358e-01             127.395           3.326e-07             138.919           3.162e+02     
 150.000          15.000            6.858e-01           6.858e-01              95.337           4.363e-07             130.668           3.162e+02     
 155.000          15.000            5.519e-01           5.519e-01              61.236           4.534e-07             116.364           3.162e+02     
 160.000          15.000            4.518e-01           4.518e-01              29.373           3.632e-07              93.216           3.162e+02     
 165.000          15.000            3.144e-01           3.144e-01               0.541           2.652e-07              57.772           3.162e+02     
 170.000          15.000            1.556e-01           1.556e-01             332.794           2.586e-07              12.781           3.162e+02     
 175.000          15.000            3.964e-02           3.964e-02             304.025           3.157e-07             332.114           3.162e+02     
 180.000          15.000            1.250e-05           1.218e-05             302.534           3.138e-07             293.485           4.061e+01     
   0.000          20.000            1.250e-05           1.176e-05             302.663           7.394e-07             116.681           4.065e+01     
   5.000          20.000            3.993e-02           3.993e-02             304.057           7.355e-07             153.024           3.162e+02     
  10.000          20.000            1.569e-01           1.569e-01             332.903           6.085e-07             190.783           3.162e+02     
  15.000          20.000            3.179e-01           3.179e-01               0.718           5.697e-07             232.316           3.162e+02     
  20.000          20.000            4.596e-01           4.596e-01              29.310           6.739e-07             267.956           3.162e+02     
  25.000          20.000            5.596e-01           5.596e-01              60.306           7.724e-07             293.449           3.162e+02     
  30.000          20.000            6.697e-01           6.697e-01              93.301           7.061e-07             310.645           3.162e+02     
  35.000          20.000            8.575e-01           8.575e-01             125.136           5.374e-07             322.369           3.162e+02     
  40.000          20.000            1.132e+00           1.132e+00             152.884           3.186e-07             327.205           3.162e+02     
  45.000          20.000            1.433e+00           1.433e+00             176.120           1.816e-07             325.548           3.162e+02     
  50.000          20.000            1.681e+00           1.681e+00             195.714           1.251e-07             321.146           3.162e+02     
  55.000          20.000            1.825e+00           1.825e+00             212.548           1.153e-07             320.528           3.162e+02     
  60.000          20.000            1.858e+00           1.858e+00             227.185           1.204e-07             328.232           3.162e+02     
  65.000          20.000            1.806e+00           1.806e+00             239.896           1.259e-07             340.173           3.162e+02     
  70.000          20.000            1.711e+00           1.711e+00             250.729           1.193e-07             352.306           3.162e+02     
  75.000          20.000            1.607e+00           1.607e+00             259.562           9.563e-08               1.879           3.162e+02     
  80.000          20.000            1.520e+00           1.520e+00             266.160           5.548e-08               8.732           3.162e+02     
  85.000          20.000            1.465e+00           1.465e+00             270.260           1.650e-08              12.671           3.162e+02     
  90.000          20.000            1.445e+00           1.445e+00             271.652           4.140e-12             173.976           3.162e+02     
  95.000          20.000            1.465e+00           1.465e+00             270.260           1.650e-08             192.712           3.162e+02     
 100.000          20.000            1.520e+00           1.520e+00             266.160           5.548e-08             188.754           3.162e+02     
 105.000          20.000            1.607e+00           1.607e+00             259.562           9.563e-08             181.895           3.162e+02     
 110.000          20.000            1.711e+00           1.711e+00             250.729           1.193e-07             172.318           3.162e+02     
 115.000          20.000            1.806e+00           1.806e+00             239.896           1.259e-07             160.184           3.162e+02     
 120.000          20.000            1.858e+00           1.858e+00             227.185           1.204e-07             148.241           3.162e+02     
 125.000          20.000            1.825e+00           1.825e+00             212.548           1.154e-07             140.535           3.162e+02     
 130.000          20.000            1.681e+00           1.681e+00             195.714           1.251e-07             141.148           3.162e+02     
 135.000          20.000            1.433e+00           1.433e+00             176.120           1.816e-07             145.545           3.162e+02     
 140.000          20.000            1.132e+00           1.132e+00             152.884           3.186e-07             147.200           3.162e+02     
 145.000          20.000            8.575e-01           8.575e-01             125.136           5.373e-07             142.364           3.162e+02     
 150.000          20.000            6.697e-01           6.697e-01              93.301           7.060e-07             130.641           3.162e+02     
 155.000          20.000            5.596e-01           5.596e-01              60.306           7.722e-07             113.446           3.162e+02     
 160.000          20.000            4.596e-01           4.596e-01              29.310           6.737e-07              87.953           3.162e+02     
 165.000          20.000            3.179e-01           3.179e-01               0.718           5.695e-07              52.312           3.162e+02     
 170.000          20.000            1.569e-01           1.569e-01             332.903           6.083e-07              10.777           3.162e+02     
 175.000          20.000            3.993e-02           3.993e-02             304.057           7.353e-07             333.018           3.162e+02     
 180.000          20.000            1.250e-05           1.176e-05             302.663           7.392e-07             296.675           4.061e+01     
   0.000          25.000            1.250e-05           1.116e-05             302.797           1.332e-06             118.227           4.065e+01     
   5.000          25.000            4.018e-02           4.018e-02             303.840           1.321e-06             153.170           3.162e+02     
  10.000          25.000            1.578e-01           1.578e-01             332.525           1.106e-06             189.093           3.162e+02     
  15.000          25.000            3.195e-01           3.195e-01               0.169           9.944e-07             228.250           3.162e+02     
  20.000          25.000            4.632e-01           4.632e-01              28.274           1.073e-06             263.479           3.162e+02     
  25.000          25.000            5.604e-01           5.604e-01              58.147           1.191e-06             290.438           3.162e+02     
  30.000          25.000            6.440e-01           6.440e-01              89.691           1.077e-06             309.742           3.162e+02     
  35.000          25.000            7.664e-01           7.664e-01             120.844           8.081e-07             324.966           3.162e+02     
  40.000          25.000            9.467e-01           9.467e-01             149.094           4.784e-07             334.626           3.162e+02     
  45.000          25.000            1.160e+00           1.160e+00             173.360           2.512e-07             339.799           3.162e+02     
  50.000          25.000            1.362e+00           1.362e+00             193.833           1.375e-07             341.351           3.162e+02     
  55.000          25.000            1.513e+00           1.513e+00             211.085           9.629e-08             339.431           3.162e+02     
  60.000          25.000            1.598e+00           1.598e+00             225.622           8.636e-08             344.383           3.162e+02     
  65.000          25.000            1.620e+00           1.620e+00             237.781           8.730e-08             352.753           3.162e+02     
  70.000          25.000            1.599e+00           1.599e+00             247.750           8.359e-08               2.372           3.162e+02     
  75.000          25.000            1.557e+00           1.557e+00             255.588           6.622e-08              11.039           3.162e+02     
  80.000          25.000            1.514e+00           1.514e+00             261.266           3.856e-08              16.981           3.162e+02     
  85.000          25.000            1.484e+00           1.484e+00             264.716           1.149e-08              20.350           3.162e+02     
  90.000          25.000            1.473e+00           1.473e+00             265.875           4.057e-12             165.520           3.162e+02     
  95.000          25.000            1.484e+00           1.484e+00             264.716           1.149e-08             200.410           3.162e+02     
 100.000          25.000            1.514e+00           1.514e+00             261.266           3.857e-08             197.013           3.162e+02     
 105.000          25.000            1.557e+00           1.557e+00             255.588           6.623e-08             191.062           3.162e+02     
 110.000          25.000            1.599e+00           1.599e+00             247.750           8.361e-08             182.390           3.162e+02     
 115.000          25.000            1.620e+00           1.620e+00             237.781           8.731e-08             172.768           3.162e+02     
 120.000          25.000            1.598e+00           1.598e+00             225.622           8.638e-08             164.395           3.162e+02     
 125.000          25.000            1.513e+00           1.513e+00             211.085           9.632e-08             159.437           3.162e+02     
 130.000          25.000            1.362e+00           1.362e+00             193.833           1.375e-07             161.351           3.162e+02     
 135.000          25.000            1.160e+00           1.160e+00             173.360           2.512e-07             159.795           3.162e+02     
 140.000          25.000            9.467e-01           9.467e-01             149.094           4.784e-07             154.622           3.162e+02     
 145.000          25.000            7.664e-01           7.664e-01             120.844           8.080e-07             144.963           3.162e+02     
 150.000          25.000            6.440e-01           6.440e-01              89.691           1.077e-06             129.739           3.162e+02     
 155.000          25.000            5.604e-01           5.604e-01              58.147           1.191e-06             110.436           3.162e+02     
 160.000          25.000            4.632e-01           4.632e-01              28.274           1.073e-06              83.476           3.162e+02     
 165.000          25.000            3.195e-01           3.195e-01               0.169           9.941e-07              48.247           3.162e+02     
 170.000          25.000            1.578e-01           1.578e-01             332.525           1.106e-06               9.089           3.162e+02     
 175.000          25.000            4.018e-02           4.018e-02             303.840           1.321e-06             333.165           3.162e+02     
 180.000          25.000            1.250e-05           1.116e-05             302.797           1.332e-06             298.223           4.061e+01     
   0.000          30.000            1.250e-05           1.042e-05             302.939           2.075e-06             119.150           4.065e+01     
   5.000          30.000            4.038e-02           4.038e-02             303.376           2.060e-06             152.876           2.843e+02     
  10.000          30.000            1.581e-01           1.581e-01             331.663           1.747e-06             187.231           3.162e+02     
  15.000          30.000            3.190e-01           3.190e-01             358.908           1.538e-06             224.364           3.162e+02     
  20.000          30.000            4.620e-01           4.620e-01              26.331           1.552e-06             258.847           3.162e+02     
  25.000          30.000            5.538e-01           5.538e-01              54.941           1.659e-06             286.652           3.162e+02     
  30.000          30.000            6.122e-01           6.122e-01              84.819           1.494e-06             307.829           3.162e+02     
  35.000          30.000            6.763e-01           6.763e-01             114.811           1.136e-06             325.166           3.162e+02     
  40.000          30.000            7.710e-01           7.710e-01             143.089           7.332e-07             340.013           3.162e+02     
  45.000          30.000            8.961e-01           8.961e-01             168.239           4.172e-07             352.343           3.162e+02     
  50.000          30.000            1.034e+00           1.034e+00             189.749           2.250e-07               1.954           3.162e+02     
  55.000          30.000            1.160e+00           1.160e+00             207.761           1.321e-07              10.002           3.162e+02     
  60.000          30.000            1.258e+00           1.258e+00             222.668           9.171e-08              15.462           3.162e+02     
  65.000          30.000            1.321e+00           1.321e+00             234.863           7.510e-08              21.191           3.162e+02     
  70.000          30.000            1.354e+00           1.354e+00             244.638           6.343e-08              27.161           3.162e+02     
  75.000          30.000            1.365e+00           1.365e+00             252.166           4.739e-08              32.594           3.162e+02     
  80.000          30.000            1.365e+00           1.365e+00             257.527           2.649e-08              36.739           3.162e+02     
  85.000          30.000            1.362e+00           1.362e+00             260.745           7.642e-09              39.325           3.162e+02     
  90.000          30.000            1.360e+00           1.360e+00             261.818           4.104e-12             155.750           3.162e+02     
  95.000          30.000            1.362e+00           1.362e+00             260.745           7.653e-09             219.396           3.162e+02     
 100.000          30.000            1.365e+00           1.365e+00             257.527           2.651e-08             216.775           3.162e+02     
 105.000          30.000            1.365e+00           1.365e+00             252.166           4.742e-08             212.619           3.162e+02     
 110.000          30.000            1.354e+00           1.354e+00             244.638           6.346e-08             207.179           3.162e+02     
 115.000          30.000            1.321e+00           1.321e+00             234.863           7.513e-08             201.204           3.162e+02     
 120.000          30.000            1.258e+00           1.258e+00             222.668           9.175e-08             195.469           3.162e+02     
 125.000          30.000            1.160e+00           1.160e+00             207.761           1.322e-07             190.003           3.162e+02     
 130.000          30.000            1.034e+00           1.034e+00             189.749           2.250e-07             181.952           3.162e+02     
 135.000          30.000            8.961e-01           8.961e-01             168.239           4.172e-07             172.339           3.162e+02     
 140.000          30.000            7.710e-01           7.710e-01             143.089           7.332e-07             160.009           3.162e+02     
 145.000          30.000            6.763e-01           6.763e-01             114.811           1.136e-06             145.163           3.162e+02     
 150.000          30.000            6.122e-01           6.122e-01              84.819           1.494e-06             127.826           3.162e+02     
 155.000          30.000            5.538e-01           5.538e-01              54.941           1.659e-06             106.650           3.162e+02     
 160.000          30.000            4.620e-01           4.620e-01              26.331           1.552e-06              78.844           3.162e+02     
 165.000          30.000            3.190e-01           3.190e-01             358.908           1.537e-06              44.360           3.162e+02     
 170.000          30.000            1.581e-01           1.581e-01             331.663           1.747e-06               7.228           3.162e+02     
 175.000          30.000            4.038e-02           4.038e-02             303.376           2.059e-06             332.872           2.844e+02     
 180.000          30.000            1.250e-05           1.042e-05             302.939           2.074e-06             299.147           4.061e+01     
   0.000          35.000            1.250e-05           9.553e-06             303.093           2.944e-06             119.771           4.065e+01     
   5.000          35.000            4.054e-02           4.053e-02             302.670           2.933e-06             152.248           2.382e+02     
  10.000          35.000            1.580e-01           1.580e-01             330.323           2.523e-06             185.057           3.162e+02     
  15.000          35.000            3.165e-01           3.165e-01             356.950           2.195e-06             220.265           3.162e+02     
  20.000          35.000            4.556e-01           4.556e-01              23.539           2.157e-06             253.514           3.162e+02     
  25.000          35.000            5.395e-01           5.395e-01              50.849           2.187e-06             282.049           3.162e+02     
  30.000          35.000            5.761e-01           5.761e-01              79.019           1.964e-06             304.527           3.162e+02     
  35.000          35.000            5.954e-01           5.954e-01             107.516           1.551e-06             324.078           3.162e+02     
  40.000          35.000            6.245e-01           6.245e-01             135.255           1.118e-06             342.257           3.162e+02     
  45.000          35.000            6.780e-01           6.780e-01             160.910           7.080e-07             358.110           3.162e+02     
  50.000          35.000            7.551e-01           7.551e-01             183.441           4.355e-07              12.923           3.162e+02     
  55.000          35.000            8.445e-01           8.445e-01             202.466           2.741e-07              26.122           3.162e+02     
  60.000          35.000            9.318e-01           9.318e-01             218.157           1.840e-07              37.653           3.162e+02     
  65.000          35.000            1.007e+00           1.007e+00             230.897           1.286e-07              47.645           3.162e+02     
  70.000          35.000            1.067e+00           1.067e+00             241.030           9.099e-08              54.313           3.162e+02     
  75.000          35.000            1.110e+00           1.110e+00             248.782           5.849e-08              59.404           3.162e+02     
  80.000          35.000            1.140e+00           1.140e+00             254.276           2.939e-08              62.944           3.162e+02     
  85.000          35.000            1.157e+00           1.157e+00             257.560           7.963e-09              64.576           3.162e+02     
  90.000          35.000            1.162e+00           1.162e+00             258.654           4.527e-12             148.112           3.162e+02     
  95.000          35.000            1.157e+00           1.157e+00             257.560           7.981e-09             244.618           3.162e+02     
 100.000          35.000            1.140e+00           1.140e+00             254.276           2.942e-08             242.964           3.162e+02     
 105.000          35.000            1.110e+00           1.110e+00             248.782           5.854e-08             239.416           3.162e+02     
 110.000          35.000            1.067e+00           1.067e+00             241.030           9.104e-08             234.319           3.162e+02     
 115.000          35.000            1.007e+00           1.007e+00             230.897           1.287e-07             227.648           3.162e+02     
 120.000          35.000            9.318e-01           9.318e-01             218.157           1.841e-07             217.653           3.162e+02     
 125.000          35.000            8.445e-01           8.445e-01             202.466           2.742e-07             206.121           3.162e+02     
 130.000          35.000            7.551e-01           7.551e-01             183.441           4.356e-07             192.921           3.162e+02     
 135.000          35.000            6.780e-01           6.780e-01             160.910           7.081e-07             178.106           3.162e+02     
 140.000          35.000            6.245e-01           6.245e-01             135.255           1.118e-06             162.253           3.162e+02     
 145.000          35.000            5.954e-01           5.954e-01             107.516           1.551e-06             144.075           3.162e+02     
 150.000          35.000            5.761e-01           5.761e-01              79.019           1.963e-06             124.525           3.162e+02     
 155.000          35.000            5.395e-01           5.395e-01              50.849           2.186e-06             102.047           3.162e+02     
 160.000          35.000            4.556e-01           4.556e-01              23.539           2.156e-06              73.512           3.162e+02     
 165.000          35.000            3.165e-01           3.165e-01             356.950           2.195e-06              40.263           3.162e+02     
 170.000          35.000            1.580e-01           1.580e-01             330.323           2.523e-06               5.054           3.162e+02     
 175.000          35.000            4.054e-02           4.053e-02             302.670           2.933e-06             332.245           2.382e+02     
 180.000          35.000            1.250e-05           9.552e-06             303.093           2.943e-06             299.768           4.061e+01     
   0.000          40.000            1.250e-05           8.583e-06             303.262           3.913e-06             120.223           4.065e+01     
   5.000          40.000            4.065e-02           4.065e-02             301.727           3.919e-06             151.336           2.062e+02     
  10.000          40.000            1.574e-01           1.574e-01             328.512           3.420e-06             182.525           3.162e+02     
  15.000          40.000            3.120e-01           3.120e-01             354.308           2.961e-06             215.821           3.162e+02     
  20.000          40.000            4.439e-01           4.439e-01              19.939           2.802e-06             247.571           3.162e+02     
  25.000          40.000            5.171e-01           5.171e-01              45.984           2.703e-06             275.497           3.162e+02     
  30.000          40.000            5.356e-01           5.356e-01              72.581           2.463e-06             299.645           3.162e+02     
  35.000          40.000            5.249e-01           5.249e-01              99.538           2.042e-06             320.751           3.162e+02     
  40.000          40.000            5.134e-01           5.134e-01             126.336           1.544e-06             340.180           3.162e+02     
  45.000          40.000            5.221e-01           5.221e-01             151.965           1.112e-06             358.606           3.162e+02     
  50.000          40.000            5.589e-01           5.589e-01             175.155           7.673e-07              15.242           3.162e+02     
  55.000          40.000            6.190e-01           6.190e-01             195.059           5.330e-07              30.907           3.162e+02     
  60.000          40.000            6.921e-01           6.921e-01             211.561           3.706e-07              44.102           3.162e+02     
  65.000          40.000            7.677e-01           7.677e-01             224.970           2.575e-07              55.623           3.162e+02     
  70.000          40.000            8.386e-01           8.386e-01             235.639           1.703e-07              64.457           3.162e+02     
  75.000          40.000            8.995e-01           8.995e-01             243.807           1.013e-07              71.239           3.162e+02     
  80.000          40.000            9.465e-01           9.465e-01             249.597           4.766e-08              75.924           3.162e+02     
  85.000          40.000            9.762e-01           9.762e-01             253.059           1.233e-08              78.292           3.162e+02     
  90.000          40.000            9.864e-01           9.864e-01             254.212           5.369e-12             143.404           3.162e+02     
  95.000          40.000            9.762e-01           9.762e-01             253.059           1.235e-08             258.307           3.162e+02     
 100.000          40.000            9.465e-01           9.465e-01             249.597           4.771e-08             255.931           3.162e+02     
 105.000          40.000            8.995e-01           8.995e-01             243.807           1.014e-07             251.242           3.162e+02     
 110.000          40.000            8.386e-01           8.386e-01             235.639           1.703e-07             244.458           3.162e+02     
 115.000          40.000            7.677e-01           7.677e-01             224.970           2.575e-07             235.622           3.162e+02     
 120.000          40.000            6.921e-01           6.921e-01             211.561           3.707e-07             224.101           3.162e+02     
 125.000          40.000            6.190e-01           6.190e-01             195.059           5.331e-07             210.905           3.162e+02     
 130.000          40.000            5.589e-01           5.589e-01             175.155           7.674e-07             195.239           3.162e+02     
 135.000          40.000            5.221e-01           5.221e-01             151.965           1.112e-06             178.603           3.162e+02     
 140.000          40.000            5.134e-01           5.134e-01             126.336           1.544e-06             160.177           3.162e+02     
 145.000          40.000            5.249e-01           5.249e-01              99.538           2.042e-06             140.748           3.162e+02     
 150.000          40.000            5.356e-01           5.356e-01              72.581           2.463e-06             119.643           3.162e+02     
 155.000          40.000            5.171e-01           5.171e-01              45.984           2.703e-06              95.494           3.162e+02     
 160.000          40.000            4.439e-01           4.439e-01              19.939           2.802e-06              67.568           3.162e+02     
 165.000          40.000            3.120e-01           3.120e-01             354.308           2.960e-06              35.819           3.162e+02     
 170.000          40.000            1.574e-01           1.574e-01             328.512           3.419e-06               2.522           3.162e+02     
 175.000          40.000            4.065e-02           4.065e-02             301.727           3.918e-06             331.333           2.062e+02     
 180.000          40.000            1.250e-05           8.583e-06             303.263           3.912e-06             300.221           4.061e+01     
   0.000          45.000            1.250e-05           7.543e-06             303.453           4.954e-06             120.572           4.065e+01     
   5.000          45.000            4.073e-02           4.073e-02             300.555           4.989e-06             150.167           1.829e+02     
  10.000          45.000            1.565e-01           1.565e-01             326.241           4.418e-06             179.626           3.162e+02     
  15.000          45.000            3.058e-01           3.058e-01             350.995           3.881e-06             211.042           3.162e+02     
  20.000          45.000            4.275e-01           4.275e-01              15.552           3.518e-06             240.973           3.162e+02     
  25.000          45.000            4.872e-01           4.872e-01              40.399           3.280e-06             268.398           3.162e+02     
  30.000          45.000            4.900e-01           4.900e-01              65.682           3.011e-06             293.242           3.162e+02     
  35.000          45.000            4.618e-01           4.618e-01              91.371           2.513e-06             315.070           3.162e+02     
  40.000          45.000            4.319e-01           4.319e-01             117.231           2.004e-06             335.656           3.162e+02     
  45.000          45.000            4.227e-01           4.227e-01             142.457           1.545e-06             354.824           3.162e+02     
  50.000          45.000            4.443e-01           4.443e-01             165.671           1.180e-06              12.800           3.162e+02     
  55.000          45.000            4.942e-01           4.942e-01             185.744           8.681e-07              28.452           3.162e+02     
  60.000          45.000            5.636e-01           5.636e-01             202.401           6.236e-07              42.350           3.162e+02     
  65.000          45.000            6.423e-01           6.423e-01             215.934           4.321e-07              54.361           3.162e+02     
  70.000          45.000            7.219e-01           7.219e-01             226.720           2.813e-07              64.335           3.162e+02     
  75.000          45.000            7.947e-01           7.947e-01             235.002           1.629e-07              72.114           3.162e+02     
  80.000          45.000            8.535e-01           8.535e-01             240.893           7.562e-08              78.700           3.162e+02     
  85.000          45.000            8.919e-01           8.919e-01             244.423           1.922e-08              81.495           3.162e+02     
  90.000          45.000            9.053e-01           9.053e-01             245.600           6.593e-12             139.007           3.162e+02     
  95.000          45.000            8.919e-01           8.919e-01             244.423           1.924e-08             261.503           3.162e+02     
 100.000          45.000            8.535e-01           8.535e-01             240.893           7.566e-08             258.703           3.162e+02     
 105.000          45.000            7.947e-01           7.947e-01             235.002           1.630e-07             252.116           3.162e+02     
 110.000          45.000            7.219e-01           7.219e-01             226.720           2.814e-07             244.335           3.162e+02     
 115.000          45.000            6.423e-01           6.423e-01             215.934           4.322e-07             234.360           3.162e+02     
 120.000          45.000            5.636e-01           5.636e-01             202.401           6.236e-07             222.348           3.162e+02     
 125.000          45.000            4.942e-01           4.942e-01             185.744           8.681e-07             208.450           3.162e+02     
 130.000          45.000            4.443e-01           4.443e-01             165.671           1.180e-06             192.797           3.162e+02     
 135.000          45.000            4.227e-01           4.227e-01             142.457           1.545e-06             174.821           3.162e+02     
 140.000          45.000            4.319e-01           4.319e-01             117.231           2.004e-06             155.654           3.162e+02     
 145.000          45.000            4.618e-01           4.618e-01              91.371           2.512e-06             135.067           3.162e+02     
 150.000          45.000            4.900e-01           4.900e-01              65.682           3.010e-06             113.240           3.162e+02     
 155.000          45.000            4.872e-01           4.872e-01              40.399           3.279e-06              88.396           3.162e+02     
 160.000          45.000            4.275e-01           4.275e-01              15.552           3.518e-06              60.970           3.162e+02     
 165.000          45.000            3.058e-01           3.058e-01             350.995           3.880e-06              31.039           3.162e+02     
 170.000          45.000            1.565e-01           1.565e-01             326.241           4.417e-06             359.624           3.162e+02     
 175.000          45.000            4.073e-02           4.073e-02             300.555           4.988e-06             330.165           1.829e+02     
 180.000          45.000            1.250e-05           7.542e-06             303.454           4.953e-06             300.570           4.061e+01     
   0.000          50.000            1.250e-05           6.463e-06             303.673           6.034e-06             120.852           4.065e+01     
   5.000          50.000            4.078e-02           4.078e-02             299.164           6.113e-06             148.763           1.654e+02     
  10.000          50.000            1.554e-01           1.554e-01             323.527           5.492e-06             176.367           3.102e+02     
  15.000          50.000            2.983e-01           2.983e-01             347.024           4.809e-06             205.158           3.162e+02     
  20.000          50.000            4.073e-01           4.073e-01              10.376           4.296e-06             233.754           3.162e+02     
  25.000          50.000            4.510e-01           4.510e-01              34.080           3.876e-06             260.177           3.162e+02     
  30.000          50.000            4.393e-01           4.393e-01              58.351           3.451e-06             284.492           3.162e+02     
  35.000          50.000            4.020e-01           4.020e-01              83.246           2.947e-06             307.337           3.162e+02     
  40.000          50.000            3.693e-01           3.693e-01             108.557           2.414e-06             328.568           3.162e+02     
  45.000          50.000            3.627e-01           3.627e-01             133.335           1.972e-06             348.598           3.162e+02     
  50.000          50.000            3.905e-01           3.905e-01             155.944           1.571e-06               6.618           3.162e+02     
  55.000          50.000            4.499e-01           4.499e-01             175.169           1.216e-06              22.874           3.162e+02     
  60.000          50.000            5.316e-01           5.316e-01             190.873           8.998e-07              36.966           3.162e+02     
  65.000          50.000            6.248e-01           6.248e-01             203.531           6.372e-07              49.752           3.162e+02     
  70.000          50.000            7.196e-01           7.196e-01             213.620           4.160e-07              59.940           3.162e+02     
  75.000          50.000            8.065e-01           8.065e-01             221.409           2.399e-07              68.041           3.162e+02     
  80.000          50.000            8.770e-01           8.770e-01             226.987           1.092e-07              73.824           3.162e+02     
  85.000          50.000            9.231e-01           9.231e-01             230.350           2.756e-08              77.001           3.162e+02     
  90.000          50.000            9.391e-01           9.391e-01             231.474           7.989e-12             131.462           3.162e+02     
  95.000          50.000            9.231e-01           9.231e-01             230.350           2.758e-08             257.008           3.162e+02     
 100.000          50.000            8.770e-01           8.770e-01             226.987           1.092e-07             253.826           3.162e+02     
 105.000          50.000            8.065e-01           8.065e-01             221.409           2.400e-07             248.042           3.162e+02     
 110.000          50.000            7.196e-01           7.196e-01             213.620           4.160e-07             239.939           3.162e+02     
 115.000          50.000            6.248e-01           6.248e-01             203.531           6.373e-07             229.751           3.162e+02     
 120.000          50.000            5.316e-01           5.316e-01             190.873           8.998e-07             216.964           3.162e+02     
 125.000          50.000            4.499e-01           4.499e-01             175.169           1.216e-06             202.872           3.162e+02     
 130.000          50.000            3.905e-01           3.905e-01             155.944           1.571e-06             186.615           3.162e+02     
 135.000          50.000            3.627e-01           3.627e-01             133.335           1.972e-06             168.595           3.162e+02     
 140.000          50.000            3.693e-01           3.693e-01             108.557           2.413e-06             148.565           3.162e+02     
 145.000          50.000            4.020e-01           4.020e-01              83.246           2.947e-06             127.334           3.162e+02     
 150.000          50.000            4.393e-01           4.393e-01              58.351           3.450e-06             104.489           3.162e+02     
 155.000          50.000            4.510e-01           4.510e-01              34.080           3.875e-06              80.175           3.162e+02     
 160.000          50.000            4.073e-01           4.073e-01              10.376           4.295e-06              53.752           3.162e+02     
 165.000          50.000            2.983e-01           2.983e-01             347.024           4.808e-06              25.156           3.162e+02     
 170.000          50.000            1.554e-01           1.554e-01             323.527           5.491e-06             356.364           3.102e+02     
 175.000          50.000            4.078e-02           4.078e-02             299.164           6.112e-06             328.761           1.654e+02     
 180.000          50.000            1.250e-05           6.463e-06             303.674           6.032e-06             300.850           4.061e+01     
   0.000          55.000            1.250e-05           5.377e-06             303.933           7.120e-06             121.086           4.065e+01     
   5.000          55.000            4.081e-02           4.080e-02             297.564           7.257e-06             147.143           1.519e+02     
  10.000          55.000            1.541e-01           1.541e-01             320.389           6.611e-06             172.759           2.852e+02     
  15.000          55.000            2.901e-01           2.901e-01             342.410           5.805e-06             199.272           3.162e+02     
  20.000          55.000            3.848e-01           3.848e-01               4.395           5.118e-06             225.997           3.162e+02     
  25.000          55.000            4.107e-01           4.107e-01              26.954           4.481e-06             250.973           3.162e+02     
  30.000          55.000            3.851e-01           3.851e-01              50.465           3.896e-06             274.667           3.162e+02     
  35.000          55.000            3.434e-01           3.434e-01              75.067           3.273e-06             297.330           3.162e+02     
  40.000          55.000            3.170e-01           3.170e-01             100.326           2.759e-06             319.426           3.162e+02     
  45.000          55.000            3.244e-01           3.244e-01             124.711           2.288e-06             339.785           3.162e+02     
  50.000          55.000            3.713e-01           3.713e-01             146.168           1.891e-06             358.323           3.162e+02     
  55.000          55.000            4.539e-01           4.539e-01             163.676           1.517e-06              14.721           3.162e+02     
  60.000          55.000            5.618e-01           5.618e-01             177.553           1.169e-06              29.324           3.162e+02     
  65.000          55.000            6.826e-01           6.826e-01             188.572           8.366e-07              41.863           3.162e+02     
  70.000          55.000            8.031e-01           8.031e-01             197.339           5.528e-07              52.234           3.162e+02     
  75.000          55.000            9.115e-01           9.115e-01             204.148           3.203e-07              60.486           3.162e+02     
  80.000          55.000            9.976e-01           9.976e-01             209.066           1.458e-07              66.405           3.162e+02     
  85.000          55.000            1.053e+00           1.053e+00             212.054           3.674e-08              69.717           3.162e+02     
  90.000          55.000            1.072e+00           1.072e+00             213.057           9.247e-12             118.619           3.162e+02     
  95.000          55.000            1.053e+00           1.053e+00             212.054           3.674e-08             249.724           3.162e+02     
 100.000          55.000            9.976e-01           9.976e-01             209.066           1.458e-07             246.407           3.162e+02     
 105.000          55.000            9.115e-01           9.115e-01             204.148           3.203e-07             240.487           3.162e+02     
 110.000          55.000            8.031e-01           8.031e-01             197.339           5.528e-07             232.233           3.162e+02     
 115.000          55.000            6.826e-01           6.826e-01             188.572           8.366e-07             221.861           3.162e+02     
 120.000          55.000            5.618e-01           5.618e-01             177.553           1.169e-06             209.322           3.162e+02     
 125.000          55.000            4.539e-01           4.539e-01             163.676           1.516e-06             194.719           3.162e+02     
 130.000          55.000            3.713e-01           3.713e-01             146.168           1.891e-06             178.321           3.162e+02     
 135.000          55.000            3.244e-01           3.244e-01             124.711           2.288e-06             159.783           3.162e+02     
 140.000          55.000            3.170e-01           3.170e-01             100.326           2.759e-06             139.423           3.162e+02     
 145.000          55.000            3.434e-01           3.434e-01              75.067           3.273e-06             117.327           3.162e+02     
 150.000          55.000            3.851e-01           3.851e-01              50.465           3.896e-06              94.665           3.162e+02     
 155.000          55.000            4.107e-01           4.107e-01              26.954           4.480e-06              70.971           3.162e+02     
 160.000          55.000            3.848e-01           3.848e-01               4.395           5.117e-06              45.994           3.162e+02     
 165.000          55.000            2.901e-01           2.901e-01             342.410           5.804e-06              19.270           3.162e+02     
 170.000          55.000            1.541e-01           1.541e-01             320.389           6.610e-06             352.757           2.852e+02     
 175.000          55.000            4.081e-02           4.080e-02             297.564           7.255e-06             327.141           1.519e+02     
 180.000          55.000            1.250e-05           5.376e-06             303.934           7.119e-06             301.085           4.061e+01     
   0.000          60.000            1.250e-05           4.317e-06             304.251           8.180e-06             121.288           4.065e+01     
   5.000          60.000            4.082e-02           4.081e-02             295.769           8.384e-06             145.323           1.415e+02     
  10.000          60.000            1.528e-01           1.528e-01             316.851           7.738e-06             168.818           2.654e+02     
  15.000          60.000            2.818e-01           2.818e-01             337.174           6.824e-06             192.978           3.162e+02     
  20.000          60.000            3.617e-01           3.617e-01             357.593           5.917e-06             217.245           3.162e+02     
  25.000          60.000            3.694e-01           3.694e-01              18.907           5.131e-06             241.023           3.162e+02     
  30.000          60.000            3.306e-01           3.306e-01              41.779           4.305e-06             263.557           3.162e+02     
  35.000          60.000            2.871e-01           2.871e-01              66.452           3.538e-06             285.762           3.162e+02     
  40.000          60.000            2.702e-01           2.702e-01              91.963           2.939e-06             307.825           3.162e+02     
  45.000          60.000            2.947e-01           2.947e-01             115.763           2.482e-06             328.849           3.162e+02     
  50.000          60.000            3.636e-01           3.636e-01             135.487           2.097e-06             347.845           3.162e+02     
  55.000          60.000            4.722e-01           4.722e-01             150.726           1.752e-06               4.718           3.162e+02     
  60.000          60.000            6.109e-01           6.109e-01             162.394           1.380e-06              19.116           3.162e+02     
  65.000          60.000            7.652e-01           7.651e-01             171.519           1.013e-06              31.500           3.162e+02     
  70.000          60.000            9.184e-01           9.184e-01             178.761           6.770e-07              41.885           3.162e+02     
  75.000          60.000            1.055e+00           1.055e+00             184.407           3.938e-07              50.154           3.162e+02     
  80.000          60.000            1.161e+00           1.161e+00             188.512           1.791e-07              56.126           3.162e+02     
  85.000          60.000            1.229e+00           1.229e+00             191.021           4.504e-08              59.541           3.162e+02     
  90.000          60.000            1.252e+00           1.252e+00             191.867           1.033e-11              99.983           3.162e+02     
  95.000          60.000            1.229e+00           1.229e+00             191.021           4.504e-08             239.546           3.162e+02     
 100.000          60.000            1.161e+00           1.161e+00             188.512           1.791e-07             236.128           3.162e+02     
 105.000          60.000            1.055e+00           1.055e+00             184.407           3.938e-07             230.154           3.162e+02     
 110.000          60.000            9.184e-01           9.184e-01             178.761           6.770e-07             221.884           3.162e+02     
 115.000          60.000            7.652e-01           7.651e-01             171.519           1.013e-06             211.498           3.162e+02     
 120.000          60.000            6.109e-01           6.109e-01             162.394           1.379e-06             199.113           3.162e+02     
 125.000          60.000            4.722e-01           4.722e-01             150.726           1.752e-06             184.715           3.162e+02     
 130.000          60.000            3.636e-01           3.636e-01             135.487           2.096e-06             167.842           3.162e+02     
 135.000          60.000            2.947e-01           2.947e-01             115.763           2.482e-06             148.846           3.162e+02     
 140.000          60.000            2.702e-01           2.702e-01              91.963           2.938e-06             127.822           3.162e+02     
 145.000          60.000            2.871e-01           2.871e-01              66.452           3.537e-06             105.760           3.162e+02     
 150.000          60.000            3.306e-01           3.306e-01              41.779           4.305e-06              83.555           3.162e+02     
 155.000          60.000            3.694e-01           3.694e-01              18.907           5.131e-06              61.021           3.162e+02     
 160.000          60.000            3.617e-01           3.617e-01             357.593           5.916e-06              37.243           3.162e+02     
 165.000          60.000            2.818e-01           2.818e-01             337.174           6.823e-06              12.976           3.162e+02     
 170.000          60.000            1.528e-01           1.528e-01             316.851           7.736e-06             348.816           2.655e+02     
 175.000          60.000            4.082e-02           4.081e-02             295.769           8.383e-06             325.321           1.415e+02     
 180.000          60.000            1.250e-05           4.317e-06             304.253           8.178e-06             301.286           4.061e+01     
   0.000          65.000            1.250e-05           3.316e-06             304.657           9.181e-06             121.465           4.065e+01     
   5.000          65.000            4.082e-02           4.081e-02             293.794           9.459e-06             143.319           1.333e+02     
  10.000          65.000            1.516e-01           1.516e-01             312.944           8.833e-06             164.562           2.499e+02     
  15.000          65.000            2.742e-01           2.741e-01             331.351           7.827e-06             186.286           3.162e+02     
  20.000          65.000            3.400e-01           3.400e-01             349.962           6.711e-06             208.226           3.162e+02     
  25.000          65.000            3.304e-01           3.304e-01               9.818           5.708e-06             230.382           3.162e+02     
  30.000          65.000            2.797e-01           2.797e-01              31.976           4.665e-06             251.413           3.162e+02     
  35.000          65.000            2.354e-01           2.354e-01              56.839           3.761e-06             272.878           3.162e+02     
  40.000          65.000            2.275e-01           2.275e-01              82.563           3.037e-06             294.445           3.162e+02     
  45.000          65.000            2.661e-01           2.661e-01             105.253           2.542e-06             315.600           3.162e+02     
  50.000          65.000            3.510e-01           3.510e-01             122.639           2.208e-06             335.198           3.162e+02     
  55.000          65.000            4.786e-01           4.786e-01             135.278           1.870e-06             351.962           3.162e+02     
  60.000          65.000            6.413e-01           6.413e-01             144.654           1.512e-06               6.287           3.162e+02     
  65.000          65.000            8.253e-01           8.253e-01             151.919           1.132e-06              18.400           3.162e+02     
  70.000          65.000            1.011e+00           1.011e+00             157.696           7.644e-07              28.475           3.162e+02     
  75.000          65.000            1.179e+00           1.179e+00             162.228           4.494e-07              36.634           3.162e+02     
  80.000          65.000            1.311e+00           1.311e+00             165.539           2.037e-07              42.419           3.162e+02     
  85.000          65.000            1.395e+00           1.395e+00             167.570           5.102e-08              45.803           3.162e+02     
  90.000          65.000            1.423e+00           1.423e+00             168.256           1.159e-11              76.535           3.162e+02     
  95.000          65.000            1.395e+00           1.395e+00             167.570           5.102e-08             225.804           3.162e+02     
 100.000          65.000            1.311e+00           1.311e+00             165.539           2.037e-07             222.419           3.162e+02     
 105.000          65.000            1.179e+00           1.179e+00             162.228           4.494e-07             216.633           3.162e+02     
 110.000          65.000            1.011e+00           1.011e+00             157.696           7.644e-07             208.474           3.162e+02     
 115.000          65.000            8.253e-01           8.253e-01             151.919           1.132e-06             198.399           3.162e+02     
 120.000          65.000            6.413e-01           6.413e-01             144.654           1.512e-06             186.285           3.162e+02     
 125.000          65.000            4.786e-01           4.786e-01             135.278           1.870e-06             171.960           3.162e+02     
 130.000          65.000            3.510e-01           3.510e-01             122.639           2.207e-06             155.196           3.162e+02     
 135.000          65.000            2.661e-01           2.661e-01             105.253           2.542e-06             135.597           3.162e+02     
 140.000          65.000            2.275e-01           2.275e-01              82.563           3.037e-06             114.442           3.162e+02     
 145.000          65.000            2.354e-01           2.354e-01              56.839           3.761e-06              92.876           3.162e+02     
 150.000          65.000            2.797e-01           2.797e-01              31.976           4.665e-06              71.410           3.162e+02     
 155.000          65.000            3.304e-01           3.304e-01               9.818           5.707e-06              50.380           3.162e+02     
 160.000          65.000            3.400e-01           3.400e-01             349.962           6.710e-06              28.224           3.162e+02     
 165.000          65.000            2.742e-01           2.741e-01             331.351           7.825e-06               6.284           3.162e+02     
 170.000          65.000            1.516e-01           1.516e-01             312.944           8.831e-06             344.560           2.500e+02     
 175.000          65.000            4.082e-02           4.081e-02             293.794           9.458e-06             323.317           1.333e+02     
 180.000          65.000            1.250e-05           3.316e-06             304.659           9.179e-06             301.463           4.061e+01     
   0.000          70.000            1.250e-05           2.404e-06             305.200           1.009e-05             121.624           4.065e+01     
   5.000          70.000            4.082e-02           4.081e-02             291.656           1.045e-05             141.147           1.270e+02     
  10.000          70.000            1.507e-01           1.507e-01             308.703           9.855e-06             160.009           2.380e+02     
  15.000          70.000            2.678e-01           2.678e-01             324.987           8.768e-06             179.205           3.108e+02     
  20.000          70.000            3.214e-01           3.214e-01             341.530           7.446e-06             198.691           3.162e+02     
  25.000          70.000            2.968e-01           2.968e-01             359.605           6.151e-06             218.317           3.162e+02     
  30.000          70.000            2.360e-01           2.360e-01              20.744           4.906e-06             238.042           3.162e+02     
  35.000          70.000            1.911e-01           1.911e-01              45.621           3.882e-06             258.562           3.162e+02     
  40.000          70.000            1.898e-01           1.897e-01              71.223           3.064e-06             279.380           3.162e+02     
  45.000          70.000            2.367e-01           2.367e-01              92.125           2.531e-06             300.271           3.162e+02     
  50.000          70.000            3.293e-01           3.293e-01             106.636           2.207e-06             319.735           3.162e+02     
  55.000          70.000            4.660e-01           4.660e-01             116.465           1.911e-06             336.373           3.162e+02     
  60.000          70.000            6.431e-01           6.431e-01             123.575           1.582e-06             350.284           3.162e+02     
  65.000          70.000            8.495e-01           8.495e-01             129.145           1.204e-06               1.789           3.162e+02     
  70.000          70.000            1.065e+00           1.065e+00             133.688           8.265e-07              11.274           3.162e+02     
  75.000          70.000            1.265e+00           1.265e+00             137.328           4.816e-07              18.677           3.162e+02     
  80.000          70.000            1.427e+00           1.427e+00             140.028           2.178e-07              24.091           3.162e+02     
  85.000          70.000            1.531e+00           1.531e+00             141.698           5.428e-08              27.293           3.162e+02     
  90.000          70.000            1.567e+00           1.567e+00             142.263           1.339e-11              50.297           3.162e+02     
  95.000          70.000            1.531e+00           1.531e+00             141.698           5.428e-08             207.292           3.162e+02     
 100.000          70.000            1.427e+00           1.427e+00             140.028           2.178e-07             204.090           3.162e+02     
 105.000          70.000            1.265e+00           1.265e+00             137.328           4.816e-07             198.676           3.162e+02     
 110.000          70.000            1.065e+00           1.065e+00             133.688           8.265e-07             191.273           3.162e+02     
 115.000          70.000            8.495e-01           8.495e-01             129.145           1.204e-06             181.787           3.162e+02     
 120.000          70.000            6.431e-01           6.431e-01             123.575           1.581e-06             170.282           3.162e+02     
 125.000          70.000            4.660e-01           4.660e-01             116.465           1.911e-06             156.371           3.162e+02     
 130.000          70.000            3.293e-01           3.293e-01             106.636           2.207e-06             139.733           3.162e+02     
 135.000          70.000            2.367e-01           2.367e-01              92.125           2.531e-06             120.269           3.162e+02     
 140.000          70.000            1.898e-01           1.897e-01              71.223           3.063e-06              99.378           3.162e+02     
 145.000          70.000            1.911e-01           1.911e-01              45.621           3.882e-06              78.560           3.162e+02     
 150.000          70.000            2.360e-01           2.360e-01              20.744           4.906e-06              58.040           3.162e+02     
 155.000          70.000            2.968e-01           2.968e-01             359.605           6.150e-06              38.315           3.162e+02     
 160.000          70.000            3.214e-01           3.214e-01             341.530           7.445e-06              18.689           3.162e+02     
 165.000          70.000            2.678e-01           2.678e-01             324.987           8.767e-06             359.204           3.108e+02     
 170.000          70.000            1.507e-01           1.507e-01             308.703           9.854e-06             340.008           2.381e+02     
 175.000          70.000            4.082e-02           4.081e-02             291.656           1.044e-05             321.146           1.270e+02     
 180.000          70.000            1.250e-05           2.404e-06             305.203           1.009e-05             301.623           4.061e+01     
   0.000          75.000            1.250e-05           1.609e-06             305.981           1.089e-05             121.770           4.065e+01     
   5.000          75.000            4.082e-02           4.081e-02             289.373           1.131e-05             138.827           1.222e+02     
  10.000          75.000            1.502e-01           1.502e-01             304.171           1.077e-05             155.182           2.293e+02     
  15.000          75.000            2.632e-01           2.632e-01             318.151           9.607e-06             171.745           2.992e+02     
  20.000          75.000            3.074e-01           3.074e-01             332.369           8.085e-06             188.635           3.162e+02     
  25.000          75.000            2.707e-01           2.707e-01             348.273           6.536e-06             205.938           3.162e+02     
  30.000          75.000            2.018e-01           2.017e-01               7.878           5.073e-06             223.759           3.162e+02     
  35.000          75.000            1.558e-01           1.558e-01              32.322           3.875e-06             242.667           3.162e+02     
  40.000          75.000            1.581e-01           1.581e-01              57.362           2.995e-06             262.627           3.162e+02     
  45.000          75.000            2.090e-01           2.090e-01              75.952           2.467e-06             282.947           3.162e+02     
  50.000          75.000            3.049e-01           3.049e-01              87.262           2.152e-06             301.833           3.162e+02     
  55.000          75.000            4.470e-01           4.470e-01              94.196           1.894e-06             317.955           3.162e+02     
  60.000          75.000            6.352e-01           6.352e-01              99.144           1.604e-06             331.182           3.162e+02     
  65.000          75.000            8.603e-01           8.603e-01             103.256           1.261e-06             341.943           3.162e+02     
  70.000          75.000            1.102e+00           1.102e+00             106.863           8.725e-07             350.390           3.162e+02     
  75.000          75.000            1.332e+00           1.332e+00             109.922           5.157e-07             356.986           3.162e+02     
  80.000          75.000            1.521e+00           1.521e+00             112.271           2.351e-07               1.748           3.162e+02     
  85.000          75.000            1.646e+00           1.646e+00             113.752           5.879e-08               4.549           3.162e+02     
  90.000          75.000            1.689e+00           1.689e+00             114.258           1.558e-11              23.263           3.162e+02     
  95.000          75.000            1.646e+00           1.646e+00             113.752           5.879e-08             184.548           3.162e+02     
 100.000          75.000            1.521e+00           1.521e+00             112.271           2.351e-07             181.747           3.162e+02     
 105.000          75.000            1.332e+00           1.332e+00             109.922           5.157e-07             176.985           3.162e+02     
 110.000          75.000            1.102e+00           1.102e+00             106.863           8.725e-07             170.389           3.162e+02     
 115.000          75.000            8.603e-01           8.603e-01             103.256           1.261e-06             161.942           3.162e+02     
 120.000          75.000            6.352e-01           6.352e-01              99.144           1.604e-06             151.181           3.162e+02     
 125.000          75.000            4.470e-01           4.470e-01              94.196           1.894e-06             137.954           3.162e+02     
 130.000          75.000            3.049e-01           3.049e-01              87.262           2.152e-06             121.832           3.162e+02     
 135.000          75.000            2.090e-01           2.090e-01              75.952           2.467e-06             102.945           3.162e+02     
 140.000          75.000            1.581e-01           1.581e-01              57.362           2.995e-06              82.625           3.162e+02     
 145.000          75.000            1.558e-01           1.558e-01              32.322           3.874e-06              62.664           3.162e+02     
 150.000          75.000            2.018e-01           2.017e-01               7.878           5.073e-06              43.757           3.162e+02     
 155.000          75.000            2.707e-01           2.707e-01             348.273           6.535e-06              25.935           3.162e+02     
 160.000          75.000            3.074e-01           3.074e-01             332.369           8.084e-06               8.634           3.162e+02     
 165.000          75.000            2.632e-01           2.632e-01             318.151           9.605e-06             351.743           2.992e+02     
 170.000          75.000            1.502e-01           1.502e-01             304.171           1.076e-05             335.181           2.293e+02     
 175.000          75.000            4.082e-02           4.081e-02             289.374           1.131e-05             318.826           1.222e+02     
 180.000          75.000            1.250e-05           1.609e-06             305.984           1.089e-05             301.769           4.061e+01     
   0.000          80.000            1.250e-05           9.543e-07             307.219           1.154e-05             121.907           4.065e+01     
   5.000          80.000            4.083e-02           4.082e-02             286.965           1.203e-05             136.375           1.187e+02     
  10.000          80.000            1.501e-01           1.501e-01             299.392           1.153e-05             150.105           2.235e+02     
  15.000          80.000            2.610e-01           2.610e-01             310.925           1.031e-05             163.919           2.922e+02     
  20.000          80.000            2.990e-01           2.990e-01             322.608           8.601e-06             178.052           3.162e+02     
  25.000          80.000            2.537e-01           2.537e-01             335.963           6.806e-06             192.780           3.162e+02     
  30.000          80.000            1.781e-01           1.781e-01             353.398           5.135e-06             208.406           3.162e+02     
  35.000          80.000            1.300e-01           1.300e-01              16.758           3.812e-06             225.526           3.162e+02     
  40.000          80.000            1.331e-01           1.331e-01              40.951           2.886e-06             244.099           3.162e+02     
  45.000          80.000            1.857e-01           1.857e-01              57.180           2.351e-06             263.542           3.162e+02     
  50.000          80.000            2.852e-01           2.852e-01              65.380           2.042e-06             281.481           3.162e+02     
  55.000          80.000            4.358e-01           4.358e-01              69.583           1.826e-06             296.937           3.162e+02     
  60.000          80.000            6.390e-01           6.390e-01              72.540           1.583e-06             309.513           3.162e+02     
  65.000          80.000            8.840e-01           8.840e-01              75.339           1.277e-06             319.580           3.162e+02     
  70.000          80.000            1.148e+00           1.148e+00              78.133           9.108e-07             327.410           3.162e+02     
  75.000          80.000            1.399e+00           1.399e+00              80.713           5.530e-07             333.431           3.162e+02     
  80.000          80.000            1.607e+00           1.607e+00              82.798           2.575e-07             337.723           3.162e+02     
  85.000          80.000            1.743e+00           1.743e+00              84.148           6.531e-08             340.154           3.162e+02     
  90.000          80.000            1.791e+00           1.791e+00              84.615           1.726e-11             356.235           3.162e+02     
  95.000          80.000            1.743e+00           1.743e+00              84.148           6.532e-08             160.155           3.162e+02     
 100.000          80.000            1.607e+00           1.607e+00              82.798           2.575e-07             157.723           3.162e+02     
 105.000          80.000            1.399e+00           1.399e+00              80.713           5.530e-07             153.431           3.162e+02     
 110.000          80.000            1.148e+00           1.148e+00              78.133           9.107e-07             147.410           3.162e+02     
 115.000          80.000            8.840e-01           8.840e-01              75.339           1.277e-06             139.579           3.162e+02     
 120.000          80.000            6.390e-01           6.390e-01              72.540           1.583e-06             129.513           3.162e+02     
 125.000          80.000            4.358e-01           4.358e-01              69.583           1.826e-06             116.937           3.162e+02     
 130.000          80.000            2.852e-01           2.852e-01              65.380           2.042e-06             101.480           3.162e+02     
 135.000          80.000            1.857e-01           1.857e-01              57.180           2.351e-06              83.540           3.162e+02     
 140.000          80.000            1.331e-01           1.331e-01              40.951           2.885e-06              64.097           3.162e+02     
 145.000          80.000            1.300e-01           1.300e-01              16.758           3.811e-06              45.523           3.162e+02     
 150.000          80.000            1.781e-01           1.781e-01             353.398           5.134e-06              28.403           3.162e+02     
 155.000          80.000            2.537e-01           2.537e-01             335.963           6.806e-06              12.778           3.162e+02     
 160.000          80.000            2.990e-01           2.990e-01             322.608           8.600e-06             358.050           3.162e+02     
 165.000          80.000            2.610e-01           2.610e-01             310.925           1.030e-05             343.918           2.923e+02     
 170.000          80.000            1.501e-01           1.501e-01             299.392           1.153e-05             330.104           2.235e+02     
 175.000          80.000            4.083e-02           4.082e-02             286.965           1.202e-05             316.375           1.187e+02     
 180.000          80.000            1.250e-05           9.543e-07             307.223           1.154e-05             301.906           4.061e+01     
   0.000          85.000            1.250e-05           4.609e-07             309.534           1.204e-05             122.037           4.065e+01     
   5.000          85.000            4.084e-02           4.083e-02             284.450           1.257e-05             133.813           1.163e+02     
  10.000          85.000            1.506e-01           1.506e-01             294.418           1.211e-05             144.808           2.204e+02     
  15.000          85.000            2.614e-01           2.614e-01             303.409           1.084e-05             155.754           2.903e+02     
  20.000          85.000            2.969e-01           2.969e-01             312.418           8.982e-06             166.951           3.162e+02     
  25.000          85.000            2.464e-01           2.464e-01             322.940           6.971e-06             178.808           3.162e+02     
  30.000          85.000            1.650e-01           1.650e-01             337.597           5.113e-06             191.844           3.162e+02     
  35.000          85.000            1.129e-01           1.129e-01             359.108           3.682e-06             206.788           3.162e+02     
  40.000          85.000            1.137e-01           1.137e-01              22.445           2.723e-06             223.662           3.162e+02     
  45.000          85.000            1.657e-01           1.657e-01              36.877           2.190e-06             241.733           3.162e+02     
  50.000          85.000            2.686e-01           2.686e-01              42.539           1.904e-06             258.626           3.162e+02     
  55.000          85.000            4.296e-01           4.296e-01              44.396           1.718e-06             273.272           3.162e+02     
  60.000          85.000            6.506e-01           6.506e-01              45.510           1.511e-06             285.309           3.162e+02     
  65.000          85.000            9.180e-01           9.180e-01              46.937           1.243e-06             295.054           3.162e+02     
  70.000          85.000            1.203e+00           1.203e+00              48.734           9.095e-07             302.739           3.162e+02     
  75.000          85.000            1.472e+00           1.472e+00              50.615           5.665e-07             308.696           3.162e+02     
  80.000          85.000            1.692e+00           1.692e+00              52.242           2.697e-07             312.960           3.162e+02     
  85.000          85.000            1.835e+00           1.835e+00              53.336           6.938e-08             315.469           3.162e+02     
  90.000          85.000            1.885e+00           1.885e+00              53.720           1.727e-11             328.421           3.162e+02     
  95.000          85.000            1.835e+00           1.835e+00              53.336           6.939e-08             135.472           3.162e+02     
 100.000          85.000            1.692e+00           1.692e+00              52.242           2.697e-07             132.962           3.162e+02     
 105.000          85.000            1.472e+00           1.472e+00              50.615           5.665e-07             128.697           3.162e+02     
 110.000          85.000            1.203e+00           1.203e+00              48.734           9.095e-07             122.740           3.162e+02     
 115.000          85.000            9.180e-01           9.180e-01              46.937           1.243e-06             115.054           3.162e+02     
 120.000          85.000            6.506e-01           6.506e-01              45.510           1.511e-06             105.309           3.162e+02     
 125.000          85.000            4.296e-01           4.296e-01              44.396           1.718e-06              93.272           3.162e+02     
 130.000          85.000            2.686e-01           2.686e-01              42.539           1.904e-06              78.625           3.162e+02     
 135.000          85.000            1.657e-01           1.657e-01              36.877           2.190e-06              61.732           3.162e+02     
 140.000          85.000            1.137e-01           1.137e-01              22.445           2.723e-06              43.660           3.162e+02     
 145.000          85.000            1.129e-01           1.129e-01             359.108           3.682e-06              26.786           3.162e+02     
 150.000          85.000            1.650e-01           1.650e-01             337.597           5.112e-06              11.842           3.162e+02     
 155.000          85.000            2.464e-01           2.464e-01             322.940           6.970e-06             358.806           3.162e+02     
 160.000          85.000            2.969e-01           2.969e-01             312.418           8.980e-06             346.949           3.162e+02     
 165.000          85.000            2.614e-01           2.614e-01             303.409           1.084e-05             335.753           2.903e+02     
 170.000          85.000            1.506e-01           1.506e-01             294.418           1.211e-05             324.807           2.205e+02     
 175.000          85.000            4.084e-02           4.083e-02             284.450           1.256e-05             313.812           1.163e+02     
 180.000          85.000            1.250e-05           4.609e-07             309.539           1.203e-05             302.037           4.061e+01     
   0.000          90.000            1.250e-05           1.433e-07             315.515           1.235e-05             122.163           4.065e+01     
   5.000          90.000            4.087e-02           4.085e-02             281.853           1.289e-05             130.756           1.165e+02     
  10.000          90.000            1.516e-01           1.516e-01             289.299           1.249e-05             138.907           2.230e+02     
  15.000          90.000            2.646e-01           2.646e-01             295.708           1.119e-05             146.872           2.972e+02     
  20.000          90.000            3.014e-01           3.014e-01             301.995           9.228e-06             154.950           3.162e+02     
  25.000          90.000            2.487e-01           2.487e-01             309.548           7.057e-06             163.628           3.162e+02     
  30.000          90.000            1.616e-01           1.616e-01             320.965           5.053e-06             173.625           3.162e+02     
  35.000          90.000            1.028e-01           1.028e-01             339.774           3.527e-06             185.892           3.162e+02     
  40.000          90.000            9.747e-02           9.747e-02               2.309           2.534e-06             200.691           3.162e+02     
  45.000          90.000            1.443e-01           1.442e-01              15.934           1.999e-06             217.249           3.162e+02     
  50.000          90.000            2.443e-01           2.443e-01              19.827           1.730e-06             233.026           3.162e+02     
  55.000          90.000            4.081e-01           4.081e-01              19.706           1.561e-06             246.809           3.162e+02     
  60.000          90.000            6.403e-01           6.403e-01              19.042           1.373e-06             258.301           3.162e+02     
  65.000          90.000            9.265e-01           9.265e-01              18.974           1.129e-06             267.854           3.162e+02     
  70.000          90.000            1.235e+00           1.235e+00              19.551           8.284e-07             275.618           3.162e+02     
  75.000          90.000            1.525e+00           1.525e+00              20.483           5.187e-07             281.808           3.162e+02     
  80.000          90.000            1.762e+00           1.762e+00              21.431           2.485e-07             286.337           3.162e+02     
  85.000          90.000            1.916e+00           1.916e+00              22.118           6.426e-08             289.065           3.162e+02     
  90.000          90.000            1.969e+00           1.969e+00              22.367           1.547e-11             297.848           3.162e+02     
  95.000          90.000            1.916e+00           1.916e+00              22.118           6.426e-08             109.069           3.162e+02     
 100.000          90.000            1.762e+00           1.762e+00              21.431           2.485e-07             106.339           3.162e+02     
 105.000          90.000            1.525e+00           1.525e+00              20.483           5.187e-07             101.810           3.162e+02     
 110.000          90.000            1.235e+00           1.235e+00              19.551           8.284e-07              95.619           3.162e+02     
 115.000          90.000            9.265e-01           9.265e-01              18.974           1.129e-06              87.855           3.162e+02     
 120.000          90.000            6.403e-01           6.403e-01              19.042           1.373e-06              78.301           3.162e+02     
 125.000          90.000            4.081e-01           4.081e-01              19.706           1.561e-06              66.809           3.162e+02     
 130.000          90.000            2.443e-01           2.443e-01              19.827           1.730e-06              53.024           3.162e+02     
 135.000          90.000            1.443e-01           1.442e-01              15.934           1.999e-06              37.247           3.162e+02     
 140.000          90.000            9.747e-02           9.747e-02               2.309           2.534e-06              20.688           3.162e+02     
 145.000          90.000            1.028e-01           1.028e-01             339.774           3.526e-06               5.889           3.162e+02     
 150.000          90.000            1.616e-01           1.616e-01             320.965           5.052e-06             353.622           3.162e+02     
 155.000          90.000            2.487e-01           2.487e-01             309.548           7.056e-06             343.626           3.162e+02     
 160.000          90.000            3.014e-01           3.014e-01             301.995           9.227e-06             334.948           3.162e+02     
 165.000          90.000            2.646e-01           2.646e-01             295.708           1.118e-05             326.870           2.972e+02     
 170.000          90.000            1.516e-01           1.516e-01             289.299           1.249e-05             318.906           2.230e+02     
 175.000          90.000            4.087e-02           4.085e-02             281.853           1.289e-05             310.756           1.165e+02     
 180.000          90.000            1.250e-05           1.434e-07             315.524           1.235e-05             302.163           4.061e+01     
   0.000          95.000            1.250e-05           1.126e-08             357.325           1.249e-05             122.287           4.065e+01     
   5.000          95.000            4.090e-02           4.089e-02             279.192           1.304e-05             127.909           1.166e+02     
  10.000          95.000            1.532e-01           1.532e-01             284.092           1.268e-05             133.041           2.271e+02     
  15.000          95.000            2.706e-01           2.706e-01             287.922           1.139e-05             137.827           3.091e+02     
  20.000          95.000            3.125e-01           3.125e-01             291.525           9.419e-06             142.580           3.162e+02     
  25.000          95.000            2.604e-01           2.604e-01             296.113           7.184e-06             147.782           3.162e+02     
  30.000          95.000            1.674e-01           1.674e-01             304.018           5.103e-06             154.290           3.162e+02     
  35.000          95.000            9.868e-02           9.868e-02             319.153           3.500e-06             163.265           3.162e+02     
  40.000          95.000            8.252e-02           8.252e-02             340.443           2.454e-06             175.348           3.162e+02     
  45.000          95.000            1.174e-01           1.174e-01             354.276           1.887e-06             189.972           3.162e+02     
  50.000          95.000            2.037e-01           2.037e-01             357.126           1.612e-06             204.435           3.162e+02     
  55.000          95.000            3.546e-01           3.546e-01             355.253           1.443e-06             217.146           3.162e+02     
  60.000          95.000            5.801e-01           5.801e-01             352.841           1.255e-06             227.727           3.162e+02     
  65.000          95.000            8.702e-01           8.702e-01             351.265           1.011e-06             236.626           3.162e+02     
  70.000          95.000            1.193e+00           1.193e+00             350.610           7.264e-07             244.012           3.162e+02     
  75.000          95.000            1.505e+00           1.505e+00             350.582           4.455e-07             250.094           3.162e+02     
  80.000          95.000            1.762e+00           1.762e+00             350.841           2.099e-07             254.684           3.162e+02     
  85.000          95.000            1.931e+00           1.931e+00             351.111           5.374e-08             257.531           3.162e+02     
  90.000          95.000            1.990e+00           1.990e+00             351.221           1.332e-11             262.901           3.162e+02     
  95.000          95.000            1.931e+00           1.931e+00             351.111           5.374e-08              77.535           3.162e+02     
 100.000          95.000            1.762e+00           1.762e+00             350.841           2.099e-07              74.686           3.162e+02     
 105.000          95.000            1.505e+00           1.505e+00             350.582           4.454e-07              70.095           3.162e+02     
 110.000          95.000            1.193e+00           1.193e+00             350.610           7.264e-07              64.012           3.162e+02     
 115.000          95.000            8.702e-01           8.702e-01             351.265           1.011e-06              56.626           3.162e+02     
 120.000          95.000            5.801e-01           5.801e-01             352.841           1.255e-06              47.726           3.162e+02     
 125.000          95.000            3.546e-01           3.546e-01             355.253           1.442e-06              37.145           3.162e+02     
 130.000          95.000            2.037e-01           2.037e-01             357.126           1.612e-06              24.433           3.162e+02     
 135.000          95.000            1.174e-01           1.174e-01             354.276           1.887e-06               9.969           3.162e+02     
 140.000          95.000            8.252e-02           8.252e-02             340.443           2.453e-06             355.344           3.162e+02     
 145.000          95.000            9.868e-02           9.868e-02             319.153           3.500e-06             343.261           3.162e+02     
 150.000          95.000            1.674e-01           1.674e-01             304.018           5.102e-06             334.287           3.162e+02     
 155.000          95.000            2.604e-01           2.604e-01             296.113           7.183e-06             327.780           3.162e+02     
 160.000          95.000            3.125e-01           3.125e-01             291.525           9.418e-06             322.578           3.162e+02     
 165.000          95.000            2.706e-01           2.706e-01             287.922           1.139e-05             317.826           3.092e+02     
 170.000          95.000            1.532e-01           1.532e-01             284.092           1.268e-05             313.040           2.271e+02     
 175.000          95.000            4.090e-02           4.089e-02             279.192           1.304e-05             307.908           1.166e+02     
 180.000          95.000            1.250e-05           1.128e-08             357.315           1.248e-05             302.286           4.061e+01     
   0.000         100.000            1.250e-05           6.871e-08             102.988           1.243e-05             122.410           4.065e+01     
   5.000         100.000            4.094e-02           4.093e-02             276.489           1.298e-05             125.007           1.176e+02     
  10.000         100.000            1.553e-01           1.553e-01             278.842           1.267e-05             127.020           2.344e+02     
  15.000         100.000            2.794e-01           2.794e-01             280.148           1.145e-05             128.521           3.162e+02     
  20.000         100.000            3.301e-01           3.301e-01             281.164           9.551e-06             129.827           3.162e+02     
  25.000         100.000            2.814e-01           2.814e-01             282.889           7.361e-06             131.410           3.162e+02     
  30.000         100.000            1.822e-01           1.822e-01             287.175           5.281e-06             134.228           3.162e+02     
  35.000         100.000            1.006e-01           1.006e-01             297.605           3.624e-06             139.571           3.162e+02     
  40.000         100.000            6.947e-02           6.947e-02             316.019           2.500e-06             148.475           3.162e+02     
  45.000         100.000            8.678e-02           8.678e-02             330.602           1.860e-06             160.804           3.162e+02     
  50.000         100.000            1.502e-01           1.502e-01             333.177           1.553e-06             173.937           3.162e+02     
  55.000         100.000            2.736e-01           2.736e-01             329.813           1.376e-06             185.622           3.162e+02     
  60.000         100.000            4.735e-01           4.735e-01             325.803           1.193e-06             195.062           3.162e+02     
  65.000         100.000            7.469e-01           7.469e-01             322.901           9.501e-07             202.696           3.162e+02     
  70.000         100.000            1.065e+00           1.065e+00             321.213           6.724e-07             208.845           3.162e+02     
  75.000         100.000            1.382e+00           1.382e+00             320.405           4.037e-07             213.894           3.162e+02     
  80.000         100.000            1.648e+00           1.648e+00             320.112           1.862e-07             217.749           3.162e+02     
  85.000         100.000            1.826e+00           1.826e+00             320.053           4.685e-08             220.360           3.162e+02     
  90.000         100.000            1.887e+00           1.887e+00             320.053           1.221e-11             225.076           3.162e+02     
  95.000         100.000            1.826e+00           1.826e+00             320.053           4.685e-08              40.362           3.162e+02     
 100.000         100.000            1.648e+00           1.648e+00             320.112           1.862e-07              37.750           3.162e+02     
 105.000         100.000            1.382e+00           1.382e+00             320.405           4.037e-07              33.894           3.162e+02     
 110.000         100.000            1.065e+00           1.065e+00             321.213           6.724e-07              28.845           3.162e+02     
 115.000         100.000            7.469e-01           7.469e-01             322.901           9.500e-07              22.695           3.162e+02     
 120.000         100.000            4.735e-01           4.735e-01             325.803           1.192e-06              15.061           3.162e+02     
 125.000         100.000            2.736e-01           2.736e-01             329.813           1.376e-06               5.620           3.162e+02     
 130.000         100.000            1.502e-01           1.502e-01             333.177           1.553e-06             353.934           3.162e+02     
 135.000         100.000            8.678e-02           8.678e-02             330.602           1.860e-06             340.800           3.162e+02     
 140.000         100.000            6.947e-02           6.947e-02             316.019           2.499e-06             328.471           3.162e+02     
 145.000         100.000            1.006e-01           1.006e-01             297.605           3.623e-06             319.567           3.162e+02     
 150.000         100.000            1.822e-01           1.822e-01             287.175           5.281e-06             314.225           3.162e+02     
 155.000         100.000            2.814e-01           2.814e-01             282.889           7.360e-06             311.408           3.162e+02     
 160.000         100.000            3.301e-01           3.301e-01             281.164           9.550e-06             309.825           3.162e+02     
 165.000         100.000            2.794e-01           2.794e-01             280.148           1.145e-05             308.520           3.162e+02     
 170.000         100.000            1.553e-01           1.553e-01             278.842           1.267e-05             307.020           2.344e+02     
 175.000         100.000            4.094e-02           4.093e-02             276.489           1.298e-05             305.006           1.176e+02     
 180.000         100.000            1.250e-05           6.867e-08             102.965           1.243e-05             302.410           4.061e+01     
   0.000         105.000            1.250e-05           3.139e-07             113.495           1.218e-05             122.535           4.065e+01     
   5.000         105.000            4.099e-02           4.097e-02             273.765           1.273e-05             122.074           1.197e+02     
  10.000         105.000            1.578e-01           1.578e-01             273.599           1.248e-05             120.895           2.453e+02     
  15.000         105.000            2.906e-01           2.906e-01             272.465           1.137e-05             119.026           3.162e+02     
  20.000         105.000            3.537e-01           3.537e-01             271.031           9.646e-06             116.840           3.162e+02     
  25.000         105.000            3.115e-01           3.115e-01             270.040           7.612e-06             114.836           3.162e+02     
  30.000         105.000            2.066e-01           2.066e-01             270.730           5.612e-06             114.053           3.162e+02     
  35.000         105.000            1.103e-01           1.103e-01             275.651           3.916e-06             115.775           3.162e+02     
  40.000         105.000            6.170e-02           6.169e-02             288.146           2.683e-06             121.278           3.162e+02     
  45.000         105.000            5.960e-02           5.960e-02             302.263           1.926e-06             130.800           3.162e+02     
  50.000         105.000            9.790e-02           9.790e-02             305.672           1.540e-06             142.707           3.162e+02     
  55.000         105.000            1.892e-01           1.892e-01             301.721           1.340e-06             153.884           3.162e+02     
  60.000         105.000            3.541e-01           3.541e-01             296.829           1.168e-06             162.774           3.162e+02     
  65.000         105.000            5.962e-01           5.962e-01             293.178           9.424e-07             169.491           3.162e+02     
  70.000         105.000            8.910e-01           8.910e-01             290.874           6.789e-07             174.514           3.162e+02     
  75.000         105.000            1.193e+00           1.193e+00             289.561           4.123e-07             178.378           3.162e+02     
  80.000         105.000            1.452e+00           1.452e+00             288.884           1.911e-07             181.219           3.162e+02     
  85.000         105.000            1.626e+00           1.626e+00             288.582           4.824e-08             182.971           3.162e+02     
  90.000         105.000            1.687e+00           1.687e+00             288.498           1.165e-11             187.847           3.162e+02     
  95.000         105.000            1.626e+00           1.626e+00             288.582           4.823e-08               2.972           3.162e+02     
 100.000         105.000            1.452e+00           1.452e+00             288.884           1.911e-07               1.219           3.162e+02     
 105.000         105.000            1.193e+00           1.193e+00             289.561           4.122e-07             358.378           3.162e+02     
 110.000         105.000            8.910e-01           8.910e-01             290.874           6.789e-07             354.513           3.162e+02     
 115.000         105.000            5.962e-01           5.962e-01             293.178           9.423e-07             349.490           3.162e+02     
 120.000         105.000            3.541e-01           3.541e-01             296.829           1.167e-06             342.772           3.162e+02     
 125.000         105.000            1.892e-01           1.892e-01             301.721           1.339e-06             333.881           3.162e+02     
 130.000         105.000            9.790e-02           9.790e-02             305.672           1.540e-06             322.704           3.162e+02     
 135.000         105.000            5.960e-02           5.960e-02             302.263           1.926e-06             310.795           3.162e+02     
 140.000         105.000            6.170e-02           6.169e-02             288.146           2.682e-06             301.274           3.162e+02     
 145.000         105.000            1.103e-01           1.103e-01             275.651           3.916e-06             295.771           3.162e+02     
 150.000         105.000            2.066e-01           2.066e-01             270.730           5.611e-06             294.050           3.162e+02     
 155.000         105.000            3.115e-01           3.115e-01             270.040           7.611e-06             294.834           3.162e+02     
 160.000         105.000            3.537e-01           3.537e-01             271.031           9.645e-06             296.839           3.162e+02     
 165.000         105.000            2.906e-01           2.906e-01             272.465           1.136e-05             299.025           3.162e+02     
 170.000         105.000            1.578e-01           1.578e-01             273.599           1.247e-05             300.895           2.453e+02     
 175.000         105.000            4.099e-02           4.097e-02             273.765           1.272e-05             302.073           1.197e+02     
 180.000         105.000            1.250e-05           3.138e-07             113.485           1.218e-05             302.534           4.061e+01     
   0.000         110.000            1.250e-05           7.394e-07             116.681           1.176e-05             122.663           4.065e+01     
   5.000         110.000            4.103e-02           4.102e-02             271.042           1.228e-05             119.136           1.228e+02     
  10.000         110.000            1.607e-01           1.607e-01             268.405           1.209e-05             114.716           2.601e+02     
  15.000         110.000            3.040e-01           3.039e-01             264.939           1.116e-05             109.435           3.162e+02     
  20.000         110.000            3.829e-01           3.829e-01             261.203           9.711e-06             103.807           3.162e+02     
  25.000         110.000            3.510e-01           3.510e-01             257.662           7.924e-06              98.397           3.162e+02     
  30.000         110.000            2.423e-01           2.423e-01             254.903           6.056e-06              94.278           3.162e+02     
  35.000         110.000            1.311e-01           1.311e-01             254.122           4.380e-06              92.390           3.162e+02     
  40.000         110.000            6.442e-02           6.442e-02             257.769           3.010e-06              94.419           3.162e+02     
  45.000         110.000            4.449e-02           4.449e-02             266.397           2.059e-06             100.917           3.162e+02     
  50.000         110.000            6.159e-02           6.159e-02             271.316           1.513e-06             111.040           3.162e+02     
  55.000         110.000            1.240e-01           1.240e-01             269.397           1.233e-06             122.137           3.162e+02     
  60.000         110.000            2.520e-01           2.520e-01             265.645           1.053e-06             131.571           3.162e+02     
  65.000         110.000            4.537e-01           4.537e-01             262.500           8.645e-07             138.622           3.162e+02     
  70.000         110.000            7.102e-01           7.102e-01             260.303           6.346e-07             143.607           3.162e+02     
  75.000         110.000            9.804e-01           9.804e-01             258.881           3.967e-07             147.211           3.162e+02     
  80.000         110.000            1.216e+00           1.216e+00             258.025           1.882e-07             149.703           3.162e+02     
  85.000         110.000            1.376e+00           1.376e+00             257.575           4.821e-08             151.202           3.162e+02     
  90.000         110.000            1.432e+00           1.432e+00             257.436           1.039e-11             151.090           3.162e+02     
  95.000         110.000            1.376e+00           1.376e+00             257.575           4.820e-08             331.206           3.162e+02     
 100.000         110.000            1.216e+00           1.216e+00             258.025           1.882e-07             329.704           3.162e+02     
 105.000         110.000            9.804e-01           9.804e-01             258.881           3.966e-07             327.211           3.162e+02     
 110.000         110.000            7.102e-01           7.102e-01             260.303           6.345e-07             323.607           3.162e+02     
 115.000         110.000            4.537e-01           4.537e-01             262.500           8.644e-07             318.621           3.162e+02     
 120.000         110.000            2.520e-01           2.520e-01             265.645           1.053e-06             311.569           3.162e+02     
 125.000         110.000            1.240e-01           1.240e-01             269.397           1.233e-06             302.134           3.162e+02     
 130.000         110.000            6.159e-02           6.159e-02             271.316           1.513e-06             291.036           3.162e+02     
 135.000         110.000            4.449e-02           4.449e-02             266.397           2.059e-06             280.913           3.162e+02     
 140.000         110.000            6.442e-02           6.442e-02             257.769           3.009e-06             274.414           3.162e+02     
 145.000         110.000            1.311e-01           1.311e-01             254.122           4.380e-06             272.386           3.162e+02     
 150.000         110.000            2.423e-01           2.423e-01             254.903           6.055e-06             274.275           3.162e+02     
 155.000         110.000            3.510e-01           3.510e-01             257.662           7.923e-06             278.394           3.162e+02     
 160.000         110.000            3.829e-01           3.829e-01             261.203           9.710e-06             283.805           3.162e+02     
 165.000         110.000            3.040e-01           3.039e-01             264.939           1.116e-05             289.434           3.162e+02     
 170.000         110.000            1.607e-01           1.607e-01             268.405           1.209e-05             294.716           2.601e+02     
 175.000         110.000            4.103e-02           4.102e-02             271.042           1.227e-05             299.136           1.228e+02     
 180.000         110.000            1.250e-05           7.392e-07             116.675           1.176e-05             302.663           4.061e+01     
   0.000         115.000            1.250e-05           1.332e-06             118.227           1.116e-05             122.797           4.065e+01     
   5.000         115.000            4.107e-02           4.106e-02             268.338           1.165e-05             116.220           1.270e+02     
  10.000         115.000            1.639e-01           1.638e-01             263.300           1.154e-05             108.541           2.794e+02     
  15.000         115.000            3.190e-01           3.190e-01             257.621           1.084e-05              99.863           3.162e+02     
  20.000         115.000            4.171e-01           4.171e-01             251.734           9.733e-06              90.928           3.162e+02     
  25.000         115.000            4.001e-01           4.001e-01             245.813           8.314e-06              82.170           3.162e+02     
  30.000         115.000            2.917e-01           2.916e-01             239.871           6.672e-06              74.984           3.162e+02     
  35.000         115.000            1.674e-01           1.674e-01             233.943           4.936e-06              69.945           3.162e+02     
  40.000         115.000            8.367e-02           8.367e-02             228.679           3.402e-06              68.191           3.162e+02     
  45.000         115.000            4.828e-02           4.828e-02             226.535           2.217e-06              70.456           3.162e+02     
  50.000         115.000            4.893e-02           4.893e-02             229.199           1.444e-06              77.064           3.162e+02     
  55.000         115.000            8.611e-02           8.611e-02             232.068           1.005e-06              87.386           3.162e+02     
  60.000         115.000            1.744e-01           1.744e-01             232.529           7.741e-07              98.234           3.162e+02     
  65.000         115.000            3.222e-01           3.222e-01             231.711           6.113e-07             107.389           3.162e+02     
  70.000         115.000            5.175e-01           5.175e-01             230.599           4.523e-07             114.250           3.162e+02     
  75.000         115.000            7.289e-01           7.289e-01             229.601           2.853e-07             118.957           3.162e+02     
  80.000         115.000            9.167e-01           9.167e-01             228.854           1.383e-07             122.255           3.162e+02     
  85.000         115.000            1.045e+00           1.045e+00             228.401           3.597e-08             124.247           3.162e+02     
  90.000         115.000            1.091e+00           1.091e+00             228.250           8.737e-12             111.777           3.162e+02     
  95.000         115.000            1.045e+00           1.045e+00             228.401           3.596e-08             304.255           3.162e+02     
 100.000         115.000            9.167e-01           9.167e-01             228.854           1.383e-07             302.258           3.162e+02     
 105.000         115.000            7.289e-01           7.289e-01             229.601           2.852e-07             298.959           3.162e+02     
 110.000         115.000            5.175e-01           5.175e-01             230.599           4.522e-07             294.251           3.162e+02     
 115.000         115.000            3.222e-01           3.222e-01             231.711           6.112e-07             287.389           3.162e+02     
 120.000         115.000            1.744e-01           1.744e-01             232.529           7.739e-07             278.232           3.162e+02     
 125.000         115.000            8.611e-02           8.611e-02             232.068           1.005e-06             267.383           3.162e+02     
 130.000         115.000            4.893e-02           4.893e-02             229.199           1.444e-06             257.060           3.162e+02     
 135.000         115.000            4.828e-02           4.828e-02             226.535           2.217e-06             250.452           3.162e+02     
 140.000         115.000            8.367e-02           8.367e-02             228.679           3.402e-06             248.187           3.162e+02     
 145.000         115.000            1.674e-01           1.674e-01             233.943           4.936e-06             249.941           3.162e+02     
 150.000         115.000            2.917e-01           2.916e-01             239.871           6.671e-06             254.981           3.162e+02     
 155.000         115.000            4.001e-01           4.001e-01             245.813           8.313e-06             262.167           3.162e+02     
 160.000         115.000            4.171e-01           4.171e-01             251.734           9.732e-06             270.927           3.162e+02     
 165.000         115.000            3.190e-01           3.190e-01             257.621           1.084e-05             279.862           3.162e+02     
 170.000         115.000            1.639e-01           1.638e-01             263.300           1.154e-05             288.541           2.794e+02     
 175.000         115.000            4.107e-02           4.106e-02             268.338           1.164e-05             296.220           1.270e+02     
 180.000         115.000            1.250e-05           1.332e-06             118.223           1.116e-05             302.797           4.061e+01     
   0.000         120.000            1.250e-05           2.075e-06             119.150           1.042e-05             122.939           4.065e+01     
   5.000         120.000            4.109e-02           4.108e-02             265.673           1.086e-05             113.357           1.324e+02     
  10.000         120.000            1.671e-01           1.671e-01             258.315           1.085e-05             102.439           3.037e+02     
  15.000         120.000            3.351e-01           3.351e-01             250.550           1.042e-05              90.439           3.162e+02     
  20.000         120.000            4.555e-01           4.555e-01             242.656           9.681e-06              78.401           3.162e+02     
  25.000         120.000            4.587e-01           4.587e-01             234.533           8.696e-06              66.670           3.162e+02     
  30.000         120.000            3.570e-01           3.570e-01             225.770           7.273e-06              56.690           3.162e+02     
  35.000         120.000            2.247e-01           2.247e-01             215.744           5.570e-06              48.475           3.162e+02     
  40.000         120.000            1.259e-01           1.259e-01             204.196           3.899e-06              42.380           3.162e+02     
  45.000         120.000            7.609e-02           7.609e-02             193.273           2.501e-06              39.228           3.162e+02     
  50.000         120.000            6.216e-02           6.215e-02             188.511           1.499e-06              39.752           3.162e+02     
  55.000         120.000            7.562e-02           7.561e-02             191.490           8.680e-07              44.396           3.162e+02     
  60.000         120.000            1.207e-01           1.207e-01             196.406           5.096e-07              53.358           3.162e+02     
  65.000         120.000            2.024e-01           2.024e-01             199.403           3.146e-07              64.674           3.162e+02     
  70.000         120.000            3.146e-01           3.146e-01             200.534           1.995e-07              75.827           3.162e+02     
  75.000         120.000            4.391e-01           4.391e-01             200.684           1.184e-07              84.988           3.162e+02     
  80.000         120.000            5.517e-01           5.517e-01             200.472           5.611e-08              91.551           3.162e+02     
  85.000         120.000            6.297e-01           6.297e-01             200.239           1.449e-08              95.653           3.162e+02     
  90.000         120.000            6.575e-01           6.575e-01             200.146           7.982e-12              70.337           3.162e+02     
  95.000         120.000            6.297e-01           6.297e-01             200.239           1.448e-08             275.669           3.162e+02     
 100.000         120.000            5.517e-01           5.517e-01             200.472           5.610e-08             271.558           3.162e+02     
 105.000         120.000            4.391e-01           4.391e-01             200.684           1.184e-07             264.992           3.162e+02     
 110.000         120.000            3.146e-01           3.146e-01             200.534           1.995e-07             255.829           3.162e+02     
 115.000         120.000            2.024e-01           2.024e-01             199.403           3.145e-07             244.673           3.162e+02     
 120.000         120.000            1.207e-01           1.207e-01             196.406           5.096e-07             233.355           3.162e+02     
 125.000         120.000            7.562e-02           7.561e-02             191.490           8.679e-07             224.392           3.162e+02     
 130.000         120.000            6.216e-02           6.215e-02             188.511           1.499e-06             219.748           3.162e+02     
 135.000         120.000            7.609e-02           7.609e-02             193.273           2.501e-06             219.225           3.162e+02     
 140.000         120.000            1.259e-01           1.259e-01             204.196           3.899e-06             222.376           3.162e+02     
 145.000         120.000            2.247e-01           2.247e-01             215.744           5.570e-06             228.472           3.162e+02     
 150.000         120.000            3.570e-01           3.570e-01             225.770           7.273e-06             236.687           3.162e+02     
 155.000         120.000            4.587e-01           4.587e-01             234.533           8.695e-06             246.668           3.162e+02     
 160.000         120.000            4.555e-01           4.555e-01             242.656           9.679e-06             258.400           3.162e+02     
 165.000         120.000            3.351e-01           3.351e-01             250.550           1.041e-05             270.438           3.162e+02     
 170.000         120.000            1.671e-01           1.671e-01             258.315           1.085e-05             282.438           3.037e+02     
 175.000         120.000            4.109e-02           4.108e-02             265.673           1.086e-05             293.357           1.324e+02     
 180.000         120.000            1.250e-05           2.074e-06             119.147           1.042e-05             302.939           4.061e+01     
   0.000         125.000            1.250e-05           2.944e-06             119.771           9.553e-06             123.093           4.065e+01     
   5.000         125.000            4.109e-02           4.108e-02             263.065           9.942e-06             110.577           1.392e+02     
  10.000         125.000            1.703e-01           1.703e-01             253.481           1.002e-05              96.482           3.162e+02     
  15.000         125.000            3.517e-01           3.517e-01             243.753           9.873e-06              81.300           3.162e+02     
  20.000         125.000            4.967e-01           4.966e-01             233.994           9.659e-06              66.134           3.162e+02     
  25.000         125.000            5.261e-01           5.261e-01             223.853           9.027e-06              52.187           3.162e+02     
  30.000         125.000            4.399e-01           4.399e-01             212.676           7.836e-06              39.360           3.162e+02     
  35.000         125.000            3.076e-01           3.075e-01             199.689           6.252e-06              27.928           3.162e+02     
  40.000         125.000            1.978e-01           1.978e-01             184.671           4.590e-06              17.608           3.162e+02     
  45.000         125.000            1.333e-01           1.333e-01             169.485           3.130e-06               9.158           3.162e+02     
  50.000         125.000            1.033e-01           1.033e-01             158.395           1.969e-06               2.607           3.162e+02     
  55.000         125.000            9.395e-02           9.395e-02             154.465           1.134e-06             358.328           3.162e+02     
  60.000         125.000            1.004e-01           1.004e-01             156.507           5.968e-07             356.298           3.162e+02     
  65.000         125.000            1.226e-01           1.226e-01             160.638           2.742e-07             356.866           3.162e+02     
  70.000         125.000            1.580e-01           1.580e-01             163.988           1.130e-07             359.985           3.162e+02     
  75.000         125.000            1.997e-01           1.997e-01             165.899           3.990e-08               5.229           3.162e+02     
  80.000         125.000            2.386e-01           2.386e-01             166.759           1.144e-08              11.872           3.162e+02     
  85.000         125.000            2.660e-01           2.660e-01             167.065           1.996e-09              17.752           3.162e+02     
  90.000         125.000            2.759e-01           2.759e-01             167.132           7.946e-12              31.972           3.162e+02     
  95.000         125.000            2.660e-01           2.660e-01             167.065           1.992e-09             197.762           3.162e+02     
 100.000         125.000            2.386e-01           2.386e-01             166.759           1.143e-08             191.873           3.162e+02     
 105.000         125.000            1.997e-01           1.997e-01             165.899           3.988e-08             185.225           3.162e+02     
 110.000         125.000            1.580e-01           1.580e-01             163.988           1.129e-07             179.981           3.162e+02     
 115.000         125.000            1.226e-01           1.226e-01             160.638           2.741e-07             176.862           3.162e+02     
 120.000         125.000            1.004e-01           1.004e-01             156.507           5.967e-07             176.295           3.162e+02     
 125.000         125.000            9.395e-02           9.395e-02             154.465           1.134e-06             178.324           3.162e+02     
 130.000         125.000            1.033e-01           1.033e-01             158.395           1.968e-06             182.604           3.162e+02     
 135.000         125.000            1.333e-01           1.333e-01             169.485           3.129e-06             189.155           3.162e+02     
 140.000         125.000            1.978e-01           1.978e-01             184.671           4.590e-06             197.606           3.162e+02     
 145.000         125.000            3.076e-01           3.075e-01             199.689           6.252e-06             207.926           3.162e+02     
 150.000         125.000            4.399e-01           4.399e-01             212.676           7.835e-06             219.357           3.162e+02     
 155.000         125.000            5.261e-01           5.261e-01             223.853           9.026e-06             232.185           3.162e+02     
 160.000         125.000            4.967e-01           4.966e-01             233.994           9.657e-06             246.133           3.162e+02     
 165.000         125.000            3.517e-01           3.517e-01             243.753           9.872e-06             261.299           3.162e+02     
 170.000         125.000            1.703e-01           1.703e-01             253.481           1.002e-05             276.482           3.162e+02     
 175.000         125.000            4.109e-02           4.108e-02             263.066           9.941e-06             290.577           1.392e+02     
 180.000         125.000            1.250e-05           2.943e-06             119.768           9.552e-06             303.093           4.061e+01     
   0.000         130.000            1.250e-05           3.913e-06             120.223           8.583e-06             123.262           4.065e+01     
   5.000         130.000            4.105e-02           4.105e-02             260.531           8.922e-06             107.914           1.475e+02     
  10.000         130.000            1.732e-01           1.732e-01             248.819           9.092e-06              90.754           3.162e+02     
  15.000         130.000            3.679e-01           3.679e-01             237.251           9.208e-06              72.581           3.162e+02     
  20.000         130.000            5.390e-01           5.390e-01             225.758           9.434e-06              54.776           3.162e+02     
  25.000         130.000            6.003e-01           6.003e-01             213.788           9.179e-06              38.503           3.162e+02     
  30.000         130.000            5.398e-01           5.398e-01             200.601           8.278e-06              23.170           3.162e+02     
  35.000         130.000            4.187e-01           4.187e-01             185.595           6.971e-06               8.875           3.162e+02     
  40.000         130.000            3.049e-01           3.049e-01             168.943           5.508e-06             355.310           3.162e+02     
  45.000         130.000            2.258e-01           2.258e-01             152.219           4.151e-06             342.725           3.162e+02     
  50.000         130.000            1.762e-01           1.762e-01             137.797           2.979e-06             332.027           3.162e+02     
  55.000         130.000            1.438e-01           1.438e-01             127.206           1.996e-06             322.943           3.162e+02     
  60.000         130.000            1.222e-01           1.222e-01             120.506           1.245e-06             315.459           3.162e+02     
  65.000         130.000            1.091e-01           1.091e-01             116.812           7.125e-07             308.650           3.162e+02     
  70.000         130.000            1.029e-01           1.029e-01             114.930           3.653e-07             302.845           3.162e+02     
  75.000         130.000            1.018e-01           1.018e-01             113.899           1.649e-07             297.276           3.162e+02     
  80.000         130.000            1.032e-01           1.032e-01             113.222           6.075e-08             292.184           3.162e+02     
  85.000         130.000            1.051e-01           1.051e-01             112.783           1.333e-08             288.020           3.162e+02     
  90.000         130.000            1.059e-01           1.059e-01             112.627           7.216e-12             357.680           3.162e+02     
  95.000         130.000            1.051e-01           1.051e-01             112.783           1.332e-08             108.005           3.162e+02     
 100.000         130.000            1.032e-01           1.032e-01             113.222           6.073e-08             112.176           3.162e+02     
 105.000         130.000            1.018e-01           1.018e-01             113.899           1.649e-07             117.271           3.162e+02     
 110.000         130.000            1.029e-01           1.029e-01             114.930           3.652e-07             122.841           3.162e+02     
 115.000         130.000            1.091e-01           1.091e-01             116.812           7.124e-07             128.647           3.162e+02     
 120.000         130.000            1.222e-01           1.222e-01             120.506           1.245e-06             135.456           3.162e+02     
 125.000         130.000            1.438e-01           1.438e-01             127.206           1.996e-06             142.940           3.162e+02     
 130.000         130.000            1.762e-01           1.762e-01             137.797           2.979e-06             152.024           3.162e+02     
 135.000         130.000            2.258e-01           2.258e-01             152.219           4.151e-06             162.722           3.162e+02     
 140.000         130.000            3.049e-01           3.049e-01             168.943           5.507e-06             175.307           3.162e+02     
 145.000         130.000            4.187e-01           4.187e-01             185.595           6.971e-06             188.873           3.162e+02     
 150.000         130.000            5.398e-01           5.398e-01             200.601           8.278e-06             203.168           3.162e+02     
 155.000         130.000            6.003e-01           6.003e-01             213.788           9.178e-06             218.502           3.162e+02     
 160.000         130.000            5.390e-01           5.390e-01             225.758           9.433e-06             234.775           3.162e+02     
 165.000         130.000            3.679e-01           3.679e-01             237.251           9.207e-06             252.581           3.162e+02     
 170.000         130.000            1.732e-01           1.732e-01             248.819           9.091e-06             270.754           3.162e+02     
 175.000         130.000            4.105e-02           4.105e-02             260.531           8.921e-06             287.915           1.475e+02     
 180.000         130.000            1.250e-05           3.912e-06             120.221           8.583e-06             303.263           4.061e+01     
   0.000         135.000            1.250e-05           4.954e-06             120.572           7.543e-06             123.453           4.065e+01     
   5.000         135.000            4.099e-02           4.098e-02             258.086           7.831e-06             105.406           1.576e+02     
  10.000         135.000            1.758e-01           1.758e-01             244.351           8.077e-06              85.340           3.162e+02     
  15.000         135.000            3.829e-01           3.829e-01             231.060           8.498e-06              64.153           3.162e+02     
  20.000         135.000            5.804e-01           5.804e-01             217.957           9.016e-06              44.296           3.162e+02     
  25.000         135.000            6.777e-01           6.777e-01             204.338           9.088e-06              25.963           3.162e+02     
  30.000         135.000            6.527e-01           6.527e-01             189.487           8.519e-06               8.338           3.162e+02     
  35.000         135.000            5.561e-01           5.561e-01             173.114           7.560e-06             351.649           3.162e+02     
  40.000         135.000            4.486e-01           4.486e-01             155.779           6.451e-06             335.666           3.162e+02     
  45.000         135.000            3.575e-01           3.575e-01             138.751           5.352e-06             321.176           3.162e+02     
  50.000         135.000            2.840e-01           2.840e-01             123.088           4.285e-06             308.655           3.162e+02     
  55.000         135.000            2.246e-01           2.246e-01             108.965           3.228e-06             298.685           3.162e+02     
  60.000         135.000            1.797e-01           1.797e-01              95.981           2.246e-06             290.460           3.162e+02     
  65.000         135.000            1.499e-01           1.499e-01              83.878           1.427e-06             283.501           3.162e+02     
  70.000         135.000            1.341e-01           1.341e-01              72.980           8.188e-07             277.438           3.162e+02     
  75.000         135.000            1.285e-01           1.285e-01              64.000           4.120e-07             272.164           3.162e+02     
  80.000         135.000            1.289e-01           1.289e-01              57.499           1.675e-07             267.376           3.162e+02     
  85.000         135.000            1.310e-01           1.310e-01              53.636           3.916e-08             264.400           3.162e+02     
  90.000         135.000            1.321e-01           1.321e-01              52.363           5.564e-12             322.952           3.162e+02     
  95.000         135.000            1.310e-01           1.310e-01              53.636           3.914e-08              84.395           3.162e+02     
 100.000         135.000            1.289e-01           1.289e-01              57.499           1.674e-07              87.373           3.162e+02     
 105.000         135.000            1.285e-01           1.285e-01              64.000           4.119e-07              92.162           3.162e+02     
 110.000         135.000            1.341e-01           1.341e-01              72.980           8.187e-07              97.436           3.162e+02     
 115.000         135.000            1.499e-01           1.499e-01              83.878           1.427e-06             103.499           3.162e+02     
 120.000         135.000            1.797e-01           1.797e-01              95.981           2.246e-06             110.458           3.162e+02     
 125.000         135.000            2.246e-01           2.246e-01             108.965           3.228e-06             118.682           3.162e+02     
 130.000         135.000            2.840e-01           2.840e-01             123.088           4.285e-06             128.653           3.162e+02     
 135.000         135.000            3.575e-01           3.575e-01             138.751           5.352e-06             141.174           3.162e+02     
 140.000         135.000            4.486e-01           4.486e-01             155.779           6.451e-06             155.664           3.162e+02     
 145.000         135.000            5.561e-01           5.561e-01             173.114           7.559e-06             171.647           3.162e+02     
 150.000         135.000            6.527e-01           6.527e-01             189.487           8.518e-06             188.336           3.162e+02     
 155.000         135.000            6.777e-01           6.777e-01             204.338           9.087e-06             205.961           3.162e+02     
 160.000         135.000            5.804e-01           5.804e-01             217.957           9.014e-06             224.295           3.162e+02     
 165.000         135.000            3.829e-01           3.829e-01             231.060           8.497e-06             244.153           3.162e+02     
 170.000         135.000            1.758e-01           1.758e-01             244.351           8.076e-06             265.341           3.162e+02     
 175.000         135.000            4.099e-02           4.098e-02             258.086           7.831e-06             285.407           1.576e+02     
 180.000         135.000            1.250e-05           4.953e-06             120.570           7.542e-06             303.454           4.061e+01     
   0.000         140.000            1.250e-05           6.034e-06             120.852           6.463e-06             123.673           4.065e+01     
   5.000         140.000            4.087e-02           4.087e-02             255.745           6.703e-06             103.093           1.700e+02     
  10.000         140.000            1.778e-01           1.778e-01             240.092           7.002e-06              80.333           3.162e+02     
  15.000         140.000            3.959e-01           3.959e-01             225.188           7.669e-06              56.947           3.162e+02     
  20.000         140.000            6.183e-01           6.183e-01             210.591           8.362e-06              34.826           3.162e+02     
  25.000         140.000            7.531e-01           7.531e-01             195.482           8.670e-06              14.696           3.162e+02     
  30.000         140.000            7.709e-01           7.709e-01             179.230           8.421e-06             355.458           3.162e+02     
  35.000         140.000            7.108e-01           7.108e-01             161.867           7.792e-06             336.345           3.162e+02     
  40.000         140.000            6.215e-01           6.215e-01             144.222           7.077e-06             318.753           3.162e+02     
  45.000         140.000            5.243e-01           5.243e-01             127.310           6.293e-06             303.294           3.162e+02     
  50.000         140.000            4.245e-01           4.245e-01             111.441           5.347e-06             290.521           3.162e+02     
  55.000         140.000            3.309e-01           3.309e-01              96.049           4.240e-06             280.014           3.162e+02     
  60.000         140.000            2.567e-01           2.567e-01              80.284           3.050e-06             272.044           3.162e+02     
  65.000         140.000            2.106e-01           2.106e-01              64.017           1.977e-06             265.483           3.162e+02     
  70.000         140.000            1.920e-01           1.920e-01              48.534           1.153e-06             260.024           3.162e+02     
  75.000         140.000            1.933e-01           1.933e-01              35.770           5.853e-07             255.493           3.162e+02     
  80.000         140.000            2.042e-01           2.042e-01              26.810           2.369e-07             251.950           3.162e+02     
  85.000         140.000            2.150e-01           2.150e-01              21.664           5.526e-08             249.546           3.162e+02     
  90.000         140.000            2.194e-01           2.194e-01              20.002           4.275e-12             283.686           3.162e+02     
  95.000         140.000            2.150e-01           2.150e-01              21.664           5.523e-08              69.547           3.162e+02     
 100.000         140.000            2.042e-01           2.042e-01              26.810           2.369e-07              71.950           3.162e+02     
 105.000         140.000            1.933e-01           1.933e-01              35.770           5.852e-07              75.493           3.162e+02     
 110.000         140.000            1.920e-01           1.920e-01              48.534           1.153e-06              80.023           3.162e+02     
 115.000         140.000            2.106e-01           2.106e-01              64.017           1.977e-06              85.482           3.162e+02     
 120.000         140.000            2.567e-01           2.567e-01              80.284           3.049e-06              92.043           3.162e+02     
 125.000         140.000            3.309e-01           3.309e-01              96.049           4.240e-06             100.012           3.162e+02     
 130.000         140.000            4.245e-01           4.245e-01             111.441           5.347e-06             110.519           3.162e+02     
 135.000         140.000            5.243e-01           5.243e-01             127.310           6.293e-06             123.292           3.162e+02     
 140.000         140.000            6.215e-01           6.215e-01             144.222           7.077e-06             138.751           3.162e+02     
 145.000         140.000            7.108e-01           7.108e-01             161.867           7.791e-06             156.343           3.162e+02     
 150.000         140.000            7.709e-01           7.709e-01             179.230           8.420e-06             175.457           3.162e+02     
 155.000         140.000            7.531e-01           7.531e-01             195.482           8.669e-06             194.695           3.162e+02     
 160.000         140.000            6.183e-01           6.183e-01             210.591           8.361e-06             214.825           3.162e+02     
 165.000         140.000            3.959e-01           3.959e-01             225.188           7.668e-06             236.947           3.162e+02     
 170.000         140.000            1.778e-01           1.778e-01             240.092           7.001e-06             260.334           3.162e+02     
 175.000         140.000            4.087e-02           4.087e-02             255.745           6.703e-06             283.094           1.700e+02     
 180.000         140.000            1.250e-05           6.032e-06             120.850           6.463e-06             303.674           4.061e+01     
   0.000         145.000            1.250e-05           7.120e-06             121.086           5.377e-06             123.933           4.065e+01     
   5.000         145.000            4.071e-02           4.070e-02             253.521           5.572e-06             101.021           1.851e+02     
  10.000         145.000            1.791e-01           1.791e-01             236.056           5.896e-06              75.835           3.162e+02     
  15.000         145.000            4.061e-01           4.061e-01             219.636           6.649e-06              50.276           3.162e+02     
  20.000         145.000            6.500e-01           6.500e-01             203.650           7.457e-06              26.473           3.162e+02     
  25.000         145.000            8.203e-01           8.202e-01             187.181           7.910e-06               4.857           3.162e+02     
  30.000         145.000            8.832e-01           8.832e-01             169.699           7.831e-06             343.858           3.162e+02     
  35.000         145.000            8.674e-01           8.674e-01             151.503           7.464e-06             323.375           3.162e+02     
  40.000         145.000            8.064e-01           8.064e-01             133.584           7.073e-06             304.042           3.162e+02     
  45.000         145.000            7.104e-01           7.104e-01             116.760           6.549e-06             287.843           3.162e+02     
  50.000         145.000            5.848e-01           5.848e-01             100.949           5.704e-06             274.773           3.162e+02     
  55.000         145.000            4.509e-01           4.509e-01              85.224           4.534e-06             264.502           3.162e+02     
  60.000         145.000            3.382e-01           3.382e-01              68.412           3.237e-06             256.478           3.162e+02     
  65.000         145.000            2.664e-01           2.664e-01              50.153           2.095e-06             249.568           3.162e+02     
  70.000         145.000            2.376e-01           2.376e-01              32.047           1.187e-06             244.531           3.162e+02     
  75.000         145.000            2.403e-01           2.403e-01              16.897           5.822e-07             240.466           3.162e+02     
  80.000         145.000            2.577e-01           2.577e-01               6.316           2.282e-07             237.379           3.162e+02     
  85.000         145.000            2.749e-01           2.749e-01               0.303           5.188e-08             235.378           3.162e+02     
  90.000         145.000            2.817e-01           2.817e-01             358.373           4.206e-12             244.357           3.162e+02     
  95.000         145.000            2.749e-01           2.749e-01               0.303           5.185e-08              55.385           3.162e+02     
 100.000         145.000            2.577e-01           2.577e-01               6.316           2.281e-07              57.382           3.162e+02     
 105.000         145.000            2.403e-01           2.403e-01              16.897           5.821e-07              60.468           3.162e+02     
 110.000         145.000            2.376e-01           2.376e-01              32.047           1.186e-06              64.531           3.162e+02     
 115.000         145.000            2.664e-01           2.664e-01              50.153           2.095e-06              69.568           3.162e+02     
 120.000         145.000            3.382e-01           3.382e-01              68.412           3.237e-06              76.478           3.162e+02     
 125.000         145.000            4.509e-01           4.509e-01              85.224           4.534e-06              84.501           3.162e+02     
 130.000         145.000            5.848e-01           5.848e-01             100.948           5.703e-06              94.772           3.162e+02     
 135.000         145.000            7.104e-01           7.104e-01             116.760           6.549e-06             107.842           3.162e+02     
 140.000         145.000            8.064e-01           8.064e-01             133.584           7.073e-06             124.041           3.162e+02     
 145.000         145.000            8.674e-01           8.674e-01             151.503           7.464e-06             143.374           3.162e+02     
 150.000         145.000            8.832e-01           8.832e-01             169.699           7.830e-06             163.857           3.162e+02     
 155.000         145.000            8.203e-01           8.202e-01             187.181           7.909e-06             184.856           3.162e+02     
 160.000         145.000            6.500e-01           6.500e-01             203.650           7.456e-06             206.473           3.162e+02     
 165.000         145.000            4.061e-01           4.061e-01             219.636           6.648e-06             230.277           3.162e+02     
 170.000         145.000            1.791e-01           1.791e-01             236.056           5.896e-06             255.836           3.162e+02     
 175.000         145.000            4.071e-02           4.070e-02             253.521           5.572e-06             281.023           1.851e+02     
 180.000         145.000            1.250e-05           7.119e-06             121.085           5.376e-06             303.934           4.061e+01     
   0.000         150.000            1.250e-05           8.180e-06             121.288           4.317e-06             124.251           4.065e+01     
   5.000         150.000            4.049e-02           4.049e-02             251.427           4.473e-06              99.250           2.039e+02     
  10.000         150.000            1.796e-01           1.796e-01             232.254           4.791e-06              71.960           3.162e+02     
  15.000         150.000            4.128e-01           4.128e-01             214.408           5.536e-06              44.604           3.162e+02     
  20.000         150.000            6.731e-01           6.731e-01             197.119           6.366e-06              19.904           3.162e+02     
  25.000         150.000            8.727e-01           8.727e-01             179.383           6.776e-06             356.424           3.162e+02     
  30.000         150.000            9.771e-01           9.771e-01             160.753           6.754e-06             333.893           3.162e+02     
  35.000         150.000            1.006e+00           1.006e+00             141.726           6.539e-06             311.732           3.162e+02     
  40.000         150.000            9.790e-01           9.790e-01             123.382           6.322e-06             291.393           3.162e+02     
  45.000         150.000            8.903e-01           8.903e-01             106.393           6.007e-06             273.648           3.162e+02     
  50.000         150.000            7.424e-01           7.424e-01              90.451           5.257e-06             260.070           3.162e+02     
  55.000         150.000            5.671e-01           5.671e-01              74.431           4.141e-06             249.483           3.162e+02     
  60.000         150.000            4.116e-01           4.116e-01              56.888           2.900e-06             241.107           3.162e+02     
  65.000         150.000            3.093e-01           3.093e-01              37.074           1.792e-06             234.500           3.162e+02     
  70.000         150.000            2.668e-01           2.668e-01              16.603           9.721e-07             229.259           3.162e+02     
  75.000         150.000            2.690e-01           2.690e-01             359.111           4.539e-07             225.165           3.162e+02     
  80.000         150.000            2.923e-01           2.923e-01             346.908           1.694e-07             222.154           3.162e+02     
  85.000         150.000            3.155e-01           3.155e-01             340.030           3.698e-08             220.494           3.162e+02     
  90.000         150.000            3.249e-01           3.249e-01             337.834           4.809e-12             213.613           3.162e+02     
  95.000         150.000            3.155e-01           3.155e-01             340.030           3.696e-08              40.506           3.162e+02     
 100.000         150.000            2.923e-01           2.923e-01             346.908           1.694e-07              42.159           3.162e+02     
 105.000         150.000            2.690e-01           2.690e-01             359.111           4.538e-07              45.168           3.162e+02     
 110.000         150.000            2.668e-01           2.668e-01              16.603           9.720e-07              49.261           3.162e+02     
 115.000         150.000            3.093e-01           3.093e-01              37.074           1.792e-06              54.500           3.162e+02     
 120.000         150.000            4.116e-01           4.116e-01              56.888           2.900e-06              61.108           3.162e+02     
 125.000         150.000            5.671e-01           5.671e-01              74.431           4.141e-06              69.482           3.162e+02     
 130.000         150.000            7.424e-01           7.424e-01              90.451           5.257e-06              80.070           3.162e+02     
 135.000         150.000            8.903e-01           8.903e-01             106.393           6.007e-06              93.647           3.162e+02     
 140.000         150.000            9.790e-01           9.790e-01             123.382           6.321e-06             111.392           3.162e+02     
 145.000         150.000            1.006e+00           1.006e+00             141.726           6.538e-06             131.731           3.162e+02     
 150.000         150.000            9.771e-01           9.771e-01             160.753           6.753e-06             153.892           3.162e+02     
 155.000         150.000            8.727e-01           8.727e-01             179.383           6.775e-06             176.423           3.162e+02     
 160.000         150.000            6.731e-01           6.731e-01             197.119           6.365e-06             199.904           3.162e+02     
 165.000         150.000            4.128e-01           4.128e-01             214.409           5.535e-06             224.604           3.162e+02     
 170.000         150.000            1.796e-01           1.796e-01             232.255           4.791e-06             251.962           3.162e+02     
 175.000         150.000            4.049e-02           4.049e-02             251.428           4.472e-06             279.252           2.039e+02     
 180.000         150.000            1.250e-05           8.178e-06             121.286           4.317e-06             304.253           4.061e+01     
   0.000         155.000            1.250e-05           9.181e-06             121.465           3.316e-06             124.657           4.065e+01     
   5.000         155.000            4.022e-02           4.021e-02             249.476           3.438e-06              97.855           2.276e+02     
  10.000         155.000            1.793e-01           1.793e-01             228.698           3.724e-06              68.860           3.162e+02     
  15.000         155.000            4.155e-01           4.155e-01             209.503           4.377e-06              40.120           3.162e+02     
  20.000         155.000            6.857e-01           6.857e-01             190.977           5.058e-06              14.297           3.162e+02     
  25.000         155.000            9.054e-01           9.054e-01             172.027           5.374e-06             349.547           3.162e+02     
  30.000         155.000            1.042e+00           1.042e+00             152.254           5.310e-06             325.577           3.162e+02     
  35.000         155.000            1.110e+00           1.110e+00             132.296           5.140e-06             301.770           3.162e+02     
  40.000         155.000            1.116e+00           1.116e+00             113.293           5.032e-06             279.584           3.162e+02     
  45.000         155.000            1.039e+00           1.039e+00              95.814           4.803e-06             260.954           3.162e+02     
  50.000         155.000            8.750e-01           8.750e-01              79.384           4.224e-06             246.260           3.162e+02     
  55.000         155.000            6.633e-01           6.633e-01              62.700           3.315e-06             234.637           3.162e+02     
  60.000         155.000            4.692e-01           4.692e-01              44.024           2.314e-06             225.080           3.162e+02     
  65.000         155.000            3.417e-01           3.417e-01              22.201           1.389e-06             217.900           3.162e+02     
  70.000         155.000            2.929e-01           2.929e-01             359.011           7.258e-07             212.170           3.162e+02     
  75.000         155.000            3.039e-01           3.039e-01             339.202           3.251e-07             207.909           3.162e+02     
  80.000         155.000            3.423e-01           3.423e-01             325.661           1.165e-07             204.646           3.162e+02     
  85.000         155.000            3.784e-01           3.784e-01             318.171           2.468e-08             202.687           3.162e+02     
  90.000         155.000            3.926e-01           3.926e-01             315.802           5.012e-12             191.764           3.162e+02     
  95.000         155.000            3.784e-01           3.784e-01             318.171           2.467e-08              22.706           3.162e+02     
 100.000         155.000            3.423e-01           3.423e-01             325.661           1.165e-07              24.655           3.162e+02     
 105.000         155.000            3.039e-01           3.039e-01             339.202           3.251e-07              27.914           3.162e+02     
 110.000         155.000            2.929e-01           2.929e-01             359.011           7.258e-07              32.173           3.162e+02     
 115.000         155.000            3.417e-01           3.417e-01              22.201           1.389e-06              37.902           3.162e+02     
 120.000         155.000            4.692e-01           4.692e-01              44.024           2.314e-06              45.081           3.162e+02     
 125.000         155.000            6.633e-01           6.633e-01              62.700           3.314e-06              54.637           3.162e+02     
 130.000         155.000            8.750e-01           8.750e-01              79.384           4.223e-06              66.260           3.162e+02     
 135.000         155.000            1.039e+00           1.039e+00              95.814           4.803e-06              80.954           3.162e+02     
 140.000         155.000            1.116e+00           1.116e+00             113.293           5.032e-06              99.584           3.162e+02     
 145.000         155.000            1.110e+00           1.110e+00             132.296           5.140e-06             121.769           3.162e+02     
 150.000         155.000            1.042e+00           1.042e+00             152.254           5.310e-06             145.577           3.162e+02     
 155.000         155.000            9.054e-01           9.054e-01             172.027           5.374e-06             169.547           3.162e+02     
 160.000         155.000            6.857e-01           6.857e-01             190.977           5.057e-06             194.297           3.162e+02     
 165.000         155.000            4.155e-01           4.155e-01             209.503           4.376e-06             220.121           3.162e+02     
 170.000         155.000            1.793e-01           1.793e-01             228.698           3.724e-06             248.862           3.162e+02     
 175.000         155.000            4.022e-02           4.021e-02             249.476           3.437e-06             277.857           2.276e+02     
 180.000         155.000            1.250e-05           9.179e-06             121.463           3.316e-06             304.659           4.061e+01     
   0.000         160.000            1.250e-05           1.009e-05             121.624           2.404e-06             125.200           4.065e+01     
   5.000         160.000            3.989e-02           3.988e-02             247.676           2.498e-06              96.953           2.584e+02     
  10.000         160.000            1.780e-01           1.780e-01             225.394           2.733e-06              66.749           3.162e+02     
  15.000         160.000            4.140e-01           4.140e-01             204.917           3.237e-06              37.118           3.162e+02     
  20.000         160.000            6.868e-01           6.868e-01             185.198           3.711e-06              10.531           3.162e+02     
  25.000         160.000            9.153e-01           9.153e-01             165.049           3.875e-06             345.427           3.162e+02     
  30.000         160.000            1.071e+00           1.071e+00             144.078           3.716e-06             319.960           3.162e+02     
  35.000         160.000            1.168e+00           1.168e+00             123.034           3.551e-06             293.176           3.162e+02     
  40.000         160.000            1.204e+00           1.204e+00             103.130           3.497e-06             268.829           3.162e+02     
  45.000         160.000            1.144e+00           1.144e+00              84.875           3.403e-06             248.347           3.162e+02     
  50.000         160.000            9.723e-01           9.723e-01              67.647           3.055e-06             232.177           3.162e+02     
  55.000         160.000            7.350e-01           7.350e-01              49.935           2.429e-06             219.392           3.162e+02     
  60.000         160.000            5.131e-01           5.131e-01              29.660           1.678e-06             209.296           3.162e+02     
  65.000         160.000            3.723e-01           3.723e-01               5.342           1.004e-06             201.241           3.162e+02     
  70.000         160.000            3.319e-01           3.319e-01             339.400           5.209e-07             195.063           3.162e+02     
  75.000         160.000            3.680e-01           3.680e-01             317.932           2.302e-07             190.135           3.162e+02     
  80.000         160.000            4.372e-01           4.372e-01             303.815           8.115e-08             186.629           3.162e+02     
  85.000         160.000            4.974e-01           4.974e-01             296.187           1.693e-08             184.551           3.162e+02     
  90.000         160.000            5.207e-01           5.207e-01             293.796           4.290e-12             175.775           3.162e+02     
  95.000         160.000            4.974e-01           4.974e-01             296.187           1.693e-08               4.582           3.162e+02     
 100.000         160.000            4.372e-01           4.372e-01             303.815           8.115e-08               6.643           3.162e+02     
 105.000         160.000            3.680e-01           3.680e-01             317.932           2.302e-07              10.143           3.162e+02     
 110.000         160.000            3.319e-01           3.319e-01             339.400           5.209e-07              15.067           3.162e+02     
 115.000         160.000            3.723e-01           3.723e-01               5.342           1.004e-06              21.244           3.162e+02     
 120.000         160.000            5.131e-01           5.131e-01              29.660           1.678e-06              29.299           3.162e+02     
 125.000         160.000            7.350e-01           7.350e-01              49.935           2.429e-06              39.394           3.162e+02     
 130.000         160.000            9.723e-01           9.723e-01              67.647           3.055e-06              52.178           3.162e+02     
 135.000         160.000            1.144e+00           1.144e+00              84.875           3.403e-06              68.347           3.162e+02     
 140.000         160.000            1.204e+00           1.204e+00             103.130           3.497e-06              88.830           3.162e+02     
 145.000         160.000            1.168e+00           1.168e+00             123.034           3.551e-06             113.176           3.162e+02     
 150.000         160.000            1.071e+00           1.071e+00             144.078           3.715e-06             139.960           3.162e+02     
 155.000         160.000            9.153e-01           9.153e-01             165.049           3.875e-06             165.427           3.162e+02     
 160.000         160.000            6.868e-01           6.868e-01             185.198           3.710e-06             190.532           3.162e+02     
 165.000         160.000            4.140e-01           4.140e-01             204.917           3.237e-06             217.119           3.162e+02     
 170.000         160.000            1.780e-01           1.780e-01             225.394           2.733e-06             246.752           3.162e+02     
 175.000         160.000            3.989e-02           3.988e-02             247.677           2.498e-06             276.956           2.584e+02     
 180.000         160.000            1.250e-05           1.009e-05             121.623           2.404e-06             305.203           4.061e+01     
   0.000         165.000            1.250e-05           1.089e-05             121.770           1.609e-06             125.981           4.065e+01     
   5.000         165.000            3.950e-02           3.950e-02             246.041           1.681e-06              96.744           3.002e+02     
  10.000         165.000            1.758e-01           1.758e-01             222.353           1.858e-06              65.997           3.162e+02     
  15.000         165.000            4.084e-01           4.084e-01             200.648           2.192e-06              36.133           3.162e+02     
  20.000         165.000            6.766e-01           6.766e-01             179.758           2.453e-06               9.275           3.162e+02     
  25.000         165.000            9.028e-01           9.028e-01             158.387           2.456e-06             343.453           3.162e+02     
  30.000         165.000            1.064e+00           1.064e+00             136.123           2.231e-06             316.356           3.162e+02     
  35.000         165.000            1.180e+00           1.180e+00             113.825           2.038e-06             287.699           3.162e+02     
  40.000         165.000            1.243e+00           1.243e+00              92.831           2.007e-06             260.184           3.162e+02     
  45.000         165.000            1.204e+00           1.204e+00              73.639           2.069e-06             236.403           3.162e+02     
  50.000         165.000            1.038e+00           1.038e+00              55.494           1.933e-06             218.568           3.162e+02     
  55.000         165.000            7.884e-01           7.884e-01              36.666           1.590e-06             204.589           3.162e+02     
  60.000         165.000            5.510e-01           5.510e-01              14.743           1.129e-06             193.562           3.162e+02     
  65.000         165.000            4.084e-01           4.084e-01             348.076           6.899e-07             185.003           3.162e+02     
  70.000         165.000            3.885e-01           3.885e-01             320.084           3.633e-07             178.068           3.162e+02     
  75.000         165.000            4.635e-01           4.635e-01             297.920           1.622e-07             172.840           3.162e+02     
  80.000         165.000            5.768e-01           5.768e-01             283.856           5.751e-08             169.182           3.162e+02     
  85.000         165.000            6.713e-01           6.713e-01             276.374           1.203e-08             167.021           3.162e+02     
  90.000         165.000            7.074e-01           7.074e-01             274.039           2.860e-12             163.638           3.162e+02     
  95.000         165.000            6.713e-01           6.713e-01             276.374           1.204e-08             347.070           3.162e+02     
 100.000         165.000            5.768e-01           5.768e-01             283.856           5.752e-08             349.204           3.162e+02     
 105.000         165.000            4.635e-01           4.635e-01             297.920           1.622e-07             352.852           3.162e+02     
 110.000         165.000            3.885e-01           3.885e-01             320.084           3.634e-07             358.076           3.162e+02     
 115.000         165.000            4.084e-01           4.084e-01             348.076           6.900e-07               5.008           3.162e+02     
 120.000         165.000            5.510e-01           5.510e-01              14.743           1.129e-06              13.565           3.162e+02     
 125.000         165.000            7.884e-01           7.884e-01              36.666           1.590e-06              24.592           3.162e+02     
 130.000         165.000            1.038e+00           1.038e+00              55.494           1.933e-06              38.570           3.162e+02     
 135.000         165.000            1.204e+00           1.204e+00              73.639           2.069e-06              56.405           3.162e+02     
 140.000         165.000            1.243e+00           1.243e+00              92.831           2.007e-06              80.186           3.162e+02     
 145.000         165.000            1.180e+00           1.180e+00             113.825           2.038e-06             107.701           3.162e+02     
 150.000         165.000            1.064e+00           1.064e+00             136.123           2.230e-06             136.357           3.162e+02     
 155.000         165.000            9.028e-01           9.028e-01             158.387           2.456e-06             163.455           3.162e+02     
 160.000         165.000            6.766e-01           6.766e-01             179.758           2.453e-06             189.277           3.162e+02     
 165.000         165.000            4.084e-01           4.084e-01             200.648           2.192e-06             216.135           3.162e+02     
 170.000         165.000            1.758e-01           1.758e-01             222.353           1.858e-06             246.001           3.162e+02     
 175.000         165.000            3.950e-02           3.950e-02             246.041           1.681e-06             276.747           3.001e+02     
 180.000         165.000            1.250e-05           1.089e-05             121.769           1.609e-06             305.984           4.061e+01     
   0.000         170.000            1.250e-05           1.154e-05             121.907           9.543e-07             127.219           4.065e+01     
   5.000         170.000            3.906e-02           3.906e-02             244.578           1.012e-06              97.641           3.162e+02     
  10.000         170.000            1.728e-01           1.728e-01             219.584           1.134e-06              67.348           3.162e+02     
  15.000         170.000            3.990e-01           3.990e-01             196.694           1.318e-06              38.312           3.162e+02     
  20.000         170.000            6.564e-01           6.564e-01             174.636           1.414e-06              12.087           3.162e+02     
  25.000         170.000            8.709e-01           8.709e-01             151.991           1.317e-06             346.366           3.162e+02     
  30.000         170.000            1.028e+00           1.028e+00             128.319           1.080e-06             318.167           3.162e+02     
  35.000         170.000            1.155e+00           1.155e+00             104.627           8.962e-07             286.109           3.162e+02     
  40.000         170.000            1.244e+00           1.244e+00              82.459           8.697e-07             253.706           3.162e+02     
  45.000         170.000            1.233e+00           1.233e+00              62.349           9.285e-07             226.878           3.162e+02     
  50.000         170.000            1.082e+00           1.082e+00              43.416           9.405e-07             206.358           3.162e+02     
  55.000         170.000            8.311e-01           8.311e-01              23.737           8.260e-07             190.810           3.162e+02     
  60.000         170.000            5.858e-01           5.858e-01               0.630           6.165e-07             178.642           3.162e+02     
  65.000         170.000            4.449e-01           4.449e-01             332.364           3.905e-07             169.115           3.162e+02     
  70.000         170.000            4.465e-01           4.465e-01             303.170           2.107e-07             161.397           3.162e+02     
  75.000         170.000            5.608e-01           5.608e-01             280.777           9.532e-08             155.449           3.162e+02     
  80.000         170.000            7.192e-01           7.192e-01             266.867           3.398e-08             151.154           3.162e+02     
  85.000         170.000            8.489e-01           8.489e-01             259.523           7.120e-09             148.472           3.162e+02     
  90.000         170.000            8.983e-01           8.983e-01             257.237           1.335e-12             154.855           3.162e+02     
  95.000         170.000            8.489e-01           8.489e-01             259.523           7.124e-09             328.551           3.162e+02     
 100.000         170.000            7.192e-01           7.192e-01             266.867           3.399e-08             331.190           3.162e+02     
 105.000         170.000            5.608e-01           5.608e-01             280.777           9.534e-08             335.469           3.162e+02     
 110.000         170.000            4.465e-01           4.465e-01             303.170           2.107e-07             341.410           3.162e+02     
 115.000         170.000            4.449e-01           4.449e-01             332.364           3.906e-07             349.123           3.162e+02     
 120.000         170.000            5.858e-01           5.858e-01               0.630           6.165e-07             358.648           3.162e+02     
 125.000         170.000            8.311e-01           8.311e-01              23.737           8.260e-07              10.815           3.162e+02     
 130.000         170.000            1.082e+00           1.082e+00              43.416           9.405e-07              26.363           3.162e+02     
 135.000         170.000            1.233e+00           1.233e+00              62.349           9.285e-07              46.882           3.162e+02     
 140.000         170.000            1.244e+00           1.244e+00              82.459           8.697e-07              73.710           3.162e+02     
 145.000         170.000            1.155e+00           1.155e+00             104.627           8.961e-07             106.112           3.162e+02     
 150.000         170.000            1.028e+00           1.028e+00             128.319           1.080e-06             138.171           3.162e+02     
 155.000         170.000            8.709e-01           8.709e-01             151.991           1.317e-06             166.369           3.162e+02     
 160.000         170.000            6.564e-01           6.564e-01             174.636           1.414e-06             192.091           3.162e+02     
 165.000         170.000            3.990e-01           3.990e-01             196.694           1.318e-06             218.316           3.162e+02     
 170.000         170.000            1.728e-01           1.728e-01             219.584           1.134e-06             247.353           3.162e+02     
 175.000         170.000            3.906e-02           3.906e-02             244.578           1.012e-06             277.646           3.162e+02     
 180.000         170.000            1.250e-05           1.154e-05             121.906           9.543e-07             307.223           4.061e+01     
   0.000         175.000            1.250e-05           1.204e-05             122.037           4.609e-07             129.534           4.065e+01     
   5.000         175.000            3.857e-02           3.857e-02             243.297           5.067e-07             100.715           3.162e+02     
  10.000         175.000            1.690e-01           1.690e-01             217.099           5.914e-07              72.465           3.162e+02     
  15.000         175.000            3.863e-01           3.863e-01             193.058           6.800e-07              46.489           3.162e+02     
  20.000         175.000            6.283e-01           6.283e-01             169.818           6.939e-07              23.009           3.162e+02     
  25.000         175.000            8.252e-01           8.252e-01             145.834           5.866e-07             359.922           3.162e+02     
  30.000         175.000            9.731e-01           9.731e-01             120.647           4.010e-07             333.829           3.162e+02     
  35.000         175.000            1.109e+00           1.109e+00              95.494           2.460e-07             300.017           3.162e+02     
  40.000         175.000            1.223e+00           1.223e+00              72.208           1.913e-07             258.077           3.162e+02     
  45.000         175.000            1.242e+00           1.242e+00              51.365           2.172e-07             220.889           3.162e+02     
  50.000         175.000            1.112e+00           1.112e+00              31.954           2.585e-07             194.416           3.162e+02     
  55.000         175.000            8.644e-01           8.644e-01              11.896           2.610e-07             175.283           3.162e+02     
  60.000         175.000            6.125e-01           6.125e-01             348.334           2.160e-07             160.347           3.162e+02     
  65.000         175.000            4.679e-01           4.679e-01             319.354           1.499e-07             147.685           3.162e+02     
  70.000         175.000            4.785e-01           4.785e-01             289.433           8.722e-08             136.751           3.162e+02     
  75.000         175.000            6.150e-01           6.150e-01             266.715           4.230e-08             127.284           3.162e+02     
  80.000         175.000            8.013e-01           8.013e-01             252.737           1.609e-08             119.527           3.162e+02     
  85.000         175.000            9.537e-01           9.537e-01             245.393           3.565e-09             114.096           3.162e+02     
  90.000         175.000            1.012e+00           1.012e+00             243.109           2.971e-13             153.439           3.162e+02     
  95.000         175.000            9.537e-01           9.537e-01             245.393           3.562e-09             294.214           3.162e+02     
 100.000         175.000            8.013e-01           8.013e-01             252.737           1.609e-08             299.582           3.162e+02     
 105.000         175.000            6.150e-01           6.150e-01             266.715           4.230e-08             307.317           3.162e+02     
 110.000         175.000            4.785e-01           4.785e-01             289.433           8.722e-08             316.773           3.162e+02     
 115.000         175.000            4.679e-01           4.679e-01             319.354           1.499e-07             327.700           3.162e+02     
 120.000         175.000            6.125e-01           6.125e-01             348.334           2.160e-07             340.358           3.162e+02     
 125.000         175.000            8.644e-01           8.644e-01              11.896           2.610e-07             355.293           3.162e+02     
 130.000         175.000            1.112e+00           1.112e+00              31.954           2.585e-07              14.425           3.162e+02     
 135.000         175.000            1.242e+00           1.242e+00              51.365           2.172e-07              40.898           3.162e+02     
 140.000         175.000            1.223e+00           1.223e+00              72.208           1.913e-07              78.087           3.162e+02     
 145.000         175.000            1.109e+00           1.109e+00              95.494           2.460e-07             120.025           3.162e+02     
 150.000         175.000            9.731e-01           9.731e-01             120.647           4.011e-07             153.834           3.162e+02     
 155.000         175.000            8.252e-01           8.252e-01             145.834           5.866e-07             179.927           3.162e+02     
 160.000         175.000            6.283e-01           6.283e-01             169.818           6.940e-07             203.014           3.162e+02     
 165.000         175.000            3.863e-01           3.863e-01             193.058           6.800e-07             226.495           3.162e+02     
 170.000         175.000            1.690e-01           1.690e-01             217.099           5.915e-07             252.471           3.162e+02     
 175.000         175.000            3.857e-02           3.857e-02             243.297           5.067e-07             280.722           3.162e+02     
 180.000         175.000            1.250e-05           1.203e-05             122.037           4.609e-07             309.539           4.061e+01     
   0.000         180.000            1.250e-05           1.235e-05             122.163           1.433e-07             135.515           4.065e+01     
   5.000         180.000            3.803e-02           3.803e-02             242.208           1.903e-07             110.538           3.162e+02     
  10.000         180.000            1.646e-01           1.646e-01             214.907           2.620e-07              87.819           3.162e+02     
  15.000         180.000            3.713e-01           3.713e-01             189.749           3.372e-07              68.439           3.162e+02     
  20.000         180.000            5.951e-01           5.951e-01             165.306           3.737e-07              51.447           3.162e+02     
  25.000         180.000            7.724e-01           7.724e-01             139.920           3.404e-07              35.827           3.162e+02     
  30.000         180.000            9.104e-01           9.104e-01             113.160           2.495e-07              20.549           3.162e+02     
  35.000         180.000            1.055e+00           1.055e+00              86.596           1.413e-07               5.548           3.162e+02     
  40.000         180.000            1.194e+00           1.194e+00              62.386           5.602e-08             350.796           3.162e+02     
  45.000         180.000            1.242e+00           1.242e+00              41.089           1.051e-08             339.430           3.162e+02     
  50.000         180.000            1.130e+00           1.130e+00              21.535           3.480e-10              93.388           3.162e+02     
  55.000         180.000            8.854e-01           8.854e-01               1.543           1.041e-08             115.033           3.162e+02     
  60.000         180.000            6.249e-01           6.249e-01             338.177           2.487e-08             103.577           3.162e+02     
  65.000         180.000            4.684e-01           4.684e-01             309.225           3.324e-08              92.258           3.162e+02     
  70.000         180.000            4.696e-01           4.696e-01             278.788           3.219e-08              81.829           3.162e+02     
  75.000         180.000            6.017e-01           6.017e-01             255.432           2.378e-08              73.028           3.162e+02     
  80.000         180.000            7.872e-01           7.872e-01             241.074           1.260e-08              66.353           3.162e+02     
  85.000         180.000            9.402e-01           9.402e-01             233.556           3.490e-09              62.178           3.162e+02     
  90.000         180.000            9.987e-01           9.987e-01             231.222           3.479e-14             252.366           3.162e+02     
  95.000         180.000            9.402e-01           9.402e-01             233.556           3.479e-09             242.240           3.162e+02     
 100.000         180.000            7.872e-01           7.872e-01             241.074           1.258e-08             246.387           3.162e+02     
 105.000         180.000            6.017e-01           6.017e-01             255.432           2.375e-08             253.054           3.162e+02     
 110.000         180.000            4.696e-01           4.696e-01             278.788           3.216e-08             261.852           3.162e+02     
 115.000         180.000            4.684e-01           4.684e-01             309.225           3.322e-08             272.281           3.162e+02     
 120.000         180.000            6.249e-01           6.249e-01             338.177           2.485e-08             283.603           3.162e+02     
 125.000         180.000            8.854e-01           8.854e-01               1.543           1.040e-08             295.067           3.162e+02     
 130.000         180.000            1.130e+00           1.130e+00              21.535           3.450e-10             273.396           3.162e+02     
 135.000         180.000            1.242e+00           1.242e+00              41.089           1.052e-08             159.399           3.162e+02     
 140.000         180.000            1.194e+00           1.194e+00              62.386           5.605e-08             170.786           3.162e+02     
 145.000         180.000            1.055e+00           1.055e+00              86.596           1.414e-07             185.544           3.162e+02     
 150.000         180.000            9.104e-01           9.104e-01             113.160           2.496e-07             200.549           3.162e+02     
 155.000         180.000            7.724e-01           7.724e-01             139.919           3.404e-07             215.828           3.162e+02     
 160.000         180.000            5.951e-01           5.951e-01             165.306           3.738e-07             231.450           3.162e+02     
 165.000         180.000            3.713e-01           3.713e-01             189.749           3.373e-07             248.445           3.162e+02     
 170.000         180.000            1.646e-01           1.646e-01             214.907           2.621e-07             267.827           3.162e+02     
 175.000         180.000            3.803e-02           3.803e-02             242.208           1.904e-07             290.547           3.162e+02     
 180.000         180.000            1.250e-05           1.235e-05             122.163           1.434e-07             315.524           4.061e+01     
   0.000         185.000            1.250e-05           1.249e-05             122.287           1.126e-08             177.325           4.065e+01     
   5.000         185.000            3.746e-02           3.746e-02             241.318           4.059e-08             149.501           3.162e+02     
  10.000         185.000            1.596e-01           1.596e-01             213.023           1.203e-07             126.429           3.162e+02     
  15.000         185.000            3.546e-01           3.546e-01             186.783           2.596e-07             107.931           3.162e+02     
  20.000         185.000            5.596e-01           5.596e-01             161.123           4.139e-07              90.723           3.162e+02     
  25.000         185.000            7.186e-01           7.186e-01             134.300           5.202e-07              73.839           3.162e+02     
  30.000         185.000            8.505e-01           8.505e-01             106.004           5.497e-07              56.187           3.162e+02     
  35.000         185.000            1.006e+00           1.006e+00              78.226           5.194e-07              38.824           3.162e+02     
  40.000         185.000            1.168e+00           1.168e+00              53.388           4.537e-07              22.983           3.162e+02     
  45.000         185.000            1.237e+00           1.237e+00              31.909           3.670e-07              10.826           3.162e+02     
  50.000         185.000            1.135e+00           1.135e+00              12.434           2.729e-07               3.323           3.162e+02     
  55.000         185.000            8.917e-01           8.917e-01             352.749           1.888e-07               1.614           3.162e+02     
  60.000         185.000            6.231e-01           6.231e-01             329.958           1.310e-07               5.651           3.162e+02     
  65.000         185.000            4.513e-01           4.513e-01             301.588           9.452e-08              12.442           3.162e+02     
  70.000         185.000            4.308e-01           4.308e-01             270.916           7.036e-08              19.059           3.162e+02     
  75.000         185.000            5.369e-01           5.369e-01             246.716           4.796e-08              23.542           3.162e+02     
  80.000         185.000            6.969e-01           6.969e-01             231.703           2.518e-08              25.977           3.162e+02     
  85.000         185.000            8.313e-01           8.313e-01             223.845           7.022e-09              27.217           3.162e+02     
  90.000         185.000            8.828e-01           8.828e-01             221.409           4.882e-13             286.396           3.162e+02     
  95.000         185.000            8.313e-01           8.313e-01             223.845           7.009e-09             207.223           3.162e+02     
 100.000         185.000            6.969e-01           6.969e-01             231.703           2.515e-08             205.979           3.162e+02     
 105.000         185.000            5.369e-01           5.369e-01             246.716           4.792e-08             203.542           3.162e+02     
 110.000         185.000            4.308e-01           4.308e-01             270.916           7.032e-08             199.056           3.162e+02     
 115.000         185.000            4.513e-01           4.513e-01             301.588           9.447e-08             192.435           3.162e+02     
 120.000         185.000            6.231e-01           6.231e-01             329.958           1.309e-07             185.642           3.162e+02     
 125.000         185.000            8.917e-01           8.917e-01             352.749           1.887e-07             181.604           3.162e+02     
 130.000         185.000            1.135e+00           1.135e+00              12.434           2.728e-07             183.314           3.162e+02     
 135.000         185.000            1.237e+00           1.237e+00              31.909           3.670e-07             190.819           3.162e+02     
 140.000         185.000            1.168e+00           1.168e+00              53.388           4.538e-07             202.977           3.162e+02     
 145.000         185.000            1.006e+00           1.006e+00              78.226           5.195e-07             218.818           3.162e+02     
 150.000         185.000            8.505e-01           8.505e-01             106.004           5.498e-07             236.182           3.162e+02     
 155.000         185.000            7.186e-01           7.186e-01             134.300           5.203e-07             253.835           3.162e+02     
 160.000         185.000            5.596e-01           5.596e-01             161.123           4.140e-07             270.719           3.162e+02     
 165.000         185.000            3.546e-01           3.546e-01             186.783           2.597e-07             287.927           3.162e+02     
 170.000         185.000            1.596e-01           1.596e-01             213.023           1.204e-07             306.426           3.162e+02     
 175.000         185.000            3.746e-02           3.746e-02             241.319           4.064e-08             329.497           3.162e+02     
 180.000         185.000            1.250e-05           1.248e-05             122.286           1.128e-08             357.315           4.061e+01     
   0.000         190.000            1.250e-05           1.243e-05             122.410           6.871e-08             282.988           4.065e+01     
   5.000         190.000            3.687e-02           3.687e-02             240.637           8.024e-08             225.670           3.162e+02     
  10.000         190.000            1.543e-01           1.543e-01             211.463           1.894e-07             172.635           3.162e+02     
  15.000         190.000            3.370e-01           3.370e-01             184.189           4.705e-07             139.531           3.162e+02     
  20.000         190.000            5.243e-01           5.243e-01             157.317           8.194e-07             114.578           3.162e+02     
  25.000         190.000            6.691e-01           6.691e-01             129.092           1.092e-06              91.900           3.162e+02     
  30.000         190.000            8.003e-01           8.003e-01              99.430           1.223e-06              68.697           3.162e+02     
  35.000         190.000            9.689e-01           9.689e-01              70.780           1.275e-06              45.738           3.162e+02     
  40.000         190.000            1.147e+00           1.147e+00              45.650           1.283e-06              24.820           3.162e+02     
  45.000         190.000            1.226e+00           1.226e+00              24.187           1.212e-06               8.086           3.162e+02     
  50.000         190.000            1.128e+00           1.128e+00               4.864           1.032e-06             355.725           3.162e+02     
  55.000         190.000            8.844e-01           8.844e-01             345.497           7.700e-07             347.958           3.162e+02     
  60.000         190.000            6.126e-01           6.126e-01             323.347           5.048e-07             344.580           3.162e+02     
  65.000         190.000            4.299e-01           4.299e-01             295.897           3.025e-07             345.626           3.162e+02     
  70.000         190.000            3.867e-01           3.867e-01             265.523           1.685e-07             349.898           3.162e+02     
  75.000         190.000            4.596e-01           4.596e-01             240.657           8.787e-08             355.944           3.162e+02     
  80.000         190.000            5.841e-01           5.841e-01             224.905           3.863e-08               1.603           3.162e+02     
  85.000         190.000            6.913e-01           6.913e-01             216.608           9.828e-09               5.581           3.162e+02     
  90.000         190.000            7.326e-01           7.326e-01             214.033           1.372e-12             284.492           3.162e+02     
  95.000         190.000            6.913e-01           6.913e-01             216.608           9.818e-09             185.576           3.162e+02     
 100.000         190.000            5.841e-01           5.841e-01             224.905           3.861e-08             181.600           3.162e+02     
 105.000         190.000            4.596e-01           4.596e-01             240.657           8.784e-08             175.940           3.162e+02     
 110.000         190.000            3.867e-01           3.867e-01             265.523           1.685e-07             169.894           3.162e+02     
 115.000         190.000            4.299e-01           4.299e-01             295.897           3.025e-07             165.622           3.162e+02     
 120.000         190.000            6.126e-01           6.126e-01             323.347           5.047e-07             164.575           3.162e+02     
 125.000         190.000            8.844e-01           8.844e-01             345.497           7.699e-07             167.954           3.162e+02     
 130.000         190.000            1.128e+00           1.128e+00               4.864           1.032e-06             175.721           3.162e+02     
 135.000         190.000            1.226e+00           1.226e+00              24.187           1.212e-06             188.083           3.162e+02     
 140.000         190.000            1.147e+00           1.147e+00              45.650           1.283e-06             204.816           3.162e+02     
 145.000         190.000            9.689e-01           9.689e-01              70.780           1.275e-06             225.734           3.162e+02     
 150.000         190.000            8.003e-01           8.003e-01              99.430           1.224e-06             248.693           3.162e+02     
 155.000         190.000            6.691e-01           6.691e-01             129.092           1.092e-06             271.895           3.162e+02     
 160.000         190.000            5.243e-01           5.243e-01             157.317           8.195e-07             294.571           3.162e+02     
 165.000         190.000            3.370e-01           3.370e-01             184.189           4.706e-07             319.522           3.162e+02     
 170.000         190.000            1.543e-01           1.543e-01             211.463           1.894e-07             352.619           3.162e+02     
 175.000         190.000            3.687e-02           3.687e-02             240.637           8.023e-08              45.644           3.162e+02     
 180.000         190.000            1.250e-05           1.243e-05             122.410           6.867e-08             102.965           4.061e+01     
   0.000         195.000            1.250e-05           1.218e-05             122.535           3.139e-07             293.495           4.065e+01     
   5.000         195.000            3.625e-02           3.625e-02             240.171           3.029e-07             246.311           3.162e+02     
  10.000         195.000            1.488e-01           1.488e-01             210.251           4.526e-07             194.122           3.162e+02     
  15.000         195.000            3.194e-01           3.194e-01             182.004           9.241e-07             155.009           3.162e+02     
  20.000         195.000            4.912e-01           4.912e-01             153.970           1.510e-06             126.070           3.162e+02     
  25.000         195.000            6.269e-01           6.269e-01             124.470           1.941e-06             100.316           3.162e+02     
  30.000         195.000            7.623e-01           7.623e-01              93.766           2.127e-06              74.079           3.162e+02     
  35.000         195.000            9.436e-01           9.436e-01              64.684           2.235e-06              47.849           3.162e+02     
  40.000         195.000            1.130e+00           1.130e+00              39.584           2.348e-06              23.944           3.162e+02     
  45.000         195.000            1.209e+00           1.209e+00              18.269           2.307e-06               4.752           3.162e+02     
  50.000         195.000            1.107e+00           1.107e+00             359.084           2.052e-06             350.242           3.162e+02     
  55.000         195.000            8.645e-01           8.645e-01             339.919           1.573e-06             339.697           3.162e+02     
  60.000         195.000            5.975e-01           5.975e-01             318.266           1.030e-06             332.777           3.162e+02     
  65.000         195.000            4.134e-01           4.134e-01             291.830           5.820e-07             329.558           3.162e+02     
  70.000         195.000            3.548e-01           3.548e-01             262.401           2.852e-07             329.446           3.162e+02     
  75.000         195.000            3.991e-01           3.991e-01             237.514           1.224e-07             332.416           3.162e+02     
  80.000         195.000            4.904e-01           4.904e-01             221.280           4.384e-08             337.182           3.162e+02     
  85.000         195.000            5.715e-01           5.715e-01             212.606           9.603e-09             341.735           3.162e+02     
  90.000         195.000            6.031e-01           6.031e-01             209.901           2.317e-12             281.785           3.162e+02     
  95.000         195.000            5.715e-01           5.715e-01             212.606           9.598e-09             161.734           3.162e+02     
 100.000         195.000            4.904e-01           4.904e-01             221.280           4.383e-08             157.180           3.162e+02     
 105.000         195.000            3.991e-01           3.991e-01             237.514           1.224e-07             152.414           3.162e+02     
 110.000         195.000            3.548e-01           3.548e-01             262.401           2.852e-07             149.444           3.162e+02     
 115.000         195.000            4.134e-01           4.134e-01             291.830           5.819e-07             149.556           3.162e+02     
 120.000         195.000            5.975e-01           5.975e-01             318.266           1.030e-06             152.774           3.162e+02     
 125.000         195.000            8.645e-01           8.645e-01             339.919           1.573e-06             159.695           3.162e+02     
 130.000         195.000            1.107e+00           1.107e+00             359.084           2.051e-06             170.240           3.162e+02     
 135.000         195.000            1.209e+00           1.209e+00              18.269           2.306e-06             184.749           3.162e+02     
 140.000         195.000            1.130e+00           1.130e+00              39.584           2.348e-06             203.941           3.162e+02     
 145.000         195.000            9.436e-01           9.436e-01              64.684           2.235e-06             227.846           3.162e+02     
 150.000         195.000            7.623e-01           7.623e-01              93.766           2.127e-06             254.076           3.162e+02     
 155.000         195.000            6.269e-01           6.269e-01             124.470           1.941e-06             280.311           3.162e+02     
 160.000         195.000            4.912e-01           4.912e-01             153.970           1.511e-06             306.064           3.162e+02     
 165.000         195.000            3.194e-01           3.194e-01             182.004           9.241e-07             335.000           3.162e+02     
 170.000         195.000            1.488e-01           1.488e-01             210.251           4.525e-07              14.110           3.162e+02     
 175.000         195.000            3.625e-02           3.625e-02             240.171           3.028e-07              66.298           3.162e+02     
 180.000         195.000            1.250e-05           1.218e-05             122.534           3.138e-07             113.485           4.061e+01     
   0.000         200.000            1.250e-05           1.176e-05             122.663           7.394e-07             296.681           4.065e+01     
   5.000         200.000            3.562e-02           3.562e-02             239.928           6.967e-07             253.409           3.162e+02     
  10.000         200.000            1.431e-01           1.431e-01             209.406           8.820e-07             204.167           3.162e+02     
  15.000         200.000            3.022e-01           3.022e-01             180.277           1.556e-06             163.549           3.162e+02     
  20.000         200.000            4.612e-01           4.612e-01             151.188           2.385e-06             132.820           3.162e+02     
  25.000         200.000            5.928e-01           5.928e-01             120.653           2.937e-06             105.503           3.162e+02     
  30.000         200.000            7.356e-01           7.356e-01              89.349           3.116e-06              77.585           3.162e+02     
  35.000         200.000            9.260e-01           9.260e-01              60.303           3.186e-06              49.739           3.162e+02     
  40.000         200.000            1.111e+00           1.111e+00              35.517           3.354e-06              23.861           3.162e+02     
  45.000         200.000            1.178e+00           1.178e+00              14.461           3.398e-06               2.586           3.162e+02     
  50.000         200.000            1.068e+00           1.068e+00             355.418           3.077e-06             346.080           3.162e+02     
  55.000         200.000            8.294e-01           8.294e-01             336.372           2.397e-06             333.161           3.162e+02     
  60.000         200.000            5.746e-01           5.746e-01             315.052           1.582e-06             323.136           3.162e+02     
  65.000         200.000            3.985e-01           3.985e-01             289.528           8.826e-07             315.470           3.162e+02     
  70.000         200.000            3.339e-01           3.339e-01             261.409           4.170e-07             310.239           3.162e+02     
  75.000         200.000            3.584e-01           3.584e-01             237.211           1.641e-07             306.788           3.162e+02     
  80.000         200.000            4.242e-01           4.242e-01             220.986           5.120e-08             305.238           3.162e+02     
  85.000         200.000            4.844e-01           4.844e-01             212.161           9.668e-09             305.115           3.162e+02     
  90.000         200.000            5.081e-01           5.081e-01             209.389           2.992e-12             281.872           3.162e+02     
  95.000         200.000            4.844e-01           4.844e-01             212.161           9.664e-09             125.123           3.162e+02     
 100.000         200.000            4.242e-01           4.242e-01             220.986           5.119e-08             125.241           3.162e+02     
 105.000         200.000            3.584e-01           3.584e-01             237.211           1.641e-07             126.788           3.162e+02     
 110.000         200.000            3.339e-01           3.339e-01             261.409           4.169e-07             130.238           3.162e+02     
 115.000         200.000            3.985e-01           3.985e-01             289.528           8.825e-07             135.469           3.162e+02     
 120.000         200.000            5.746e-01           5.746e-01             315.052           1.582e-06             143.135           3.162e+02     
 125.000         200.000            8.294e-01           8.294e-01             336.372           2.397e-06             153.159           3.162e+02     
 130.000         200.000            1.068e+00           1.068e+00             355.418           3.077e-06             166.078           3.162e+02     
 135.000         200.000            1.178e+00           1.178e+00              14.461           3.398e-06             182.585           3.162e+02     
 140.000         200.000            1.111e+00           1.111e+00              35.517           3.354e-06             203.860           3.162e+02     
 145.000         200.000            9.260e-01           9.260e-01              60.303           3.186e-06             229.737           3.162e+02     
 150.000         200.000            7.356e-01           7.356e-01              89.349           3.116e-06             257.582           3.162e+02     
 155.000         200.000            5.928e-01           5.928e-01             120.653           2.937e-06             285.499           3.162e+02     
 160.000         200.000            4.612e-01           4.612e-01             151.188           2.385e-06             312.815           3.162e+02     
 165.000         200.000            3.022e-01           3.022e-01             180.277           1.556e-06             343.542           3.162e+02     
 170.000         200.000            1.431e-01           1.431e-01             209.406           8.819e-07              24.157           3.162e+02     
 175.000         200.000            3.562e-02           3.562e-02             239.928           6.965e-07              73.400           3.162e+02     
 180.000         200.000            1.250e-05           1.176e-05             122.663           7.392e-07             116.675           4.061e+01     
   0.000         205.000            1.250e-05           1.116e-05             122.797           1.332e-06             298.227           4.065e+01     
   5.000         205.000            3.499e-02           3.499e-02             239.913           1.245e-06             257.311           3.162e+02     
  10.000         205.000            1.375e-01           1.375e-01             208.954           1.444e-06             210.454           3.162e+02     
  15.000         205.000            2.858e-01           2.858e-01             179.066           2.292e-06             169.564           3.162e+02     
  20.000         205.000            4.348e-01           4.348e-01             149.097           3.331e-06             137.897           3.162e+02     
  25.000         205.000            5.658e-01           5.658e-01             117.870           3.938e-06             109.933           3.162e+02     
  30.000         205.000            7.161e-01           7.161e-01              86.464           4.030e-06              81.517           3.162e+02     
  35.000         205.000            9.089e-01           9.089e-01              57.867           4.006e-06              52.230           3.162e+02     
  40.000         205.000            1.081e+00           1.081e+00              33.630           4.156e-06              24.677           3.162e+02     
  45.000         205.000            1.128e+00           1.128e+00              12.970           4.216e-06               1.673           3.162e+02     
  50.000         205.000            1.006e+00           1.006e+00             354.167           3.846e-06             343.302           3.162e+02     
  55.000         205.000            7.731e-01           7.731e-01             335.301           3.045e-06             328.112           3.162e+02     
  60.000         205.000            5.346e-01           5.346e-01             314.282           2.006e-06             315.394           3.162e+02     
  65.000         205.000            3.716e-01           3.716e-01             289.480           1.156e-06             304.002           3.162e+02     
  70.000         205.000            3.075e-01           3.075e-01             262.492           5.710e-07             293.635           3.162e+02     
  75.000         205.000            3.199e-01           3.199e-01             239.126           2.394e-07             284.508           3.162e+02     
  80.000         205.000            3.677e-01           3.677e-01             223.191           8.104e-08             276.442           3.162e+02     
  85.000         205.000            4.127e-01           4.127e-01             214.410           1.652e-08             270.662           3.162e+02     
  90.000         205.000            4.306e-01           4.306e-01             211.636           3.292e-12             286.382           3.162e+02     
  95.000         205.000            4.127e-01           4.127e-01             214.410           1.651e-08              90.668           3.162e+02     
 100.000         205.000            3.677e-01           3.677e-01             223.191           8.102e-08              96.444           3.162e+02     
 105.000         205.000            3.199e-01           3.199e-01             239.126           2.394e-07             104.509           3.162e+02     
 110.000         205.000            3.075e-01           3.075e-01             262.492           5.710e-07             113.635           3.162e+02     
 115.000         205.000            3.716e-01           3.716e-01             289.480           1.156e-06             124.001           3.162e+02     
 120.000         205.000            5.346e-01           5.346e-01             314.282           2.006e-06             135.394           3.162e+02     
 125.000         205.000            7.731e-01           7.731e-01             335.301           3.045e-06             148.111           3.162e+02     
 130.000         205.000            1.006e+00           1.006e+00             354.167           3.846e-06             163.301           3.162e+02     
 135.000         205.000            1.128e+00           1.128e+00              12.970           4.216e-06             181.672           3.162e+02     
 140.000         205.000            1.081e+00           1.081e+00              33.630           4.156e-06             204.675           3.162e+02     
 145.000         205.000            9.089e-01           9.089e-01              57.867           4.006e-06             232.228           3.162e+02     
 150.000         205.000            7.161e-01           7.161e-01              86.464           4.029e-06             261.515           3.162e+02     
 155.000         205.000            5.658e-01           5.658e-01             117.870           3.938e-06             289.929           3.162e+02     
 160.000         205.000            4.348e-01           4.348e-01             149.097           3.331e-06             317.892           3.162e+02     
 165.000         205.000            2.858e-01           2.858e-01             179.066           2.291e-06             349.558           3.162e+02     
 170.000         205.000            1.375e-01           1.375e-01             208.954           1.444e-06              30.446           3.162e+02     
 175.000         205.000            3.499e-02           3.499e-02             239.913           1.244e-06              77.305           3.162e+02     
 180.000         205.000            1.250e-05           1.116e-05             122.797           1.332e-06             118.223           4.061e+01     
   0.000         210.000            1.250e-05           1.042e-05             122.939           2.075e-06             299.150           4.065e+01     
   5.000         210.000            3.438e-02           3.437e-02             240.132           1.926e-06             260.153           3.162e+02     
  10.000         210.000            1.320e-01           1.320e-01             208.918           2.102e-06             215.431           3.162e+02     
  15.000         210.000            2.705e-01           2.705e-01             178.435           3.057e-06             174.770           3.162e+02     
  20.000         210.000            4.118e-01           4.118e-01             147.828           4.240e-06             142.542           3.162e+02     
  25.000         210.000            5.437e-01           5.437e-01             116.319           4.866e-06             114.493           3.162e+02     
  30.000         210.000            6.982e-01           6.982e-01              85.282           4.810e-06              85.732           3.162e+02     
  35.000         210.000            8.843e-01           8.843e-01              57.456           4.609e-06              55.596           3.162e+02     
  40.000         210.000            1.034e+00           1.034e+00              33.949           4.635e-06              26.920           3.162e+02     
  45.000         210.000            1.054e+00           1.054e+00              13.838           4.564e-06               2.542           3.162e+02     
  50.000         210.000            9.196e-01           9.195e-01             355.458           4.183e-06             342.304           3.162e+02     
  55.000         210.000            6.930e-01           6.930e-01             336.979           3.334e-06             325.263           3.162e+02     
  60.000         210.000            4.718e-01           4.718e-01             316.409           2.309e-06             309.954           3.162e+02     
  65.000         210.000            3.228e-01           3.228e-01             292.185           1.399e-06             295.649           3.162e+02     
  70.000         210.000            2.613e-01           2.613e-01             265.763           7.533e-07             282.051           3.162e+02     
  75.000         210.000            2.653e-01           2.653e-01             242.682           3.586e-07             269.543           3.162e+02     
  80.000         210.000            2.997e-01           2.997e-01             226.802           1.402e-07             259.147           3.162e+02     
  85.000         210.000            3.335e-01           3.335e-01             218.013           3.204e-08             252.205           3.162e+02     
  90.000         210.000            3.469e-01           3.469e-01             215.231           3.457e-12             295.846           3.162e+02     
  95.000         210.000            3.335e-01           3.335e-01             218.013           3.202e-08              72.204           3.162e+02     
 100.000         210.000            2.997e-01           2.997e-01             226.802           1.401e-07              79.147           3.162e+02     
 105.000         210.000            2.653e-01           2.653e-01             242.682           3.585e-07              89.543           3.162e+02     
 110.000         210.000            2.613e-01           2.613e-01             265.763           7.532e-07             102.051           3.162e+02     
 115.000         210.000            3.228e-01           3.228e-01             292.185           1.399e-06             115.649           3.162e+02     
 120.000         210.000            4.718e-01           4.718e-01             316.409           2.308e-06             129.953           3.162e+02     
 125.000         210.000            6.930e-01           6.930e-01             336.979           3.333e-06             145.263           3.162e+02     
 130.000         210.000            9.196e-01           9.195e-01             355.458           4.183e-06             162.303           3.162e+02     
 135.000         210.000            1.054e+00           1.054e+00              13.838           4.563e-06             182.541           3.162e+02     
 140.000         210.000            1.034e+00           1.034e+00              33.949           4.634e-06             206.919           3.162e+02     
 145.000         210.000            8.843e-01           8.843e-01              57.456           4.609e-06             235.594           3.162e+02     
 150.000         210.000            6.982e-01           6.982e-01              85.282           4.810e-06             265.730           3.162e+02     
 155.000         210.000            5.437e-01           5.437e-01             116.319           4.866e-06             294.490           3.162e+02     
 160.000         210.000            4.118e-01           4.118e-01             147.828           4.240e-06             322.538           3.162e+02     
 165.000         210.000            2.705e-01           2.705e-01             178.435           3.057e-06             354.765           3.162e+02     
 170.000         210.000            1.320e-01           1.320e-01             208.918           2.102e-06              35.425           3.162e+02     
 175.000         210.000            3.438e-02           3.437e-02             240.132           1.926e-06              80.149           3.162e+02     
 180.000         210.000            1.250e-05           1.042e-05             122.939           2.074e-06             119.147           4.061e+01     
   0.000         215.000            1.250e-05           9.553e-06             123.093           2.944e-06             299.771           4.065e+01     
   5.000         215.000            3.378e-02           3.377e-02             240.588           2.717e-06             262.617           2.973e+02     
  10.000         215.000            1.266e-01           1.266e-01             209.324           2.821e-06             220.021           3.162e+02     
  15.000         215.000            2.562e-01           2.562e-01             178.447           3.787e-06             179.932           3.162e+02     
  20.000         215.000            3.914e-01           3.914e-01             147.502           5.024e-06             147.751           3.162e+02     
  25.000         215.000            5.238e-01           5.238e-01             116.144           5.608e-06             119.446           3.162e+02     
  30.000         215.000            6.765e-01           6.765e-01              85.876           5.379e-06              90.723           3.162e+02     
  35.000         215.000            8.455e-01           8.455e-01              59.037           4.956e-06              60.367           3.162e+02     
  40.000         215.000            9.636e-01           9.636e-01              36.367           4.704e-06              31.116           3.162e+02     
  45.000         215.000            9.549e-01           9.549e-01              16.917           4.618e-06               5.201           3.162e+02     
  50.000         215.000            8.102e-01           8.102e-01             359.129           4.201e-06             343.541           3.162e+02     
  55.000         215.000            5.949e-01           5.949e-01             341.271           3.380e-06             324.841           3.162e+02     
  60.000         215.000            3.936e-01           3.936e-01             321.394           2.389e-06             307.828           3.162e+02     
  65.000         215.000            2.594e-01           2.594e-01             297.792           1.475e-06             291.690           3.162e+02     
  70.000         215.000            2.010e-01           2.010e-01             271.508           8.587e-07             276.353           3.162e+02     
  75.000         215.000            1.980e-01           1.980e-01             248.027           4.486e-07             262.735           3.162e+02     
  80.000         215.000            2.211e-01           2.211e-01             231.710           1.915e-07             251.984           3.162e+02     
  85.000         215.000            2.453e-01           2.453e-01             222.675           4.706e-08             244.988           3.162e+02     
  90.000         215.000            2.550e-01           2.550e-01             219.820           3.907e-12             308.677           3.162e+02     
  95.000         215.000            2.453e-01           2.453e-01             222.675           4.703e-08              64.984           3.162e+02     
 100.000         215.000            2.211e-01           2.211e-01             231.710           1.914e-07              71.981           3.162e+02     
 105.000         215.000            1.980e-01           1.980e-01             248.027           4.485e-07              82.733           3.162e+02     
 110.000         215.000            2.010e-01           2.010e-01             271.508           8.586e-07              96.352           3.162e+02     
 115.000         215.000            2.594e-01           2.594e-01             297.792           1.475e-06             111.689           3.162e+02     
 120.000         215.000            3.936e-01           3.936e-01             321.394           2.389e-06             127.827           3.162e+02     
 125.000         215.000            5.949e-01           5.949e-01             341.271           3.380e-06             144.840           3.162e+02     
 130.000         215.000            8.102e-01           8.102e-01             359.129           4.200e-06             163.540           3.162e+02     
 135.000         215.000            9.549e-01           9.549e-01              16.917           4.618e-06             185.200           3.162e+02     
 140.000         215.000            9.636e-01           9.636e-01              36.367           4.704e-06             211.115           3.162e+02     
 145.000         215.000            8.455e-01           8.455e-01              59.037           4.956e-06             240.365           3.162e+02     
 150.000         215.000            6.765e-01           6.765e-01              85.876           5.379e-06             270.721           3.162e+02     
 155.000         215.000            5.238e-01           5.238e-01             116.144           5.608e-06             299.444           3.162e+02     
 160.000         215.000            3.914e-01           3.914e-01             147.502           5.024e-06             327.747           3.162e+02     
 165.000         215.000            2.562e-01           2.562e-01             178.447           3.787e-06             359.927           3.162e+02     
 170.000         215.000            1.266e-01           1.266e-01             209.324           2.821e-06              40.016           3.162e+02     
 175.000         215.000            3.378e-02           3.377e-02             240.588           2.716e-06              82.613           2.974e+02     
 180.000         215.000            1.250e-05           9.552e-06             123.093           2.943e-06             119.768           4.061e+01     
   0.000         220.000            1.250e-05           8.583e-06             123.262           3.913e-06             300.223           4.065e+01     
   5.000         220.000            3.320e-02           3.320e-02             241.285           3.592e-06             264.976           2.393e+02     
  10.000         220.000            1.215e-01           1.215e-01             210.194           3.571e-06             224.625           3.162e+02     
  15.000         220.000            2.430e-01           2.430e-01             179.163           4.434e-06             185.441           3.162e+02     
  20.000         220.000            3.727e-01           3.727e-01             148.214           5.635e-06             153.342           3.162e+02     
  25.000         220.000            5.035e-01           5.034e-01             117.428           6.107e-06             124.978           3.162e+02     
  30.000         220.000            6.468e-01           6.468e-01              88.250           5.711e-06              96.652           3.162e+02     
  35.000         220.000            7.885e-01           7.885e-01              62.525           4.989e-06              66.871           3.162e+02     
  40.000         220.000            8.686e-01           8.686e-01              40.714           4.600e-06              36.842           3.162e+02     
  45.000         220.000            8.320e-01           8.320e-01              21.924           4.361e-06              10.099           3.162e+02     
  50.000         220.000            6.851e-01           6.851e-01               4.729           3.928e-06             347.430           3.162e+02     
  55.000         220.000            4.900e-01           4.900e-01             347.502           3.094e-06             327.931           3.162e+02     
  60.000         220.000            3.160e-01           3.160e-01             328.365           2.225e-06             309.942           3.162e+02     
  65.000         220.000            2.019e-01           2.019e-01             305.560           1.435e-06             292.895           3.162e+02     
  70.000         220.000            1.503e-01           1.503e-01             279.770           8.563e-07             276.949           3.162e+02     
  75.000         220.000            1.430e-01           1.430e-01             256.223           4.616e-07             262.986           3.162e+02     
  80.000         220.000            1.568e-01           1.568e-01             239.628           2.029e-07             252.156           3.162e+02     
  85.000         220.000            1.727e-01           1.727e-01             230.401           5.092e-08             245.190           3.162e+02     
  90.000         220.000            1.793e-01           1.793e-01             227.484           4.903e-12             322.035           3.162e+02     
  95.000         220.000            1.727e-01           1.727e-01             230.401           5.088e-08              65.184           3.162e+02     
 100.000         220.000            1.568e-01           1.568e-01             239.628           2.028e-07              72.153           3.162e+02     
 105.000         220.000            1.430e-01           1.430e-01             256.223           4.615e-07              82.984           3.162e+02     
 110.000         220.000            1.503e-01           1.503e-01             279.770           8.562e-07              96.948           3.162e+02     
 115.000         220.000            2.019e-01           2.019e-01             305.560           1.434e-06             112.894           3.162e+02     
 120.000         220.000            3.160e-01           3.160e-01             328.365           2.225e-06             129.941           3.162e+02     
 125.000         220.000            4.900e-01           4.900e-01             347.502           3.094e-06             147.930           3.162e+02     
 130.000         220.000            6.851e-01           6.851e-01               4.729           3.927e-06             167.428           3.162e+02     
 135.000         220.000            8.320e-01           8.320e-01              21.924           4.361e-06             190.098           3.162e+02     
 140.000         220.000            8.686e-01           8.686e-01              40.714           4.599e-06             216.841           3.162e+02     
 145.000         220.000            7.885e-01           7.885e-01              62.525           4.989e-06             246.869           3.162e+02     
 150.000         220.000            6.468e-01           6.468e-01              88.250           5.710e-06             276.650           3.162e+02     
 155.000         220.000            5.035e-01           5.034e-01             117.428           6.107e-06             304.976           3.162e+02     
 160.000         220.000            3.727e-01           3.727e-01             148.214           5.634e-06             333.339           3.162e+02     
 165.000         220.000            2.430e-01           2.430e-01             179.163           4.433e-06               5.437           3.162e+02     
 170.000         220.000            1.215e-01           1.215e-01             210.194           3.570e-06              44.620           3.162e+02     
 175.000         220.000            3.320e-02           3.320e-02             241.285           3.591e-06              84.973           2.393e+02     
 180.000         220.000            1.250e-05           8.583e-06             123.263           3.912e-06             120.221           4.061e+01     
   0.000         225.000            1.250e-05           7.543e-06             123.453           4.954e-06             300.572           4.065e+01     
   5.000         225.000            3.266e-02           3.266e-02             242.221           4.523e-06             267.354           2.001e+02     
  10.000         225.000            1.168e-01           1.168e-01             211.549           4.326e-06             229.427           3.162e+02     
  15.000         225.000            2.308e-01           2.308e-01             180.636           4.977e-06             191.724           3.162e+02     
  20.000         225.000            3.551e-01           3.551e-01             150.034           6.025e-06             159.692           3.162e+02     
  25.000         225.000            4.809e-01           4.809e-01             120.207           6.364e-06             131.540           3.162e+02     
  30.000         225.000            6.076e-01           6.076e-01              92.382           5.740e-06             104.048           3.162e+02     
  35.000         225.000            7.137e-01           7.137e-01              67.856           4.880e-06              74.564           3.162e+02     
  40.000         225.000            7.521e-01           7.521e-01              46.861           4.286e-06              44.611           3.162e+02     
  45.000         225.000            6.916e-01           6.916e-01              28.578           3.940e-06              17.355           3.162e+02     
  50.000         225.000            5.515e-01           5.515e-01              11.689           3.415e-06             354.456           3.162e+02     
  55.000         225.000            3.873e-01           3.873e-01             354.631           2.732e-06             334.688           3.162e+02     
  60.000         225.000            2.507e-01           2.507e-01             335.648           1.931e-06             316.913           3.162e+02     
  65.000         225.000            1.652e-01           1.652e-01             313.446           1.224e-06             300.181           3.162e+02     
  70.000         225.000            1.279e-01           1.279e-01             289.367           7.101e-07             284.402           3.162e+02     
  75.000         225.000            1.224e-01           1.224e-01             268.136           3.722e-07             270.368           3.162e+02     
  80.000         225.000            1.316e-01           1.316e-01             253.259           1.540e-07             258.955           3.162e+02     
  85.000         225.000            1.421e-01           1.421e-01             244.918           3.836e-08             251.625           3.162e+02     
  90.000         225.000            1.464e-01           1.464e-01             242.263           6.367e-12             335.184           3.162e+02     
  95.000         225.000            1.421e-01           1.421e-01             244.918           3.833e-08              71.617           3.162e+02     
 100.000         225.000            1.316e-01           1.316e-01             253.259           1.539e-07              78.951           3.162e+02     
 105.000         225.000            1.224e-01           1.224e-01             268.136           3.722e-07              90.366           3.162e+02     
 110.000         225.000            1.279e-01           1.279e-01             289.367           7.099e-07             104.401           3.162e+02     
 115.000         225.000            1.652e-01           1.652e-01             313.446           1.224e-06             120.180           3.162e+02     
 120.000         225.000            2.507e-01           2.507e-01             335.648           1.931e-06             136.912           3.162e+02     
 125.000         225.000            3.873e-01           3.873e-01             354.631           2.732e-06             154.686           3.162e+02     
 130.000         225.000            5.515e-01           5.515e-01              11.689           3.414e-06             174.455           3.162e+02     
 135.000         225.000            6.916e-01           6.916e-01              28.578           3.939e-06             197.354           3.162e+02     
 140.000         225.000            7.521e-01           7.521e-01              46.861           4.286e-06             224.609           3.162e+02     
 145.000         225.000            7.137e-01           7.137e-01              67.856           4.880e-06             254.563           3.162e+02     
 150.000         225.000            6.076e-01           6.076e-01              92.382           5.739e-06             284.046           3.162e+02     
 155.000         225.000            4.809e-01           4.809e-01             120.207           6.364e-06             311.538           3.162e+02     
 160.000         225.000            3.551e-01           3.551e-01             150.034           6.025e-06             339.689           3.162e+02     
 165.000         225.000            2.308e-01           2.308e-01             180.636           4.977e-06              11.721           3.162e+02     
 170.000         225.000            1.168e-01           1.168e-01             211.549           4.326e-06              49.423           3.162e+02     
 175.000         225.000            3.266e-02           3.266e-02             242.221           4.522e-06              87.351           2.001e+02     
 180.000         225.000            1.250e-05           7.542e-06             123.454           4.953e-06             120.570           4.061e+01     
   0.000         230.000            1.250e-05           6.463e-06             123.673           6.034e-06             300.852           4.065e+01     
   5.000         230.000            3.216e-02           3.216e-02             243.394           5.483e-06             269.810           1.722e+02     
  10.000         230.000            1.123e-01           1.123e-01             213.403           5.070e-06             234.507           3.162e+02     
  15.000         230.000            2.194e-01           2.194e-01             182.901           5.385e-06             198.759           3.162e+02     
  20.000         230.000            3.379e-01           3.379e-01             152.999           6.203e-06             166.995           3.162e+02     
  25.000         230.000            4.557e-01           4.557e-01             124.481           6.368e-06             139.166           3.162e+02     
  30.000         230.000            5.599e-01           5.599e-01              98.256           5.613e-06             112.351           3.162e+02     
  35.000         230.000            6.257e-01           6.257e-01              75.047           4.595e-06              83.857           3.162e+02     
  40.000         230.000            6.227e-01           6.227e-01              54.832           3.851e-06              54.393           3.162e+02     
  45.000         230.000            5.435e-01           5.435e-01              36.809           3.351e-06              27.455           3.162e+02     
  50.000         230.000            4.178e-01           4.178e-01              19.674           2.905e-06               4.556           3.162e+02     
  55.000         230.000            2.919e-01           2.919e-01               1.822           2.263e-06             345.538           3.162e+02     
  60.000         230.000            1.997e-01           1.997e-01             341.797           1.552e-06             329.146           3.162e+02     
  65.000         230.000            1.508e-01           1.508e-01             319.726           9.076e-07             314.425           3.162e+02     
  70.000         230.000            1.369e-01           1.369e-01             298.711           4.861e-07             300.129           3.162e+02     
  75.000         230.000            1.434e-01           1.434e-01             282.327           2.298e-07             286.942           3.162e+02     
  80.000         230.000            1.570e-01           1.570e-01             271.524           8.963e-08             275.842           3.162e+02     
  85.000         230.000            1.685e-01           1.685e-01             265.567           2.079e-08             267.985           3.162e+02     
  90.000         230.000            1.728e-01           1.728e-01             263.676           7.973e-12             349.913           3.162e+02     
  95.000         230.000            1.685e-01           1.685e-01             265.567           2.077e-08              87.976           3.162e+02     
 100.000         230.000            1.570e-01           1.570e-01             271.524           8.959e-08              95.838           3.162e+02     
 105.000         230.000            1.434e-01           1.434e-01             282.327           2.298e-07             106.940           3.162e+02     
 110.000         230.000            1.369e-01           1.369e-01             298.711           4.860e-07             120.128           3.162e+02     
 115.000         230.000            1.508e-01           1.508e-01             319.726           9.075e-07             134.424           3.162e+02     
 120.000         230.000            1.997e-01           1.997e-01             341.797           1.552e-06             149.144           3.162e+02     
 125.000         230.000            2.919e-01           2.919e-01               1.822           2.263e-06             165.537           3.162e+02     
 130.000         230.000            4.178e-01           4.178e-01              19.674           2.905e-06             184.554           3.162e+02     
 135.000         230.000            5.435e-01           5.435e-01              36.809           3.350e-06             207.453           3.162e+02     
 140.000         230.000            6.227e-01           6.227e-01              54.832           3.851e-06             234.391           3.162e+02     
 145.000         230.000            6.257e-01           6.257e-01              75.047           4.595e-06             263.855           3.162e+02     
 150.000         230.000            5.599e-01           5.599e-01              98.256           5.613e-06             292.349           3.162e+02     
 155.000         230.000            4.557e-01           4.557e-01             124.481           6.367e-06             319.164           3.162e+02     
 160.000         230.000            3.379e-01           3.379e-01             152.999           6.203e-06             346.991           3.162e+02     
 165.000         230.000            2.194e-01           2.194e-01             182.901           5.385e-06              18.756           3.162e+02     
 170.000         230.000            1.123e-01           1.123e-01             213.403           5.069e-06              54.504           3.162e+02     
 175.000         230.000            3.216e-02           3.216e-02             243.394           5.482e-06              89.808           1.722e+02     
 180.000         230.000            1.250e-05           6.463e-06             123.674           6.032e-06             120.850           4.061e+01     
   0.000         235.000            1.250e-05           5.377e-06             123.933           7.120e-06             301.086           4.065e+01     
   5.000         235.000            3.171e-02           3.170e-02             244.802           6.444e-06             272.368           1.516e+02     
  10.000         235.000            1.083e-01           1.083e-01             215.765           5.789e-06             239.883           3.162e+02     
  15.000         235.000            2.089e-01           2.089e-01             185.986           5.779e-06             206.272           3.162e+02     
  20.000         235.000            3.210e-01           3.210e-01             157.120           6.205e-06             175.392           3.162e+02     
  25.000         235.000            4.283e-01           4.283e-01             130.226           6.162e-06             148.044           3.162e+02     
  30.000         235.000            5.074e-01           5.074e-01             105.870           5.318e-06             122.226           3.162e+02     
  35.000         235.000            5.333e-01           5.333e-01              84.206           4.194e-06              94.886           3.162e+02     
  40.000         235.000            4.935e-01           4.935e-01              64.883           3.296e-06              66.798           3.162e+02     
  45.000         235.000            4.021e-01           4.021e-01              46.966           2.791e-06              40.078           3.162e+02     
  50.000         235.000            2.951e-01           2.951e-01              28.986           2.344e-06              18.021           3.162e+02     
  55.000         235.000            2.086e-01           2.086e-01               9.266           1.792e-06               0.672           3.162e+02     
  60.000         235.000            1.608e-01           1.608e-01             347.342           1.167e-06             347.241           3.162e+02     
  65.000         235.000            1.512e-01           1.512e-01             325.971           6.566e-07             335.644           3.162e+02     
  70.000         235.000            1.684e-01           1.684e-01             309.075           3.149e-07             326.067           3.162e+02     
  75.000         235.000            1.986e-01           1.986e-01             297.719           1.265e-07             317.751           3.162e+02     
  80.000         235.000            2.295e-01           2.295e-01             290.822           4.046e-08             310.629           3.162e+02     
  85.000         235.000            2.520e-01           2.520e-01             287.165           7.839e-09             304.859           3.162e+02     
  90.000         235.000            2.601e-01           2.601e-01             286.022           9.492e-12               8.132           3.162e+02     
  95.000         235.000            2.520e-01           2.520e-01             287.165           7.825e-09             124.861           3.162e+02     
 100.000         235.000            2.295e-01           2.295e-01             290.822           4.043e-08             130.630           3.162e+02     
 105.000         235.000            1.986e-01           1.986e-01             297.719           1.264e-07             137.751           3.162e+02     
 110.000         235.000            1.684e-01           1.684e-01             309.075           3.148e-07             146.067           3.162e+02     
 115.000         235.000            1.512e-01           1.512e-01             325.971           6.566e-07             155.643           3.162e+02     
 120.000         235.000            1.608e-01           1.608e-01             347.342           1.167e-06             167.240           3.162e+02     
 125.000         235.000            2.086e-01           2.086e-01               9.266           1.792e-06             180.670           3.162e+02     
 130.000         235.000            2.951e-01           2.951e-01              28.986           2.344e-06             198.019           3.162e+02     
 135.000         235.000            4.021e-01           4.021e-01              46.966           2.791e-06             220.076           3.162e+02     
 140.000         235.000            4.935e-01           4.935e-01              64.883           3.296e-06             246.796           3.162e+02     
 145.000         235.000            5.333e-01           5.333e-01              84.206           4.193e-06             274.884           3.162e+02     
 150.000         235.000            5.074e-01           5.074e-01             105.870           5.317e-06             302.223           3.162e+02     
 155.000         235.000            4.283e-01           4.283e-01             130.226           6.162e-06             328.041           3.162e+02     
 160.000         235.000            3.210e-01           3.210e-01             157.120           6.204e-06             355.389           3.162e+02     
 165.000         235.000            2.089e-01           2.089e-01             185.986           5.778e-06              26.269           3.162e+02     
 170.000         235.000            1.083e-01           1.083e-01             215.765           5.788e-06              59.881           3.162e+02     
 175.000         235.000            3.171e-02           3.170e-02             244.802           6.443e-06              92.366           1.516e+02     
 180.000         235.000            1.250e-05           5.376e-06             123.934           7.119e-06             121.085           4.061e+01     
   0.000         240.000            1.250e-05           4.317e-06             124.251           8.180e-06             301.288           4.065e+01     
   5.000         240.000            3.131e-02           3.131e-02             246.436           7.378e-06             275.037           1.361e+02     
  10.000         240.000            1.046e-01           1.046e-01             218.637           6.477e-06             245.536           2.809e+02     
  15.000         240.000            1.991e-01           1.991e-01             189.902           6.101e-06             214.464           3.162e+02     
  20.000         240.000            3.044e-01           3.044e-01             162.381           6.036e-06             185.145           3.162e+02     
  25.000         240.000            4.001e-01           4.001e-01             137.392           5.795e-06             158.730           3.162e+02     
  30.000         240.000            4.552e-01           4.552e-01             115.208           4.902e-06             133.730           3.162e+02     
  35.000         240.000            4.469e-01           4.469e-01              95.493           3.748e-06             107.978           3.162e+02     
  40.000         240.000            3.794e-01           3.794e-01              77.494           2.801e-06              81.414           3.162e+02     
  45.000         240.000            2.829e-01           2.829e-01              59.939           2.227e-06              55.888           3.162e+02     
  50.000         240.000            1.954e-01           1.954e-01              40.931           1.800e-06              35.142           3.162e+02     
  55.000         240.000            1.422e-01           1.422e-01              18.860           1.327e-06              20.421           3.162e+02     
  60.000         240.000            1.302e-01           1.302e-01             355.601           8.690e-07              10.300           3.162e+02     
  65.000         240.000            1.538e-01           1.538e-01             336.558           4.859e-07               4.677           3.162e+02     
  70.000         240.000            2.021e-01           2.021e-01             324.021           2.328e-07               3.045           3.162e+02     
  75.000         240.000            2.621e-01           2.621e-01             316.540           9.595e-08               4.861           3.162e+02     
  80.000         240.000            3.195e-01           3.195e-01             312.268           3.251e-08               8.839           3.162e+02     
  85.000         240.000            3.608e-01           3.608e-01             310.064           6.639e-09              12.566           3.162e+02     
  90.000         240.000            3.758e-01           3.758e-01             309.381           1.098e-11              30.103           3.162e+02     
  95.000         240.000            3.608e-01           3.608e-01             310.064           6.632e-09             192.607           3.162e+02     
 100.000         240.000            3.195e-01           3.195e-01             312.268           3.249e-08             188.854           3.162e+02     
 105.000         240.000            2.621e-01           2.621e-01             316.540           9.592e-08             184.867           3.162e+02     
 110.000         240.000            2.021e-01           2.021e-01             324.021           2.328e-07             183.047           3.162e+02     
 115.000         240.000            1.538e-01           1.538e-01             336.558           4.859e-07             184.676           3.162e+02     
 120.000         240.000            1.302e-01           1.302e-01             355.601           8.689e-07             190.298           3.162e+02     
 125.000         240.000            1.422e-01           1.422e-01              18.860           1.327e-06             200.419           3.162e+02     
 130.000         240.000            1.954e-01           1.954e-01              40.931           1.799e-06             215.139           3.162e+02     
 135.000         240.000            2.829e-01           2.829e-01              59.939           2.227e-06             235.885           3.162e+02     
 140.000         240.000            3.794e-01           3.794e-01              77.494           2.801e-06             261.411           3.162e+02     
 145.000         240.000            4.469e-01           4.469e-01              95.493           3.747e-06             287.976           3.162e+02     
 150.000         240.000            4.552e-01           4.552e-01             115.208           4.901e-06             313.727           3.162e+02     
 155.000         240.000            4.001e-01           4.001e-01             137.392           5.794e-06             338.727           3.162e+02     
 160.000         240.000            3.044e-01           3.044e-01             162.381           6.035e-06               5.142           3.162e+02     
 165.000         240.000            1.991e-01           1.991e-01             189.902           6.100e-06              34.461           3.162e+02     
 170.000         240.000            1.046e-01           1.046e-01             218.637           6.476e-06              65.534           2.810e+02     
 175.000         240.000            3.131e-02           3.131e-02             246.436           7.377e-06              95.035           1.361e+02     
 180.000         240.000            1.250e-05           4.317e-06             124.253           8.178e-06             121.286           4.061e+01     
   0.000         245.000            1.250e-05           3.316e-06             124.657           9.181e-06             301.465           4.065e+01     
   5.000         245.000            3.098e-02           3.097e-02             248.287           8.260e-06             277.811           1.243e+02     
  10.000         245.000            1.014e-01           1.014e-01             222.012           7.126e-06             251.424           2.429e+02     
  15.000         245.000            1.903e-01           1.902e-01             194.641           6.380e-06             223.260           3.162e+02     
  20.000         245.000            2.884e-01           2.884e-01             168.746           5.939e-06             195.811           3.162e+02     
  25.000         245.000            3.730e-01           3.730e-01             145.892           5.394e-06             170.639           3.162e+02     
  30.000         245.000            4.083e-01           4.083e-01             126.190           4.443e-06             147.027           3.162e+02     
  35.000         245.000            3.757e-01           3.757e-01             108.971           3.280e-06             123.646           3.162e+02     
  40.000         245.000            2.922e-01           2.922e-01              93.144           2.345e-06              99.019           3.162e+02     
  45.000         245.000            1.977e-01           1.977e-01              76.979           1.737e-06              75.652           3.162e+02     
  50.000         245.000            1.272e-01           1.272e-01              57.856           1.311e-06              57.390           3.162e+02     
  55.000         245.000            9.636e-02           9.636e-02              34.311           9.574e-07              44.581           3.162e+02     
  60.000         245.000            1.060e-01           1.060e-01              11.399           6.400e-07              38.897           3.162e+02     
  65.000         245.000            1.512e-01           1.512e-01             355.673           3.922e-07              39.215           3.162e+02     
  70.000         245.000            2.251e-01           2.251e-01             346.730           2.282e-07              43.988           3.162e+02     
  75.000         245.000            3.153e-01           3.153e-01             341.785           1.272e-07              51.331           3.162e+02     
  80.000         245.000            4.032e-01           4.032e-01             339.025           5.846e-08              56.978           3.162e+02     
  85.000         245.000            4.675e-01           4.675e-01             337.594           1.499e-08              60.645           3.162e+02     
  90.000         245.000            4.911e-01           4.911e-01             337.147           1.235e-11              54.616           3.162e+02     
  95.000         245.000            4.675e-01           4.675e-01             337.594           1.498e-08             240.679           3.162e+02     
 100.000         245.000            4.032e-01           4.032e-01             339.025           5.845e-08             236.994           3.162e+02     
 105.000         245.000            3.153e-01           3.153e-01             341.785           1.272e-07             231.340           3.162e+02     
 110.000         245.000            2.251e-01           2.251e-01             346.730           2.281e-07             223.992           3.162e+02     
 115.000         245.000            1.512e-01           1.512e-01             355.673           3.921e-07             219.216           3.162e+02     
 120.000         245.000            1.060e-01           1.060e-01              11.399           6.399e-07             218.896           3.162e+02     
 125.000         245.000            9.636e-02           9.636e-02              34.311           9.573e-07             224.578           3.162e+02     
 130.000         245.000            1.272e-01           1.272e-01              57.856           1.311e-06             237.387           3.162e+02     
 135.000         245.000            1.977e-01           1.977e-01              76.979           1.737e-06             255.649           3.162e+02     
 140.000         245.000            2.922e-01           2.922e-01              93.144           2.345e-06             279.016           3.162e+02     
 145.000         245.000            3.757e-01           3.757e-01             108.971           3.280e-06             303.644           3.162e+02     
 150.000         245.000            4.083e-01           4.083e-01             126.190           4.443e-06             327.024           3.162e+02     
 155.000         245.000            3.730e-01           3.730e-01             145.892           5.393e-06             350.636           3.162e+02     
 160.000         245.000            2.884e-01           2.884e-01             168.746           5.938e-06              15.808           3.162e+02     
 165.000         245.000            1.903e-01           1.902e-01             194.641           6.379e-06              43.258           3.162e+02     
 170.000         245.000            1.014e-01           1.014e-01             222.012           7.125e-06              71.422           2.430e+02     
 175.000         245.000            3.098e-02           3.097e-02             248.287           8.259e-06              97.810           1.243e+02     
 180.000         245.000            1.250e-05           3.316e-06             124.659           9.179e-06             121.463           4.061e+01     
   0.000         250.000            1.250e-05           2.404e-06             125.200           1.009e-05             301.624           4.065e+01     
   5.000         250.000            3.070e-02           3.070e-02             250.342           9.064e-06             280.683           1.152e+02     
  10.000         250.000            9.871e-02           9.870e-02             225.871           7.728e-06             257.493           2.156e+02     
  15.000         250.000            1.824e-01           1.824e-01             200.182           6.644e-06             232.527           3.097e+02     
  20.000         250.000            2.736e-01           2.736e-01             176.159           5.837e-06             207.486           3.162e+02     
  25.000         250.000            3.485e-01           3.485e-01             155.611           5.022e-06             184.206           3.162e+02     
  30.000         250.000            3.703e-01           3.703e-01             138.626           3.986e-06             162.361           3.162e+02     
  35.000         250.000            3.248e-01           3.248e-01             124.420           2.902e-06             141.088           3.162e+02     
  40.000         250.000            2.371e-01           2.371e-01             111.770           1.981e-06             119.696           3.162e+02     
  45.000         250.000            1.499e-01           1.499e-01              98.647           1.364e-06              99.589           3.162e+02     
  50.000         250.000            9.243e-02           9.243e-02              81.655           9.691e-07              84.230           3.162e+02     
  55.000         250.000            7.402e-02           7.402e-02              58.966           6.971e-07              75.280           3.162e+02     
  60.000         250.000            9.551e-02           9.551e-02              37.669           4.999e-07              73.729           3.162e+02     
  65.000         250.000            1.585e-01           1.585e-01              24.394           3.657e-07              77.548           3.162e+02     
  70.000         250.000            2.613e-01           2.613e-01              17.230           2.735e-07              83.710           3.162e+02     
  75.000         250.000            3.908e-01           3.908e-01              13.232           1.850e-07              88.415           3.162e+02     
  80.000         250.000            5.199e-01           5.199e-01              10.902           9.691e-08              91.498           3.162e+02     
  85.000         250.000            6.155e-01           6.155e-01               9.642           2.659e-08              93.199           3.162e+02     
  90.000         250.000            6.508e-01           6.508e-01               9.240           1.294e-11              81.084           3.162e+02     
  95.000         250.000            6.155e-01           6.155e-01               9.642           2.659e-08             273.226           3.162e+02     
 100.000         250.000            5.199e-01           5.199e-01              10.902           9.690e-08             271.510           3.162e+02     
 105.000         250.000            3.908e-01           3.908e-01              13.232           1.850e-07             268.423           3.162e+02     
 110.000         250.000            2.613e-01           2.613e-01              17.230           2.735e-07             263.715           3.162e+02     
 115.000         250.000            1.585e-01           1.585e-01              24.394           3.657e-07             257.550           3.162e+02     
 120.000         250.000            9.551e-02           9.551e-02              37.669           4.998e-07             253.728           3.162e+02     
 125.000         250.000            7.402e-02           7.402e-02              58.966           6.970e-07             255.278           3.162e+02     
 130.000         250.000            9.243e-02           9.243e-02              81.655           9.690e-07             264.227           3.162e+02     
 135.000         250.000            1.499e-01           1.499e-01              98.647           1.364e-06             279.586           3.162e+02     
 140.000         250.000            2.371e-01           2.371e-01             111.770           1.981e-06             299.693           3.162e+02     
 145.000         250.000            3.248e-01           3.248e-01             124.420           2.901e-06             321.085           3.162e+02     
 150.000         250.000            3.703e-01           3.703e-01             138.626           3.986e-06             342.358           3.162e+02     
 155.000         250.000            3.485e-01           3.485e-01             155.611           5.021e-06               4.203           3.162e+02     
 160.000         250.000            2.736e-01           2.736e-01             176.159           5.837e-06              27.483           3.162e+02     
 165.000         250.000            1.824e-01           1.824e-01             200.182           6.643e-06              52.525           3.097e+02     
 170.000         250.000            9.871e-02           9.870e-02             225.871           7.727e-06              77.491           2.156e+02     
 175.000         250.000            3.070e-02           3.070e-02             250.342           9.062e-06             100.682           1.152e+02     
 180.000         250.000            1.250e-05           2.404e-06             125.203           1.009e-05             121.623           4.061e+01     
   0.000         255.000            1.250e-05           1.609e-06             125.981           1.089e-05             301.770           4.065e+01     
   5.000         255.000            3.050e-02           3.049e-02             252.586           9.766e-06             283.637           1.084e+02     
  10.000         255.000            9.650e-02           9.650e-02             230.187           8.270e-06             263.685           1.957e+02     
  15.000         255.000            1.756e-01           1.756e-01             206.483           6.905e-06             242.099           2.738e+02     
  20.000         255.000            2.604e-01           2.604e-01             184.548           5.781e-06             219.946           3.162e+02     
  25.000         255.000            3.277e-01           3.277e-01             166.403           4.760e-06             198.883           3.162e+02     
  30.000         255.000            3.423e-01           3.423e-01             152.216           3.688e-06             179.187           3.162e+02     
  35.000         255.000            2.942e-01           2.942e-01             141.243           2.620e-06             160.854           3.162e+02     
  40.000         255.000            2.116e-01           2.116e-01             132.284           1.741e-06             143.356           3.162e+02     
  45.000         255.000            1.347e-01           1.347e-01             123.155           1.143e-06             127.550           3.162e+02     
  50.000         255.000            8.728e-02           8.728e-02             109.874           7.774e-07             116.742           3.162e+02     
  55.000         255.000            7.691e-02           7.691e-02              89.867           5.668e-07             112.087           3.162e+02     
  60.000         255.000            1.105e-01           1.105e-01              70.066           4.559e-07             113.377           3.162e+02     
  65.000         255.000            1.990e-01           1.990e-01              57.259           4.022e-07             117.583           3.162e+02     
  70.000         255.000            3.453e-01           3.453e-01              49.975           3.407e-07             120.923           3.162e+02     
  75.000         255.000            5.314e-01           5.314e-01              45.678           2.498e-07             122.940           3.162e+02     
  80.000         255.000            7.177e-01           7.177e-01              43.080           1.357e-07             123.881           3.162e+02     
  85.000         255.000            8.558e-01           8.558e-01              41.652           3.783e-08             124.301           3.162e+02     
  90.000         255.000            9.067e-01           9.067e-01              41.194           1.240e-11             110.714           3.162e+02     
  95.000         255.000            8.558e-01           8.558e-01              41.652           3.783e-08             304.324           3.162e+02     
 100.000         255.000            7.177e-01           7.177e-01              43.080           1.357e-07             303.892           3.162e+02     
 105.000         255.000            5.314e-01           5.314e-01              45.678           2.498e-07             302.948           3.162e+02     
 110.000         255.000            3.453e-01           3.453e-01              49.975           3.407e-07             300.928           3.162e+02     
 115.000         255.000            1.990e-01           1.990e-01              57.259           4.021e-07             297.586           3.162e+02     
 120.000         255.000            1.105e-01           1.105e-01              70.066           4.558e-07             293.378           3.162e+02     
 125.000         255.000            7.691e-02           7.691e-02              89.867           5.668e-07             292.086           3.162e+02     
 130.000         255.000            8.728e-02           8.728e-02             109.874           7.773e-07             296.740           3.162e+02     
 135.000         255.000            1.347e-01           1.347e-01             123.155           1.143e-06             307.546           3.162e+02     
 140.000         255.000            2.116e-01           2.116e-01             132.284           1.741e-06             323.352           3.162e+02     
 145.000         255.000            2.942e-01           2.942e-01             141.243           2.620e-06             340.851           3.162e+02     
 150.000         255.000            3.423e-01           3.423e-01             152.216           3.688e-06             359.184           3.162e+02     
 155.000         255.000            3.277e-01           3.277e-01             166.403           4.760e-06              18.880           3.162e+02     
 160.000         255.000            2.604e-01           2.604e-01             184.548           5.780e-06              39.944           3.162e+02     
 165.000         255.000            1.756e-01           1.756e-01             206.483           6.904e-06              62.098           2.739e+02     
 170.000         255.000            9.650e-02           9.650e-02             230.187           8.269e-06              83.684           1.957e+02     
 175.000         255.000            3.050e-02           3.049e-02             252.586           9.764e-06             103.636           1.084e+02     
 180.000         255.000            1.250e-05           1.609e-06             125.984           1.089e-05             121.769           4.061e+01     
   0.000         260.000            1.250e-05           9.543e-07             127.219           1.154e-05             301.907           4.065e+01     
   5.000         260.000            3.037e-02           3.036e-02             255.000           1.035e-05             286.660           1.032e+02     
  10.000         260.000            9.485e-02           9.484e-02             234.921           8.737e-06             269.949           1.815e+02     
  15.000         260.000            1.702e-01           1.702e-01             213.488           7.161e-06             251.811           2.486e+02     
  20.000         260.000            2.492e-01           2.492e-01             193.828           5.790e-06             232.880           3.162e+02     
  25.000         260.000            3.109e-01           3.109e-01             178.111           4.595e-06             214.510           3.162e+02     
  30.000         260.000            3.236e-01           3.236e-01             166.627           3.486e-06             197.345           3.162e+02     
  35.000         260.000            2.801e-01           2.801e-01             158.697           2.474e-06             181.997           3.162e+02     
  40.000         260.000            2.078e-01           2.078e-01             153.082           1.657e-06             168.618           3.162e+02     
  45.000         260.000            1.422e-01           1.422e-01             147.324           1.101e-06             158.510           3.162e+02     
  50.000         260.000            1.032e-01           1.032e-01             137.092           7.628e-07             152.682           3.162e+02     
  55.000         260.000            1.003e-01           1.003e-01             119.695           5.988e-07             151.773           3.162e+02     
  60.000         260.000            1.484e-01           1.484e-01             101.195           5.377e-07             153.639           3.162e+02     
  65.000         260.000            2.661e-01           2.661e-01              88.271           5.132e-07             155.628           3.162e+02     
  70.000         260.000            4.579e-01           4.579e-01              80.480           4.510e-07             156.444           3.162e+02     
  75.000         260.000            6.991e-01           6.991e-01              75.759           3.324e-07             156.358           3.162e+02     
  80.000         260.000            9.382e-01           9.382e-01              72.893           1.795e-07             155.896           3.162e+02     
  85.000         260.000            1.114e+00           1.114e+00              71.325           4.947e-08             155.663           3.162e+02     
  90.000         260.000            1.179e+00           1.179e+00              70.823           1.163e-11             144.837           3.162e+02     
  95.000         260.000            1.114e+00           1.114e+00              71.325           4.948e-08             335.682           3.162e+02     
 100.000         260.000            9.382e-01           9.382e-01              72.893           1.795e-07             335.905           3.162e+02     
 105.000         260.000            6.991e-01           6.991e-01              75.759           3.324e-07             336.364           3.162e+02     
 110.000         260.000            4.579e-01           4.579e-01              80.480           4.510e-07             336.449           3.162e+02     
 115.000         260.000            2.661e-01           2.661e-01              88.271           5.132e-07             335.631           3.162e+02     
 120.000         260.000            1.484e-01           1.484e-01             101.195           5.377e-07             333.640           3.162e+02     
 125.000         260.000            1.003e-01           1.003e-01             119.695           5.988e-07             331.772           3.162e+02     
 130.000         260.000            1.032e-01           1.032e-01             137.092           7.627e-07             332.679           3.162e+02     
 135.000         260.000            1.422e-01           1.422e-01             147.324           1.101e-06             338.506           3.162e+02     
 140.000         260.000            2.078e-01           2.078e-01             153.082           1.657e-06             348.614           3.162e+02     
 145.000         260.000            2.801e-01           2.801e-01             158.697           2.473e-06               1.994           3.162e+02     
 150.000         260.000            3.236e-01           3.236e-01             166.627           3.485e-06              17.342           3.162e+02     
 155.000         260.000            3.109e-01           3.109e-01             178.111           4.594e-06              34.508           3.162e+02     
 160.000         260.000            2.492e-01           2.492e-01             193.828           5.789e-06              52.878           3.162e+02     
 165.000         260.000            1.702e-01           1.702e-01             213.488           7.160e-06              71.809           2.486e+02     
 170.000         260.000            9.485e-02           9.484e-02             234.921           8.735e-06              89.948           1.816e+02     
 175.000         260.000            3.037e-02           3.036e-02             255.000           1.034e-05             106.659           1.032e+02     
 180.000         260.000            1.250e-05           9.543e-07             127.223           1.154e-05             121.906           4.061e+01     
   0.000         265.000            1.250e-05           4.609e-07             129.534           1.204e-05             302.037           4.065e+01     
   5.000         265.000            3.031e-02           3.030e-02             257.564           1.078e-05             289.735           9.958e+01     
  10.000         265.000            9.379e-02           9.378e-02             240.024           9.108e-06             276.239           1.718e+02     
  15.000         265.000            1.662e-01           1.662e-01             221.117           7.392e-06             261.526           2.313e+02     
  20.000         265.000            2.405e-01           2.405e-01             203.896           5.853e-06             245.971           3.025e+02     
  25.000         265.000            2.983e-01           2.983e-01             190.592           4.529e-06             230.626           3.162e+02     
  30.000         265.000            3.122e-01           3.122e-01             181.599           3.395e-06             216.304           3.162e+02     
  35.000         265.000            2.767e-01           2.767e-01             176.267           2.437e-06             204.016           3.162e+02     
  40.000         265.000            2.164e-01           2.164e-01             173.244           1.696e-06             194.449           3.162e+02     
  45.000         265.000            1.616e-01           1.616e-01             169.846           1.199e-06             188.598           3.162e+02     
  50.000         265.000            1.298e-01           1.298e-01             161.890           9.085e-07             186.783           3.162e+02     
  55.000         265.000            1.331e-01           1.331e-01             147.131           7.815e-07             187.717           3.162e+02     
  60.000         265.000            1.911e-01           1.911e-01             130.458           7.392e-07             189.067           3.162e+02     
  65.000         265.000            3.248e-01           3.248e-01             117.906           7.031e-07             189.491           3.162e+02     
  70.000         265.000            5.378e-01           5.378e-01             109.971           6.032e-07             188.929           3.162e+02     
  75.000         265.000            8.013e-01           8.013e-01             105.101           4.316e-07             187.837           3.162e+02     
  80.000         265.000            1.060e+00           1.060e+00             102.163           2.277e-07             186.727           3.162e+02     
  85.000         265.000            1.248e+00           1.248e+00             100.571           6.242e-08             185.953           3.162e+02     
  90.000         265.000            1.317e+00           1.317e+00             100.065           1.189e-11             181.629           3.162e+02     
  95.000         265.000            1.248e+00           1.248e+00             100.571           6.244e-08               5.965           3.162e+02     
 100.000         265.000            1.060e+00           1.060e+00             102.163           2.278e-07               6.733           3.162e+02     
 105.000         265.000            8.013e-01           8.013e-01             105.101           4.316e-07               7.841           3.162e+02     
 110.000         265.000            5.378e-01           5.378e-01             109.971           6.032e-07               8.931           3.162e+02     
 115.000         265.000            3.248e-01           3.248e-01             117.906           7.032e-07               9.492           3.162e+02     
 120.000         265.000            1.911e-01           1.911e-01             130.458           7.392e-07               9.067           3.162e+02     
 125.000         265.000            1.331e-01           1.331e-01             147.131           7.815e-07               7.715           3.162e+02     
 130.000         265.000            1.298e-01           1.298e-01             161.890           9.084e-07               6.780           3.162e+02     
 135.000         265.000            1.616e-01           1.616e-01             169.846           1.199e-06               8.594           3.162e+02     
 140.000         265.000            2.164e-01           2.164e-01             173.244           1.696e-06              14.445           3.162e+02     
 145.000         265.000            2.767e-01           2.767e-01             176.267           2.437e-06              24.012           3.162e+02     
 150.000         265.000            3.122e-01           3.122e-01             181.599           3.394e-06              36.301           3.162e+02     
 155.000         265.000            2.983e-01           2.983e-01             190.592           4.529e-06              50.624           3.162e+02     
 160.000         265.000            2.405e-01           2.405e-01             203.896           5.852e-06              65.970           3.025e+02     
 165.000         265.000            1.662e-01           1.662e-01             221.117           7.391e-06              81.525           2.313e+02     
 170.000         265.000            9.379e-02           9.378e-02             240.024           9.106e-06              96.238           1.718e+02     
 175.000         265.000            3.031e-02           3.030e-02             257.564           1.078e-05             109.734           9.959e+01     
 180.000         265.000            1.250e-05           4.609e-07             129.539           1.203e-05             122.037           4.061e+01     
   0.000         270.000            1.250e-05           1.433e-07             135.515           1.235e-05             302.163           4.065e+01     
   5.000         270.000            3.033e-02           3.032e-02             260.254           1.107e-05             292.845           9.720e+01     
  10.000         270.000            9.333e-02           9.332e-02             245.439           9.359e-06             282.525           1.656e+02     
  15.000         270.000            1.639e-01           1.639e-01             229.274           7.567e-06             271.161           2.204e+02     
  20.000         270.000            2.347e-01           2.347e-01             214.636           5.933e-06             258.988           2.845e+02     
  25.000         270.000            2.900e-01           2.900e-01             203.721           4.532e-06             246.812           3.162e+02     
  30.000         270.000            3.064e-01           3.064e-01             197.000           3.394e-06             235.474           3.162e+02     
  35.000         270.000            2.794e-01           2.794e-01             193.851           2.494e-06             226.106           3.162e+02     
  40.000         270.000            2.301e-01           2.301e-01             192.866           1.836e-06             219.613           3.162e+02     
  45.000         270.000            1.848e-01           1.848e-01             191.408           1.411e-06             216.523           3.162e+02     
  50.000         270.000            1.596e-01           1.596e-01             185.819           1.173e-06             216.584           3.162e+02     
  55.000         270.000            1.671e-01           1.671e-01             174.280           1.068e-06             217.917           3.162e+02     
  60.000         270.000            2.266e-01           2.266e-01             160.258           1.012e-06             218.861           3.162e+02     
  65.000         270.000            3.577e-01           3.577e-01             148.775           9.266e-07             218.840           3.162e+02     
  70.000         270.000            5.624e-01           5.624e-01             141.102           7.591e-07             218.054           3.162e+02     
  75.000         270.000            8.129e-01           8.129e-01             136.310           5.207e-07             216.880           3.162e+02     
  80.000         270.000            1.057e+00           1.057e+00             133.431           2.661e-07             215.745           3.162e+02     
  85.000         270.000            1.234e+00           1.234e+00             131.887           7.157e-08             214.937           3.162e+02     
  90.000         270.000            1.298e+00           1.298e+00             131.400           1.309e-11             217.145           3.162e+02     
  95.000         270.000            1.234e+00           1.234e+00             131.887           7.159e-08              34.941           3.162e+02     
 100.000         270.000            1.057e+00           1.057e+00             133.431           2.662e-07              35.746           3.162e+02     
 105.000         270.000            8.129e-01           8.129e-01             136.310           5.207e-07              36.880           3.162e+02     
 110.000         270.000            5.624e-01           5.624e-01             141.102           7.592e-07              38.053           3.162e+02     
 115.000         270.000            3.577e-01           3.577e-01             148.775           9.266e-07              38.838           3.162e+02     
 120.000         270.000            2.266e-01           2.266e-01             160.258           1.012e-06              38.859           3.162e+02     
 125.000         270.000            1.671e-01           1.671e-01             174.280           1.068e-06              37.914           3.162e+02     
 130.000         270.000            1.596e-01           1.596e-01             185.819           1.173e-06              36.580           3.162e+02     
 135.000         270.000            1.848e-01           1.848e-01             191.408           1.411e-06              36.519           3.162e+02     
 140.000         270.000            2.301e-01           2.301e-01             192.866           1.836e-06              39.609           3.162e+02     
 145.000         270.000            2.794e-01           2.794e-01             193.851           2.493e-06              46.102           3.162e+02     
 150.000         270.000            3.064e-01           3.064e-01             197.000           3.393e-06              55.471           3.162e+02     
 155.000         270.000            2.900e-01           2.900e-01             203.721           4.531e-06              66.810           3.162e+02     
 160.000         270.000            2.347e-01           2.347e-01             214.636           5.932e-06              78.987           2.846e+02     
 165.000         270.000            1.639e-01           1.639e-01             229.274           7.566e-06              91.160           2.204e+02     
 170.000         270.000            9.333e-02           9.332e-02             245.439           9.358e-06             102.524           1.656e+02     
 175.000         270.000            3.033e-02           3.032e-02             260.254           1.106e-05             112.844           9.721e+01     
 180.000         270.000            1.250e-05           1.434e-07             135.524           1.235e-05             122.163           4.061e+01     
   0.000         275.000            1.250e-05           1.126e-08             177.325           1.249e-05             302.287           4.065e+01     
   5.000         275.000            3.042e-02           3.041e-02             263.044           1.123e-05             296.244           9.506e+01     
  10.000         275.000            9.350e-02           9.349e-02             251.095           9.532e-06             288.924           1.615e+02     
  15.000         275.000            1.634e-01           1.634e-01             237.841           7.708e-06             280.719           2.139e+02     
  20.000         275.000            2.321e-01           2.321e-01             225.903           6.037e-06             271.802           2.731e+02     
  25.000         275.000            2.862e-01           2.862e-01             217.378           4.606e-06             262.798           3.162e+02     
  30.000         275.000            3.054e-01           3.053e-01             212.796           3.484e-06             254.479           3.162e+02     
  35.000         275.000            2.858e-01           2.858e-01             211.607           2.642e-06             247.823           3.162e+02     
  40.000         275.000            2.459e-01           2.459e-01             212.473           2.062e-06             243.661           3.162e+02     
  45.000         275.000            2.093e-01           2.093e-01             212.990           1.703e-06             242.039           3.162e+02     
  50.000         275.000            1.910e-01           1.910e-01             210.063           1.501e-06             242.687           3.162e+02     
  55.000         275.000            2.028e-01           2.028e-01             202.118           1.388e-06             243.975           3.162e+02     
  60.000         275.000            2.613e-01           2.613e-01             191.346           1.283e-06             244.927           3.162e+02     
  65.000         275.000            3.830e-01           3.830e-01             181.593           1.119e-06             245.230           3.162e+02     
  70.000         275.000            5.690e-01           5.690e-01             174.568           8.724e-07             245.022           3.162e+02     
  75.000         275.000            7.948e-01           7.947e-01             170.012           5.728e-07             244.465           3.162e+02     
  80.000         275.000            1.014e+00           1.014e+00             167.243           2.832e-07             243.841           3.162e+02     
  85.000         275.000            1.173e+00           1.173e+00             165.759           7.464e-08             243.343           3.162e+02     
  90.000         275.000            1.231e+00           1.231e+00             165.291           1.397e-11             250.400           3.162e+02     
  95.000         275.000            1.173e+00           1.173e+00             165.759           7.464e-08              63.340           3.162e+02     
 100.000         275.000            1.014e+00           1.014e+00             167.243           2.833e-07              63.839           3.162e+02     
 105.000         275.000            7.948e-01           7.947e-01             170.012           5.728e-07              64.463           3.162e+02     
 110.000         275.000            5.690e-01           5.690e-01             174.568           8.724e-07              65.020           3.162e+02     
 115.000         275.000            3.830e-01           3.830e-01             181.593           1.119e-06              65.227           3.162e+02     
 120.000         275.000            2.613e-01           2.613e-01             191.346           1.283e-06              64.924           3.162e+02     
 125.000         275.000            2.028e-01           2.028e-01             202.118           1.388e-06              63.972           3.162e+02     
 130.000         275.000            1.910e-01           1.910e-01             210.063           1.501e-06              62.683           3.162e+02     
 135.000         275.000            2.093e-01           2.093e-01             212.990           1.703e-06              62.035           3.162e+02     
 140.000         275.000            2.459e-01           2.459e-01             212.473           2.062e-06              63.656           3.162e+02     
 145.000         275.000            2.858e-01           2.858e-01             211.607           2.642e-06              67.820           3.162e+02     
 150.000         275.000            3.054e-01           3.053e-01             212.796           3.483e-06              74.476           3.162e+02     
 155.000         275.000            2.862e-01           2.862e-01             217.378           4.605e-06              82.796           3.162e+02     
 160.000         275.000            2.321e-01           2.321e-01             225.903           6.036e-06              91.801           2.731e+02     
 165.000         275.000            1.634e-01           1.634e-01             237.840           7.707e-06             100.718           2.140e+02     
 170.000         275.000            9.350e-02           9.349e-02             251.095           9.530e-06             108.924           1.615e+02     
 175.000         275.000            3.042e-02           3.041e-02             263.044           1.123e-05             116.243           9.507e+01     
 180.000         275.000            1.250e-05           1.128e-08             177.315           1.248e-05             122.286           4.061e+01     
   0.000         280.000            1.250e-05           6.871e-08             282.988           1.243e-05             302.410           4.065e+01     
   5.000         280.000            3.059e-02           3.058e-02             265.912           1.118e-05             299.241           9.522e+01     
  10.000         280.000            9.430e-02           9.429e-02             256.928           9.497e-06             294.869           1.621e+02     
  15.000         280.000            1.647e-01           1.647e-01             246.689           7.676e-06             289.722           2.147e+02     
  20.000         280.000            2.331e-01           2.331e-01             237.535           6.015e-06             283.945           2.718e+02     
  25.000         280.000            2.871e-01           2.871e-01             231.424           4.608e-06             278.012           3.162e+02     
  30.000         280.000            3.094e-01           3.094e-01             228.953           3.545e-06             272.563           3.162e+02     
  35.000         280.000            2.965e-01           2.965e-01             229.694           2.782e-06             268.278           3.162e+02     
  40.000         280.000            2.651e-01           2.651e-01             232.438           2.283e-06             265.833           3.162e+02     
  45.000         280.000            2.372e-01           2.372e-01             235.018           1.974e-06             264.979           3.162e+02     
  50.000         280.000            2.272e-01           2.271e-01             234.734           1.781e-06             265.892           3.162e+02     
  55.000         280.000            2.452e-01           2.452e-01             230.131           1.628e-06             267.332           3.162e+02     
  60.000         280.000            3.049e-01           3.049e-01             222.522           1.448e-06             268.786           3.162e+02     
  65.000         280.000            4.193e-01           4.193e-01             214.747           1.204e-06             269.963           3.162e+02     
  70.000         280.000            5.886e-01           5.886e-01             208.615           8.978e-07             270.911           3.162e+02     
  75.000         280.000            7.907e-01           7.907e-01             204.401           5.681e-07             271.499           3.162e+02     
  80.000         280.000            9.850e-01           9.850e-01             201.762           2.736e-07             271.818           3.162e+02     
  85.000         280.000            1.126e+00           1.126e+00             200.328           7.097e-08             271.946           3.162e+02     
  90.000         280.000            1.177e+00           1.177e+00             199.875           1.382e-11             282.878           3.162e+02     
  95.000         280.000            1.126e+00           1.126e+00             200.328           7.096e-08              91.940           3.162e+02     
 100.000         280.000            9.850e-01           9.850e-01             201.762           2.735e-07              91.814           3.162e+02     
 105.000         280.000            7.907e-01           7.907e-01             204.401           5.681e-07              91.496           3.162e+02     
 110.000         280.000            5.886e-01           5.886e-01             208.615           8.977e-07              90.908           3.162e+02     
 115.000         280.000            4.193e-01           4.193e-01             214.747           1.204e-06              89.960           3.162e+02     
 120.000         280.000            3.049e-01           3.049e-01             222.522           1.448e-06              88.782           3.162e+02     
 125.000         280.000            2.452e-01           2.452e-01             230.131           1.628e-06              87.328           3.162e+02     
 130.000         280.000            2.272e-01           2.271e-01             234.734           1.781e-06              85.888           3.162e+02     
 135.000         280.000            2.372e-01           2.372e-01             235.018           1.974e-06              84.974           3.162e+02     
 140.000         280.000            2.651e-01           2.651e-01             232.438           2.283e-06              85.829           3.162e+02     
 145.000         280.000            2.965e-01           2.965e-01             229.694           2.782e-06              88.274           3.162e+02     
 150.000         280.000            3.094e-01           3.094e-01             228.953           3.544e-06              92.560           3.162e+02     
 155.000         280.000            2.871e-01           2.871e-01             231.424           4.607e-06              98.011           3.162e+02     
 160.000         280.000            2.331e-01           2.331e-01             237.535           6.014e-06             103.944           2.718e+02     
 165.000         280.000            1.647e-01           1.647e-01             246.689           7.675e-06             109.721           2.147e+02     
 170.000         280.000            9.430e-02           9.429e-02             256.928           9.496e-06             114.868           1.621e+02     
 175.000         280.000            3.059e-02           3.058e-02             265.912           1.118e-05             119.241           9.522e+01     
 180.000         280.000            1.250e-05           6.867e-08             282.965           1.243e-05             122.410           4.061e+01     
   0.000         285.000            1.250e-05           3.139e-07             293.495           1.218e-05             302.535           4.065e+01     
   5.000         285.000            3.082e-02           3.081e-02             268.830           1.095e-05             302.235           9.637e+01     
  10.000         285.000            9.571e-02           9.570e-02             262.863           9.297e-06             300.772           1.651e+02     
  15.000         285.000            1.679e-01           1.679e-01             255.682           7.494e-06             298.626           2.197e+02     
  20.000         285.000            2.376e-01           2.376e-01             249.343           5.867e-06             295.921           2.771e+02     
  25.000         285.000            2.934e-01           2.934e-01             245.668           4.518e-06             292.968           3.162e+02     
  30.000         285.000            3.197e-01           3.197e-01             245.337           3.536e-06             290.209           3.162e+02     
  35.000         285.000            3.140e-01           3.140e-01             248.053           2.862e-06             287.953           3.162e+02     
  40.000         285.000            2.919e-01           2.919e-01             252.711           2.435e-06             286.820           3.162e+02     
  45.000         285.000            2.737e-01           2.737e-01             257.277           2.175e-06             287.245           3.162e+02     
  50.000         285.000            2.727e-01           2.727e-01             259.312           1.957e-06             288.062           3.162e+02     
  55.000         285.000            2.971e-01           2.971e-01             257.481           1.745e-06             289.852           3.162e+02     
  60.000         285.000            3.569e-01           3.569e-01             252.575           1.494e-06             292.075           3.162e+02     
  65.000         285.000            4.611e-01           4.611e-01             246.709           1.192e-06             294.336           3.162e+02     
  70.000         285.000            6.082e-01           6.082e-01             241.597           8.596e-07             296.645           3.162e+02     
  75.000         285.000            7.790e-01           7.790e-01             237.855           5.312e-07             298.536           3.162e+02     
  80.000         285.000            9.405e-01           9.405e-01             235.428           2.520e-07             299.909           3.162e+02     
  85.000         285.000            1.056e+00           1.056e+00             234.091           6.484e-08             300.668           3.162e+02     
  90.000         285.000            1.098e+00           1.098e+00             233.665           1.300e-11             315.492           3.162e+02     
  95.000         285.000            1.056e+00           1.056e+00             234.091           6.481e-08             120.664           3.162e+02     
 100.000         285.000            9.405e-01           9.405e-01             235.428           2.519e-07             119.906           3.162e+02     
 105.000         285.000            7.790e-01           7.790e-01             237.855           5.311e-07             118.534           3.162e+02     
 110.000         285.000            6.082e-01           6.082e-01             241.597           8.595e-07             116.642           3.162e+02     
 115.000         285.000            4.611e-01           4.611e-01             246.709           1.191e-06             114.333           3.162e+02     
 120.000         285.000            3.569e-01           3.569e-01             252.575           1.494e-06             112.071           3.162e+02     
 125.000         285.000            2.971e-01           2.971e-01             257.481           1.745e-06             109.848           3.162e+02     
 130.000         285.000            2.727e-01           2.727e-01             259.312           1.957e-06             108.057           3.162e+02     
 135.000         285.000            2.737e-01           2.737e-01             257.277           2.174e-06             107.240           3.162e+02     
 140.000         285.000            2.919e-01           2.919e-01             252.711           2.434e-06             106.815           3.162e+02     
 145.000         285.000            3.140e-01           3.140e-01             248.053           2.861e-06             107.950           3.162e+02     
 150.000         285.000            3.197e-01           3.197e-01             245.337           3.536e-06             110.206           3.162e+02     
 155.000         285.000            2.934e-01           2.934e-01             245.668           4.517e-06             112.966           3.162e+02     
 160.000         285.000            2.376e-01           2.376e-01             249.343           5.866e-06             115.919           2.771e+02     
 165.000         285.000            1.679e-01           1.679e-01             255.682           7.493e-06             118.626           2.197e+02     
 170.000         285.000            9.571e-02           9.570e-02             262.863           9.296e-06             120.772           1.651e+02     
 175.000         285.000            3.082e-02           3.081e-02             268.830           1.095e-05             122.234           9.637e+01     
 180.000         285.000            1.250e-05           3.138e-07             293.485           1.218e-05             122.534           4.061e+01     
   0.000         290.000            1.250e-05           7.394e-07             296.681           1.176e-05             302.663           4.065e+01     
   5.000         290.000            3.113e-02           3.112e-02             271.769           1.056e-05             305.208           9.854e+01     
  10.000         290.000            9.770e-02           9.769e-02             268.830           8.936e-06             306.612           1.707e+02     
  15.000         290.000            1.729e-01           1.729e-01             264.689           7.163e-06             307.429           2.289e+02     
  20.000         290.000            2.457e-01           2.457e-01             261.137           5.585e-06             307.770           2.885e+02     
  25.000         290.000            3.050e-01           3.050e-01             259.884           4.313e-06             307.752           3.162e+02     
  30.000         290.000            3.373e-01           3.373e-01             261.694           3.424e-06             307.560           3.162e+02     
  35.000         290.000            3.409e-01           3.409e-01             266.374           2.865e-06             307.392           3.162e+02     
  40.000         290.000            3.303e-01           3.303e-01             272.847           2.491e-06             307.307           3.162e+02     
  45.000         290.000            3.236e-01           3.236e-01             279.156           2.230e-06             307.832           3.162e+02     
  50.000         290.000            3.316e-01           3.316e-01             283.145           1.992e-06             309.226           3.162e+02     
  55.000         290.000            3.594e-01           3.594e-01             283.698           1.737e-06             311.855           3.162e+02     
  60.000         290.000            4.130e-01           4.130e-01             281.305           1.444e-06             315.160           3.162e+02     
  65.000         290.000            4.975e-01           4.975e-01             277.495           1.122e-06             318.777           3.162e+02     
  70.000         290.000            6.102e-01           6.102e-01             273.729           7.913e-07             322.262           3.162e+02     
  75.000         290.000            7.369e-01           7.369e-01             270.776           4.834e-07             325.347           3.162e+02     
  80.000         290.000            8.540e-01           8.540e-01             268.797           2.281e-07             327.625           3.162e+02     
  85.000         290.000            9.368e-01           9.368e-01             267.695           5.859e-08             328.921           3.162e+02     
  90.000         290.000            9.667e-01           9.667e-01             267.344           1.198e-11             347.729           3.162e+02     
  95.000         290.000            9.368e-01           9.368e-01             267.695           5.855e-08             148.922           3.162e+02     
 100.000         290.000            8.540e-01           8.540e-01             268.797           2.280e-07             147.625           3.162e+02     
 105.000         290.000            7.369e-01           7.369e-01             270.776           4.833e-07             145.345           3.162e+02     
 110.000         290.000            6.102e-01           6.102e-01             273.729           7.911e-07             142.260           3.162e+02     
 115.000         290.000            4.975e-01           4.975e-01             277.495           1.122e-06             138.774           3.162e+02     
 120.000         290.000            4.130e-01           4.130e-01             281.305           1.444e-06             135.157           3.162e+02     
 125.000         290.000            3.594e-01           3.594e-01             283.698           1.737e-06             131.851           3.162e+02     
 130.000         290.000            3.316e-01           3.316e-01             283.145           1.991e-06             129.222           3.162e+02     
 135.000         290.000            3.236e-01           3.236e-01             279.156           2.230e-06             127.828           3.162e+02     
 140.000         290.000            3.303e-01           3.303e-01             272.847           2.491e-06             127.303           3.162e+02     
 145.000         290.000            3.409e-01           3.409e-01             266.374           2.865e-06             127.388           3.162e+02     
 150.000         290.000            3.373e-01           3.373e-01             261.694           3.423e-06             127.557           3.162e+02     
 155.000         290.000            3.050e-01           3.050e-01             259.884           4.313e-06             127.750           3.162e+02     
 160.000         290.000            2.457e-01           2.457e-01             261.137           5.584e-06             127.769           2.886e+02     
 165.000         290.000            1.729e-01           1.729e-01             264.689           7.163e-06             127.428           2.290e+02     
 170.000         290.000            9.770e-02           9.769e-02             268.830           8.935e-06             126.612           1.707e+02     
 175.000         290.000            3.113e-02           3.112e-02             271.769           1.056e-05             125.207           9.854e+01     
 180.000         290.000            1.250e-05           7.392e-07             296.675           1.176e-05             122.663           4.061e+01     
   0.000         295.000            1.250e-05           1.332e-06             298.227           1.116e-05             302.797           4.065e+01     
   5.000         295.000            3.149e-02           3.148e-02             274.704           1.001e-05             308.142           1.018e+02     
  10.000         295.000            1.002e-01           1.002e-01             274.763           8.429e-06             312.368           1.787e+02     
  15.000         295.000            1.795e-01           1.795e-01             273.593           6.699e-06             316.134           2.421e+02     
  20.000         295.000            2.568e-01           2.568e-01             272.749           5.183e-06             319.563           3.053e+02     
  25.000         295.000            3.212e-01           3.212e-01             273.846           4.060e-06             322.854           3.162e+02     
  30.000         295.000            3.615e-01           3.615e-01             277.726           3.234e-06             324.865           3.162e+02     
  35.000         295.000            3.772e-01           3.772e-01             284.248           2.705e-06             325.905           3.162e+02     
  40.000         295.000            3.814e-01           3.814e-01             292.309           2.391e-06             327.090           3.162e+02     
  45.000         295.000            3.884e-01           3.884e-01             300.064           2.155e-06             328.412           3.162e+02     
  50.000         295.000            4.051e-01           4.051e-01             305.741           1.914e-06             330.362           3.162e+02     
  55.000         295.000            4.334e-01           4.334e-01             308.526           1.669e-06             334.461           3.162e+02     
  60.000         295.000            4.759e-01           4.759e-01             308.743           1.371e-06             338.612           3.162e+02     
  65.000         295.000            5.355e-01           5.355e-01             307.413           1.057e-06             343.212           3.162e+02     
  70.000         295.000            6.106e-01           6.106e-01             305.613           7.450e-07             347.627           3.162e+02     
  75.000         295.000            6.924e-01           6.924e-01             304.034           4.545e-07             351.332           3.162e+02     
  80.000         295.000            7.669e-01           7.669e-01             302.941           2.149e-07             354.139           3.162e+02     
  85.000         295.000            8.191e-01           8.191e-01             302.333           5.534e-08             355.718           3.162e+02     
  90.000         295.000            8.380e-01           8.380e-01             302.142           1.073e-11              18.826           3.162e+02     
  95.000         295.000            8.191e-01           8.191e-01             302.333           5.530e-08             175.724           3.162e+02     
 100.000         295.000            7.669e-01           7.669e-01             302.941           2.149e-07             174.141           3.162e+02     
 105.000         295.000            6.924e-01           6.924e-01             304.034           4.544e-07             171.333           3.162e+02     
 110.000         295.000            6.106e-01           6.106e-01             305.613           7.449e-07             167.626           3.162e+02     
 115.000         295.000            5.355e-01           5.355e-01             307.413           1.057e-06             163.210           3.162e+02     
 120.000         295.000            4.759e-01           4.759e-01             308.743           1.371e-06             158.609           3.162e+02     
 125.000         295.000            4.334e-01           4.334e-01             308.526           1.669e-06             154.458           3.162e+02     
 130.000         295.000            4.051e-01           4.051e-01             305.741           1.914e-06             150.358           3.162e+02     
 135.000         295.000            3.884e-01           3.884e-01             300.064           2.155e-06             148.408           3.162e+02     
 140.000         295.000            3.814e-01           3.814e-01             292.309           2.391e-06             147.086           3.162e+02     
 145.000         295.000            3.772e-01           3.772e-01             284.248           2.705e-06             145.901           3.162e+02     
 150.000         295.000            3.615e-01           3.615e-01             277.726           3.233e-06             144.862           3.162e+02     
 155.000         295.000            3.212e-01           3.212e-01             273.846           4.059e-06             142.852           3.162e+02     
 160.000         295.000            2.568e-01           2.568e-01             272.748           5.182e-06             139.562           3.053e+02     
 165.000         295.000            1.795e-01           1.795e-01             273.592           6.699e-06             136.133           2.421e+02     
 170.000         295.000            1.002e-01           1.002e-01             274.763           8.429e-06             132.367           1.787e+02     
 175.000         295.000            3.149e-02           3.148e-02             274.704           1.001e-05             128.142           1.018e+02     
 180.000         295.000            1.250e-05           1.332e-06             298.223           1.116e-05             122.797           4.061e+01     
   0.000         300.000            1.250e-05           2.075e-06             299.150           1.042e-05             302.939           4.065e+01     
   5.000         300.000            3.191e-02           3.190e-02             277.609           9.330e-06             311.023           1.062e+02     
  10.000         300.000            1.032e-01           1.032e-01             280.602           7.798e-06             318.018           1.894e+02     
  15.000         300.000            1.875e-01           1.875e-01             282.298           6.131e-06             324.741           2.591e+02     
  20.000         300.000            2.701e-01           2.701e-01             284.049           4.696e-06             331.355           3.162e+02     
  25.000         300.000            3.403e-01           3.403e-01             287.394           3.641e-06             337.238           3.162e+02     
  30.000         300.000            3.894e-01           3.894e-01             293.223           2.918e-06             341.952           3.162e+02     
  35.000         300.000            4.191e-01           4.191e-01             301.408           2.480e-06             345.041           3.162e+02     
  40.000         300.000            4.404e-01           4.404e-01             310.820           2.186e-06             346.889           3.162e+02     
  45.000         300.000            4.630e-01           4.630e-01             319.795           2.006e-06             349.401           3.162e+02     
  50.000         300.000            4.890e-01           4.890e-01             326.971           1.791e-06             351.956           3.162e+02     
  55.000         300.000            5.176e-01           5.176e-01             331.831           1.551e-06             355.697           3.162e+02     
  60.000         300.000            5.504e-01           5.504e-01             334.624           1.293e-06               0.681           3.162e+02     
  65.000         300.000            5.903e-01           5.903e-01             335.983           1.012e-06               5.891           3.162e+02     
  70.000         300.000            6.382e-01           6.382e-01             336.575           7.222e-07              10.714           3.162e+02     
  75.000         300.000            6.899e-01           6.899e-01             336.863           4.451e-07              14.683           3.162e+02     
  80.000         300.000            7.374e-01           7.374e-01             337.056           2.115e-07              17.541           3.162e+02     
  85.000         300.000            7.710e-01           7.710e-01             337.192           5.463e-08              19.116           3.162e+02     
  90.000         300.000            7.831e-01           7.831e-01             337.243           9.201e-12              49.006           3.162e+02     
  95.000         300.000            7.710e-01           7.710e-01             337.192           5.459e-08             199.122           3.162e+02     
 100.000         300.000            7.374e-01           7.374e-01             337.056           2.114e-07             197.543           3.162e+02     
 105.000         300.000            6.899e-01           6.899e-01             336.863           4.450e-07             194.684           3.162e+02     
 110.000         300.000            6.382e-01           6.382e-01             336.575           7.221e-07             190.713           3.162e+02     
 115.000         300.000            5.903e-01           5.903e-01             335.983           1.012e-06             185.890           3.162e+02     
 120.000         300.000            5.504e-01           5.504e-01             334.624           1.293e-06             180.679           3.162e+02     
 125.000         300.000            5.176e-01           5.176e-01             331.831           1.551e-06             175.694           3.162e+02     
 130.000         300.000            4.890e-01           4.890e-01             326.971           1.790e-06             171.953           3.162e+02     
 135.000         300.000            4.630e-01           4.630e-01             319.795           2.005e-06             169.397           3.162e+02     
 140.000         300.000            4.404e-01           4.404e-01             310.820           2.186e-06             166.885           3.162e+02     
 145.000         300.000            4.191e-01           4.191e-01             301.408           2.479e-06             165.037           3.162e+02     
 150.000         300.000            3.894e-01           3.894e-01             293.223           2.917e-06             161.949           3.162e+02     
 155.000         300.000            3.403e-01           3.403e-01             287.394           3.640e-06             157.236           3.162e+02     
 160.000         300.000            2.701e-01           2.701e-01             284.049           4.696e-06             151.353           3.162e+02     
 165.000         300.000            1.875e-01           1.875e-01             282.298           6.130e-06             144.740           2.591e+02     
 170.000         300.000            1.032e-01           1.032e-01             280.602           7.797e-06             138.017           1.894e+02     
 175.000         300.000            3.191e-02           3.190e-02             277.609           9.329e-06             131.023           1.062e+02     
 180.000         300.000            1.250e-05           2.074e-06             299.147           1.042e-05             122.939           4.061e+01     
   0.000         305.000            1.250e-05           2.944e-06             299.771           9.553e-06             303.093           4.065e+01     
   5.000         305.000            3.238e-02           3.237e-02             280.458           8.534e-06             313.832           1.120e+02     
  10.000         305.000            1.066e-01           1.066e-01             286.295           7.070e-06             323.538           2.029e+02     
  15.000         305.000            1.964e-01           1.964e-01             290.734           5.493e-06             333.229           2.799e+02     
  20.000         305.000            2.846e-01           2.846e-01             294.962           4.190e-06             343.127           3.162e+02     
  25.000         305.000            3.598e-01           3.598e-01             300.460           3.230e-06             352.017           3.162e+02     
  30.000         305.000            4.165e-01           4.165e-01             308.143           2.576e-06             359.254           3.162e+02     
  35.000         305.000            4.590e-01           4.590e-01             317.879           2.186e-06               4.036           3.162e+02     
  40.000         305.000            4.971e-01           4.971e-01             328.538           1.939e-06               6.859           3.162e+02     
  45.000         305.000            5.356e-01           5.356e-01             338.654           1.744e-06               9.177           3.162e+02     
  50.000         305.000            5.720e-01           5.720e-01             347.208           1.577e-06              12.093           3.162e+02     
  55.000         305.000            6.037e-01           6.037e-01             353.908           1.402e-06              16.079           3.162e+02     
  60.000         305.000            6.325e-01           6.325e-01             358.941           1.194e-06              20.760           3.162e+02     
  65.000         305.000            6.631e-01           6.631e-01               2.674           9.602e-07              26.374           3.162e+02     
  70.000         305.000            6.986e-01           6.986e-01               5.445           6.958e-07              30.890           3.162e+02     
  75.000         305.000            7.374e-01           7.374e-01               7.484           4.334e-07              34.609           3.162e+02     
  80.000         305.000            7.736e-01           7.736e-01               8.909           2.073e-07              37.280           3.162e+02     
  85.000         305.000            7.997e-01           7.997e-01               9.760           5.382e-08              38.718           3.162e+02     
  90.000         305.000            8.093e-01           8.093e-01              10.044           7.669e-12              79.210           3.162e+02     
  95.000         305.000            7.997e-01           7.997e-01               9.760           5.379e-08             218.721           3.162e+02     
 100.000         305.000            7.736e-01           7.736e-01               8.909           2.072e-07             217.281           3.162e+02     
 105.000         305.000            7.374e-01           7.374e-01               7.484           4.333e-07             214.609           3.162e+02     
 110.000         305.000            6.986e-01           6.986e-01               5.445           6.957e-07             210.889           3.162e+02     
 115.000         305.000            6.631e-01           6.631e-01               2.674           9.601e-07             206.372           3.162e+02     
 120.000         305.000            6.325e-01           6.325e-01             358.941           1.193e-06             200.758           3.162e+02     
 125.000         305.000            6.037e-01           6.037e-01             353.908           1.402e-06             196.076           3.162e+02     
 130.000         305.000            5.720e-01           5.720e-01             347.208           1.577e-06             192.089           3.162e+02     
 135.000         305.000            5.356e-01           5.356e-01             338.654           1.744e-06             189.174           3.162e+02     
 140.000         305.000            4.971e-01           4.971e-01             328.538           1.938e-06             186.855           3.162e+02     
 145.000         305.000            4.590e-01           4.590e-01             317.879           2.186e-06             184.033           3.162e+02     
 150.000         305.000            4.165e-01           4.165e-01             308.143           2.575e-06             179.251           3.162e+02     
 155.000         305.000            3.598e-01           3.598e-01             300.460           3.230e-06             172.015           3.162e+02     
 160.000         305.000            2.846e-01           2.846e-01             294.962           4.190e-06             163.126           3.162e+02     
 165.000         305.000            1.964e-01           1.964e-01             290.734           5.492e-06             153.228           2.799e+02     
 170.000         305.000            1.066e-01           1.066e-01             286.295           7.069e-06             143.537           2.029e+02     
 175.000         305.000            3.238e-02           3.237e-02             280.458           8.533e-06             133.832           1.120e+02     
 180.000         305.000            1.250e-05           2.943e-06             299.768           9.552e-06             123.093           4.061e+01     
   0.000         310.000            1.250e-05           3.913e-06             300.223           8.583e-06             303.262           4.065e+01     
   5.000         310.000            3.290e-02           3.289e-02             283.228           7.650e-06             316.554           1.194e+02     
  10.000         310.000            1.103e-01           1.103e-01             291.796           6.276e-06             328.898           2.198e+02     
  15.000         310.000            2.059e-01           2.059e-01             298.851           4.822e-06             341.546           3.047e+02     
  20.000         310.000            2.991e-01           2.991e-01             305.464           3.623e-06             354.551           3.162e+02     
  25.000         310.000            3.770e-01           3.770e-01             313.079           2.796e-06               6.729           3.162e+02     
  30.000         310.000            4.372e-01           4.372e-01             322.627           2.246e-06              16.448           3.162e+02     
  35.000         310.000            4.882e-01           4.882e-01             333.970           1.911e-06              23.058           3.162e+02     
  40.000         310.000            5.399e-01           5.399e-01             345.988           1.641e-06              26.377           3.162e+02     
  45.000         310.000            5.933e-01           5.933e-01             357.353           1.444e-06              28.321           3.162e+02     
  50.000         310.000            6.420e-01           6.420e-01               7.285           1.307e-06              30.887           3.162e+02     
  55.000         310.000            6.814e-01           6.814e-01              15.615           1.187e-06              34.860           3.162e+02     
  60.000         310.000            7.137e-01           7.137e-01              22.471           1.028e-06              38.948           3.162e+02     
  65.000         310.000            7.448e-01           7.448e-01              28.022           8.383e-07              43.142           3.162e+02     
  70.000         310.000            7.786e-01           7.786e-01              32.398           6.181e-07              47.483           3.162e+02     
  75.000         310.000            8.144e-01           8.144e-01              35.692           3.900e-07              51.007           3.162e+02     
  80.000         310.000            8.474e-01           8.474e-01              37.978           1.882e-07              53.518           3.162e+02     
  85.000         310.000            8.709e-01           8.709e-01              39.322           4.921e-08              54.825           3.162e+02     
  90.000         310.000            8.794e-01           8.794e-01              39.764           6.546e-12             109.835           3.162e+02     
  95.000         310.000            8.709e-01           8.709e-01              39.322           4.918e-08             234.823           3.162e+02     
 100.000         310.000            8.474e-01           8.474e-01              37.978           1.882e-07             233.517           3.162e+02     
 105.000         310.000            8.144e-01           8.144e-01              35.692           3.899e-07             231.005           3.162e+02     
 110.000         310.000            7.786e-01           7.786e-01              32.398           6.180e-07             227.481           3.162e+02     
 115.000         310.000            7.448e-01           7.448e-01              28.022           8.382e-07             223.139           3.162e+02     
 120.000         310.000            7.137e-01           7.137e-01              22.471           1.027e-06             218.945           3.162e+02     
 125.000         310.000            6.814e-01           6.814e-01              15.615           1.186e-06             214.857           3.162e+02     
 130.000         310.000            6.420e-01           6.420e-01               7.285           1.307e-06             210.883           3.162e+02     
 135.000         310.000            5.933e-01           5.933e-01             357.353           1.444e-06             208.317           3.162e+02     
 140.000         310.000            5.399e-01           5.399e-01             345.988           1.641e-06             206.374           3.162e+02     
 145.000         310.000            4.882e-01           4.882e-01             333.970           1.910e-06             203.055           3.162e+02     
 150.000         310.000            4.372e-01           4.372e-01             322.627           2.246e-06             196.446           3.162e+02     
 155.000         310.000            3.770e-01           3.770e-01             313.079           2.796e-06             186.728           3.162e+02     
 160.000         310.000            2.991e-01           2.991e-01             305.464           3.623e-06             174.550           3.162e+02     
 165.000         310.000            2.059e-01           2.059e-01             298.851           4.822e-06             161.545           3.048e+02     
 170.000         310.000            1.103e-01           1.103e-01             291.796           6.275e-06             148.897           2.198e+02     
 175.000         310.000            3.290e-02           3.289e-02             283.228           7.649e-06             136.554           1.194e+02     
 180.000         310.000            1.250e-05           3.912e-06             300.221           8.583e-06             123.263           4.061e+01     
   0.000         315.000            1.250e-05           4.954e-06             300.572           7.543e-06             303.453           4.065e+01     
   5.000         315.000            3.344e-02           3.343e-02             285.897           6.706e-06             319.174           1.287e+02     
  10.000         315.000            1.143e-01           1.143e-01             297.068           5.446e-06             334.061           2.407e+02     
  15.000         315.000            2.157e-01           2.157e-01             306.615           4.176e-06             349.747           3.162e+02     
  20.000         315.000            3.126e-01           3.126e-01             315.560           3.087e-06               5.764           3.162e+02     
  25.000         315.000            3.896e-01           3.896e-01             325.349           2.401e-06              21.078           3.162e+02     
  30.000         315.000            4.480e-01           4.480e-01             336.940           1.973e-06              33.205           3.162e+02     
  35.000         315.000            5.017e-01           5.017e-01             350.175           1.605e-06              40.954           3.162e+02     
  40.000         315.000            5.631e-01           5.631e-01               3.877           1.327e-06              44.861           3.162e+02     
  45.000         315.000            6.317e-01           6.317e-01              16.760           1.134e-06              46.497           3.162e+02     
  50.000         315.000            6.978e-01           6.978e-01              28.163           1.003e-06              48.091           3.162e+02     
  55.000         315.000            7.538e-01           7.538e-01              37.987           8.909e-07              50.500           3.162e+02     
  60.000         315.000            8.005e-01           8.005e-01              46.311           7.806e-07              54.032           3.162e+02     
  65.000         315.000            8.424e-01           8.424e-01              53.193           6.479e-07              58.131           3.162e+02     
  70.000         315.000            8.830e-01           8.830e-01              58.664           4.875e-07              62.123           3.162e+02     
  75.000         315.000            9.217e-01           9.217e-01              62.773           3.134e-07              65.502           3.162e+02     
  80.000         315.000            9.547e-01           9.547e-01              65.601           1.536e-07              68.182           3.162e+02     
  85.000         315.000            9.771e-01           9.771e-01              67.251           4.052e-08              69.467           3.162e+02     
  90.000         315.000            9.850e-01           9.850e-01              67.792           5.919e-12             139.973           3.162e+02     
  95.000         315.000            9.771e-01           9.771e-01              67.251           4.049e-08             249.462           3.162e+02     
 100.000         315.000            9.547e-01           9.547e-01              65.601           1.535e-07             248.178           3.162e+02     
 105.000         315.000            9.217e-01           9.217e-01              62.773           3.134e-07             245.499           3.162e+02     
 110.000         315.000            8.830e-01           8.830e-01              58.664           4.874e-07             242.120           3.162e+02     
 115.000         315.000            8.424e-01           8.424e-01              53.193           6.478e-07             238.128           3.162e+02     
 120.000         315.000            8.005e-01           8.005e-01              46.311           7.805e-07             234.029           3.162e+02     
 125.000         315.000            7.538e-01           7.538e-01              37.987           8.908e-07             230.496           3.162e+02     
 130.000         315.000            6.978e-01           6.978e-01              28.163           1.002e-06             228.088           3.162e+02     
 135.000         315.000            6.317e-01           6.317e-01              16.760           1.133e-06             226.494           3.162e+02     
 140.000         315.000            5.631e-01           5.631e-01               3.877           1.327e-06             224.858           3.162e+02     
 145.000         315.000            5.017e-01           5.017e-01             350.175           1.605e-06             220.951           3.162e+02     
 150.000         315.000            4.480e-01           4.480e-01             336.940           1.972e-06             213.203           3.162e+02     
 155.000         315.000            3.896e-01           3.896e-01             325.349           2.401e-06             201.077           3.162e+02     
 160.000         315.000            3.126e-01           3.126e-01             315.560           3.086e-06             185.762           3.162e+02     
 165.000         315.000            2.157e-01           2.157e-01             306.615           4.176e-06             169.747           3.162e+02     
 170.000         315.000            1.143e-01           1.143e-01             297.068           5.446e-06             154.061           2.407e+02     
 175.000         315.000            3.344e-02           3.343e-02             285.897           6.705e-06             139.174           1.287e+02     
 180.000         315.000            1.250e-05           4.953e-06             300.570           7.542e-06             123.454           4.061e+01     
   0.000         320.000            1.250e-05           6.034e-06             300.852           6.463e-06             303.673           4.065e+01     
   5.000         320.000            3.401e-02           3.401e-02             288.444           5.732e-06             321.679           1.406e+02     
  10.000         320.000            1.184e-01           1.184e-01             302.078           4.610e-06             338.986           2.668e+02     
  15.000         320.000            2.256e-01           2.256e-01             314.000           3.499e-06             357.326           3.162e+02     
  20.000         320.000            3.247e-01           3.247e-01             325.268           2.591e-06              16.469           3.162e+02     
  25.000         320.000            3.971e-01           3.971e-01             337.391           2.043e-06              34.584           3.162e+02     
  30.000         320.000            4.486e-01           4.486e-01             351.382           1.680e-06              48.690           3.162e+02     
  35.000         320.000            5.015e-01           5.015e-01               7.002           1.319e-06              57.426           3.162e+02     
  40.000         320.000            5.734e-01           5.734e-01              22.844           1.025e-06              61.671           3.162e+02     
  45.000         320.000            6.639e-01           6.639e-01              37.491           8.220e-07              62.859           3.162e+02     
  50.000         320.000            7.595e-01           7.595e-01              50.341           6.822e-07              62.543           3.162e+02     
  55.000         320.000            8.480e-01           8.480e-01              61.383           5.989e-07              62.962           3.162e+02     
  60.000         320.000            9.249e-01           9.249e-01              70.737           5.288e-07              65.885           3.162e+02     
  65.000         320.000            9.913e-01           9.913e-01              78.463           4.482e-07              70.668           3.162e+02     
  70.000         320.000            1.049e+00           1.049e+00              84.593           3.444e-07              74.766           3.162e+02     
  75.000         320.000            1.097e+00           1.097e+00              89.193           2.265e-07              78.565           3.162e+02     
  80.000         320.000            1.133e+00           1.133e+00              92.362           1.132e-07              81.462           3.162e+02     
  85.000         320.000            1.156e+00           1.156e+00              94.209           3.042e-08              82.989           3.162e+02     
  90.000         320.000            1.164e+00           1.164e+00              94.815           5.497e-12             168.787           3.162e+02     
  95.000         320.000            1.156e+00           1.156e+00              94.209           3.039e-08             262.979           3.162e+02     
 100.000         320.000            1.133e+00           1.133e+00              92.362           1.132e-07             261.456           3.162e+02     
 105.000         320.000            1.097e+00           1.097e+00              89.193           2.264e-07             258.561           3.162e+02     
 110.000         320.000            1.049e+00           1.049e+00              84.593           3.444e-07             254.762           3.162e+02     
 115.000         320.000            9.913e-01           9.913e-01              78.463           4.482e-07             250.664           3.162e+02     
 120.000         320.000            9.249e-01           9.249e-01              70.737           5.288e-07             245.881           3.162e+02     
 125.000         320.000            8.480e-01           8.480e-01              61.383           5.988e-07             242.957           3.162e+02     
 130.000         320.000            7.595e-01           7.595e-01              50.341           6.821e-07             242.539           3.162e+02     
 135.000         320.000            6.639e-01           6.639e-01              37.491           8.218e-07             242.855           3.162e+02     
 140.000         320.000            5.734e-01           5.734e-01              22.844           1.025e-06             241.668           3.162e+02     
 145.000         320.000            5.015e-01           5.015e-01               7.002           1.319e-06             237.424           3.162e+02     
 150.000         320.000            4.486e-01           4.486e-01             351.382           1.680e-06             228.688           3.162e+02     
 155.000         320.000            3.971e-01           3.971e-01             337.391           2.043e-06             214.582           3.162e+02     
 160.000         320.000            3.247e-01           3.247e-01             325.268           2.590e-06             196.468           3.162e+02     
 165.000         320.000            2.256e-01           2.256e-01             314.000           3.498e-06             177.326           3.162e+02     
 170.000         320.000            1.184e-01           1.184e-01             302.078           4.610e-06             158.986           2.668e+02     
 175.000         320.000            3.401e-02           3.401e-02             288.444           5.731e-06             141.679           1.406e+02     
 180.000         320.000            1.250e-05           6.032e-06             300.850           6.463e-06             123.674           4.061e+01     
   0.000         325.000            1.250e-05           7.120e-06             301.086           5.377e-06             303.933           4.065e+01     
   5.000         325.000            3.460e-02           3.459e-02             290.849           4.757e-06             324.055           1.557e+02     
  10.000         325.000            1.225e-01           1.225e-01             306.795           3.793e-06             343.621           2.999e+02     
  15.000         325.000            2.352e-01           2.352e-01             320.985           2.844e-06               4.483           3.162e+02     
  20.000         325.000            3.351e-01           3.351e-01             334.595           2.134e-06              26.334           3.162e+02     
  25.000         325.000            4.004e-01           4.004e-01             349.292           1.729e-06              47.056           3.162e+02     
  30.000         325.000            4.434e-01           4.434e-01               6.175           1.379e-06              62.400           3.162e+02     
  35.000         325.000            4.981e-01           4.981e-01              24.754           1.051e-06              72.066           3.162e+02     
  40.000         325.000            5.899e-01           5.899e-01              43.051           7.561e-07              76.285           3.162e+02     
  45.000         325.000            7.178e-01           7.178e-01              59.347           5.309e-07              75.388           3.162e+02     
  50.000         325.000            8.621e-01           8.621e-01              73.190           4.141e-07              72.445           3.162e+02     
  55.000         325.000            1.001e+00           1.001e+00              84.836           3.631e-07              71.077           3.162e+02     
  60.000         325.000            1.123e+00           1.123e+00              94.586           3.331e-07              73.727           3.162e+02     
  65.000         325.000            1.223e+00           1.223e+00             102.612           2.985e-07              77.272           3.162e+02     
  70.000         325.000            1.301e+00           1.301e+00             109.005           2.390e-07              82.765           3.162e+02     
  75.000         325.000            1.359e+00           1.359e+00             113.840           1.637e-07              87.849           3.162e+02     
  80.000         325.000            1.398e+00           1.398e+00             117.205           8.467e-08              91.724           3.162e+02     
  85.000         325.000            1.421e+00           1.421e+00             119.182           2.333e-08              93.833           3.162e+02     
  90.000         325.000            1.429e+00           1.429e+00             119.834           4.986e-12             196.977           3.162e+02     
  95.000         325.000            1.421e+00           1.421e+00             119.182           2.332e-08             273.820           3.162e+02     
 100.000         325.000            1.398e+00           1.398e+00             117.205           8.465e-08             271.717           3.162e+02     
 105.000         325.000            1.359e+00           1.359e+00             113.840           1.636e-07             267.844           3.162e+02     
 110.000         325.000            1.301e+00           1.301e+00             109.005           2.390e-07             262.760           3.162e+02     
 115.000         325.000            1.223e+00           1.223e+00             102.612           2.984e-07             257.267           3.162e+02     
 120.000         325.000            1.123e+00           1.123e+00              94.586           3.330e-07             253.722           3.162e+02     
 125.000         325.000            1.001e+00           1.001e+00              84.836           3.631e-07             251.071           3.162e+02     
 130.000         325.000            8.621e-01           8.621e-01              73.190           4.140e-07             252.440           3.162e+02     
 135.000         325.000            7.178e-01           7.178e-01              59.347           5.308e-07             255.384           3.162e+02     
 140.000         325.000            5.899e-01           5.899e-01              43.051           7.559e-07             256.283           3.162e+02     
 145.000         325.000            4.981e-01           4.981e-01              24.754           1.051e-06             252.064           3.162e+02     
 150.000         325.000            4.434e-01           4.434e-01               6.175           1.379e-06             242.399           3.162e+02     
 155.000         325.000            4.004e-01           4.004e-01             349.292           1.729e-06             227.055           3.162e+02     
 160.000         325.000            3.351e-01           3.351e-01             334.595           2.134e-06             206.333           3.162e+02     
 165.000         325.000            2.352e-01           2.352e-01             320.985           2.844e-06             184.483           3.162e+02     
 170.000         325.000            1.225e-01           1.225e-01             306.795           3.793e-06             163.621           2.999e+02     
 175.000         325.000            3.460e-02           3.459e-02             290.849           4.756e-06             144.056           1.557e+02     
 180.000         325.000            1.250e-05           7.119e-06             301.085           5.376e-06             123.934           4.061e+01     
   0.000         330.000            1.250e-05           8.180e-06             301.288           4.317e-06             304.251           4.065e+01     
   5.000         330.000            3.519e-02           3.519e-02             293.096           3.810e-06             326.295           1.755e+02     
  10.000         330.000            1.267e-01           1.267e-01             311.193           3.017e-06             347.910           3.162e+02     
  15.000         330.000            2.446e-01           2.446e-01             327.541           2.244e-06              11.033           3.162e+02     
  20.000         330.000            3.444e-01           3.444e-01             343.519           1.714e-06              35.105           3.162e+02     
  25.000         330.000            4.020e-01           4.020e-01               1.049           1.381e-06              57.406           3.162e+02     
  30.000         330.000            4.398e-01           4.398e-01              21.313           1.079e-06              73.997           3.162e+02     
  35.000         330.000            5.068e-01           5.068e-01              43.218           7.659e-07              84.140           3.162e+02     
  40.000         330.000            6.360e-01           6.360e-01              63.777           4.940e-07              87.355           3.162e+02     
  45.000         330.000            8.217e-01           8.217e-01              81.065           3.103e-07              82.461           3.162e+02     
  50.000         330.000            1.030e+00           1.030e+00              95.132           2.376e-07              74.571           3.162e+02     
  55.000         330.000            1.226e+00           1.226e+00             106.704           2.259e-07              70.927           3.162e+02     
  60.000         330.000            1.387e+00           1.387e+00             116.349           2.265e-07              72.363           3.162e+02     
  65.000         330.000            1.505e+00           1.505e+00             124.355           2.163e-07              78.272           3.162e+02     
  70.000         330.000            1.585e+00           1.585e+00             130.838           1.858e-07              85.640           3.162e+02     
  75.000         330.000            1.634e+00           1.634e+00             135.843           1.344e-07              92.434           3.162e+02     
  80.000         330.000            1.661e+00           1.661e+00             139.395           7.251e-08              97.571           3.162e+02     
  85.000         330.000            1.674e+00           1.674e+00             141.516           2.041e-08             101.104           3.162e+02     
  90.000         330.000            1.677e+00           1.677e+00             142.221           4.408e-12             225.642           3.162e+02     
  95.000         330.000            1.674e+00           1.674e+00             141.516           2.040e-08             281.089           3.162e+02     
 100.000         330.000            1.661e+00           1.661e+00             139.395           7.250e-08             277.562           3.162e+02     
 105.000         330.000            1.634e+00           1.634e+00             135.843           1.344e-07             272.428           3.162e+02     
 110.000         330.000            1.585e+00           1.585e+00             130.838           1.858e-07             265.635           3.162e+02     
 115.000         330.000            1.505e+00           1.505e+00             124.355           2.163e-07             258.267           3.162e+02     
 120.000         330.000            1.387e+00           1.387e+00             116.349           2.265e-07             252.358           3.162e+02     
 125.000         330.000            1.226e+00           1.226e+00             106.704           2.259e-07             250.922           3.162e+02     
 130.000         330.000            1.030e+00           1.030e+00              95.132           2.376e-07             254.566           3.162e+02     
 135.000         330.000            8.217e-01           8.217e-01              81.065           3.103e-07             262.457           3.162e+02     
 140.000         330.000            6.360e-01           6.360e-01              63.777           4.939e-07             267.353           3.162e+02     
 145.000         330.000            5.068e-01           5.068e-01              43.218           7.658e-07             264.139           3.162e+02     
 150.000         330.000            4.398e-01           4.398e-01              21.313           1.079e-06             253.996           3.162e+02     
 155.000         330.000            4.020e-01           4.020e-01               1.049           1.380e-06             237.406           3.162e+02     
 160.000         330.000            3.444e-01           3.444e-01             343.519           1.713e-06             215.104           3.162e+02     
 165.000         330.000            2.446e-01           2.446e-01             327.541           2.244e-06             191.033           3.162e+02     
 170.000         330.000            1.267e-01           1.267e-01             311.193           3.017e-06             167.910           3.162e+02     
 175.000         330.000            3.519e-02           3.519e-02             293.096           3.810e-06             146.296           1.755e+02     
 180.000         330.000            1.250e-05           8.178e-06             301.286           4.317e-06             124.253           4.061e+01     
   0.000         335.000            1.250e-05           9.181e-06             301.465           3.316e-06             304.657           4.065e+01     
   5.000         335.000            3.579e-02           3.578e-02             295.167           2.920e-06             328.393           2.021e+02     
  10.000         335.000            1.308e-01           1.308e-01             315.247           2.301e-06             351.790           3.162e+02     
  15.000         335.000            2.537e-01           2.537e-01             333.635           1.701e-06              16.789           3.162e+02     
  20.000         335.000            3.533e-01           3.533e-01             351.979           1.299e-06              42.681           3.162e+02     
  25.000         335.000            4.053e-01           4.053e-01              12.529           1.044e-06              65.778           3.162e+02     
  30.000         335.000            4.457e-01           4.457e-01              36.443           7.814e-07              83.219           3.162e+02     
  35.000         335.000            5.410e-01           5.410e-01              61.512           5.150e-07              93.721           3.162e+02     
  40.000         335.000            7.279e-01           7.279e-01              83.583           2.774e-07              93.875           3.162e+02     
  45.000         335.000            9.858e-01           9.858e-01             101.074           1.618e-07              81.975           3.162e+02     
  50.000         335.000            1.257e+00           1.257e+00             114.854           1.502e-07              67.834           3.162e+02     
  55.000         335.000            1.487e+00           1.487e+00             126.114           1.814e-07              62.309           3.162e+02     
  60.000         335.000            1.647e+00           1.647e+00             135.607           2.124e-07              65.990           3.162e+02     
  65.000         335.000            1.735e+00           1.735e+00             143.680           2.151e-07              74.691           3.162e+02     
  70.000         335.000            1.769e+00           1.769e+00             150.427           1.905e-07              84.372           3.162e+02     
  75.000         335.000            1.768e+00           1.768e+00             155.813           1.393e-07              93.316           3.162e+02     
  80.000         335.000            1.753e+00           1.753e+00             159.754           7.633e-08              99.549           3.162e+02     
  85.000         335.000            1.739e+00           1.739e+00             162.162           2.191e-08             103.221           3.162e+02     
  90.000         335.000            1.733e+00           1.733e+00             162.972           3.900e-12             253.931           3.162e+02     
  95.000         335.000            1.739e+00           1.739e+00             162.162           2.191e-08             283.207           3.162e+02     
 100.000         335.000            1.753e+00           1.753e+00             159.754           7.633e-08             279.542           3.162e+02     
 105.000         335.000            1.768e+00           1.768e+00             155.813           1.393e-07             273.311           3.162e+02     
 110.000         335.000            1.769e+00           1.769e+00             150.427           1.905e-07             264.367           3.162e+02     
 115.000         335.000            1.735e+00           1.735e+00             143.680           2.151e-07             254.687           3.162e+02     
 120.000         335.000            1.647e+00           1.647e+00             135.607           2.124e-07             245.986           3.162e+02     
 125.000         335.000            1.487e+00           1.487e+00             126.114           1.814e-07             242.305           3.162e+02     
 130.000         335.000            1.257e+00           1.257e+00             114.854           1.502e-07             247.829           3.162e+02     
 135.000         335.000            9.858e-01           9.858e-01             101.074           1.618e-07             261.971           3.162e+02     
 140.000         335.000            7.279e-01           7.279e-01              83.583           2.773e-07             273.873           3.162e+02     
 145.000         335.000            5.410e-01           5.410e-01              61.512           5.149e-07             273.721           3.162e+02     
 150.000         335.000            4.457e-01           4.457e-01              36.443           7.813e-07             263.219           3.162e+02     
 155.000         335.000            4.053e-01           4.053e-01              12.529           1.044e-06             245.778           3.162e+02     
 160.000         335.000            3.533e-01           3.533e-01             351.979           1.298e-06             222.681           3.162e+02     
 165.000         335.000            2.537e-01           2.537e-01             333.635           1.701e-06             196.789           3.162e+02     
 170.000         335.000            1.308e-01           1.308e-01             315.247           2.301e-06             171.791           3.162e+02     
 175.000         335.000            3.579e-02           3.578e-02             295.167           2.920e-06             148.394           2.021e+02     
 180.000         335.000            1.250e-05           9.179e-06             301.463           3.316e-06             124.659           4.061e+01     
   0.000         340.000            1.250e-05           1.009e-05             301.624           2.404e-06             305.200           4.065e+01     
   5.000         340.000            3.637e-02           3.637e-02             297.049           2.111e-06             330.356           2.390e+02     
  10.000         340.000            1.348e-01           1.348e-01             318.934           1.660e-06             355.189           3.162e+02     
  15.000         340.000            2.625e-01           2.625e-01             339.224           1.221e-06              21.538           3.162e+02     
  20.000         340.000            3.627e-01           3.627e-01             359.872           9.218e-07              48.590           3.162e+02     
  25.000         340.000            4.130e-01           4.130e-01              23.462           7.176e-07              72.504           3.162e+02     
  30.000         340.000            4.662e-01           4.662e-01              50.891           5.090e-07              89.887           3.162e+02     
  35.000         340.000            6.061e-01           6.061e-01              78.420           2.902e-07              99.408           3.162e+02     
  40.000         340.000            8.653e-01           8.653e-01             101.180           1.313e-07              93.939           3.162e+02     
  45.000         340.000            1.195e+00           1.195e+00             118.515           8.795e-08              69.033           3.162e+02     
  50.000         340.000            1.503e+00           1.503e+00             132.051           1.310e-07              52.603           3.162e+02     
  55.000         340.000            1.718e+00           1.718e+00             143.249           1.992e-07              52.926           3.162e+02     
  60.000         340.000            1.815e+00           1.815e+00             152.950           2.448e-07              61.527           3.162e+02     
  65.000         340.000            1.812e+00           1.812e+00             161.524           2.530e-07              72.943           3.162e+02     
  70.000         340.000            1.750e+00           1.750e+00             169.023           2.226e-07              84.582           3.162e+02     
  75.000         340.000            1.667e+00           1.667e+00             175.298           1.639e-07              94.206           3.162e+02     
  80.000         340.000            1.593e+00           1.593e+00             180.086           8.931e-08             101.353           3.162e+02     
  85.000         340.000            1.542e+00           1.542e+00             183.104           2.556e-08             105.655           3.162e+02     
  90.000         340.000            1.525e+00           1.525e+00             184.136           3.295e-12             279.106           3.162e+02     
  95.000         340.000            1.542e+00           1.542e+00             183.104           2.556e-08             285.643           3.162e+02     
 100.000         340.000            1.593e+00           1.593e+00             180.086           8.931e-08             281.347           3.162e+02     
 105.000         340.000            1.667e+00           1.667e+00             175.298           1.639e-07             274.202           3.162e+02     
 110.000         340.000            1.750e+00           1.750e+00             169.023           2.226e-07             264.579           3.162e+02     
 115.000         340.000            1.812e+00           1.812e+00             161.524           2.530e-07             252.941           3.162e+02     
 120.000         340.000            1.815e+00           1.815e+00             152.950           2.449e-07             241.525           3.162e+02     
 125.000         340.000            1.718e+00           1.718e+00             143.249           1.992e-07             232.923           3.162e+02     
 130.000         340.000            1.503e+00           1.503e+00             132.051           1.310e-07             232.600           3.162e+02     
 135.000         340.000            1.195e+00           1.195e+00             118.515           8.794e-08             249.029           3.162e+02     
 140.000         340.000            8.653e-01           8.653e-01             101.180           1.313e-07             273.938           3.162e+02     
 145.000         340.000            6.061e-01           6.061e-01              78.420           2.901e-07             279.409           3.162e+02     
 150.000         340.000            4.662e-01           4.662e-01              50.890           5.090e-07             269.888           3.162e+02     
 155.000         340.000            4.130e-01           4.130e-01              23.462           7.175e-07             252.504           3.162e+02     
 160.000         340.000            3.627e-01           3.627e-01             359.872           9.218e-07             228.590           3.162e+02     
 165.000         340.000            2.625e-01           2.625e-01             339.224           1.220e-06             201.538           3.162e+02     
 170.000         340.000            1.348e-01           1.348e-01             318.934           1.660e-06             175.190           3.162e+02     
 175.000         340.000            3.637e-02           3.637e-02             297.049           2.111e-06             150.357           2.390e+02     
 180.000         340.000            1.250e-05           1.009e-05             301.623           2.404e-06             125.203           4.061e+01     
   0.000         345.000            1.250e-05           1.089e-05             301.770           1.609e-06             305.981           4.065e+01     
   5.000         345.000            3.694e-02           3.694e-02             298.729           1.408e-06             332.209           2.936e+02     
  10.000         345.000            1.387e-01           1.387e-01             322.231           1.107e-06             358.010           3.162e+02     
  15.000         345.000            2.712e-01           2.712e-01             344.262           8.082e-07              24.986           3.162e+02     
  20.000         345.000            3.734e-01           3.734e-01               7.065           5.924e-07              52.400           3.162e+02     
  25.000         345.000            4.267e-01           4.267e-01              33.487           4.287e-07              76.667           3.162e+02     
  30.000         345.000            5.020e-01           5.019e-01              63.884           2.688e-07              94.354           3.162e+02     
  35.000         345.000            6.971e-01           6.971e-01              93.013           1.275e-07             101.443           3.162e+02     
  40.000         345.000            1.031e+00           1.031e+00             116.036           5.090e-08              83.464           3.162e+02     
  45.000         345.000            1.417e+00           1.417e+00             133.346           6.510e-08              48.704           3.162e+02     
  50.000         345.000            1.726e+00           1.726e+00             147.036           1.409e-07              42.008           3.162e+02     
  55.000         345.000            1.874e+00           1.874e+00             158.677           2.247e-07              49.127           3.162e+02     
  60.000         345.000            1.859e+00           1.859e+00             169.166           2.765e-07              60.872           3.162e+02     
  65.000         345.000            1.734e+00           1.734e+00             178.908           2.821e-07              73.967           3.162e+02     
  70.000         345.000            1.566e+00           1.566e+00             187.928           2.478e-07              86.036           3.162e+02     
  75.000         345.000            1.409e+00           1.409e+00             195.917           1.798e-07              96.194           3.162e+02     
  80.000         345.000            1.290e+00           1.290e+00             202.319           9.679e-08             103.711           3.162e+02     
  85.000         345.000            1.218e+00           1.218e+00             206.497           2.744e-08             108.308           3.162e+02     
  90.000         345.000            1.195e+00           1.195e+00             207.952           2.272e-12             299.280           3.162e+02     
  95.000         345.000            1.218e+00           1.218e+00             206.497           2.744e-08             288.297           3.162e+02     
 100.000         345.000            1.290e+00           1.290e+00             202.319           9.680e-08             283.706           3.162e+02     
 105.000         345.000            1.409e+00           1.409e+00             195.917           1.798e-07             276.190           3.162e+02     
 110.000         345.000            1.566e+00           1.566e+00             187.928           2.478e-07             266.033           3.162e+02     
 115.000         345.000            1.734e+00           1.734e+00             178.908           2.821e-07             253.965           3.162e+02     
 120.000         345.000            1.859e+00           1.859e+00             169.166           2.765e-07             240.871           3.162e+02     
 125.000         345.000            1.874e+00           1.874e+00             158.677           2.248e-07             229.125           3.162e+02     
 130.000         345.000            1.726e+00           1.726e+00             147.036           1.409e-07             222.005           3.162e+02     
 135.000         345.000            1.417e+00           1.417e+00             133.346           6.509e-08             228.701           3.162e+02     
 140.000         345.000            1.031e+00           1.031e+00             116.036           5.089e-08             263.463           3.162e+02     
 145.000         345.000            6.971e-01           6.971e-01              93.013           1.275e-07             281.445           3.162e+02     
 150.000         345.000            5.019e-01           5.019e-01              63.884           2.687e-07             274.356           3.162e+02     
 155.000         345.000            4.267e-01           4.267e-01              33.487           4.287e-07             256.668           3.162e+02     
 160.000         345.000            3.734e-01           3.734e-01               7.065           5.924e-07             232.401           3.162e+02     
 165.000         345.000            2.712e-01           2.712e-01             344.262           8.082e-07             204.987           3.162e+02     
 170.000         345.000            1.387e-01           1.387e-01             322.231           1.107e-06             178.011           3.162e+02     
 175.000         345.000            3.694e-02           3.694e-02             298.729           1.408e-06             152.211           2.936e+02     
 180.000         345.000            1.250e-05           1.089e-05             301.769           1.609e-06             125.984           4.061e+01     
   0.000         350.000            1.250e-05           1.154e-05             301.907           9.543e-07             307.219           4.065e+01     
   5.000         350.000            3.748e-02           3.748e-02             300.194           8.308e-07             334.031           3.162e+02     
  10.000         350.000            1.423e-01           1.423e-01             325.118           6.551e-07               0.093           3.162e+02     
  15.000         350.000            2.797e-01           2.797e-01             348.699           4.726e-07              26.580           3.162e+02     
  20.000         350.000            3.855e-01           3.855e-01              13.417           3.255e-07              53.117           3.162e+02     
  25.000         350.000            4.462e-01           4.462e-01              42.242           2.057e-07              76.878           3.162e+02     
  30.000         350.000            5.486e-01           5.486e-01              74.842           1.032e-07              94.287           3.162e+02     
  35.000         350.000            7.996e-01           7.996e-01             104.925           3.295e-08              95.492           3.162e+02     
  40.000         350.000            1.200e+00           1.200e+00             128.196           1.725e-08              48.203           3.162e+02     
  45.000         350.000            1.620e+00           1.620e+00             145.836           5.890e-08              27.322           3.162e+02     
  50.000         350.000            1.900e+00           1.900e+00             160.147           1.350e-07              33.752           3.162e+02     
  55.000         350.000            1.960e+00           1.960e+00             172.750           2.076e-07              46.474           3.162e+02     
  60.000         350.000            1.829e+00           1.829e+00             184.613           2.505e-07              60.670           3.162e+02     
  65.000         350.000            1.598e+00           1.598e+00             196.222           2.538e-07              74.786           3.162e+02     
  70.000         350.000            1.360e+00           1.360e+00             207.587           2.197e-07              87.366           3.162e+02     
  75.000         350.000            1.172e+00           1.172e+00             218.174           1.570e-07              97.782           3.162e+02     
  80.000         350.000            1.048e+00           1.048e+00             226.968           8.331e-08             105.482           3.162e+02     
  85.000         350.000            9.832e-01           9.832e-01             232.816           2.334e-08             110.226           3.162e+02     
  90.000         350.000            9.634e-01           9.634e-01             234.864           9.683e-13             313.653           3.162e+02     
  95.000         350.000            9.832e-01           9.832e-01             232.816           2.334e-08             290.215           3.162e+02     
 100.000         350.000            1.048e+00           1.048e+00             226.968           8.331e-08             285.477           3.162e+02     
 105.000         350.000            1.172e+00           1.172e+00             218.174           1.570e-07             277.778           3.162e+02     
 110.000         350.000            1.360e+00           1.360e+00             207.587           2.197e-07             267.363           3.162e+02     
 115.000         350.000            1.598e+00           1.598e+00             196.222           2.539e-07             254.784           3.162e+02     
 120.000         350.000            1.829e+00           1.829e+00             184.613           2.505e-07             240.668           3.162e+02     
 125.000         350.000            1.960e+00           1.960e+00             172.750           2.076e-07             226.472           3.162e+02     
 130.000         350.000            1.900e+00           1.900e+00             160.147           1.350e-07             213.749           3.162e+02     
 135.000         350.000            1.620e+00           1.620e+00             145.836           5.889e-08             207.318           3.162e+02     
 140.000         350.000            1.200e+00           1.200e+00             128.196           1.724e-08             228.200           3.162e+02     
 145.000         350.000            7.996e-01           7.996e-01             104.925           3.294e-08             275.497           3.162e+02     
 150.000         350.000            5.486e-01           5.486e-01              74.842           1.032e-07             274.291           3.162e+02     
 155.000         350.000            4.462e-01           4.462e-01              42.241           2.057e-07             256.881           3.162e+02     
 160.000         350.000            3.855e-01           3.855e-01              13.417           3.255e-07             233.119           3.162e+02     
 165.000         350.000            2.797e-01           2.797e-01             348.699           4.726e-07             206.582           3.162e+02     
 170.000         350.000            1.423e-01           1.423e-01             325.118           6.551e-07             180.096           3.162e+02     
 175.000         350.000            3.748e-02           3.748e-02             300.194           8.308e-07             154.034           3.162e+02     
 180.000         350.000            1.250e-05           1.154e-05             301.906           9.543e-07             127.223           4.061e+01     
   0.000         355.000            1.250e-05           1.204e-05             302.037           4.609e-07             309.534           4.065e+01     
   5.000         355.000            3.799e-02           3.799e-02             301.436           3.958e-07             336.065           3.162e+02     
  10.000         355.000            1.457e-01           1.457e-01             327.575           3.154e-07               1.167           3.162e+02     
  15.000         355.000            2.880e-01           2.880e-01             352.488           2.234e-07              24.844           3.162e+02     
  20.000         355.000            3.991e-01           3.991e-01              18.799           1.371e-07              47.503           3.162e+02     
  25.000         355.000            4.697e-01           4.697e-01              49.446           6.569e-08              66.984           3.162e+02     
  30.000         355.000            5.982e-01           5.982e-01              83.482           1.890e-08              77.396           3.162e+02     
  35.000         355.000            8.950e-01           8.950e-01             114.184           3.983e-09              32.513           3.162e+02     
  40.000         355.000            1.342e+00           1.342e+00             137.890           1.958e-08             355.704           3.162e+02     
  45.000         355.000            1.778e+00           1.778e+00             156.198           5.670e-08               6.290           3.162e+02     
  50.000         355.000            2.025e+00           2.025e+00             171.465           1.034e-07              22.739           3.162e+02     
  55.000         355.000            2.013e+00           2.013e+00             185.339           1.458e-07              39.878           3.162e+02     
  60.000         355.000            1.803e+00           1.803e+00             198.859           1.714e-07              56.325           3.162e+02     
  65.000         355.000            1.516e+00           1.516e+00             212.581           1.720e-07              70.839           3.162e+02     
  70.000         355.000            1.258e+00           1.258e+00             226.454           1.468e-07              83.388           3.162e+02     
  75.000         355.000            1.079e+00           1.079e+00             239.617           1.030e-07              93.566           3.162e+02     
  80.000         355.000            9.799e-01           9.799e-01             250.548           5.362e-08             101.058           3.162e+02     
  85.000         355.000            9.369e-01           9.369e-01             257.726           1.478e-08             105.661           3.162e+02     
  90.000         355.000            9.257e-01           9.257e-01             260.215           8.778e-14             310.926           3.162e+02     
  95.000         355.000            9.369e-01           9.369e-01             257.726           1.478e-08             285.647           3.162e+02     
 100.000         355.000            9.799e-01           9.799e-01             250.548           5.362e-08             281.050           3.162e+02     
 105.000         355.000            1.079e+00           1.079e+00             239.617           1.030e-07             273.560           3.162e+02     
 110.000         355.000            1.258e+00           1.258e+00             226.454           1.468e-07             263.383           3.162e+02     
 115.000         355.000            1.516e+00           1.516e+00             212.581           1.720e-07             250.835           3.162e+02     
 120.000         355.000            1.803e+00           1.803e+00             198.859           1.714e-07             236.321           3.162e+02     
 125.000         355.000            2.013e+00           2.013e+00             185.339           1.458e-07             219.874           3.162e+02     
 130.000         355.000            2.025e+00           2.025e+00             171.465           1.034e-07             202.735           3.162e+02     
 135.000         355.000            1.778e+00           1.778e+00             156.198           5.670e-08             186.285           3.162e+02     
 140.000         355.000            1.342e+00           1.342e+00             137.890           1.958e-08             175.694           3.162e+02     
 145.000         355.000            8.950e-01           8.950e-01             114.184           3.980e-09             212.515           3.162e+02     
 150.000         355.000            5.982e-01           5.982e-01              83.482           1.890e-08             257.409           3.162e+02     
 155.000         355.000            4.697e-01           4.697e-01              49.446           6.569e-08             246.993           3.162e+02     
 160.000         355.000            3.991e-01           3.991e-01              18.799           1.371e-07             227.509           3.162e+02     
 165.000         355.000            2.880e-01           2.880e-01             352.488           2.234e-07             204.849           3.162e+02     
 170.000         355.000            1.457e-01           1.457e-01             327.575           3.155e-07             181.172           3.162e+02     
 175.000         355.000            3.799e-02           3.799e-02             301.436           3.959e-07             156.070           3.162e+02     
 180.000         355.000            1.250e-05           1.203e-05             302.037           4.609e-07             129.539           4.061e+01     
