Theta [deg.]  Phi   [deg.]  Abs(Grlz)[      ]   Abs(Theta)[      ]  Phase(Theta)[deg.]  Abs(Phi  )[      ]  Phase(Phi  )[deg.]  Ax.Ratio[      ]    
------------------------------------------------------------------------------------------------------------------------------------------------------
   0.000           0.000            1.099e-06           3.095e-07             301.355           7.899e-07             160.785           3.187e+00     
   5.000           0.000            4.433e-02           4.433e-02             283.889           7.894e-07             160.866           2.826e+02     
  10.000           0.000            1.982e-01           1.982e-01             285.408           7.170e-07             162.019           3.162e+02     
  15.000           0.000            4.632e-01           4.632e-01             286.123           5.896e-07             163.720           3.162e+02     
  20.000           0.000            7.659e-01           7.659e-01             286.046           4.306e-07             165.231           3.162e+02     
  25.000           0.000            9.762e-01           9.762e-01             285.228           2.647e-07             165.408           3.162e+02     
  30.000           0.000            9.968e-01           9.968e-01             283.690           1.255e-07             163.154           3.162e+02     
  35.000           0.000            8.353e-01           8.353e-01             281.415           3.781e-08             154.782           3.162e+02     
  40.000           0.000            5.884e-01           5.884e-01             278.454           5.296e-09             120.799           3.162e+02     
  45.000           0.000            3.609e-01           3.609e-01             275.207           4.430e-09              33.642           3.162e+02     
  50.000           0.000            2.056e-01           2.056e-01             273.077           8.213e-09               5.344           3.162e+02     
  55.000           0.000            1.223e-01           1.223e-01             275.121           6.122e-09             345.118           3.162e+02     
  60.000           0.000            9.270e-02           9.270e-02             284.078           2.874e-09             304.811           3.162e+02     
  65.000           0.000            1.046e-01           1.046e-01             296.397           3.677e-09             249.510           3.162e+02     
  70.000           0.000            1.528e-01           1.528e-01             305.507           7.205e-09             224.397           3.162e+02     
  75.000           0.000            2.277e-01           2.277e-01             310.397           8.672e-09             214.323           3.162e+02     
  80.000           0.000            3.098e-01           3.098e-01             312.733           6.122e-09             209.372           3.162e+02     
  85.000           0.000            3.736e-01           3.736e-01             313.754           1.942e-09             206.381           3.162e+02     
  90.000           0.000            3.977e-01           3.977e-01             314.040           1.577e-12             266.075           3.162e+02     
  95.000           0.000            3.736e-01           3.736e-01             313.754           1.951e-09              26.588           3.162e+02     
 100.000           0.000            3.098e-01           3.098e-01             312.733           6.138e-09              29.479           3.162e+02     
 105.000           0.000            2.277e-01           2.277e-01             310.397           8.694e-09              34.400           3.162e+02     
 110.000           0.000            1.528e-01           1.528e-01             305.507           7.227e-09              44.458           3.162e+02     
 115.000           0.000            1.046e-01           1.046e-01             296.397           3.694e-09              69.526           3.162e+02     
 120.000           0.000            9.270e-02           9.270e-02             284.078           2.882e-09             124.702           3.162e+02     
 125.000           0.000            1.223e-01           1.223e-01             275.121           6.120e-09             165.033           3.162e+02     
 130.000           0.000            2.056e-01           2.056e-01             273.077           8.204e-09             185.284           3.162e+02     
 135.000           0.000            3.609e-01           3.609e-01             275.207           4.420e-09             213.596           3.162e+02     
 140.000           0.000            5.884e-01           5.884e-01             278.454           5.288e-09             300.857           3.162e+02     
 145.000           0.000            8.353e-01           8.353e-01             281.415           3.780e-08             334.806           3.162e+02     
 150.000           0.000            9.968e-01           9.968e-01             283.690           1.255e-07             343.166           3.162e+02     
 155.000           0.000            9.762e-01           9.762e-01             285.228           2.647e-07             345.415           3.162e+02     
 160.000           0.000            7.659e-01           7.659e-01             286.046           4.306e-07             345.235           3.162e+02     
 165.000           0.000            4.632e-01           4.632e-01             286.123           5.896e-07             343.723           3.162e+02     
 170.000           0.000            1.982e-01           1.982e-01             285.408           7.170e-07             342.021           3.162e+02     
 175.000           0.000            4.433e-02           4.433e-02             283.889           7.894e-07             340.867           2.826e+02     
 180.000           0.000            1.099e-06           3.096e-07             301.360           7.899e-07             340.786           3.187e+00     
   0.000           5.000            1.099e-06           2.468e-07             295.673           8.525e-07             158.874           3.187e+00     
   5.000           5.000            4.353e-02           4.353e-02             282.995           9.205e-07             159.437           2.610e+02     
  10.000           5.000            1.921e-01           1.921e-01             283.446           8.200e-07             162.280           3.162e+02     
  15.000           5.000            4.454e-01           4.454e-01             282.849           6.314e-07             168.239           3.162e+02     
  20.000           5.000            7.343e-01           7.343e-01             281.258           4.248e-07             176.686           3.162e+02     
  25.000           5.000            9.397e-01           9.397e-01             278.796           2.345e-07             187.989           3.162e+02     
  30.000           5.000            9.719e-01           9.719e-01             275.560           9.557e-08             205.366           3.162e+02     
  35.000           5.000            8.353e-01           8.353e-01             271.644           2.881e-08             246.244           3.162e+02     
  40.000           5.000            6.139e-01           6.139e-01             267.268           3.607e-08             308.295           3.162e+02     
  45.000           5.000            4.019e-01           4.019e-01             263.088           8.115e-08             332.677           3.162e+02     
  50.000           5.000            2.501e-01           2.501e-01             260.711           1.143e-07             340.104           3.162e+02     
  55.000           5.000            1.649e-01           1.649e-01             262.807           1.131e-07             341.169           3.162e+02     
  60.000           5.000            1.355e-01           1.355e-01             270.847           8.625e-08             337.992           3.162e+02     
  65.000           5.000            1.534e-01           1.534e-01             281.259           5.409e-08             330.968           3.162e+02     
  70.000           5.000            2.123e-01           2.123e-01             289.040           3.014e-08             320.457           3.162e+02     
  75.000           5.000            2.995e-01           2.995e-01             293.354           1.559e-08             308.318           3.162e+02     
  80.000           5.000            3.923e-01           3.923e-01             295.442           6.906e-09             297.730           3.162e+02     
  85.000           5.000            4.631e-01           4.631e-01             296.345           1.756e-09             291.291           3.162e+02     
  90.000           5.000            4.896e-01           4.896e-01             296.595           1.207e-12             253.601           3.162e+02     
  95.000           5.000            4.631e-01           4.631e-01             296.345           1.767e-09             111.140           3.162e+02     
 100.000           5.000            3.923e-01           3.923e-01             295.442           6.926e-09             117.645           3.162e+02     
 105.000           5.000            2.995e-01           2.995e-01             293.354           1.561e-08             128.254           3.162e+02     
 110.000           5.000            2.123e-01           2.123e-01             289.040           3.015e-08             140.408           3.162e+02     
 115.000           5.000            1.534e-01           1.534e-01             281.259           5.410e-08             150.933           3.162e+02     
 120.000           5.000            1.355e-01           1.355e-01             270.847           8.624e-08             157.966           3.162e+02     
 125.000           5.000            1.649e-01           1.649e-01             262.807           1.131e-07             161.148           3.162e+02     
 130.000           5.000            2.501e-01           2.501e-01             260.711           1.143e-07             160.085           3.162e+02     
 135.000           5.000            4.019e-01           4.019e-01             263.088           8.115e-08             152.656           3.162e+02     
 140.000           5.000            6.139e-01           6.139e-01             267.268           3.609e-08             128.269           3.162e+02     
 145.000           5.000            8.353e-01           8.353e-01             271.644           2.884e-08              66.243           3.162e+02     
 150.000           5.000            9.719e-01           9.719e-01             275.560           9.561e-08              25.375           3.162e+02     
 155.000           5.000            9.397e-01           9.397e-01             278.796           2.346e-07               7.995           3.162e+02     
 160.000           5.000            7.343e-01           7.343e-01             281.258           4.248e-07             356.690           3.162e+02     
 165.000           5.000            4.454e-01           4.454e-01             282.849           6.315e-07             348.241           3.162e+02     
 170.000           5.000            1.921e-01           1.921e-01             283.446           8.200e-07             342.281           3.162e+02     
 175.000           5.000            4.353e-02           4.353e-02             282.995           9.206e-07             339.438           2.610e+02     
 180.000           5.000            1.099e-06           2.469e-07             295.678           8.526e-07             338.875           3.187e+00     
   0.000          10.000            1.099e-06           1.934e-07             288.476           9.060e-07             157.089           3.187e+00     
   5.000          10.000            4.266e-02           4.266e-02             282.071           9.977e-07             157.855           2.501e+02     
  10.000          10.000            1.853e-01           1.853e-01             281.400           8.685e-07             162.320           3.162e+02     
  15.000          10.000            4.258e-01           4.258e-01             279.430           6.509e-07             171.906           3.162e+02     
  20.000          10.000            7.032e-01           7.032e-01             276.278           4.491e-07             187.076           3.162e+02     
  25.000          10.000            9.128e-01           9.128e-01             272.174           2.995e-07             207.699           3.162e+02     
  30.000          10.000            9.723e-01           9.723e-01             267.356           2.049e-07             233.641           3.162e+02     
  35.000          10.000            8.755e-01           8.755e-01             262.082           1.648e-07             265.872           3.162e+02     
  40.000          10.000            6.860e-01           6.860e-01             256.750           1.921e-07             296.429           3.162e+02     
  45.000          10.000            4.852e-01           4.852e-01             252.125           2.664e-07             316.825           3.162e+02     
  50.000          10.000            3.271e-01           3.271e-01             249.618           3.317e-07             327.065           3.162e+02     
  55.000          10.000            2.293e-01           2.293e-01             251.149           3.476e-07             331.092           3.162e+02     
  60.000          10.000            1.892e-01           1.892e-01             257.532           3.088e-07             330.970           3.162e+02     
  65.000          10.000            1.999e-01           1.999e-01             266.164           2.389e-07             328.081           3.162e+02     
  70.000          10.000            2.526e-01           2.526e-01             273.158           1.631e-07             323.473           3.162e+02     
  75.000          10.000            3.329e-01           3.329e-01             277.330           9.650e-08             318.424           3.162e+02     
  80.000          10.000            4.182e-01           4.182e-01             279.433           4.486e-08             314.083           3.162e+02     
  85.000          10.000            4.832e-01           4.832e-01             280.356           1.158e-08             311.361           3.162e+02     
  90.000          10.000            5.075e-01           5.075e-01             280.610           4.117e-13             233.307           3.162e+02     
  95.000          10.000            4.832e-01           4.832e-01             280.356           1.159e-08             131.280           3.162e+02     
 100.000          10.000            4.182e-01           4.182e-01             279.433           4.488e-08             134.042           3.162e+02     
 105.000          10.000            3.329e-01           3.329e-01             277.330           9.651e-08             138.397           3.162e+02     
 110.000          10.000            2.526e-01           2.526e-01             273.158           1.631e-07             143.452           3.162e+02     
 115.000          10.000            1.999e-01           1.999e-01             266.164           2.389e-07             148.065           3.162e+02     
 120.000          10.000            1.892e-01           1.892e-01             257.532           3.088e-07             150.956           3.162e+02     
 125.000          10.000            2.293e-01           2.293e-01             251.149           3.476e-07             151.080           3.162e+02     
 130.000          10.000            3.271e-01           3.271e-01             249.618           3.317e-07             147.054           3.162e+02     
 135.000          10.000            4.852e-01           4.852e-01             252.125           2.664e-07             136.813           3.162e+02     
 140.000          10.000            6.860e-01           6.860e-01             256.750           1.922e-07             116.418           3.162e+02     
 145.000          10.000            8.755e-01           8.755e-01             262.082           1.649e-07              85.866           3.162e+02     
 150.000          10.000            9.723e-01           9.723e-01             267.356           2.050e-07              53.642           3.162e+02     
 155.000          10.000            9.128e-01           9.128e-01             272.174           2.996e-07              27.702           3.162e+02     
 160.000          10.000            7.032e-01           7.032e-01             276.278           4.492e-07               7.078           3.162e+02     
 165.000          10.000            4.258e-01           4.258e-01             279.430           6.509e-07             351.907           3.162e+02     
 170.000          10.000            1.853e-01           1.853e-01             281.400           8.685e-07             342.321           3.162e+02     
 175.000          10.000            4.266e-02           4.266e-02             282.071           9.978e-07             337.855           2.501e+02     
 180.000          10.000            1.099e-06           1.934e-07             288.483           9.061e-07             337.090           3.187e+00     
   0.000          15.000            1.099e-06           1.507e-07             279.251           9.487e-07             155.397           3.187e+00     
   5.000          15.000            4.172e-02           4.172e-02             281.124           1.062e-06             156.280           2.415e+02     
  10.000          15.000            1.779e-01           1.779e-01             279.297           9.096e-07             161.903           3.162e+02     
  15.000          15.000            4.051e-01           4.051e-01             275.921           6.768e-07             174.736           3.162e+02     
  20.000          15.000            6.727e-01           6.727e-01             271.224           5.165e-07             194.970           3.162e+02     
  25.000          15.000            8.939e-01           8.939e-01             265.609           4.533e-07             218.505           3.162e+02     
  30.000          15.000            9.927e-01           9.927e-01             259.508           4.333e-07             240.931           3.162e+02     
  35.000          15.000            9.467e-01           9.467e-01             253.339           4.154e-07             263.351           3.162e+02     
  40.000          15.000            7.940e-01           7.940e-01             247.559           4.328e-07             285.212           3.162e+02     
  45.000          15.000            6.025e-01           6.025e-01             242.770           5.063e-07             304.470           3.162e+02     
  50.000          15.000            4.310e-01           4.310e-01             239.865           6.049e-07             316.060           3.162e+02     
  55.000          15.000            3.100e-01           3.100e-01             239.960           6.562e-07             321.733           3.162e+02     
  60.000          15.000            2.449e-01           2.449e-01             243.639           6.298e-07             323.252           3.162e+02     
  65.000          15.000            2.290e-01           2.290e-01             249.705           5.339e-07             322.129           3.162e+02     
  70.000          15.000            2.515e-01           2.515e-01             255.611           3.956e-07             319.448           3.162e+02     
  75.000          15.000            2.981e-01           2.981e-01             259.766           2.488e-07             316.331           3.162e+02     
  80.000          15.000            3.516e-01           3.516e-01             262.145           1.200e-07             313.583           3.162e+02     
  85.000          15.000            3.933e-01           3.933e-01             263.287           3.163e-08             311.771           3.162e+02     
  90.000          15.000            4.091e-01           4.091e-01             263.619           1.212e-13             155.769           3.162e+02     
  95.000          15.000            3.933e-01           3.933e-01             263.287           3.164e-08             131.727           3.162e+02     
 100.000          15.000            3.516e-01           3.516e-01             262.145           1.201e-07             133.560           3.162e+02     
 105.000          15.000            2.981e-01           2.981e-01             259.766           2.488e-07             136.315           3.162e+02     
 110.000          15.000            2.515e-01           2.515e-01             255.611           3.956e-07             139.435           3.162e+02     
 115.000          15.000            2.290e-01           2.290e-01             249.705           5.339e-07             142.119           3.162e+02     
 120.000          15.000            2.449e-01           2.449e-01             243.639           6.298e-07             143.243           3.162e+02     
 125.000          15.000            3.100e-01           3.100e-01             239.960           6.562e-07             141.725           3.162e+02     
 130.000          15.000            4.310e-01           4.310e-01             239.865           6.050e-07             136.051           3.162e+02     
 135.000          15.000            6.025e-01           6.025e-01             242.770           5.064e-07             124.461           3.162e+02     
 140.000          15.000            7.940e-01           7.940e-01             247.559           4.329e-07             105.206           3.162e+02     
 145.000          15.000            9.467e-01           9.467e-01             253.339           4.155e-07              83.348           3.162e+02     
 150.000          15.000            9.927e-01           9.927e-01             259.508           4.334e-07              60.930           3.162e+02     
 155.000          15.000            8.939e-01           8.939e-01             265.609           4.533e-07              38.505           3.162e+02     
 160.000          15.000            6.727e-01           6.727e-01             271.224           5.166e-07              14.970           3.162e+02     
 165.000          15.000            4.051e-01           4.051e-01             275.921           6.769e-07             354.736           3.162e+02     
 170.000          15.000            1.779e-01           1.779e-01             279.297           9.097e-07             341.903           3.162e+02     
 175.000          15.000            4.172e-02           4.172e-02             281.124           1.062e-06             336.281           2.415e+02     
 180.000          15.000            1.099e-06           1.508e-07             279.259           9.487e-07             335.398           3.187e+00     
   0.000          20.000            1.099e-06           1.202e-07             267.520           9.792e-07             153.770           3.187e+00     
   5.000          20.000            4.073e-02           4.073e-02             280.163           1.111e-06             154.682           2.351e+02     
  10.000          20.000            1.700e-01           1.700e-01             277.158           9.392e-07             161.121           3.162e+02     
  15.000          20.000            3.835e-01           3.835e-01             272.377           7.037e-07             176.432           3.162e+02     
  20.000          20.000            6.425e-01           6.425e-01             266.214           6.069e-07             199.641           3.162e+02     
  25.000          20.000            8.791e-01           8.791e-01             259.315           6.549e-07             222.230           3.162e+02     
  30.000          20.000            1.022e+00           1.022e+00             252.322           7.265e-07             239.935           3.162e+02     
  35.000          20.000            1.032e+00           1.032e+00             245.729           7.153e-07             257.501           3.162e+02     
  40.000          20.000            9.197e-01           9.197e-01             239.867           6.992e-07             274.732           3.162e+02     
  45.000          20.000            7.386e-01           7.386e-01             234.985           7.248e-07             291.840           3.162e+02     
  50.000          20.000            5.523e-01           5.523e-01             231.372           8.129e-07             305.168           3.162e+02     
  55.000          20.000            4.032e-01           4.032e-01             229.396           8.902e-07             312.905           3.162e+02     
  60.000          20.000            3.053e-01           3.053e-01             229.348           8.944e-07             316.208           3.162e+02     
  65.000          20.000            2.533e-01           2.533e-01             231.048           7.985e-07             316.544           3.162e+02     
  70.000          20.000            2.354e-01           2.354e-01             233.658           6.220e-07             315.268           3.162e+02     
  75.000          20.000            2.390e-01           2.390e-01             236.166           4.046e-07             313.283           3.162e+02     
  80.000          20.000            2.526e-01           2.526e-01             237.995           1.994e-07             311.394           3.162e+02     
  85.000          20.000            2.658e-01           2.658e-01             239.038           5.315e-08             310.066           3.162e+02     
  90.000          20.000            2.710e-01           2.710e-01             239.369           4.794e-13             104.850           3.162e+02     
  95.000          20.000            2.658e-01           2.658e-01             239.038           5.316e-08             130.038           3.162e+02     
 100.000          20.000            2.526e-01           2.526e-01             237.995           1.994e-07             131.379           3.162e+02     
 105.000          20.000            2.390e-01           2.390e-01             236.166           4.046e-07             133.273           3.162e+02     
 110.000          20.000            2.354e-01           2.354e-01             233.658           6.220e-07             135.260           3.162e+02     
 115.000          20.000            2.533e-01           2.533e-01             231.048           7.985e-07             136.536           3.162e+02     
 120.000          20.000            3.053e-01           3.053e-01             229.348           8.944e-07             136.201           3.162e+02     
 125.000          20.000            4.032e-01           4.032e-01             229.396           8.902e-07             132.898           3.162e+02     
 130.000          20.000            5.523e-01           5.523e-01             231.372           8.129e-07             125.161           3.162e+02     
 135.000          20.000            7.386e-01           7.386e-01             234.985           7.249e-07             111.834           3.162e+02     
 140.000          20.000            9.197e-01           9.197e-01             239.867           6.994e-07              94.728           3.162e+02     
 145.000          20.000            1.032e+00           1.032e+00             245.729           7.154e-07              77.499           3.162e+02     
 150.000          20.000            1.022e+00           1.022e+00             252.322           7.266e-07              59.934           3.162e+02     
 155.000          20.000            8.791e-01           8.791e-01             259.315           6.550e-07              42.230           3.162e+02     
 160.000          20.000            6.425e-01           6.425e-01             266.214           6.069e-07              19.641           3.162e+02     
 165.000          20.000            3.835e-01           3.835e-01             272.377           7.038e-07             356.432           3.162e+02     
 170.000          20.000            1.700e-01           1.700e-01             277.158           9.393e-07             341.121           3.162e+02     
 175.000          20.000            4.073e-02           4.073e-02             280.163           1.112e-06             334.683           2.351e+02     
 180.000          20.000            1.099e-06           1.202e-07             267.529           9.792e-07             333.771           3.187e+00     
   0.000          25.000            1.099e-06           1.027e-07             253.263           9.966e-07             152.182           3.187e+00     
   5.000          25.000            3.970e-02           3.970e-02             279.198           1.145e-06             153.035           2.307e+02     
  10.000          25.000            1.618e-01           1.618e-01             275.008           9.563e-07             159.922           3.162e+02     
  15.000          25.000            3.613e-01           3.613e-01             268.849           7.244e-07             176.811           3.162e+02     
  20.000          25.000            6.114e-01           6.114e-01             261.347           6.944e-07             201.329           3.162e+02     
  25.000          25.000            8.625e-01           8.625e-01             253.443           8.330e-07             222.239           3.162e+02     
  30.000          25.000            1.048e+00           1.048e+00             245.946           1.010e-06             236.847           3.162e+02     
  35.000          25.000            1.111e+00           1.111e+00             239.295           1.005e-06             249.396           3.162e+02     
  40.000          25.000            1.038e+00           1.038e+00             233.570           9.048e-07             262.705           3.162e+02     
  45.000          25.000            8.698e-01           8.698e-01             228.622           8.139e-07             278.599           3.162e+02     
  50.000          25.000            6.736e-01           6.736e-01             224.204           8.251e-07             294.013           3.162e+02     
  55.000          25.000            5.018e-01           5.018e-01             220.081           8.822e-07             304.465           3.162e+02     
  60.000          25.000            3.774e-01           3.774e-01             216.147           9.152e-07             310.655           3.162e+02     
  65.000          25.000            2.992e-01           2.992e-01             212.501           8.468e-07             312.508           3.162e+02     
  70.000          25.000            2.561e-01           2.561e-01             209.399           6.794e-07             312.351           3.162e+02     
  75.000          25.000            2.358e-01           2.358e-01             207.053           4.539e-07             311.312           3.162e+02     
  80.000          25.000            2.285e-01           2.285e-01             205.504           2.266e-07             310.021           3.162e+02     
  85.000          25.000            2.269e-01           2.269e-01             204.653           6.083e-08             309.028           3.162e+02     
  90.000          25.000            2.269e-01           2.269e-01             204.385           8.094e-13              92.216           3.162e+02     
  95.000          25.000            2.269e-01           2.269e-01             204.653           6.084e-08             129.008           3.162e+02     
 100.000          25.000            2.285e-01           2.285e-01             205.504           2.266e-07             130.011           3.162e+02     
 105.000          25.000            2.358e-01           2.358e-01             207.053           4.539e-07             131.304           3.162e+02     
 110.000          25.000            2.561e-01           2.561e-01             209.399           6.795e-07             132.344           3.162e+02     
 115.000          25.000            2.992e-01           2.992e-01             212.501           8.468e-07             132.502           3.162e+02     
 120.000          25.000            3.774e-01           3.774e-01             216.147           9.153e-07             130.649           3.162e+02     
 125.000          25.000            5.018e-01           5.018e-01             220.081           8.822e-07             124.459           3.162e+02     
 130.000          25.000            6.736e-01           6.736e-01             224.204           8.252e-07             114.007           3.162e+02     
 135.000          25.000            8.698e-01           8.698e-01             228.622           8.141e-07              98.594           3.162e+02     
 140.000          25.000            1.038e+00           1.038e+00             233.570           9.050e-07              82.702           3.162e+02     
 145.000          25.000            1.111e+00           1.111e+00             239.295           1.005e-06              69.395           3.162e+02     
 150.000          25.000            1.048e+00           1.048e+00             245.946           1.011e-06              56.847           3.162e+02     
 155.000          25.000            8.625e-01           8.625e-01             253.443           8.331e-07              42.239           3.162e+02     
 160.000          25.000            6.114e-01           6.114e-01             261.347           6.945e-07              21.328           3.162e+02     
 165.000          25.000            3.613e-01           3.613e-01             268.849           7.245e-07             356.810           3.162e+02     
 170.000          25.000            1.618e-01           1.618e-01             275.008           9.565e-07             339.923           3.162e+02     
 175.000          25.000            3.970e-02           3.970e-02             279.198           1.145e-06             333.036           2.307e+02     
 180.000          25.000            1.099e-06           1.027e-07             253.273           9.967e-07             332.183           3.187e+00     
   0.000          30.000            1.099e-06           9.886e-08             237.505           1.001e-06             150.612           3.187e+00     
   5.000          30.000            3.864e-02           3.864e-02             278.238           1.160e-06             151.320           2.283e+02     
  10.000          30.000            1.535e-01           1.535e-01             272.870           9.604e-07             158.273           3.162e+02     
  15.000          30.000            3.384e-01           3.384e-01             265.381           7.327e-07             175.782           3.162e+02     
  20.000          30.000            5.781e-01           5.781e-01             256.695           7.544e-07             200.507           3.162e+02     
  25.000          30.000            8.382e-01           8.382e-01             248.062           9.785e-07             220.074           3.162e+02     
  30.000          30.000            1.055e+00           1.055e+00             240.381           1.229e-06             231.371           3.162e+02     
  35.000          30.000            1.159e+00           1.159e+00             233.926           1.216e-06             239.588           3.162e+02     
  40.000          30.000            1.119e+00           1.119e+00             228.477           9.953e-07             249.444           3.162e+02     
  45.000          30.000            9.654e-01           9.654e-01             223.534           7.432e-07             264.305           3.162e+02     
  50.000          30.000            7.674e-01           7.674e-01             218.452           6.237e-07             280.935           3.162e+02     
  55.000          30.000            5.854e-01           5.854e-01             212.594           6.205e-07             296.005           3.162e+02     
  60.000          30.000            4.508e-01           4.508e-01             205.606           6.394e-07             305.311           3.162e+02     
  65.000          30.000            3.678e-01           3.678e-01             197.766           6.111e-07             309.855           3.162e+02     
  70.000          30.000            3.264e-01           3.264e-01             190.035           5.058e-07             311.390           3.162e+02     
  75.000          30.000            3.120e-01           3.120e-01             183.505           3.443e-07             311.381           3.162e+02     
  80.000          30.000            3.116e-01           3.116e-01             178.802           1.744e-07             310.788           3.162e+02     
  85.000          30.000            3.153e-01           3.153e-01             176.045           4.734e-08             310.258           3.162e+02     
  90.000          30.000            3.172e-01           3.172e-01             175.144           6.593e-13              85.590           3.162e+02     
  95.000          30.000            3.153e-01           3.153e-01             176.045           4.734e-08             130.241           3.162e+02     
 100.000          30.000            3.116e-01           3.116e-01             178.802           1.744e-07             130.779           3.162e+02     
 105.000          30.000            3.120e-01           3.120e-01             183.505           3.443e-07             131.374           3.162e+02     
 110.000          30.000            3.264e-01           3.264e-01             190.035           5.058e-07             131.384           3.162e+02     
 115.000          30.000            3.678e-01           3.678e-01             197.766           6.111e-07             129.849           3.162e+02     
 120.000          30.000            4.508e-01           4.508e-01             205.606           6.395e-07             125.305           3.162e+02     
 125.000          30.000            5.854e-01           5.854e-01             212.594           6.205e-07             115.998           3.162e+02     
 130.000          30.000            7.674e-01           7.674e-01             218.452           6.238e-07             100.929           3.162e+02     
 135.000          30.000            9.654e-01           9.654e-01             223.534           7.433e-07              84.301           3.162e+02     
 140.000          30.000            1.119e+00           1.119e+00             228.477           9.955e-07              69.442           3.162e+02     
 145.000          30.000            1.159e+00           1.159e+00             233.926           1.217e-06              59.588           3.162e+02     
 150.000          30.000            1.055e+00           1.055e+00             240.381           1.229e-06              51.371           3.162e+02     
 155.000          30.000            8.382e-01           8.382e-01             248.062           9.786e-07              40.073           3.162e+02     
 160.000          30.000            5.781e-01           5.781e-01             256.695           7.545e-07              20.505           3.162e+02     
 165.000          30.000            3.384e-01           3.384e-01             265.381           7.328e-07             355.780           3.162e+02     
 170.000          30.000            1.535e-01           1.535e-01             272.870           9.606e-07             338.273           3.162e+02     
 175.000          30.000            3.864e-02           3.864e-02             278.238           1.161e-06             331.321           2.282e+02     
 180.000          30.000            1.099e-06           9.885e-08             237.514           1.001e-06             330.613           3.187e+00     
   0.000          35.000            1.099e-06           1.087e-07             222.193           9.907e-07             149.036           3.187e+00     
   5.000          35.000            3.758e-02           3.758e-02             277.292           1.158e-06             149.519           2.279e+02     
  10.000          35.000            1.451e-01           1.451e-01             270.767           9.516e-07             156.159           3.162e+02     
  15.000          35.000            3.151e-01           3.151e-01             262.011           7.252e-07             173.302           3.162e+02     
  20.000          35.000            5.416e-01           5.416e-01             252.296           7.523e-07             198.761           3.162e+02     
  25.000          35.000            8.020e-01           8.020e-01             243.173           1.018e-06             216.084           3.162e+02     
  30.000          35.000            1.035e+00           1.035e+00             235.542           1.312e-06             224.808           3.162e+02     
  35.000          35.000            1.160e+00           1.160e+00             229.447           1.289e-06             229.441           3.162e+02     
  40.000          35.000            1.139e+00           1.139e+00             224.386           9.516e-07             235.987           3.162e+02     
  45.000          35.000            9.964e-01           9.964e-01             219.579           6.063e-07             244.500           3.162e+02     
  50.000          35.000            8.026e-01           8.026e-01             214.107           3.554e-07             260.577           3.162e+02     
  55.000          35.000            6.223e-01           6.223e-01             207.096           2.575e-07             282.907           3.162e+02     
  60.000          35.000            4.926e-01           4.926e-01             198.134           2.560e-07             301.646           3.162e+02     
  65.000          35.000            4.213e-01           4.213e-01             187.845           2.680e-07             312.589           3.162e+02     
  70.000          35.000            3.982e-01           3.982e-01             177.841           2.331e-07             316.652           3.162e+02     
  75.000          35.000            4.059e-01           4.059e-01             169.666           1.644e-07             318.109           3.162e+02     
  80.000          35.000            4.261e-01           4.261e-01             163.967           8.486e-08             318.375           3.162e+02     
  85.000          35.000            4.443e-01           4.443e-01             160.701           2.312e-08             318.210           3.162e+02     
  90.000          35.000            4.514e-01           4.514e-01             159.645           2.650e-13              80.271           3.162e+02     
  95.000          35.000            4.443e-01           4.443e-01             160.701           2.312e-08             138.190           3.162e+02     
 100.000          35.000            4.261e-01           4.261e-01             163.967           8.486e-08             138.363           3.162e+02     
 105.000          35.000            4.059e-01           4.059e-01             169.666           1.644e-07             138.100           3.162e+02     
 110.000          35.000            3.982e-01           3.982e-01             177.841           2.331e-07             136.643           3.162e+02     
 115.000          35.000            4.213e-01           4.213e-01             187.845           2.680e-07             132.580           3.162e+02     
 120.000          35.000            4.926e-01           4.926e-01             198.134           2.560e-07             121.636           3.162e+02     
 125.000          35.000            6.223e-01           6.223e-01             207.096           2.576e-07             102.898           3.162e+02     
 130.000          35.000            8.026e-01           8.026e-01             214.107           3.555e-07              80.571           3.162e+02     
 135.000          35.000            9.964e-01           9.964e-01             219.579           6.064e-07              64.497           3.162e+02     
 140.000          35.000            1.139e+00           1.139e+00             224.386           9.518e-07              55.986           3.162e+02     
 145.000          35.000            1.160e+00           1.160e+00             229.447           1.289e-06              49.441           3.162e+02     
 150.000          35.000            1.035e+00           1.035e+00             235.542           1.312e-06              44.808           3.162e+02     
 155.000          35.000            8.020e-01           8.020e-01             243.173           1.018e-06              36.083           3.162e+02     
 160.000          35.000            5.416e-01           5.416e-01             252.296           7.524e-07              18.758           3.162e+02     
 165.000          35.000            3.151e-01           3.151e-01             262.011           7.253e-07             353.300           3.162e+02     
 170.000          35.000            1.451e-01           1.451e-01             270.767           9.517e-07             336.159           3.162e+02     
 175.000          35.000            3.758e-02           3.758e-02             277.292           1.159e-06             329.520           2.278e+02     
 180.000          35.000            1.099e-06           1.087e-07             222.200           9.908e-07             329.038           3.187e+00     
   0.000          40.000            1.099e-06           1.319e-07             208.976           9.675e-07             147.434           3.187e+00     
   5.000          40.000            3.651e-02           3.651e-02             276.370           1.139e-06             147.620           2.296e+02     
  10.000          40.000            1.367e-01           1.367e-01             268.718           9.304e-07             153.591           3.162e+02     
  15.000          40.000            2.916e-01           2.916e-01             258.762           7.026e-07             169.349           3.162e+02     
  20.000          40.000            5.017e-01           5.017e-01             248.156           7.141e-07             194.982           3.162e+02     
  25.000          40.000            7.517e-01           7.517e-01             238.725           1.002e-06             211.080           3.162e+02     
  30.000          40.000            9.810e-01           9.810e-01             231.297           1.243e-06             217.384           3.162e+02     
  35.000          40.000            1.107e+00           1.107e+00             225.673           1.191e-06             219.725           3.162e+02     
  40.000          40.000            1.087e+00           1.087e+00             221.107           8.808e-07             219.608           3.162e+02     
  45.000          40.000            9.484e-01           9.484e-01             216.608           4.725e-07             220.858           3.162e+02     
  50.000          40.000            7.610e-01           7.610e-01             211.052           1.785e-07             225.927           3.162e+02     
  55.000          40.000            5.900e-01           5.900e-01             203.386           4.237e-08             253.085           3.162e+02     
  60.000          40.000            4.727e-01           4.727e-01             193.202           2.533e-08             308.712           3.162e+02     
  65.000          40.000            4.175e-01           4.175e-01             181.492           4.858e-08             336.959           3.162e+02     
  70.000          40.000            4.133e-01           4.133e-01             170.411           6.028e-08             344.549           3.162e+02     
  75.000          40.000            4.399e-01           4.399e-01             161.691           5.083e-08             346.911           3.162e+02     
  80.000          40.000            4.761e-01           4.761e-01             155.805           2.868e-08             347.599           3.162e+02     
  85.000          40.000            5.051e-01           5.051e-01             152.498           8.133e-09             347.720           3.162e+02     
  90.000          40.000            5.159e-01           5.159e-01             151.440           2.549e-14              83.450           3.162e+02     
  95.000          40.000            5.051e-01           5.051e-01             152.498           8.128e-09             167.695           3.162e+02     
 100.000          40.000            4.761e-01           4.761e-01             155.805           2.867e-08             167.585           3.162e+02     
 105.000          40.000            4.399e-01           4.399e-01             161.691           5.081e-08             166.900           3.162e+02     
 110.000          40.000            4.133e-01           4.133e-01             170.411           6.026e-08             164.537           3.162e+02     
 115.000          40.000            4.175e-01           4.175e-01             181.492           4.856e-08             156.941           3.162e+02     
 120.000          40.000            4.727e-01           4.727e-01             193.202           2.533e-08             128.680           3.162e+02     
 125.000          40.000            5.900e-01           5.900e-01             203.386           4.240e-08              73.069           3.162e+02     
 130.000          40.000            7.610e-01           7.610e-01             211.052           1.786e-07              45.926           3.162e+02     
 135.000          40.000            9.484e-01           9.484e-01             216.608           4.726e-07              40.859           3.162e+02     
 140.000          40.000            1.087e+00           1.087e+00             221.107           8.810e-07              39.609           3.162e+02     
 145.000          40.000            1.107e+00           1.107e+00             225.673           1.191e-06              39.725           3.162e+02     
 150.000          40.000            9.810e-01           9.810e-01             231.297           1.243e-06              37.383           3.162e+02     
 155.000          40.000            7.517e-01           7.517e-01             238.725           1.002e-06              31.079           3.162e+02     
 160.000          40.000            5.017e-01           5.017e-01             248.156           7.142e-07              14.979           3.162e+02     
 165.000          40.000            2.916e-01           2.916e-01             258.762           7.027e-07             349.347           3.162e+02     
 170.000          40.000            1.367e-01           1.367e-01             268.718           9.306e-07             333.591           3.162e+02     
 175.000          40.000            3.651e-02           3.651e-02             276.370           1.139e-06             327.621           2.296e+02     
 180.000          40.000            1.099e-06           1.319e-07             208.982           9.676e-07             327.436           3.187e+00     
   0.000          45.000            1.099e-06           1.678e-07             198.373           9.316e-07             145.782           3.187e+00     
   5.000          45.000            3.547e-02           3.547e-02             275.480           1.102e-06             145.608           2.337e+02     
  10.000          45.000            1.285e-01           1.285e-01             266.742           8.979e-07             150.601           3.162e+02     
  15.000          45.000            2.681e-01           2.681e-01             255.652           6.526e-07             164.248           3.162e+02     
  20.000          45.000            4.587e-01           4.587e-01             244.260           6.327e-07             189.355           3.162e+02     
  25.000          45.000            6.886e-01           6.886e-01             234.633           8.653e-07             204.840           3.162e+02     
  30.000          45.000            8.971e-01           8.971e-01             227.496           1.005e-06             210.043           3.162e+02     
  35.000          45.000            1.003e+00           1.003e+00             222.418           1.014e-06             208.606           3.162e+02     
  40.000          45.000            9.705e-01           9.705e-01             218.462           7.467e-07             203.385           3.162e+02     
  45.000          45.000            8.304e-01           8.304e-01             214.469           4.031e-07             194.388           3.162e+02     
  50.000          45.000            6.517e-01           6.517e-01             209.115           1.382e-07             180.206           3.162e+02     
  55.000          45.000            4.953e-01           4.953e-01             201.134           4.066e-08             145.135           3.162e+02     
  60.000          45.000            3.943e-01           3.943e-01             190.050           3.086e-08              87.474           3.162e+02     
  65.000          45.000            3.544e-01           3.544e-01             177.227           5.152e-08              56.988           3.162e+02     
  70.000          45.000            3.632e-01           3.632e-01             165.395           6.245e-08              44.429           3.162e+02     
  75.000          45.000            3.998e-01           3.998e-01             156.424           5.254e-08              38.208           3.162e+02     
  80.000          45.000            4.428e-01           4.428e-01             150.557           3.043e-08              33.233           3.162e+02     
  85.000          45.000            4.755e-01           4.755e-01             147.327           8.635e-09              31.940           3.162e+02     
  90.000          45.000            4.875e-01           4.875e-01             146.303           3.142e-14             210.579           3.162e+02     
  95.000          45.000            4.755e-01           4.755e-01             147.327           8.626e-09             211.948           3.162e+02     
 100.000          45.000            4.428e-01           4.428e-01             150.557           3.042e-08             213.238           3.162e+02     
 105.000          45.000            3.998e-01           3.998e-01             156.424           5.251e-08             218.213           3.162e+02     
 110.000          45.000            3.632e-01           3.632e-01             165.395           6.242e-08             224.436           3.162e+02     
 115.000          45.000            3.544e-01           3.544e-01             177.227           5.149e-08             237.000           3.162e+02     
 120.000          45.000            3.943e-01           3.943e-01             190.050           3.084e-08             267.501           3.162e+02     
 125.000          45.000            4.953e-01           4.953e-01             201.134           4.068e-08             325.159           3.162e+02     
 130.000          45.000            6.517e-01           6.517e-01             209.115           1.383e-07               0.213           3.162e+02     
 135.000          45.000            8.304e-01           8.304e-01             214.469           4.033e-07              14.391           3.162e+02     
 140.000          45.000            9.705e-01           9.705e-01             218.462           7.469e-07              23.386           3.162e+02     
 145.000          45.000            1.003e+00           1.003e+00             222.418           1.014e-06              28.606           3.162e+02     
 150.000          45.000            8.971e-01           8.971e-01             227.496           1.005e-06              30.042           3.162e+02     
 155.000          45.000            6.886e-01           6.886e-01             234.633           8.654e-07              24.838           3.162e+02     
 160.000          45.000            4.587e-01           4.587e-01             244.260           6.328e-07               9.352           3.162e+02     
 165.000          45.000            2.681e-01           2.681e-01             255.652           6.528e-07             344.246           3.162e+02     
 170.000          45.000            1.285e-01           1.285e-01             266.742           8.980e-07             330.601           3.162e+02     
 175.000          45.000            3.547e-02           3.547e-02             275.480           1.102e-06             325.609           2.337e+02     
 180.000          45.000            1.099e-06           1.678e-07             198.377           9.317e-07             325.784           3.187e+00     
   0.000          50.000            1.099e-06           2.153e-07             190.093           8.841e-07             144.054           3.187e+00     
   5.000          50.000            3.445e-02           3.445e-02             274.631           1.050e-06             143.471           2.406e+02     
  10.000          50.000            1.205e-01           1.205e-01             264.855           8.552e-07             147.243           3.162e+02     
  15.000          50.000            2.450e-01           2.450e-01             252.688           5.942e-07             160.205           3.162e+02     
  20.000          50.000            4.139e-01           4.139e-01             240.574           5.287e-07             181.689           3.162e+02     
  25.000          50.000            6.161e-01           6.161e-01             230.802           6.777e-07             197.053           3.162e+02     
  30.000          50.000            7.918e-01           7.918e-01             223.986           7.992e-07             201.182           3.162e+02     
  35.000          50.000            8.663e-01           8.663e-01             219.505           7.573e-07             196.676           3.162e+02     
  40.000          50.000            8.138e-01           8.138e-01             216.283           5.803e-07             186.519           3.162e+02     
  45.000          50.000            6.725e-01           6.725e-01             213.010           3.378e-07             170.334           3.162e+02     
  50.000          50.000            5.081e-01           5.081e-01             208.126           2.018e-07             144.306           3.162e+02     
  55.000          50.000            3.733e-01           3.733e-01             200.025           1.515e-07             111.944           3.162e+02     
  60.000          50.000            2.935e-01           2.935e-01             188.064           1.522e-07              86.261           3.162e+02     
  65.000          50.000            2.704e-01           2.704e-01             174.127           1.483e-07              67.262           3.162e+02     
  70.000          50.000            2.910e-01           2.910e-01             161.748           1.336e-07              57.165           3.162e+02     
  75.000          50.000            3.351e-01           3.351e-01             152.856           9.563e-08              50.637           3.162e+02     
  80.000          50.000            3.825e-01           3.825e-01             147.295           4.985e-08              46.583           3.162e+02     
  85.000          50.000            4.173e-01           4.173e-01             144.320           1.368e-08              44.341           3.162e+02     
  90.000          50.000            4.299e-01           4.299e-01             143.389           1.815e-13             202.609           3.162e+02     
  95.000          50.000            4.173e-01           4.173e-01             144.320           1.367e-08             224.369           3.162e+02     
 100.000          50.000            3.825e-01           3.825e-01             147.295           4.983e-08             226.599           3.162e+02     
 105.000          50.000            3.351e-01           3.351e-01             152.856           9.559e-08             230.649           3.162e+02     
 110.000          50.000            2.910e-01           2.910e-01             161.748           1.336e-07             237.177           3.162e+02     
 115.000          50.000            2.704e-01           2.704e-01             174.127           1.482e-07             247.275           3.162e+02     
 120.000          50.000            2.935e-01           2.935e-01             188.064           1.521e-07             266.277           3.162e+02     
 125.000          50.000            3.733e-01           3.733e-01             200.025           1.516e-07             291.960           3.162e+02     
 130.000          50.000            5.081e-01           5.081e-01             208.126           2.018e-07             324.317           3.162e+02     
 135.000          50.000            6.725e-01           6.725e-01             213.010           3.379e-07             350.339           3.162e+02     
 140.000          50.000            8.138e-01           8.138e-01             216.283           5.804e-07               6.521           3.162e+02     
 145.000          50.000            8.663e-01           8.663e-01             219.505           7.575e-07              16.676           3.162e+02     
 150.000          50.000            7.918e-01           7.918e-01             223.986           7.993e-07              21.181           3.162e+02     
 155.000          50.000            6.161e-01           6.161e-01             230.802           6.778e-07              17.051           3.162e+02     
 160.000          50.000            4.139e-01           4.139e-01             240.574           5.288e-07               1.686           3.162e+02     
 165.000          50.000            2.450e-01           2.450e-01             252.688           5.943e-07             340.203           3.162e+02     
 170.000          50.000            1.205e-01           1.205e-01             264.855           8.554e-07             327.243           3.162e+02     
 175.000          50.000            3.445e-02           3.445e-02             274.631           1.050e-06             323.472           2.406e+02     
 180.000          50.000            1.099e-06           2.153e-07             190.096           8.842e-07             324.056           3.187e+00     
   0.000          55.000            1.099e-06           2.730e-07             183.610           8.264e-07             142.219           3.187e+00     
   5.000          55.000            3.347e-02           3.347e-02             273.832           9.832e-07             141.188           2.508e+02     
  10.000          55.000            1.130e-01           1.130e-01             263.074           8.036e-07             143.586           3.162e+02     
  15.000          55.000            2.228e-01           2.228e-01             249.874           5.404e-07             153.940           3.162e+02     
  20.000          55.000            3.691e-01           3.691e-01             237.060           4.262e-07             171.597           3.162e+02     
  25.000          55.000            5.397e-01           5.397e-01             227.131           4.870e-07             187.061           3.162e+02     
  30.000          55.000            6.770e-01           6.770e-01             220.620           5.481e-07             190.972           3.162e+02     
  35.000          55.000            7.167e-01           7.167e-01             216.768           5.239e-07             183.712           3.162e+02     
  40.000          55.000            6.464e-01           6.464e-01             214.407           3.826e-07             168.866           3.162e+02     
  45.000          55.000            5.107e-01           5.107e-01             212.083           2.993e-07             146.308           3.162e+02     
  50.000          55.000            3.690e-01           3.690e-01             207.915           2.514e-07             119.627           3.162e+02     
  55.000          55.000            2.627e-01           2.627e-01             199.774           2.439e-07              94.743           3.162e+02     
  60.000          55.000            2.088e-01           2.088e-01             186.818           2.339e-07              74.259           3.162e+02     
  65.000          55.000            2.064e-01           2.064e-01             171.938           2.261e-07              60.327           3.162e+02     
  70.000          55.000            2.437e-01           2.437e-01             159.697           1.796e-07              50.414           3.162e+02     
  75.000          55.000            3.017e-01           3.017e-01             151.636           1.186e-07              43.210           3.162e+02     
  80.000          55.000            3.604e-01           3.604e-01             146.921           5.885e-08              38.334           3.162e+02     
  85.000          55.000            4.028e-01           4.028e-01             144.501           1.575e-08              35.462           3.162e+02     
  90.000          55.000            4.182e-01           4.182e-01             143.758           3.777e-13             186.513           3.162e+02     
  95.000          55.000            4.028e-01           4.028e-01             144.501           1.574e-08             215.502           3.162e+02     
 100.000          55.000            3.604e-01           3.604e-01             146.921           5.882e-08             218.355           3.162e+02     
 105.000          55.000            3.017e-01           3.017e-01             151.636           1.185e-07             223.226           3.162e+02     
 110.000          55.000            2.437e-01           2.437e-01             159.697           1.795e-07             230.429           3.162e+02     
 115.000          55.000            2.064e-01           2.064e-01             171.938           2.260e-07             240.341           3.162e+02     
 120.000          55.000            2.088e-01           2.088e-01             186.818           2.339e-07             254.274           3.162e+02     
 125.000          55.000            2.627e-01           2.627e-01             199.774           2.439e-07             274.757           3.162e+02     
 130.000          55.000            3.690e-01           3.690e-01             207.915           2.514e-07             299.640           3.162e+02     
 135.000          55.000            5.107e-01           5.107e-01             212.083           2.994e-07             326.316           3.162e+02     
 140.000          55.000            6.464e-01           6.464e-01             214.407           3.827e-07             348.870           3.162e+02     
 145.000          55.000            7.167e-01           7.167e-01             216.768           5.240e-07               3.714           3.162e+02     
 150.000          55.000            6.770e-01           6.770e-01             220.620           5.482e-07              10.971           3.162e+02     
 155.000          55.000            5.397e-01           5.397e-01             227.131           4.871e-07               7.058           3.162e+02     
 160.000          55.000            3.691e-01           3.691e-01             237.060           4.263e-07             351.593           3.162e+02     
 165.000          55.000            2.228e-01           2.228e-01             249.874           5.405e-07             333.938           3.162e+02     
 170.000          55.000            1.130e-01           1.130e-01             263.074           8.037e-07             323.586           3.162e+02     
 175.000          55.000            3.347e-02           3.347e-02             273.832           9.834e-07             321.189           2.508e+02     
 180.000          55.000            1.099e-06           2.729e-07             183.612           8.265e-07             322.221           3.187e+00     
   0.000          60.000            1.099e-06           3.390e-07             178.448           7.604e-07             140.241           3.187e+00     
   5.000          60.000            3.255e-02           3.255e-02             273.090           9.047e-07             138.734           2.653e+02     
  10.000          60.000            1.059e-01           1.059e-01             261.413           7.438e-07             139.700           3.162e+02     
  15.000          60.000            2.019e-01           2.019e-01             247.216           4.892e-07             147.018           3.162e+02     
  20.000          60.000            3.260e-01           3.260e-01             233.681           3.416e-07             161.910           3.162e+02     
  25.000          60.000            4.649e-01           4.649e-01             223.538           3.114e-07             175.031           3.162e+02     
  30.000          60.000            5.648e-01           5.648e-01             217.269           3.394e-07             178.086           3.162e+02     
  35.000          60.000            5.741e-01           5.741e-01             214.052           3.260e-07             168.290           3.162e+02     
  40.000          60.000            4.940e-01           4.940e-01             212.673           2.718e-07             149.020           3.162e+02     
  45.000          60.000            3.722e-01           3.722e-01             211.534           2.614e-07             122.136           3.162e+02     
  50.000          60.000            2.592e-01           2.592e-01             208.290           2.739e-07              97.970           3.162e+02     
  55.000          60.000            1.839e-01           1.839e-01             200.050           2.771e-07              76.010           3.162e+02     
  60.000          60.000            1.568e-01           1.568e-01             185.977           2.799e-07              59.381           3.162e+02     
  65.000          60.000            1.787e-01           1.787e-01             170.749           2.487e-07              45.674           3.162e+02     
  70.000          60.000            2.418e-01           2.418e-01             159.618           1.927e-07              34.633           3.162e+02     
  75.000          60.000            3.285e-01           3.285e-01             153.010           1.253e-07              26.152           3.162e+02     
  80.000          60.000            4.148e-01           4.148e-01             149.403           6.181e-08              20.157           3.162e+02     
  85.000          60.000            4.776e-01           4.776e-01             147.625           1.652e-08              16.539           3.162e+02     
  90.000          60.000            5.005e-01           5.005e-01             147.089           4.729e-13             169.831           3.162e+02     
  95.000          60.000            4.776e-01           4.776e-01             147.625           1.649e-08             196.580           3.162e+02     
 100.000          60.000            4.148e-01           4.148e-01             149.403           6.175e-08             200.180           3.162e+02     
 105.000          60.000            3.285e-01           3.285e-01             153.010           1.253e-07             206.169           3.162e+02     
 110.000          60.000            2.418e-01           2.418e-01             159.618           1.926e-07             214.649           3.162e+02     
 115.000          60.000            1.787e-01           1.787e-01             170.749           2.486e-07             225.689           3.162e+02     
 120.000          60.000            1.568e-01           1.568e-01             185.977           2.799e-07             239.397           3.162e+02     
 125.000          60.000            1.839e-01           1.839e-01             200.050           2.771e-07             256.025           3.162e+02     
 130.000          60.000            2.592e-01           2.592e-01             208.290           2.739e-07             277.985           3.162e+02     
 135.000          60.000            3.722e-01           3.722e-01             211.534           2.615e-07             302.148           3.162e+02     
 140.000          60.000            4.940e-01           4.940e-01             212.673           2.719e-07             329.027           3.162e+02     
 145.000          60.000            5.741e-01           5.741e-01             214.052           3.261e-07             348.293           3.162e+02     
 150.000          60.000            5.648e-01           5.648e-01             217.269           3.395e-07             358.086           3.162e+02     
 155.000          60.000            4.649e-01           4.649e-01             223.538           3.114e-07             355.029           3.162e+02     
 160.000          60.000            3.260e-01           3.260e-01             233.681           3.417e-07             341.907           3.162e+02     
 165.000          60.000            2.019e-01           2.019e-01             247.216           4.894e-07             327.017           3.162e+02     
 170.000          60.000            1.059e-01           1.059e-01             261.413           7.439e-07             319.700           3.162e+02     
 175.000          60.000            3.255e-02           3.255e-02             273.090           9.048e-07             318.736           2.652e+02     
 180.000          60.000            1.099e-06           3.390e-07             178.450           7.604e-07             320.243           3.187e+00     
   0.000          65.000            1.099e-06           4.115e-07             174.246           6.879e-07             138.072           3.187e+00     
   5.000          65.000            3.169e-02           3.168e-02             272.414           8.168e-07             136.071           2.853e+02     
  10.000          65.000            9.943e-02           9.943e-02             259.887           6.766e-07             135.643           3.162e+02     
  15.000          65.000            1.828e-01           1.828e-01             244.723           4.420e-07             139.847           3.162e+02     
  20.000          65.000            2.865e-01           2.865e-01             230.420           2.811e-07             149.944           3.162e+02     
  25.000          65.000            3.967e-01           3.967e-01             219.960           2.127e-07             157.717           3.162e+02     
  30.000          65.000            4.648e-01           4.648e-01             213.842           2.028e-07             161.008           3.162e+02     
  35.000          65.000            4.521e-01           4.521e-01             211.236           1.810e-07             149.857           3.162e+02     
  40.000          65.000            3.710e-01           3.710e-01             210.940           1.957e-07             127.293           3.162e+02     
  45.000          65.000            2.686e-01           2.686e-01             211.195           2.289e-07             102.030           3.162e+02     
  50.000          65.000            1.844e-01           1.844e-01             208.994           2.597e-07              78.055           3.162e+02     
  55.000          65.000            1.363e-01           1.363e-01             200.449           3.173e-07              59.851           3.162e+02     
  60.000          65.000            1.331e-01           1.331e-01             185.201           3.148e-07              44.007           3.162e+02     
  65.000          65.000            1.822e-01           1.822e-01             170.201           2.795e-07              30.124           3.162e+02     
  70.000          65.000            2.827e-01           2.827e-01             160.423           2.188e-07              18.524           3.162e+02     
  75.000          65.000            4.171e-01           4.171e-01             155.006           1.426e-07               8.536           3.162e+02     
  80.000          65.000            5.527e-01           5.527e-01             152.137           7.159e-08               2.377           3.162e+02     
  85.000          65.000            6.530e-01           6.530e-01             150.736           1.932e-08             358.600           3.162e+02     
  90.000          65.000            6.898e-01           6.898e-01             150.314           3.500e-13             148.113           3.162e+02     
  95.000          65.000            6.530e-01           6.530e-01             150.736           1.927e-08             178.629           3.162e+02     
 100.000          65.000            5.527e-01           5.527e-01             152.137           7.151e-08             182.394           3.162e+02     
 105.000          65.000            4.171e-01           4.171e-01             155.006           1.425e-07             188.550           3.162e+02     
 110.000          65.000            2.827e-01           2.827e-01             160.423           2.187e-07             198.537           3.162e+02     
 115.000          65.000            1.822e-01           1.822e-01             170.201           2.793e-07             210.138           3.162e+02     
 120.000          65.000            1.331e-01           1.331e-01             185.201           3.147e-07             224.022           3.162e+02     
 125.000          65.000            1.363e-01           1.363e-01             200.449           3.172e-07             239.867           3.162e+02     
 130.000          65.000            1.844e-01           1.844e-01             208.994           2.597e-07             258.071           3.162e+02     
 135.000          65.000            2.686e-01           2.686e-01             211.195           2.289e-07             282.046           3.162e+02     
 140.000          65.000            3.710e-01           3.710e-01             210.940           1.958e-07             307.305           3.162e+02     
 145.000          65.000            4.521e-01           4.521e-01             211.236           1.811e-07             329.863           3.162e+02     
 150.000          65.000            4.648e-01           4.648e-01             213.842           2.029e-07             341.009           3.162e+02     
 155.000          65.000            3.967e-01           3.967e-01             219.960           2.128e-07             337.716           3.162e+02     
 160.000          65.000            2.865e-01           2.865e-01             230.420           2.811e-07             329.942           3.162e+02     
 165.000          65.000            1.828e-01           1.828e-01             244.723           4.421e-07             319.847           3.162e+02     
 170.000          65.000            9.943e-02           9.943e-02             259.887           6.767e-07             315.644           3.162e+02     
 175.000          65.000            3.169e-02           3.168e-02             272.414           8.169e-07             316.072           2.853e+02     
 180.000          65.000            1.099e-06           4.115e-07             174.247           6.880e-07             318.074           3.187e+00     
   0.000          70.000            1.099e-06           4.882e-07             170.745           6.112e-07             135.652           3.187e+00     
   5.000          70.000            3.090e-02           3.089e-02             271.810           7.225e-07             133.139           3.131e+02     
  10.000          70.000            9.360e-02           9.360e-02             258.511           6.029e-07             131.437           3.162e+02     
  15.000          70.000            1.659e-01           1.659e-01             242.411           3.970e-07             132.818           3.162e+02     
  20.000          70.000            2.518e-01           2.518e-01             227.283           2.407e-07             138.096           3.162e+02     
  25.000          70.000            3.382e-01           3.382e-01             216.393           1.548e-07             144.806           3.162e+02     
  30.000          70.000            3.824e-01           3.824e-01             210.313           1.280e-07             143.896           3.162e+02     
  35.000          70.000            3.567e-01           3.567e-01             208.262           1.269e-07             128.044           3.162e+02     
  40.000          70.000            2.810e-01           2.810e-01             209.101           1.558e-07             107.195           3.162e+02     
  45.000          70.000            1.985e-01           1.985e-01             210.880           2.077e-07              84.830           3.162e+02     
  50.000          70.000            1.381e-01           1.381e-01             209.726           2.625e-07              64.050           3.162e+02     
  55.000          70.000            1.101e-01           1.101e-01             200.644           3.130e-07              47.050           3.162e+02     
  60.000          70.000            1.251e-01           1.251e-01             184.216           3.275e-07              31.836           3.162e+02     
  65.000          70.000            2.000e-01           2.000e-01             169.402           3.029e-07              18.586           3.162e+02     
  70.000          70.000            3.421e-01           3.421e-01             160.380           2.420e-07               6.930           3.162e+02     
  75.000          70.000            5.329e-01           5.329e-01             155.477           1.632e-07             358.605           3.162e+02     
  80.000          70.000            7.281e-01           7.281e-01             152.854           8.239e-08             352.544           3.162e+02     
  85.000          70.000            8.740e-01           8.740e-01             151.552           2.226e-08             348.824           3.162e+02     
  90.000          70.000            9.280e-01           9.280e-01             151.155           1.890e-13             104.390           3.162e+02     
  95.000          70.000            8.740e-01           8.740e-01             151.552           2.220e-08             168.845           3.162e+02     
 100.000          70.000            7.281e-01           7.281e-01             152.854           8.228e-08             172.556           3.162e+02     
 105.000          70.000            5.329e-01           5.329e-01             155.477           1.631e-07             178.616           3.162e+02     
 110.000          70.000            3.421e-01           3.421e-01             160.380           2.419e-07             186.941           3.162e+02     
 115.000          70.000            2.000e-01           2.000e-01             169.402           3.028e-07             198.599           3.162e+02     
 120.000          70.000            1.251e-01           1.251e-01             184.216           3.273e-07             211.849           3.162e+02     
 125.000          70.000            1.101e-01           1.101e-01             200.643           3.129e-07             227.065           3.162e+02     
 130.000          70.000            1.381e-01           1.381e-01             209.726           2.624e-07             244.067           3.162e+02     
 135.000          70.000            1.985e-01           1.985e-01             210.880           2.077e-07             264.846           3.162e+02     
 140.000          70.000            2.810e-01           2.810e-01             209.101           1.558e-07             287.209           3.162e+02     
 145.000          70.000            3.567e-01           3.567e-01             208.262           1.270e-07             308.054           3.162e+02     
 150.000          70.000            3.824e-01           3.824e-01             210.313           1.281e-07             323.900           3.162e+02     
 155.000          70.000            3.382e-01           3.382e-01             216.393           1.548e-07             324.806           3.162e+02     
 160.000          70.000            2.518e-01           2.518e-01             227.283           2.407e-07             318.095           3.162e+02     
 165.000          70.000            1.659e-01           1.659e-01             242.411           3.971e-07             312.817           3.162e+02     
 170.000          70.000            9.360e-02           9.360e-02             258.511           6.030e-07             311.438           3.162e+02     
 175.000          70.000            3.090e-02           3.089e-02             271.810           7.226e-07             313.141           3.131e+02     
 180.000          70.000            1.099e-06           4.882e-07             170.746           6.113e-07             315.655           3.187e+00     
   0.000          75.000            1.099e-06           5.667e-07             167.763           5.327e-07             132.903           3.187e+00     
   5.000          75.000            3.019e-02           3.019e-02             271.285           6.250e-07             129.854           3.162e+02     
  10.000          75.000            8.849e-02           8.849e-02             257.304           5.240e-07             127.048           3.162e+02     
  15.000          75.000            1.513e-01           1.513e-01             240.311           3.511e-07             126.181           3.162e+02     
  20.000          75.000            2.229e-01           2.229e-01             224.318           2.110e-07             127.684           3.162e+02     
  25.000          75.000            2.914e-01           2.914e-01             212.901           1.252e-07             130.307           3.162e+02     
  30.000          75.000            3.195e-01           3.195e-01             206.755           9.444e-08             127.912           3.162e+02     
  35.000          75.000            2.882e-01           2.882e-01             205.181           8.880e-08             114.492           3.162e+02     
  40.000          75.000            2.206e-01           2.206e-01             207.124           1.142e-07              94.137           3.162e+02     
  45.000          75.000            1.550e-01           1.550e-01             210.410           1.760e-07              73.906           3.162e+02     
  50.000          75.000            1.112e-01           1.112e-01             210.211           2.295e-07              55.318           3.162e+02     
  55.000          75.000            9.496e-02           9.496e-02             200.546           2.805e-07              39.310           3.162e+02     
  60.000          75.000            1.198e-01           1.198e-01             182.877           3.045e-07              25.075           3.162e+02     
  65.000          75.000            2.105e-01           2.105e-01             167.660           2.881e-07              12.242           3.162e+02     
  70.000          75.000            3.805e-01           3.805e-01             158.634           2.383e-07               2.572           3.162e+02     
  75.000          75.000            6.108e-01           6.108e-01             153.711           1.618e-07             354.849           3.162e+02     
  80.000          75.000            8.487e-01           8.487e-01             151.034           8.187e-08             349.235           3.162e+02     
  85.000          75.000            1.028e+00           1.028e+00             149.683           2.207e-08             345.760           3.162e+02     
  90.000          75.000            1.094e+00           1.094e+00             149.268           2.971e-13              48.788           3.162e+02     
  95.000          75.000            1.028e+00           1.028e+00             149.683           2.201e-08             165.780           3.162e+02     
 100.000          75.000            8.487e-01           8.487e-01             151.034           8.175e-08             169.247           3.162e+02     
 105.000          75.000            6.108e-01           6.108e-01             153.711           1.617e-07             174.860           3.162e+02     
 110.000          75.000            3.805e-01           3.805e-01             158.634           2.381e-07             182.583           3.162e+02     
 115.000          75.000            2.105e-01           2.105e-01             167.660           2.880e-07             192.253           3.162e+02     
 120.000          75.000            1.198e-01           1.198e-01             182.877           3.044e-07             205.087           3.162e+02     
 125.000          75.000            9.496e-02           9.496e-02             200.546           2.804e-07             219.325           3.162e+02     
 130.000          75.000            1.112e-01           1.112e-01             210.211           2.295e-07             235.334           3.162e+02     
 135.000          75.000            1.550e-01           1.550e-01             210.410           1.760e-07             253.923           3.162e+02     
 140.000          75.000            2.206e-01           2.206e-01             207.124           1.142e-07             274.154           3.162e+02     
 145.000          75.000            2.882e-01           2.882e-01             205.181           8.881e-08             294.505           3.162e+02     
 150.000          75.000            3.195e-01           3.195e-01             206.755           9.446e-08             307.918           3.162e+02     
 155.000          75.000            2.914e-01           2.914e-01             212.901           1.253e-07             310.308           3.162e+02     
 160.000          75.000            2.229e-01           2.229e-01             224.318           2.111e-07             307.684           3.162e+02     
 165.000          75.000            1.513e-01           1.513e-01             240.311           3.511e-07             306.181           3.162e+02     
 170.000          75.000            8.849e-02           8.849e-02             257.304           5.241e-07             307.050           3.162e+02     
 175.000          75.000            3.019e-02           3.019e-02             271.285           6.252e-07             309.856           3.162e+02     
 180.000          75.000            1.099e-06           5.667e-07             167.764           5.327e-07             312.906           3.187e+00     
   0.000          80.000            1.099e-06           6.448e-07             165.168           4.546e-07             129.714           3.187e+00     
   5.000          80.000            2.956e-02           2.956e-02             270.844           5.281e-07             126.088           3.162e+02     
  10.000          80.000            8.415e-02           8.415e-02             256.281           4.426e-07             122.356           3.162e+02     
  15.000          80.000            1.394e-01           1.394e-01             238.468           3.020e-07             119.957           3.162e+02     
  20.000          80.000            2.001e-01           2.001e-01             221.614           1.823e-07             119.323           3.162e+02     
  25.000          80.000            2.563e-01           2.563e-01             209.632           1.040e-07             120.119           3.162e+02     
  30.000          80.000            2.753e-01           2.753e-01             203.358           7.127e-08             118.631           3.162e+02     
  35.000          80.000            2.432e-01           2.432e-01             202.170           6.171e-08             108.624           3.162e+02     
  40.000          80.000            1.838e-01           1.838e-01             205.073           7.273e-08              90.710           3.162e+02     
  45.000          80.000            1.304e-01           1.304e-01             209.632           9.678e-08              69.187           3.162e+02     
  50.000          80.000            9.645e-02           9.645e-02             210.224           1.419e-07              50.952           3.162e+02     
  55.000          80.000            8.474e-02           8.474e-02             200.159           1.877e-07              34.954           3.162e+02     
  60.000          80.000            1.103e-01           1.103e-01             181.111           2.184e-07              21.419           3.162e+02     
  65.000          80.000            2.011e-01           2.011e-01             164.734           2.187e-07               9.930           3.162e+02     
  70.000          80.000            3.740e-01           3.740e-01             155.081           1.863e-07               1.087           3.162e+02     
  75.000          80.000            6.106e-01           6.106e-01             149.809           1.288e-07             354.106           3.162e+02     
  80.000          80.000            8.567e-01           8.567e-01             146.927           6.575e-08             349.033           3.162e+02     
  85.000          80.000            1.043e+00           1.043e+00             145.467           1.758e-08             346.360           3.162e+02     
  90.000          80.000            1.112e+00           1.112e+00             145.017           5.647e-13              23.083           3.162e+02     
  95.000          80.000            1.043e+00           1.043e+00             145.467           1.753e-08             166.387           3.162e+02     
 100.000          80.000            8.567e-01           8.567e-01             146.927           6.565e-08             169.048           3.162e+02     
 105.000          80.000            6.106e-01           6.106e-01             149.809           1.287e-07             174.118           3.162e+02     
 110.000          80.000            3.740e-01           3.740e-01             155.081           1.861e-07             181.099           3.162e+02     
 115.000          80.000            2.011e-01           2.011e-01             164.734           2.185e-07             189.942           3.162e+02     
 120.000          80.000            1.103e-01           1.103e-01             181.111           2.183e-07             201.433           3.162e+02     
 125.000          80.000            8.474e-02           8.474e-02             200.159           1.876e-07             214.970           3.162e+02     
 130.000          80.000            9.645e-02           9.645e-02             210.224           1.419e-07             230.971           3.162e+02     
 135.000          80.000            1.304e-01           1.304e-01             209.632           9.675e-08             249.208           3.162e+02     
 140.000          80.000            1.838e-01           1.838e-01             205.073           7.272e-08             270.729           3.162e+02     
 145.000          80.000            2.432e-01           2.432e-01             202.170           6.171e-08             288.638           3.162e+02     
 150.000          80.000            2.753e-01           2.753e-01             203.358           7.127e-08             298.639           3.162e+02     
 155.000          80.000            2.563e-01           2.563e-01             209.632           1.041e-07             300.122           3.162e+02     
 160.000          80.000            2.001e-01           2.001e-01             221.614           1.823e-07             299.324           3.162e+02     
 165.000          80.000            1.394e-01           1.394e-01             238.468           3.020e-07             299.958           3.162e+02     
 170.000          80.000            8.415e-02           8.415e-02             256.281           4.426e-07             302.358           3.162e+02     
 175.000          80.000            2.956e-02           2.956e-02             270.844           5.282e-07             306.090           3.162e+02     
 180.000          80.000            1.099e-06           6.448e-07             165.168           4.547e-07             309.718           3.187e+00     
   0.000          85.000            1.099e-06           7.199e-07             162.865           3.795e-07             125.936           3.187e+00     
   5.000          85.000            2.903e-02           2.903e-02             270.493           4.352e-07             121.656           3.162e+02     
  10.000          85.000            8.061e-02           8.061e-02             255.462           3.620e-07             117.121           3.162e+02     
  15.000          85.000            1.300e-01           1.300e-01             236.938           2.499e-07             113.867           3.162e+02     
  20.000          85.000            1.834e-01           1.834e-01             219.301           1.496e-07             112.718           3.162e+02     
  25.000          85.000            2.324e-01           2.324e-01             206.803           8.139e-08             114.581           3.162e+02     
  30.000          85.000            2.477e-01           2.477e-01             200.407           4.872e-08             117.890           3.162e+02     
  35.000          85.000            2.176e-01           2.176e-01             199.515           3.517e-08             115.721           3.162e+02     
  40.000          85.000            1.652e-01           1.652e-01             203.100           3.185e-08             102.167           3.162e+02     
  45.000          85.000            1.193e-01           1.193e-01             208.467           3.532e-08              78.482           3.162e+02     
  50.000          85.000            8.993e-02           8.993e-02             209.563           5.164e-08              54.938           3.162e+02     
  55.000          85.000            7.800e-02           7.800e-02             199.356           7.609e-08              35.898           3.162e+02     
  60.000          85.000            9.837e-02           9.837e-02             178.943           9.937e-08              21.466           3.162e+02     
  65.000          85.000            1.791e-01           1.791e-01             160.882           1.091e-07              10.315           3.162e+02     
  70.000          85.000            3.374e-01           3.374e-01             150.230           9.877e-08               1.942           3.162e+02     
  75.000          85.000            5.567e-01           5.567e-01             144.455           7.119e-08             355.507           3.162e+02     
  80.000          85.000            7.861e-01           7.861e-01             141.318           3.729e-08             350.888           3.162e+02     
  85.000          85.000            9.599e-01           9.599e-01             139.734           1.020e-08             348.022           3.162e+02     
  90.000          85.000            1.025e+00           1.025e+00             139.248           5.491e-13               9.397           3.162e+02     
  95.000          85.000            9.599e-01           9.599e-01             139.734           1.016e-08             168.065           3.162e+02     
 100.000          85.000            7.861e-01           7.861e-01             141.318           3.722e-08             170.911           3.162e+02     
 105.000          85.000            5.567e-01           5.567e-01             144.455           7.109e-08             175.526           3.162e+02     
 110.000          85.000            3.374e-01           3.374e-01             150.230           9.866e-08             181.958           3.162e+02     
 115.000          85.000            1.791e-01           1.791e-01             160.882           1.090e-07             190.332           3.162e+02     
 120.000          85.000            9.837e-02           9.837e-02             178.943           9.928e-08             201.485           3.162e+02     
 125.000          85.000            7.800e-02           7.800e-02             199.356           7.603e-08             215.921           3.162e+02     
 130.000          85.000            8.993e-02           8.993e-02             209.563           5.161e-08             234.966           3.162e+02     
 135.000          85.000            1.193e-01           1.193e-01             208.467           3.530e-08             258.514           3.162e+02     
 140.000          85.000            1.652e-01           1.652e-01             203.100           3.185e-08             282.193           3.162e+02     
 145.000          85.000            2.176e-01           2.176e-01             199.515           3.518e-08             295.738           3.162e+02     
 150.000          85.000            2.477e-01           2.477e-01             200.407           4.872e-08             297.898           3.162e+02     
 155.000          85.000            2.324e-01           2.324e-01             206.803           8.140e-08             294.584           3.162e+02     
 160.000          85.000            1.834e-01           1.834e-01             219.301           1.496e-07             292.719           3.162e+02     
 165.000          85.000            1.300e-01           1.300e-01             236.938           2.500e-07             293.869           3.162e+02     
 170.000          85.000            8.061e-02           8.061e-02             255.462           3.620e-07             297.123           3.162e+02     
 175.000          85.000            2.903e-02           2.903e-02             270.493           4.352e-07             301.659           3.162e+02     
 180.000          85.000            1.099e-06           7.199e-07             162.866           3.795e-07             305.940           3.187e+00     
   0.000          90.000            1.099e-06           7.899e-07             160.785           3.095e-07             121.355           3.187e+00     
   5.000          90.000            2.860e-02           2.860e-02             270.236           2.939e-07             115.711           3.162e+02     
  10.000          90.000            7.789e-02           7.789e-02             254.868           2.348e-07             110.988           3.162e+02     
  15.000          90.000            1.233e-01           1.233e-01             235.784           1.557e-07             108.026           3.162e+02     
  20.000          90.000            1.724e-01           1.724e-01             217.528           8.433e-08             108.722           3.162e+02     
  25.000          90.000            2.188e-01           2.188e-01             204.660           3.911e-08             117.101           3.162e+02     
  30.000          90.000            2.344e-01           2.344e-01             198.213           2.011e-08             135.983           3.162e+02     
  35.000          90.000            2.080e-01           2.080e-01             197.517           1.560e-08             154.214           3.162e+02     
  40.000          90.000            1.608e-01           1.608e-01             201.404           1.272e-08             158.917           3.162e+02     
  45.000          90.000            1.189e-01           1.189e-01             206.960           7.358e-09             147.803           3.162e+02     
  50.000          90.000            9.043e-02           9.043e-02             208.127           3.443e-09             109.694           3.162e+02     
  55.000          90.000            7.633e-02           7.633e-02             197.968           5.027e-09              54.356           3.162e+02     
  60.000          90.000            9.110e-02           9.110e-02             176.755           1.151e-08              27.182           3.162e+02     
  65.000          90.000            1.617e-01           1.617e-01             157.251           1.819e-08              13.773           3.162e+02     
  70.000          90.000            3.043e-01           3.043e-01             145.667           2.030e-08               5.470           3.162e+02     
  75.000          90.000            5.036e-01           5.036e-01             139.435           1.661e-08             359.657           3.162e+02     
  80.000          90.000            7.127e-01           7.127e-01             136.079           9.389e-09             355.658           3.162e+02     
  85.000          90.000            8.712e-01           8.712e-01             134.396           2.674e-09             353.249           3.162e+02     
  90.000          90.000            9.302e-01           9.302e-01             133.881           2.197e-13             351.833           3.162e+02     
  95.000          90.000            8.712e-01           8.712e-01             134.396           2.657e-09             173.358           3.162e+02     
 100.000          90.000            7.127e-01           7.127e-01             136.079           9.358e-09             175.716           3.162e+02     
 105.000          90.000            5.036e-01           5.036e-01             139.435           1.657e-08             179.701           3.162e+02     
 110.000          90.000            3.043e-01           3.043e-01             145.667           2.026e-08             185.511           3.162e+02     
 115.000          90.000            1.617e-01           1.617e-01             157.251           1.816e-08             193.817           3.162e+02     
 120.000          90.000            9.110e-02           9.110e-02             176.755           1.148e-08             207.239           3.162e+02     
 125.000          90.000            7.633e-02           7.633e-02             197.968           5.020e-09             234.454           3.162e+02     
 130.000          90.000            9.043e-02           9.043e-02             208.127           3.449e-09             289.796           3.162e+02     
 135.000          90.000            1.189e-01           1.189e-01             206.960           7.370e-09             327.841           3.162e+02     
 140.000          90.000            1.608e-01           1.608e-01             201.404           1.274e-08             338.939           3.162e+02     
 145.000          90.000            2.080e-01           2.080e-01             197.517           1.561e-08             334.232           3.162e+02     
 150.000          90.000            2.344e-01           2.344e-01             198.213           2.011e-08             315.995           3.162e+02     
 155.000          90.000            2.188e-01           2.188e-01             204.660           3.911e-08             297.104           3.162e+02     
 160.000          90.000            1.724e-01           1.724e-01             217.528           8.434e-08             288.723           3.162e+02     
 165.000          90.000            1.233e-01           1.233e-01             235.784           1.557e-07             288.027           3.162e+02     
 170.000          90.000            7.789e-02           7.789e-02             254.868           2.348e-07             290.991           3.162e+02     
 175.000          90.000            2.860e-02           2.860e-02             270.236           2.939e-07             295.714           3.162e+02     
 180.000          90.000            1.099e-06           7.899e-07             160.786           3.096e-07             301.360           3.187e+00     
   0.000          95.000            1.099e-06           8.525e-07             158.874           2.468e-07             115.673           3.187e+00     
   5.000          95.000            2.827e-02           2.827e-02             270.076           2.208e-07             108.211           3.162e+02     
  10.000          95.000            7.597e-02           7.597e-02             254.507           1.655e-07             102.265           3.162e+02     
  15.000          95.000            1.191e-01           1.191e-01             235.068           1.021e-07              99.085           3.162e+02     
  20.000          95.000            1.669e-01           1.669e-01             216.436           4.595e-08             101.787           3.162e+02     
  25.000          95.000            2.143e-01           2.143e-01             203.418           1.595e-08             122.920           3.162e+02     
  30.000          95.000            2.337e-01           2.337e-01             197.020           1.208e-08             172.119           3.162e+02     
  35.000          95.000            2.123e-01           2.123e-01             196.400           2.530e-08             196.807           3.162e+02     
  40.000          95.000            1.687e-01           1.687e-01             200.164           3.949e-08             203.174           3.162e+02     
  45.000          95.000            1.277e-01           1.277e-01             205.297           4.427e-08             201.950           3.162e+02     
  50.000          95.000            9.796e-02           9.796e-02             206.094           3.952e-08             198.668           3.162e+02     
  55.000          95.000            8.170e-02           8.170e-02             196.141           2.923e-08             192.446           3.162e+02     
  60.000          95.000            9.372e-02           9.372e-02             175.341           1.877e-08             183.657           3.162e+02     
  65.000          95.000            1.596e-01           1.596e-01             155.629           1.077e-08             172.289           3.162e+02     
  70.000          95.000            2.941e-01           2.941e-01             143.678           5.816e-09             159.797           3.162e+02     
  75.000          95.000            4.821e-01           4.821e-01             137.219           2.909e-09             146.984           3.162e+02     
  80.000          95.000            6.789e-01           6.789e-01             133.750           1.229e-09             135.990           3.162e+02     
  85.000          95.000            8.278e-01           8.278e-01             132.017           3.055e-10             128.561           3.162e+02     
  90.000          95.000            8.832e-01           8.832e-01             131.488           6.092e-14             278.137           3.162e+02     
  95.000          95.000            8.278e-01           8.278e-01             132.017           3.114e-10             308.646           3.162e+02     
 100.000          95.000            6.789e-01           6.789e-01             133.750           1.241e-09             316.006           3.162e+02     
 105.000          95.000            4.821e-01           4.821e-01             137.219           2.926e-09             326.969           3.162e+02     
 110.000          95.000            2.941e-01           2.941e-01             143.678           5.839e-09             339.770           3.162e+02     
 115.000          95.000            1.596e-01           1.596e-01             155.629           1.079e-08             352.262           3.162e+02     
 120.000          95.000            9.372e-02           9.372e-02             175.341           1.880e-08               3.634           3.162e+02     
 125.000          95.000            8.170e-02           8.170e-02             196.141           2.926e-08              12.429           3.162e+02     
 130.000          95.000            9.796e-02           9.796e-02             206.094           3.955e-08              18.657           3.162e+02     
 135.000          95.000            1.277e-01           1.277e-01             205.297           4.430e-08              21.945           3.162e+02     
 140.000          95.000            1.687e-01           1.687e-01             200.164           3.951e-08              23.174           3.162e+02     
 145.000          95.000            2.123e-01           2.123e-01             196.400           2.532e-08              16.813           3.162e+02     
 150.000          95.000            2.337e-01           2.337e-01             197.020           1.208e-08             352.134           3.162e+02     
 155.000          95.000            2.143e-01           2.143e-01             203.418           1.594e-08             302.926           3.162e+02     
 160.000          95.000            1.669e-01           1.669e-01             216.436           4.595e-08             281.788           3.162e+02     
 165.000          95.000            1.191e-01           1.191e-01             235.068           1.021e-07             279.086           3.162e+02     
 170.000          95.000            7.597e-02           7.597e-02             254.507           1.655e-07             282.268           3.162e+02     
 175.000          95.000            2.827e-02           2.827e-02             270.076           2.209e-07             288.215           3.162e+02     
 180.000          95.000            1.099e-06           8.526e-07             158.875           2.469e-07             295.678           3.187e+00     
   0.000         100.000            1.099e-06           9.060e-07             157.089           1.934e-07             108.476           3.187e+00     
   5.000         100.000            2.803e-02           2.803e-02             270.014           1.630e-07              98.157           3.162e+02     
  10.000         100.000            7.488e-02           7.488e-02             254.400           1.116e-07              89.500           3.162e+02     
  15.000         100.000            1.173e-01           1.173e-01             234.839           5.931e-08              83.881           3.162e+02     
  20.000         100.000            1.665e-01           1.665e-01             216.129           1.654e-08              83.910           3.162e+02     
  25.000         100.000            2.185e-01           2.185e-01             203.202           1.506e-09             151.486           3.162e+02     
  30.000         100.000            2.450e-01           2.450e-01             196.939           1.619e-08             220.554           3.162e+02     
  35.000         100.000            2.300e-01           2.300e-01             196.243           5.222e-08             223.050           3.162e+02     
  40.000         100.000            1.887e-01           1.887e-01             199.487           9.417e-08             221.264           3.162e+02     
  45.000         100.000            1.458e-01           1.458e-01             203.730           1.246e-07             215.434           3.162e+02     
  50.000         100.000            1.127e-01           1.127e-01             203.890           1.425e-07             209.107           3.162e+02     
  55.000         100.000            9.451e-02           9.451e-02             194.374           1.436e-07             200.422           3.162e+02     
  60.000         100.000            1.065e-01           1.065e-01             175.209           1.325e-07             190.577           3.162e+02     
  65.000         100.000            1.725e-01           1.725e-01             156.714           1.120e-07             180.437           3.162e+02     
  70.000         100.000            3.053e-01           3.053e-01             145.131           8.596e-08             171.747           3.162e+02     
  75.000         100.000            4.892e-01           4.892e-01             138.764           5.611e-08             164.461           3.162e+02     
  80.000         100.000            6.808e-01           6.808e-01             135.331           2.784e-08             159.008           3.162e+02     
  85.000         100.000            8.254e-01           8.254e-01             133.617           7.261e-09             155.871           3.162e+02     
  90.000         100.000            8.791e-01           8.791e-01             133.095           2.651e-13             230.904           3.162e+02     
  95.000         100.000            8.254e-01           8.254e-01             133.617           7.284e-09             335.833           3.162e+02     
 100.000         100.000            6.808e-01           6.808e-01             135.331           2.789e-08             338.988           3.162e+02     
 105.000         100.000            4.892e-01           4.892e-01             138.764           5.617e-08             344.446           3.162e+02     
 110.000         100.000            3.053e-01           3.053e-01             145.131           8.603e-08             351.735           3.162e+02     
 115.000         100.000            1.725e-01           1.725e-01             156.714           1.120e-07               0.426           3.162e+02     
 120.000         100.000            1.065e-01           1.065e-01             175.209           1.326e-07              10.567           3.162e+02     
 125.000         100.000            9.451e-02           9.451e-02             194.374           1.436e-07              20.414           3.162e+02     
 130.000         100.000            1.127e-01           1.127e-01             203.890           1.426e-07              29.100           3.162e+02     
 135.000         100.000            1.458e-01           1.458e-01             203.730           1.246e-07              35.430           3.162e+02     
 140.000         100.000            1.887e-01           1.887e-01             199.487           9.420e-08              41.262           3.162e+02     
 145.000         100.000            2.300e-01           2.300e-01             196.243           5.224e-08              43.051           3.162e+02     
 150.000         100.000            2.450e-01           2.450e-01             196.939           1.620e-08              40.564           3.162e+02     
 155.000         100.000            2.185e-01           2.185e-01             203.202           1.504e-09             331.525           3.162e+02     
 160.000         100.000            1.665e-01           1.665e-01             216.129           1.653e-08             263.907           3.162e+02     
 165.000         100.000            1.173e-01           1.173e-01             234.839           5.930e-08             263.881           3.162e+02     
 170.000         100.000            7.488e-02           7.488e-02             254.400           1.116e-07             269.503           3.162e+02     
 175.000         100.000            2.803e-02           2.803e-02             270.014           1.630e-07             278.162           3.162e+02     
 180.000         100.000            1.099e-06           9.061e-07             157.090           1.934e-07             288.483           3.187e+00     
   0.000         105.000            1.099e-06           9.487e-07             155.397           1.507e-07              99.251           3.187e+00     
   5.000         105.000            2.790e-02           2.790e-02             270.052           1.230e-07              84.658           3.162e+02     
  10.000         105.000            7.459e-02           7.459e-02             254.552           7.920e-08              70.414           3.162e+02     
  15.000         105.000            1.180e-01           1.180e-01             235.128           3.785e-08              55.815           3.162e+02     
  20.000         105.000            1.710e-01           1.710e-01             216.647           8.859e-09              24.220           3.162e+02     
  25.000         105.000            2.312e-01           2.312e-01             204.028           6.140e-09             289.615           3.162e+02     
  30.000         105.000            2.687e-01           2.687e-01             197.935           3.446e-08             255.553           3.162e+02     
  35.000         105.000            2.623e-01           2.623e-01             196.992           8.468e-08             242.887           3.162e+02     
  40.000         105.000            2.225e-01           2.225e-01             199.399           1.483e-07             235.016           3.162e+02     
  45.000         105.000            1.744e-01           1.744e-01             202.460           2.231e-07             227.906           3.162e+02     
  50.000         105.000            1.347e-01           1.347e-01             201.902           2.620e-07             216.958           3.162e+02     
  55.000         105.000            1.128e-01           1.128e-01             193.043           2.878e-07             205.644           3.162e+02     
  60.000         105.000            1.243e-01           1.243e-01             176.011           2.937e-07             194.034           3.162e+02     
  65.000         105.000            1.901e-01           1.901e-01             159.323           2.730e-07             182.778           3.162e+02     
  70.000         105.000            3.204e-01           3.204e-01             148.519           2.278e-07             174.006           3.162e+02     
  75.000         105.000            4.990e-01           4.990e-01             142.475           1.582e-07             166.958           3.162e+02     
  80.000         105.000            6.842e-01           6.842e-01             139.210           8.188e-08             161.848           3.162e+02     
  85.000         105.000            8.237e-01           8.237e-01             137.587           2.240e-08             158.688           3.162e+02     
  90.000         105.000            8.755e-01           8.755e-01             137.094           4.364e-13             230.145           3.162e+02     
  95.000         105.000            8.237e-01           8.237e-01             137.587           2.243e-08             338.667           3.162e+02     
 100.000         105.000            6.842e-01           6.842e-01             139.210           8.194e-08             341.836           3.162e+02     
 105.000         105.000            4.990e-01           4.990e-01             142.475           1.583e-07             346.950           3.162e+02     
 110.000         105.000            3.204e-01           3.204e-01             148.519           2.279e-07             353.999           3.162e+02     
 115.000         105.000            1.901e-01           1.901e-01             159.323           2.730e-07               2.771           3.162e+02     
 120.000         105.000            1.243e-01           1.243e-01             176.011           2.938e-07              14.028           3.162e+02     
 125.000         105.000            1.128e-01           1.128e-01             193.043           2.879e-07              25.638           3.162e+02     
 130.000         105.000            1.347e-01           1.347e-01             201.902           2.620e-07              36.953           3.162e+02     
 135.000         105.000            1.744e-01           1.744e-01             202.460           2.232e-07              47.902           3.162e+02     
 140.000         105.000            2.225e-01           2.225e-01             199.399           1.483e-07              55.014           3.162e+02     
 145.000         105.000            2.623e-01           2.623e-01             196.992           8.471e-08              62.887           3.162e+02     
 150.000         105.000            2.687e-01           2.687e-01             197.935           3.448e-08              75.555           3.162e+02     
 155.000         105.000            2.312e-01           2.312e-01             204.028           6.147e-09             109.610           3.162e+02     
 160.000         105.000            1.710e-01           1.710e-01             216.647           8.858e-09             204.199           3.162e+02     
 165.000         105.000            1.180e-01           1.180e-01             235.128           3.784e-08             235.811           3.162e+02     
 170.000         105.000            7.459e-02           7.459e-02             254.552           7.920e-08             250.416           3.162e+02     
 175.000         105.000            2.790e-02           2.790e-02             270.052           1.231e-07             264.664           3.162e+02     
 180.000         105.000            1.099e-06           9.487e-07             155.398           1.508e-07             279.259           3.187e+00     
   0.000         110.000            1.099e-06           9.792e-07             153.770           1.202e-07              87.520           3.187e+00     
   5.000         110.000            2.787e-02           2.787e-02             270.189           1.027e-07              67.616           3.162e+02     
  10.000         110.000            7.509e-02           7.509e-02             254.966           7.266e-08              45.995           3.162e+02     
  15.000         110.000            1.210e-01           1.210e-01             235.941           4.637e-08              21.186           3.162e+02     
  20.000         110.000            1.803e-01           1.803e-01             217.971           3.374e-08             344.739           3.162e+02     
  25.000         110.000            2.526e-01           2.526e-01             205.810           3.957e-08             307.448           3.162e+02     
  30.000         110.000            3.061e-01           3.061e-01             199.864           7.044e-08             281.936           3.162e+02     
  35.000         110.000            3.120e-01           3.120e-01             198.513           1.387e-07             264.885           3.162e+02     
  40.000         110.000            2.736e-01           2.736e-01             199.869           2.050e-07             252.963           3.162e+02     
  45.000         110.000            2.167e-01           2.167e-01             201.580           2.703e-07             240.221           3.162e+02     
  50.000         110.000            1.649e-01           1.649e-01             200.246           3.243e-07             225.723           3.162e+02     
  55.000         110.000            1.340e-01           1.340e-01             192.062           3.778e-07             211.955           3.162e+02     
  60.000         110.000            1.394e-01           1.394e-01             176.936           4.103e-07             198.624           3.162e+02     
  65.000         110.000            1.976e-01           1.976e-01             161.728           4.076e-07             186.908           3.162e+02     
  70.000         110.000            3.145e-01           3.145e-01             151.555           3.529e-07             176.880           3.162e+02     
  75.000         110.000            4.745e-01           4.745e-01             145.807           2.542e-07             169.836           3.162e+02     
  80.000         110.000            6.399e-01           6.399e-01             142.724           1.348e-07             164.807           3.162e+02     
  85.000         110.000            7.644e-01           7.644e-01             141.209           3.741e-08             161.752           3.162e+02     
  90.000         110.000            8.107e-01           8.107e-01             140.752           3.179e-13             247.456           3.162e+02     
  95.000         110.000            7.644e-01           7.644e-01             141.209           3.745e-08             341.739           3.162e+02     
 100.000         110.000            6.399e-01           6.399e-01             142.724           1.348e-07             344.800           3.162e+02     
 105.000         110.000            4.745e-01           4.745e-01             145.807           2.543e-07             349.831           3.162e+02     
 110.000         110.000            3.145e-01           3.145e-01             151.555           3.530e-07             356.875           3.162e+02     
 115.000         110.000            1.976e-01           1.976e-01             161.728           4.076e-07               6.903           3.162e+02     
 120.000         110.000            1.394e-01           1.394e-01             176.936           4.104e-07              18.619           3.162e+02     
 125.000         110.000            1.340e-01           1.340e-01             192.062           3.779e-07              31.950           3.162e+02     
 130.000         110.000            1.649e-01           1.649e-01             200.246           3.243e-07              45.718           3.162e+02     
 135.000         110.000            2.167e-01           2.167e-01             201.580           2.703e-07              60.217           3.162e+02     
 140.000         110.000            2.736e-01           2.736e-01             199.869           2.050e-07              72.960           3.162e+02     
 145.000         110.000            3.120e-01           3.120e-01             198.513           1.388e-07              84.884           3.162e+02     
 150.000         110.000            3.061e-01           3.061e-01             199.864           7.047e-08             101.934           3.162e+02     
 155.000         110.000            2.526e-01           2.526e-01             205.810           3.959e-08             127.442           3.162e+02     
 160.000         110.000            1.803e-01           1.803e-01             217.971           3.376e-08             164.728           3.162e+02     
 165.000         110.000            1.210e-01           1.210e-01             235.941           4.637e-08             201.179           3.162e+02     
 170.000         110.000            7.509e-02           7.509e-02             254.966           7.266e-08             225.994           3.162e+02     
 175.000         110.000            2.787e-02           2.787e-02             270.189           1.027e-07             247.620           3.162e+02     
 180.000         110.000            1.099e-06           9.792e-07             153.771           1.202e-07             267.529           3.187e+00     
   0.000         115.000            1.099e-06           9.966e-07             152.182           1.027e-07              73.263           3.187e+00     
   5.000         115.000            2.794e-02           2.794e-02             270.422           1.025e-07              49.058           3.162e+02     
  10.000         115.000            7.635e-02           7.635e-02             255.636           9.402e-08              23.730           3.162e+02     
  15.000         115.000            1.262e-01           1.262e-01             237.261           9.003e-08             359.736           3.162e+02     
  20.000         115.000            1.943e-01           1.943e-01             220.029           9.850e-08             336.791           3.162e+02     
  25.000         115.000            2.832e-01           2.832e-01             208.404           1.341e-07             314.090           3.162e+02     
  30.000         115.000            3.590e-01           3.590e-01             202.536           1.704e-07             301.475           3.162e+02     
  35.000         115.000            3.831e-01           3.831e-01             200.646           1.984e-07             288.267           3.162e+02     
  40.000         115.000            3.483e-01           3.483e-01             200.842           2.506e-07             274.896           3.162e+02     
  45.000         115.000            2.790e-01           2.790e-01             201.118           2.933e-07             259.029           3.162e+02     
  50.000         115.000            2.078e-01           2.078e-01             198.855           3.220e-07             240.103           3.162e+02     
  55.000         115.000            1.594e-01           1.594e-01             191.045           3.951e-07             223.771           3.162e+02     
  60.000         115.000            1.499e-01           1.499e-01             177.195           4.333e-07             207.947           3.162e+02     
  65.000         115.000            1.894e-01           1.894e-01             162.650           4.426e-07             194.647           3.162e+02     
  70.000         115.000            2.785e-01           2.785e-01             152.489           3.965e-07             184.226           3.162e+02     
  75.000         115.000            4.018e-01           4.018e-01             146.689           2.898e-07             175.817           3.162e+02     
  80.000         115.000            5.293e-01           5.293e-01             143.621           1.562e-07             170.766           3.162e+02     
  85.000         115.000            6.251e-01           6.251e-01             142.144           4.383e-08             167.736           3.162e+02     
  90.000         115.000            6.606e-01           6.606e-01             141.704           1.870e-13             293.670           3.162e+02     
  95.000         115.000            6.251e-01           6.251e-01             142.144           4.387e-08             347.731           3.162e+02     
 100.000         115.000            5.293e-01           5.293e-01             143.621           1.563e-07             350.762           3.162e+02     
 105.000         115.000            4.018e-01           4.018e-01             146.689           2.899e-07             355.814           3.162e+02     
 110.000         115.000            2.785e-01           2.785e-01             152.489           3.966e-07               4.223           3.162e+02     
 115.000         115.000            1.894e-01           1.894e-01             162.650           4.426e-07              14.643           3.162e+02     
 120.000         115.000            1.499e-01           1.499e-01             177.195           4.334e-07              27.943           3.162e+02     
 125.000         115.000            1.594e-01           1.594e-01             191.045           3.951e-07              43.767           3.162e+02     
 130.000         115.000            2.078e-01           2.078e-01             198.855           3.221e-07              60.099           3.162e+02     
 135.000         115.000            2.790e-01           2.790e-01             201.118           2.933e-07              79.025           3.162e+02     
 140.000         115.000            3.483e-01           3.483e-01             200.842           2.506e-07              94.893           3.162e+02     
 145.000         115.000            3.831e-01           3.831e-01             200.646           1.984e-07             108.264           3.162e+02     
 150.000         115.000            3.590e-01           3.590e-01             202.536           1.704e-07             121.472           3.162e+02     
 155.000         115.000            2.832e-01           2.832e-01             208.404           1.341e-07             134.086           3.162e+02     
 160.000         115.000            1.943e-01           1.943e-01             220.029           9.853e-08             156.784           3.162e+02     
 165.000         115.000            1.262e-01           1.262e-01             237.261           9.004e-08             179.729           3.162e+02     
 170.000         115.000            7.635e-02           7.635e-02             255.636           9.402e-08             203.727           3.162e+02     
 175.000         115.000            2.794e-02           2.794e-02             270.422           1.025e-07             229.062           3.162e+02     
 180.000         115.000            1.099e-06           9.967e-07             152.183           1.027e-07             253.273           3.187e+00     
   0.000         120.000            1.099e-06           1.001e-06             150.612           9.886e-08              57.505           3.187e+00     
   5.000         120.000            2.810e-02           2.810e-02             270.749           1.221e-07              32.390           3.162e+02     
  10.000         120.000            7.835e-02           7.835e-02             256.553           1.425e-07               8.607           3.162e+02     
  15.000         120.000            1.336e-01           1.336e-01             239.049           1.691e-07             349.974           3.162e+02     
  20.000         120.000            2.131e-01           2.131e-01             222.723           2.048e-07             336.712           3.162e+02     
  25.000         120.000            3.233e-01           3.233e-01             211.645           2.681e-07             324.665           3.162e+02     
  30.000         120.000            4.290e-01           4.290e-01             205.768           3.212e-07             318.461           3.162e+02     
  35.000         120.000            4.799e-01           4.799e-01             203.258           3.586e-07             310.728           3.162e+02     
  40.000         120.000            4.539e-01           4.539e-01             202.288           3.506e-07             299.528           3.162e+02     
  45.000         120.000            3.712e-01           3.712e-01             201.127           3.568e-07             282.968           3.162e+02     
  50.000         120.000            2.737e-01           2.737e-01             197.742           3.378e-07             263.812           3.162e+02     
  55.000         120.000            1.982e-01           1.982e-01             189.777           3.329e-07             241.479           3.162e+02     
  60.000         120.000            1.650e-01           1.650e-01             176.406           3.679e-07             222.675           3.162e+02     
  65.000         120.000            1.795e-01           1.795e-01             161.551           3.837e-07             207.510           3.162e+02     
  70.000         120.000            2.358e-01           2.358e-01             150.411           3.506e-07             196.111           3.162e+02     
  75.000         120.000            3.177e-01           3.177e-01             143.822           2.611e-07             187.911           3.162e+02     
  80.000         120.000            4.025e-01           4.025e-01             140.325           1.417e-07             182.382           3.162e+02     
  85.000         120.000            4.657e-01           4.657e-01             138.659           3.995e-08             179.173           3.162e+02     
  90.000         120.000            4.890e-01           4.890e-01             138.168           3.017e-13             346.260           3.162e+02     
  95.000         120.000            4.657e-01           4.657e-01             138.659           3.998e-08             359.173           3.162e+02     
 100.000         120.000            4.025e-01           4.025e-01             140.325           1.418e-07               2.381           3.162e+02     
 105.000         120.000            3.177e-01           3.177e-01             143.822           2.612e-07               7.910           3.162e+02     
 110.000         120.000            2.358e-01           2.358e-01             150.411           3.507e-07              16.109           3.162e+02     
 115.000         120.000            1.795e-01           1.795e-01             161.551           3.838e-07              27.507           3.162e+02     
 120.000         120.000            1.650e-01           1.650e-01             176.406           3.679e-07              42.671           3.162e+02     
 125.000         120.000            1.982e-01           1.982e-01             189.777           3.329e-07              61.475           3.162e+02     
 130.000         120.000            2.737e-01           2.737e-01             197.742           3.378e-07              83.807           3.162e+02     
 135.000         120.000            3.712e-01           3.712e-01             201.127           3.568e-07             102.964           3.162e+02     
 140.000         120.000            4.539e-01           4.539e-01             202.288           3.506e-07             119.525           3.162e+02     
 145.000         120.000            4.799e-01           4.799e-01             203.258           3.587e-07             130.725           3.162e+02     
 150.000         120.000            4.290e-01           4.290e-01             205.768           3.212e-07             138.458           3.162e+02     
 155.000         120.000            3.233e-01           3.233e-01             211.645           2.681e-07             144.661           3.162e+02     
 160.000         120.000            2.131e-01           2.131e-01             222.723           2.049e-07             156.707           3.162e+02     
 165.000         120.000            1.336e-01           1.336e-01             239.049           1.691e-07             169.969           3.162e+02     
 170.000         120.000            7.835e-02           7.835e-02             256.553           1.425e-07             188.605           3.162e+02     
 175.000         120.000            2.810e-02           2.810e-02             270.749           1.221e-07             212.392           3.162e+02     
 180.000         120.000            1.099e-06           1.001e-06             150.613           9.885e-08             237.514           3.187e+00     
   0.000         125.000            1.099e-06           9.907e-07             149.036           1.087e-07              42.193           3.187e+00     
   5.000         125.000            2.835e-02           2.835e-02             271.164           1.596e-07              19.479           3.162e+02     
  10.000         125.000            8.106e-02           8.106e-02             257.700           2.144e-07             359.446           3.162e+02     
  15.000         125.000            1.431e-01           1.431e-01             241.257           2.782e-07             345.858           3.162e+02     
  20.000         125.000            2.365e-01           2.365e-01             225.957           3.854e-07             335.899           3.162e+02     
  25.000         125.000            3.726e-01           3.726e-01             215.396           4.910e-07             332.886           3.162e+02     
  30.000         125.000            5.164e-01           5.164e-01             209.433           5.625e-07             331.754           3.162e+02     
  35.000         125.000            6.052e-01           6.052e-01             206.279           6.117e-07             328.543           3.162e+02     
  40.000         125.000            5.977e-01           5.977e-01             204.220           5.602e-07             320.899           3.162e+02     
  45.000         125.000            5.053e-01           5.053e-01             201.730           4.800e-07             309.564           3.162e+02     
  50.000         125.000            3.777e-01           3.777e-01             197.163           3.729e-07             291.896           3.162e+02     
  55.000         125.000            2.673e-01           2.673e-01             188.638           3.069e-07             268.958           3.162e+02     
  60.000         125.000            2.041e-01           2.041e-01             175.192           2.817e-07             244.679           3.162e+02     
  65.000         125.000            1.935e-01           1.935e-01             159.492           3.000e-07             226.951           3.162e+02     
  70.000         125.000            2.244e-01           2.244e-01             146.538           2.730e-07             214.160           3.162e+02     
  75.000         125.000            2.782e-01           2.782e-01             138.219           2.042e-07             205.306           3.162e+02     
  80.000         125.000            3.348e-01           3.348e-01             133.551           1.111e-07             199.524           3.162e+02     
  85.000         125.000            3.766e-01           3.766e-01             131.249           3.140e-08             196.246           3.162e+02     
  90.000         125.000            3.920e-01           3.920e-01             130.559           5.250e-13              17.387           3.162e+02     
  95.000         125.000            3.766e-01           3.766e-01             131.249           3.143e-08              16.253           3.162e+02     
 100.000         125.000            3.348e-01           3.348e-01             133.551           1.112e-07              19.527           3.162e+02     
 105.000         125.000            2.782e-01           2.782e-01             138.219           2.042e-07              25.307           3.162e+02     
 110.000         125.000            2.244e-01           2.244e-01             146.538           2.731e-07              34.159           3.162e+02     
 115.000         125.000            1.935e-01           1.935e-01             159.492           3.001e-07              46.948           3.162e+02     
 120.000         125.000            2.041e-01           2.041e-01             175.192           2.817e-07              64.675           3.162e+02     
 125.000         125.000            2.673e-01           2.673e-01             188.638           3.069e-07              88.954           3.162e+02     
 130.000         125.000            3.777e-01           3.777e-01             197.163           3.729e-07             111.892           3.162e+02     
 135.000         125.000            5.053e-01           5.053e-01             201.730           4.800e-07             129.561           3.162e+02     
 140.000         125.000            5.977e-01           5.977e-01             204.220           5.602e-07             140.897           3.162e+02     
 145.000         125.000            6.052e-01           6.052e-01             206.279           6.118e-07             148.540           3.162e+02     
 150.000         125.000            5.164e-01           5.164e-01             209.433           5.626e-07             151.751           3.162e+02     
 155.000         125.000            3.726e-01           3.726e-01             215.396           4.911e-07             152.883           3.162e+02     
 160.000         125.000            2.365e-01           2.365e-01             225.957           3.855e-07             155.896           3.162e+02     
 165.000         125.000            1.431e-01           1.431e-01             241.257           2.782e-07             165.855           3.162e+02     
 170.000         125.000            8.106e-02           8.106e-02             257.700           2.144e-07             179.443           3.162e+02     
 175.000         125.000            2.835e-02           2.835e-02             271.164           1.596e-07             199.480           3.162e+02     
 180.000         125.000            1.099e-06           9.908e-07             149.038           1.087e-07             222.200           3.187e+00     
   0.000         130.000            1.099e-06           9.675e-07             147.434           1.319e-07              28.976           3.187e+00     
   5.000         130.000            2.868e-02           2.868e-02             271.661           2.124e-07              10.121           3.162e+02     
  10.000         130.000            8.442e-02           8.442e-02             259.054           3.035e-07             353.977           3.162e+02     
  15.000         130.000            1.546e-01           1.546e-01             243.829           4.068e-07             344.450           3.162e+02     
  20.000         130.000            2.642e-01           2.642e-01             229.634           5.733e-07             339.532           3.162e+02     
  25.000         130.000            4.301e-01           4.301e-01             219.572           7.437e-07             340.412           3.162e+02     
  30.000         130.000            6.195e-01           6.195e-01             213.475           8.831e-07             342.553           3.162e+02     
  35.000         130.000            7.576e-01           7.576e-01             209.706           9.872e-07             341.843           3.162e+02     
  40.000         130.000            7.818e-01           7.818e-01             206.694           9.409e-07             339.296           3.162e+02     
  45.000         130.000            6.896e-01           6.896e-01             203.087           7.139e-07             332.672           3.162e+02     
  50.000         130.000            5.351e-01           5.351e-01             197.497           4.874e-07             320.004           3.162e+02     
  55.000         130.000            3.869e-01           3.869e-01             188.423           3.128e-07             299.481           3.162e+02     
  60.000         130.000            2.898e-01           2.898e-01             175.020           2.282e-07             275.112           3.162e+02     
  65.000         130.000            2.551e-01           2.551e-01             159.087           1.904e-07             250.509           3.162e+02     
  70.000         130.000            2.702e-01           2.702e-01             144.860           1.795e-07             235.008           3.162e+02     
  75.000         130.000            3.125e-01           3.125e-01             134.839           1.390e-07             225.041           3.162e+02     
  80.000         130.000            3.600e-01           3.600e-01             128.759           7.747e-08             218.917           3.162e+02     
  85.000         130.000            3.955e-01           3.955e-01             125.588           2.218e-08             215.589           3.162e+02     
  90.000         130.000            4.085e-01           4.085e-01             124.610           6.626e-13              41.830           3.162e+02     
  95.000         130.000            3.955e-01           3.955e-01             125.588           2.221e-08              35.605           3.162e+02     
 100.000         130.000            3.600e-01           3.600e-01             128.759           7.752e-08              38.924           3.162e+02     
 105.000         130.000            3.125e-01           3.125e-01             134.839           1.391e-07              45.045           3.162e+02     
 110.000         130.000            2.702e-01           2.702e-01             144.860           1.795e-07              55.009           3.162e+02     
 115.000         130.000            2.551e-01           2.551e-01             159.087           1.905e-07              70.506           3.162e+02     
 120.000         130.000            2.898e-01           2.898e-01             175.020           2.282e-07              95.107           3.162e+02     
 125.000         130.000            3.869e-01           3.869e-01             188.423           3.128e-07             119.476           3.162e+02     
 130.000         130.000            5.351e-01           5.351e-01             197.497           4.874e-07             140.001           3.162e+02     
 135.000         130.000            6.896e-01           6.896e-01             203.087           7.139e-07             152.669           3.162e+02     
 140.000         130.000            7.818e-01           7.818e-01             206.694           9.409e-07             159.294           3.162e+02     
 145.000         130.000            7.576e-01           7.576e-01             209.706           9.872e-07             161.841           3.162e+02     
 150.000         130.000            6.195e-01           6.195e-01             213.475           8.832e-07             162.550           3.162e+02     
 155.000         130.000            4.301e-01           4.301e-01             219.572           7.438e-07             160.410           3.162e+02     
 160.000         130.000            2.642e-01           2.642e-01             229.634           5.734e-07             159.530           3.162e+02     
 165.000         130.000            1.546e-01           1.546e-01             243.829           4.069e-07             164.447           3.162e+02     
 170.000         130.000            8.442e-02           8.442e-02             259.054           3.035e-07             173.975           3.162e+02     
 175.000         130.000            2.868e-02           2.868e-02             271.661           2.124e-07             190.121           3.162e+02     
 180.000         130.000            1.099e-06           9.676e-07             147.436           1.319e-07             208.982           3.187e+00     
   0.000         135.000            1.099e-06           9.316e-07             145.782           1.678e-07              18.373           3.187e+00     
   5.000         135.000            2.910e-02           2.910e-02             272.234           2.769e-07               3.400           3.162e+02     
  10.000         135.000            8.840e-02           8.840e-02             260.592           4.017e-07             350.699           3.162e+02     
  15.000         135.000            1.680e-01           1.680e-01             246.713           5.812e-07             342.219           3.162e+02     
  20.000         135.000            2.956e-01           2.956e-01             233.686           7.704e-07             343.132           3.162e+02     
  25.000         135.000            4.939e-01           4.939e-01             224.125           1.016e-06             347.063           3.162e+02     
  30.000         135.000            7.335e-01           7.335e-01             217.899           1.235e-06             350.624           3.162e+02     
  35.000         135.000            9.298e-01           9.298e-01             213.589           1.427e-06             354.117           3.162e+02     
  40.000         135.000            9.988e-01           9.988e-01             209.802           1.376e-06             354.491           3.162e+02     
  45.000         135.000            9.207e-01           9.207e-01             205.338           1.085e-06             351.832           3.162e+02     
  50.000         135.000            7.494e-01           7.494e-01             199.023           6.601e-07             345.767           3.162e+02     
  55.000         135.000            5.676e-01           5.676e-01             189.688           3.563e-07             334.237           3.162e+02     
  60.000         135.000            4.371e-01           4.371e-01             176.762           1.735e-07             314.377           3.162e+02     
  65.000         135.000            3.790e-01           3.790e-01             161.627           1.015e-07             286.659           3.162e+02     
  70.000         135.000            3.823e-01           3.823e-01             147.570           8.097e-08             261.652           3.162e+02     
  75.000         135.000            4.213e-01           4.213e-01             137.009           6.461e-08             245.930           3.162e+02     
  80.000         135.000            4.696e-01           4.696e-01             130.208           3.740e-08             234.766           3.162e+02     
  85.000         135.000            5.067e-01           5.067e-01             126.514           1.119e-08             231.028           3.162e+02     
  90.000         135.000            5.205e-01           5.205e-01             125.350           7.015e-13              64.181           3.162e+02     
  95.000         135.000            5.067e-01           5.067e-01             126.514           1.122e-08              51.064           3.162e+02     
 100.000         135.000            4.696e-01           4.696e-01             130.208           3.744e-08              54.783           3.162e+02     
 105.000         135.000            4.213e-01           4.213e-01             137.009           6.466e-08              65.938           3.162e+02     
 110.000         135.000            3.823e-01           3.823e-01             147.570           8.103e-08              81.652           3.162e+02     
 115.000         135.000            3.790e-01           3.790e-01             161.627           1.015e-07             106.652           3.162e+02     
 120.000         135.000            4.371e-01           4.371e-01             176.762           1.735e-07             134.369           3.162e+02     
 125.000         135.000            5.676e-01           5.676e-01             189.688           3.563e-07             154.232           3.162e+02     
 130.000         135.000            7.494e-01           7.494e-01             199.023           6.601e-07             165.764           3.162e+02     
 135.000         135.000            9.207e-01           9.207e-01             205.338           1.085e-06             171.830           3.162e+02     
 140.000         135.000            9.988e-01           9.988e-01             209.802           1.376e-06             174.490           3.162e+02     
 145.000         135.000            9.298e-01           9.298e-01             213.589           1.427e-06             174.116           3.162e+02     
 150.000         135.000            7.335e-01           7.335e-01             217.899           1.235e-06             170.622           3.162e+02     
 155.000         135.000            4.939e-01           4.939e-01             224.125           1.016e-06             167.061           3.162e+02     
 160.000         135.000            2.956e-01           2.956e-01             233.686           7.706e-07             163.130           3.162e+02     
 165.000         135.000            1.680e-01           1.680e-01             246.713           5.813e-07             162.218           3.162e+02     
 170.000         135.000            8.840e-02           8.840e-02             260.592           4.018e-07             170.697           3.162e+02     
 175.000         135.000            2.910e-02           2.910e-02             272.234           2.769e-07             183.400           3.162e+02     
 180.000         135.000            1.099e-06           9.317e-07             145.784           1.678e-07             198.377           3.187e+00     
   0.000         140.000            1.099e-06           8.841e-07             144.054           2.153e-07              10.093           3.187e+00     
   5.000         140.000            2.958e-02           2.958e-02             272.874           3.489e-07             358.492           2.920e+02     
  10.000         140.000            9.293e-02           9.293e-02             262.284           5.002e-07             348.743           3.162e+02     
  15.000         140.000            1.831e-01           1.831e-01             249.842           7.240e-07             343.295           3.162e+02     
  20.000         140.000            3.300e-01           3.300e-01             238.059           9.479e-07             346.569           3.162e+02     
  25.000         140.000            5.615e-01           5.614e-01             229.048           1.259e-06             352.998           3.162e+02     
  30.000         140.000            8.516e-01           8.516e-01             222.753           1.624e-06             358.989           3.162e+02     
  35.000         140.000            1.109e+00           1.109e+00             218.018           1.830e-06               4.600           3.162e+02     
  40.000         140.000            1.230e+00           1.230e+00             213.645           1.804e-06               7.794           3.162e+02     
  45.000         140.000            1.177e+00           1.177e+00             208.586           1.448e-06               9.160           3.162e+02     
  50.000         140.000            1.001e+00           1.001e+00             201.847           9.633e-07               9.354           3.162e+02     
  55.000         140.000            7.945e-01           7.945e-01             192.521           4.841e-07               9.077           3.162e+02     
  60.000         140.000            6.352e-01           6.352e-01             180.292           2.019e-07               4.988           3.162e+02     
  65.000         140.000            5.552e-01           5.552e-01             166.330           5.932e-08             356.000           3.162e+02     
  70.000         140.000            5.471e-01           5.471e-01             153.199           1.312e-08             334.518           3.162e+02     
  75.000         140.000            5.833e-01           5.833e-01             142.965           3.955e-09             288.964           3.162e+02     
  80.000         140.000            6.334e-01           6.334e-01             136.124           2.801e-09             254.086           3.162e+02     
  85.000         140.000            6.732e-01           6.732e-01             132.307           1.099e-09             241.443           3.162e+02     
  90.000         140.000            6.880e-01           6.880e-01             131.088           6.597e-13              83.210           3.162e+02     
  95.000         140.000            6.732e-01           6.732e-01             132.307           1.106e-09              61.604           3.162e+02     
 100.000         140.000            6.334e-01           6.334e-01             136.124           2.813e-09              74.156           3.162e+02     
 105.000         140.000            5.833e-01           5.833e-01             142.965           3.971e-09             108.950           3.162e+02     
 110.000         140.000            5.471e-01           5.471e-01             153.199           1.314e-08             154.472           3.162e+02     
 115.000         140.000            5.552e-01           5.552e-01             166.330           5.933e-08             175.977           3.162e+02     
 120.000         140.000            6.352e-01           6.352e-01             180.292           2.019e-07             184.978           3.162e+02     
 125.000         140.000            7.945e-01           7.945e-01             192.521           4.841e-07             189.072           3.162e+02     
 130.000         140.000            1.001e+00           1.001e+00             201.847           9.633e-07             189.351           3.162e+02     
 135.000         140.000            1.177e+00           1.177e+00             208.586           1.448e-06             189.158           3.162e+02     
 140.000         140.000            1.230e+00           1.230e+00             213.645           1.804e-06             187.792           3.162e+02     
 145.000         140.000            1.109e+00           1.109e+00             218.018           1.830e-06             184.599           3.162e+02     
 150.000         140.000            8.516e-01           8.516e-01             222.753           1.624e-06             178.988           3.162e+02     
 155.000         140.000            5.615e-01           5.614e-01             229.048           1.259e-06             172.996           3.162e+02     
 160.000         140.000            3.300e-01           3.300e-01             238.059           9.480e-07             166.568           3.162e+02     
 165.000         140.000            1.831e-01           1.831e-01             249.842           7.241e-07             163.294           3.162e+02     
 170.000         140.000            9.293e-02           9.293e-02             262.284           5.002e-07             168.742           3.162e+02     
 175.000         140.000            2.958e-02           2.958e-02             272.874           3.489e-07             178.492           2.920e+02     
 180.000         140.000            1.099e-06           8.842e-07             144.056           2.153e-07             190.096           3.187e+00     
   0.000         145.000            1.099e-06           8.264e-07             142.219           2.730e-07               3.610           3.187e+00     
   5.000         145.000            3.013e-02           3.013e-02             273.573           4.241e-07             354.815           2.697e+02     
  10.000         145.000            9.795e-02           9.795e-02             264.100           5.902e-07             347.599           3.162e+02     
  15.000         145.000            1.996e-01           1.996e-01             253.168           8.269e-07             344.880           3.162e+02     
  20.000         145.000            3.668e-01           3.668e-01             242.707           1.077e-06             349.683           3.162e+02     
  25.000         145.000            6.299e-01           6.299e-01             234.348           1.428e-06             357.221           3.162e+02     
  30.000         145.000            9.655e-01           9.655e-01             228.105           1.851e-06               6.415           3.162e+02     
  35.000         145.000            1.277e+00           1.277e+00             223.095           2.160e-06              13.611           3.162e+02     
  40.000         145.000            1.447e+00           1.447e+00             218.330           2.083e-06              19.788           3.162e+02     
  45.000         145.000            1.422e+00           1.422e+00             212.907           1.799e-06              25.187           3.162e+02     
  50.000         145.000            1.248e+00           1.248e+00             205.975           1.302e-06              30.527           3.162e+02     
  55.000         145.000            1.023e+00           1.023e+00             196.811           8.104e-07              36.496           3.162e+02     
  60.000         145.000            8.397e-01           8.397e-01             185.233           4.453e-07              43.752           3.162e+02     
  65.000         145.000            7.388e-01           7.388e-01             172.265           2.221e-07              54.352           3.162e+02     
  70.000         145.000            7.174e-01           7.174e-01             160.011           1.081e-07              63.056           3.162e+02     
  75.000         145.000            7.473e-01           7.473e-01             150.261           4.905e-08              71.710           3.162e+02     
  80.000         145.000            7.955e-01           7.955e-01             143.595           1.892e-08              78.877           3.162e+02     
  85.000         145.000            8.353e-01           8.353e-01             139.815           4.362e-09              83.474           3.162e+02     
  90.000         145.000            8.503e-01           8.503e-01             138.599           5.293e-13              98.945           3.162e+02     
  95.000         145.000            8.353e-01           8.353e-01             139.815           4.345e-09             263.399           3.162e+02     
 100.000         145.000            7.955e-01           7.955e-01             143.595           1.889e-08             258.838           3.162e+02     
 105.000         145.000            7.473e-01           7.473e-01             150.261           4.901e-08             251.685           3.162e+02     
 110.000         145.000            7.174e-01           7.174e-01             160.011           1.081e-07             243.038           3.162e+02     
 115.000         145.000            7.388e-01           7.388e-01             172.265           2.220e-07             234.340           3.162e+02     
 120.000         145.000            8.397e-01           8.397e-01             185.233           4.452e-07             223.745           3.162e+02     
 125.000         145.000            1.023e+00           1.023e+00             196.811           8.104e-07             216.491           3.162e+02     
 130.000         145.000            1.248e+00           1.248e+00             205.975           1.302e-06             210.525           3.162e+02     
 135.000         145.000            1.422e+00           1.422e+00             212.907           1.799e-06             205.186           3.162e+02     
 140.000         145.000            1.447e+00           1.447e+00             218.330           2.083e-06             199.787           3.162e+02     
 145.000         145.000            1.277e+00           1.277e+00             223.095           2.160e-06             193.610           3.162e+02     
 150.000         145.000            9.655e-01           9.655e-01             228.105           1.851e-06             186.413           3.162e+02     
 155.000         145.000            6.299e-01           6.299e-01             234.348           1.428e-06             177.220           3.162e+02     
 160.000         145.000            3.668e-01           3.668e-01             242.707           1.077e-06             169.682           3.162e+02     
 165.000         145.000            1.996e-01           1.996e-01             253.168           8.270e-07             164.880           3.162e+02     
 170.000         145.000            9.795e-02           9.795e-02             264.100           5.902e-07             167.599           3.162e+02     
 175.000         145.000            3.013e-02           3.013e-02             273.573           4.241e-07             174.815           2.697e+02     
 180.000         145.000            1.099e-06           8.265e-07             142.221           2.729e-07             183.612           3.187e+00     
   0.000         150.000            1.099e-06           7.604e-07             140.241           3.390e-07             358.448           3.187e+00     
   5.000         150.000            3.073e-02           3.073e-02             274.322           4.983e-07             351.976           2.542e+02     
  10.000         150.000            1.034e-01           1.034e-01             266.009           6.644e-07             346.949           3.162e+02     
  15.000         150.000            2.174e-01           2.174e-01             256.634           8.932e-07             346.399           3.162e+02     
  20.000         150.000            4.052e-01           4.052e-01             247.582           1.155e-06             352.317           3.162e+02     
  25.000         150.000            6.970e-01           6.970e-01             240.025           1.484e-06               2.033           3.162e+02     
  30.000         150.000            1.069e+00           1.069e+00             234.013           1.901e-06              12.749           3.162e+02     
  35.000         150.000            1.420e+00           1.420e+00             228.913           2.217e-06              22.034           3.162e+02     
  40.000         150.000            1.624e+00           1.624e+00             223.946           2.260e-06              30.454           3.162e+02     
  45.000         150.000            1.619e+00           1.619e+00             218.350           1.983e-06              39.588           3.162e+02     
  50.000         150.000            1.443e+00           1.443e+00             211.387           1.612e-06              48.441           3.162e+02     
  55.000         150.000            1.203e+00           1.203e+00             202.435           1.212e-06              57.979           3.162e+02     
  60.000         150.000            9.973e-01           9.973e-01             191.364           8.815e-07              67.033           3.162e+02     
  65.000         150.000            8.757e-01           8.757e-01             179.072           6.160e-07              75.012           3.162e+02     
  70.000         150.000            8.387e-01           8.387e-01             167.400           4.033e-07              81.215           3.162e+02     
  75.000         150.000            8.585e-01           8.585e-01             157.992           2.333e-07              85.505           3.162e+02     
  80.000         150.000            9.005e-01           9.005e-01             151.478           1.062e-07              88.144           3.162e+02     
  85.000         150.000            9.371e-01           9.371e-01             147.753           2.700e-08              89.719           3.162e+02     
  90.000         150.000            9.511e-01           9.511e-01             146.549           3.574e-13             114.199           3.162e+02     
  95.000         150.000            9.371e-01           9.371e-01             147.753           2.695e-08             269.684           3.162e+02     
 100.000         150.000            9.005e-01           9.005e-01             151.478           1.061e-07             268.127           3.162e+02     
 105.000         150.000            8.585e-01           8.585e-01             157.992           2.332e-07             265.494           3.162e+02     
 110.000         150.000            8.387e-01           8.387e-01             167.400           4.032e-07             261.207           3.162e+02     
 115.000         150.000            8.757e-01           8.757e-01             179.072           6.159e-07             255.005           3.162e+02     
 120.000         150.000            9.973e-01           9.973e-01             191.364           8.814e-07             247.028           3.162e+02     
 125.000         150.000            1.203e+00           1.203e+00             202.435           1.212e-06             237.975           3.162e+02     
 130.000         150.000            1.443e+00           1.443e+00             211.387           1.612e-06             228.439           3.162e+02     
 135.000         150.000            1.619e+00           1.619e+00             218.350           1.983e-06             219.586           3.162e+02     
 140.000         150.000            1.624e+00           1.624e+00             223.946           2.261e-06             210.453           3.162e+02     
 145.000         150.000            1.420e+00           1.420e+00             228.913           2.217e-06             202.033           3.162e+02     
 150.000         150.000            1.069e+00           1.069e+00             234.013           1.901e-06             192.748           3.162e+02     
 155.000         150.000            6.970e-01           6.970e-01             240.025           1.484e-06             182.032           3.162e+02     
 160.000         150.000            4.052e-01           4.052e-01             247.582           1.156e-06             172.317           3.162e+02     
 165.000         150.000            2.174e-01           2.174e-01             256.634           8.934e-07             166.398           3.162e+02     
 170.000         150.000            1.034e-01           1.034e-01             266.009           6.645e-07             166.949           3.162e+02     
 175.000         150.000            3.073e-02           3.073e-02             274.322           4.983e-07             171.976           2.542e+02     
 180.000         150.000            1.099e-06           7.604e-07             140.243           3.390e-07             178.450           3.187e+00     
   0.000         155.000            1.099e-06           6.879e-07             138.072           4.115e-07             354.246           3.187e+00     
   5.000         155.000            3.137e-02           3.137e-02             275.110           5.678e-07             349.712           2.438e+02     
  10.000         155.000            1.091e-01           1.091e-01             267.981           7.177e-07             346.580           3.162e+02     
  15.000         155.000            2.362e-01           2.362e-01             260.184           9.164e-07             347.745           3.162e+02     
  20.000         155.000            4.447e-01           4.447e-01             252.629           1.132e-06             355.065           3.162e+02     
  25.000         155.000            7.614e-01           7.614e-01             246.057           1.408e-06               5.609           3.162e+02     
  30.000         155.000            1.158e+00           1.158e+00             240.502           1.754e-06              17.884           3.162e+02     
  35.000         155.000            1.529e+00           1.529e+00             235.530           1.997e-06              28.994           3.162e+02     
  40.000         155.000            1.747e+00           1.747e+00             230.552           2.094e-06              40.096           3.162e+02     
  45.000         155.000            1.745e+00           1.745e+00             224.936           1.975e-06              51.246           3.162e+02     
  50.000         155.000            1.562e+00           1.562e+00             218.033           1.743e-06              62.783           3.162e+02     
  55.000         155.000            1.307e+00           1.307e+00             209.278           1.512e-06              73.284           3.162e+02     
  60.000         155.000            1.084e+00           1.084e+00             198.549           1.258e-06              82.908           3.162e+02     
  65.000         155.000            9.462e-01           9.462e-01             186.668           9.987e-07              89.325           3.162e+02     
  70.000         155.000            8.972e-01           8.972e-01             175.353           7.166e-07              93.546           3.162e+02     
  75.000         155.000            9.087e-01           9.087e-01             166.191           4.414e-07              96.084           3.162e+02     
  80.000         155.000            9.454e-01           9.454e-01             159.827           2.081e-07              97.281           3.162e+02     
  85.000         155.000            9.789e-01           9.789e-01             156.186           5.380e-08              97.779           3.162e+02     
  90.000         155.000            9.920e-01           9.920e-01             155.010           2.165e-13             132.478           3.162e+02     
  95.000         155.000            9.789e-01           9.789e-01             156.186           5.375e-08             277.753           3.162e+02     
 100.000         155.000            9.454e-01           9.454e-01             159.827           2.080e-07             277.268           3.162e+02     
 105.000         155.000            9.087e-01           9.087e-01             166.191           4.413e-07             276.076           3.162e+02     
 110.000         155.000            8.972e-01           8.972e-01             175.353           7.165e-07             273.541           3.162e+02     
 115.000         155.000            9.462e-01           9.462e-01             186.668           9.986e-07             269.321           3.162e+02     
 120.000         155.000            1.084e+00           1.084e+00             198.549           1.258e-06             262.904           3.162e+02     
 125.000         155.000            1.307e+00           1.307e+00             209.278           1.512e-06             253.281           3.162e+02     
 130.000         155.000            1.562e+00           1.562e+00             218.033           1.743e-06             242.780           3.162e+02     
 135.000         155.000            1.745e+00           1.745e+00             224.936           1.975e-06             231.244           3.162e+02     
 140.000         155.000            1.747e+00           1.747e+00             230.552           2.094e-06             220.095           3.162e+02     
 145.000         155.000            1.529e+00           1.529e+00             235.530           1.997e-06             208.993           3.162e+02     
 150.000         155.000            1.158e+00           1.158e+00             240.502           1.754e-06             197.884           3.162e+02     
 155.000         155.000            7.614e-01           7.614e-01             246.057           1.408e-06             185.608           3.162e+02     
 160.000         155.000            4.447e-01           4.447e-01             252.629           1.132e-06             175.065           3.162e+02     
 165.000         155.000            2.362e-01           2.362e-01             260.184           9.166e-07             167.745           3.162e+02     
 170.000         155.000            1.091e-01           1.091e-01             267.981           7.178e-07             166.580           3.162e+02     
 175.000         155.000            3.137e-02           3.137e-02             275.110           5.678e-07             169.712           2.438e+02     
 180.000         155.000            1.099e-06           6.880e-07             138.074           4.115e-07             174.247           3.187e+00     
   0.000         160.000            1.099e-06           6.112e-07             135.652           4.882e-07             350.745           3.187e+00     
   5.000         160.000            3.205e-02           3.205e-02             275.928           6.294e-07             347.841           2.374e+02     
  10.000         160.000            1.150e-01           1.150e-01             269.985           7.473e-07             346.342           3.162e+02     
  15.000         160.000            2.555e-01           2.555e-01             263.761           8.963e-07             348.820           3.162e+02     
  20.000         160.000            4.847e-01           4.847e-01             257.773           1.044e-06             356.999           3.162e+02     
  25.000         160.000            8.230e-01           8.230e-01             252.378           1.248e-06               8.428           3.162e+02     
  30.000         160.000            1.233e+00           1.233e+00             247.536           1.470e-06              21.276           3.162e+02     
  35.000         160.000            1.607e+00           1.607e+00             242.938           1.592e-06              34.505           3.162e+02     
  40.000         160.000            1.817e+00           1.817e+00             238.142           1.647e-06              47.909           3.162e+02     
  45.000         160.000            1.802e+00           1.802e+00             232.625           1.596e-06              61.580           3.162e+02     
  50.000         160.000            1.607e+00           1.607e+00             225.804           1.517e-06              75.018           3.162e+02     
  55.000         160.000            1.342e+00           1.342e+00             217.151           1.434e-06              86.421           3.162e+02     
  60.000         160.000            1.112e+00           1.112e+00             206.562           1.301e-06              95.012           3.162e+02     
  65.000         160.000            9.729e-01           9.729e-01             194.876           1.088e-06             100.684           3.162e+02     
  70.000         160.000            9.250e-01           9.250e-01             183.812           8.091e-07             103.995           3.162e+02     
  75.000         160.000            9.392e-01           9.392e-01             174.929           5.054e-07             105.550           3.162e+02     
  80.000         160.000            9.792e-01           9.792e-01             168.818           2.406e-07             106.143           3.162e+02     
  85.000         160.000            1.015e+00           1.015e+00             165.352           6.248e-08             106.268           3.162e+02     
  90.000         160.000            1.029e+00           1.029e+00             164.238           1.262e-13             154.680           3.162e+02     
  95.000         160.000            1.015e+00           1.015e+00             165.352           6.243e-08             286.246           3.162e+02     
 100.000         160.000            9.792e-01           9.792e-01             168.818           2.405e-07             286.132           3.162e+02     
 105.000         160.000            9.392e-01           9.392e-01             174.929           5.053e-07             285.543           3.162e+02     
 110.000         160.000            9.250e-01           9.250e-01             183.812           8.090e-07             283.990           3.162e+02     
 115.000         160.000            9.729e-01           9.729e-01             194.876           1.088e-06             280.680           3.162e+02     
 120.000         160.000            1.112e+00           1.112e+00             206.562           1.301e-06             275.009           3.162e+02     
 125.000         160.000            1.342e+00           1.342e+00             217.151           1.434e-06             266.419           3.162e+02     
 130.000         160.000            1.607e+00           1.607e+00             225.804           1.517e-06             255.016           3.162e+02     
 135.000         160.000            1.802e+00           1.802e+00             232.625           1.596e-06             241.578           3.162e+02     
 140.000         160.000            1.817e+00           1.817e+00             238.142           1.647e-06             227.908           3.162e+02     
 145.000         160.000            1.607e+00           1.607e+00             242.938           1.592e-06             214.504           3.162e+02     
 150.000         160.000            1.233e+00           1.233e+00             247.536           1.470e-06             201.276           3.162e+02     
 155.000         160.000            8.230e-01           8.230e-01             252.378           1.248e-06             188.428           3.162e+02     
 160.000         160.000            4.847e-01           4.847e-01             257.773           1.044e-06             176.999           3.162e+02     
 165.000         160.000            2.555e-01           2.555e-01             263.761           8.964e-07             168.820           3.162e+02     
 170.000         160.000            1.150e-01           1.150e-01             269.985           7.474e-07             166.342           3.162e+02     
 175.000         160.000            3.205e-02           3.205e-02             275.928           6.294e-07             167.842           2.374e+02     
 180.000         160.000            1.099e-06           6.113e-07             135.655           4.882e-07             170.746           3.187e+00     
   0.000         165.000            1.099e-06           5.327e-07             132.903           5.667e-07             347.763           3.187e+00     
   5.000         165.000            3.275e-02           3.275e-02             276.768           6.809e-07             346.233           2.342e+02     
  10.000         165.000            1.209e-01           1.209e-01             271.990           7.532e-07             346.119           3.162e+02     
  15.000         165.000            2.749e-01           2.749e-01             267.307           8.386e-07             349.520           3.162e+02     
  20.000         165.000            5.247e-01           5.247e-01             262.925           9.078e-07             357.934           3.162e+02     
  25.000         165.000            8.824e-01           8.824e-01             258.876           1.000e-06               9.617           3.162e+02     
  30.000         165.000            1.300e+00           1.300e+00             255.001           1.079e-06              23.121           3.162e+02     
  35.000         165.000            1.663e+00           1.663e+00             251.033           1.099e-06              37.352           3.162e+02     
  40.000         165.000            1.850e+00           1.850e+00             246.614           1.062e-06              52.861           3.162e+02     
  45.000         165.000            1.812e+00           1.812e+00             241.289           9.897e-07              69.946           3.162e+02     
  50.000         165.000            1.602e+00           1.602e+00             234.508           9.828e-07              85.942           3.162e+02     
  55.000         165.000            1.335e+00           1.335e+00             225.771           9.879e-07              98.678           3.162e+02     
  60.000         165.000            1.114e+00           1.114e+00             215.042           9.443e-07             107.453           3.162e+02     
  65.000         165.000            9.903e-01           9.903e-01             203.311           8.177e-07             112.757           3.162e+02     
  70.000         165.000            9.615e-01           9.615e-01             192.423           6.134e-07             115.350           3.162e+02     
  75.000         165.000            9.951e-01           9.951e-01             183.889           3.842e-07             116.341           3.162e+02     
  80.000         165.000            1.052e+00           1.052e+00             178.148           1.825e-07             116.468           3.162e+02     
  85.000         165.000            1.099e+00           1.099e+00             174.946           4.728e-08             116.289           3.162e+02     
  90.000         165.000            1.117e+00           1.117e+00             173.926           5.977e-14             181.250           3.162e+02     
  95.000         165.000            1.099e+00           1.099e+00             174.946           4.725e-08             296.265           3.162e+02     
 100.000         165.000            1.052e+00           1.052e+00             178.148           1.825e-07             296.457           3.162e+02     
 105.000         165.000            9.951e-01           9.951e-01             183.889           3.841e-07             296.334           3.162e+02     
 110.000         165.000            9.615e-01           9.615e-01             192.423           6.134e-07             295.345           3.162e+02     
 115.000         165.000            9.903e-01           9.903e-01             203.311           8.176e-07             292.753           3.162e+02     
 120.000         165.000            1.114e+00           1.114e+00             215.042           9.443e-07             287.450           3.162e+02     
 125.000         165.000            1.335e+00           1.335e+00             225.771           9.879e-07             278.675           3.162e+02     
 130.000         165.000            1.602e+00           1.602e+00             234.508           9.828e-07             265.939           3.162e+02     
 135.000         165.000            1.812e+00           1.812e+00             241.289           9.897e-07             249.944           3.162e+02     
 140.000         165.000            1.850e+00           1.850e+00             246.614           1.062e-06             232.860           3.162e+02     
 145.000         165.000            1.663e+00           1.663e+00             251.033           1.099e-06             217.352           3.162e+02     
 150.000         165.000            1.300e+00           1.300e+00             255.001           1.080e-06             203.121           3.162e+02     
 155.000         165.000            8.824e-01           8.824e-01             258.876           1.000e-06             189.617           3.162e+02     
 160.000         165.000            5.247e-01           5.247e-01             262.925           9.079e-07             177.935           3.162e+02     
 165.000         165.000            2.749e-01           2.749e-01             267.307           8.387e-07             169.521           3.162e+02     
 170.000         165.000            1.209e-01           1.209e-01             271.990           7.532e-07             166.120           3.162e+02     
 175.000         165.000            3.275e-02           3.275e-02             276.768           6.809e-07             166.234           2.342e+02     
 180.000         165.000            1.099e-06           5.327e-07             132.906           5.667e-07             167.764           3.187e+00     
   0.000         170.000            1.099e-06           4.546e-07             129.714           6.448e-07             345.168           3.187e+00     
   5.000         170.000            3.346e-02           3.346e-02             277.619           7.209e-07             344.791           2.337e+02     
  10.000         170.000            1.268e-01           1.268e-01             273.970           7.375e-07             345.819           3.162e+02     
  15.000         170.000            2.940e-01           2.940e-01             270.767           7.531e-07             349.733           3.162e+02     
  20.000         170.000            5.638e-01           5.638e-01             267.986           7.483e-07             357.603           3.162e+02     
  25.000         170.000            9.402e-01           9.402e-01             265.397           7.419e-07               8.327           3.162e+02     
  30.000         170.000            1.362e+00           1.362e+00             262.701           7.024e-07              21.075           3.162e+02     
  35.000         170.000            1.710e+00           1.710e+00             259.601           6.130e-07              35.691           3.162e+02     
  40.000         170.000            1.867e+00           1.867e+00             255.751           5.024e-07              53.492           3.162e+02     
  45.000         170.000            1.800e+00           1.800e+00             250.701           4.220e-07              74.957           3.162e+02     
  50.000         170.000            1.574e+00           1.574e+00             243.897           4.148e-07              95.917           3.162e+02     
  55.000         170.000            1.310e+00           1.310e+00             234.851           4.416e-07             111.936           3.162e+02     
  60.000         170.000            1.108e+00           1.108e+00             223.664           4.464e-07             121.913           3.162e+02     
  65.000         170.000            1.014e+00           1.014e+00             211.632           3.977e-07             127.193           3.162e+02     
  70.000         170.000            1.020e+00           1.020e+00             200.821           2.995e-07             129.410           3.162e+02     
  75.000         170.000            1.087e+00           1.087e+00             192.642           1.859e-07             129.868           3.162e+02     
  80.000         170.000            1.171e+00           1.171e+00             187.301           8.714e-08             129.477           3.162e+02     
  85.000         170.000            1.236e+00           1.236e+00             184.381           2.235e-08             128.929           3.162e+02     
  90.000         170.000            1.261e+00           1.261e+00             183.460           1.817e-14             237.022           3.162e+02     
  95.000         170.000            1.236e+00           1.236e+00             184.381           2.234e-08             308.898           3.162e+02     
 100.000         170.000            1.171e+00           1.171e+00             187.301           8.712e-08             309.462           3.162e+02     
 105.000         170.000            1.087e+00           1.087e+00             192.642           1.858e-07             309.859           3.162e+02     
 110.000         170.000            1.020e+00           1.020e+00             200.821           2.995e-07             309.404           3.162e+02     
 115.000         170.000            1.014e+00           1.014e+00             211.632           3.977e-07             307.189           3.162e+02     
 120.000         170.000            1.108e+00           1.108e+00             223.664           4.464e-07             301.909           3.162e+02     
 125.000         170.000            1.310e+00           1.310e+00             234.851           4.416e-07             291.932           3.162e+02     
 130.000         170.000            1.574e+00           1.574e+00             243.897           4.148e-07             275.914           3.162e+02     
 135.000         170.000            1.800e+00           1.800e+00             250.701           4.220e-07             254.955           3.162e+02     
 140.000         170.000            1.867e+00           1.867e+00             255.751           5.024e-07             233.492           3.162e+02     
 145.000         170.000            1.710e+00           1.710e+00             259.601           6.131e-07             215.692           3.162e+02     
 150.000         170.000            1.362e+00           1.362e+00             262.701           7.025e-07             201.077           3.162e+02     
 155.000         170.000            9.402e-01           9.402e-01             265.397           7.419e-07             188.329           3.162e+02     
 160.000         170.000            5.638e-01           5.638e-01             267.986           7.484e-07             177.605           3.162e+02     
 165.000         170.000            2.940e-01           2.940e-01             270.767           7.531e-07             169.735           3.162e+02     
 170.000         170.000            1.268e-01           1.268e-01             273.970           7.375e-07             165.820           3.162e+02     
 175.000         170.000            3.346e-02           3.346e-02             277.619           7.210e-07             164.792           2.337e+02     
 180.000         170.000            1.099e-06           4.547e-07             129.718           6.448e-07             165.168           3.187e+00     
   0.000         175.000            1.099e-06           3.795e-07             125.936           7.199e-07             342.865           3.187e+00     
   5.000         175.000            3.418e-02           3.418e-02             278.473           7.492e-07             343.443           2.357e+02     
  10.000         175.000            1.325e-01           1.325e-01             275.906           7.113e-07             345.222           3.162e+02     
  15.000         175.000            3.121e-01           3.121e-01             274.087           6.520e-07             349.321           3.162e+02     
  20.000         175.000            6.009e-01           6.009e-01             272.854           5.899e-07             355.626           3.162e+02     
  25.000         175.000            9.957e-01           9.957e-01             271.763           5.193e-07               3.452           3.162e+02     
  30.000         175.000            1.424e+00           1.424e+00             270.376           4.182e-07              12.316           3.162e+02     
  35.000         175.000            1.758e+00           1.758e+00             268.323           2.841e-07              22.818           3.162e+02     
  40.000         175.000            1.887e+00           1.887e+00             265.213           1.532e-07              38.155           3.162e+02     
  45.000         175.000            1.788e+00           1.788e+00             260.551           7.088e-08              66.594           3.162e+02     
  50.000         175.000            1.543e+00           1.543e+00             253.725           5.627e-08             107.856           3.162e+02     
  55.000         175.000            1.279e+00           1.279e+00             244.239           7.947e-08             135.835           3.162e+02     
  60.000         175.000            1.098e+00           1.098e+00             232.384           1.007e-07             148.344           3.162e+02     
  65.000         175.000            1.038e+00           1.038e+00             219.877           9.608e-08             153.362           3.162e+02     
  70.000         175.000            1.083e+00           1.083e+00             209.050           7.190e-08             154.868           3.162e+02     
  75.000         175.000            1.187e+00           1.187e+00             201.170           4.254e-08             154.474           3.162e+02     
  80.000         175.000            1.301e+00           1.301e+00             196.173           1.882e-08             153.231           3.162e+02     
  85.000         175.000            1.385e+00           1.385e+00             193.494           4.623e-09             152.026           3.162e+02     
  90.000         175.000            1.415e+00           1.415e+00             192.658           5.168e-14             314.703           3.162e+02     
  95.000         175.000            1.385e+00           1.385e+00             193.494           4.618e-09             331.960           3.162e+02     
 100.000         175.000            1.301e+00           1.301e+00             196.173           1.881e-08             333.200           3.162e+02     
 105.000         175.000            1.187e+00           1.187e+00             201.170           4.253e-08             334.455           3.162e+02     
 110.000         175.000            1.083e+00           1.083e+00             209.050           7.189e-08             334.854           3.162e+02     
 115.000         175.000            1.038e+00           1.038e+00             219.877           9.607e-08             333.351           3.162e+02     
 120.000         175.000            1.098e+00           1.098e+00             232.384           1.007e-07             328.334           3.162e+02     
 125.000         175.000            1.279e+00           1.279e+00             244.239           7.948e-08             315.825           3.162e+02     
 130.000         175.000            1.543e+00           1.543e+00             253.725           5.629e-08             287.848           3.162e+02     
 135.000         175.000            1.788e+00           1.788e+00             260.551           7.091e-08             246.595           3.162e+02     
 140.000         175.000            1.887e+00           1.887e+00             265.213           1.532e-07             218.159           3.162e+02     
 145.000         175.000            1.758e+00           1.758e+00             268.323           2.841e-07             202.822           3.162e+02     
 150.000         175.000            1.424e+00           1.424e+00             270.376           4.183e-07             192.320           3.162e+02     
 155.000         175.000            9.957e-01           9.957e-01             271.763           5.194e-07             183.456           3.162e+02     
 160.000         175.000            6.009e-01           6.009e-01             272.854           5.899e-07             175.628           3.162e+02     
 165.000         175.000            3.121e-01           3.121e-01             274.087           6.521e-07             169.323           3.162e+02     
 170.000         175.000            1.325e-01           1.325e-01             275.906           7.114e-07             165.224           3.162e+02     
 175.000         175.000            3.418e-02           3.418e-02             278.473           7.492e-07             163.443           2.357e+02     
 180.000         175.000            1.099e-06           3.795e-07             125.940           7.199e-07             162.866           3.187e+00     
   0.000         180.000            1.099e-06           3.095e-07             121.355           7.899e-07             340.785           3.187e+00     
   5.000         180.000            3.489e-02           3.489e-02             279.322           7.240e-07             342.034           2.470e+02     
  10.000         180.000            1.379e-01           1.379e-01             277.762           6.217e-07             344.602           3.162e+02     
  15.000         180.000            3.286e-01           3.286e-01             277.221           5.175e-07             348.043           3.162e+02     
  20.000         180.000            6.344e-01           6.344e-01             277.433           4.285e-07             351.393           3.162e+02     
  25.000         180.000            1.047e+00           1.047e+00             277.798           3.467e-07             353.382           3.162e+02     
  30.000         180.000            1.484e+00           1.484e+00             277.749           2.615e-07             352.967           3.162e+02     
  35.000         180.000            1.811e+00           1.811e+00             276.831           1.696e-07             349.052           3.162e+02     
  40.000         180.000            1.917e+00           1.917e+00             274.590           9.139e-08             339.357           3.162e+02     
  45.000         180.000            1.789e+00           1.789e+00             270.463           4.301e-08             319.025           3.162e+02     
  50.000         180.000            1.521e+00           1.521e+00             263.760           2.804e-08             287.725           3.162e+02     
  55.000         180.000            1.250e+00           1.250e+00             253.941           2.942e-08             262.959           3.162e+02     
  60.000         180.000            1.080e+00           1.080e+00             241.468           3.045e-08             251.529           3.162e+02     
  65.000         180.000            1.044e+00           1.044e+00             228.485           2.575e-08             249.069           3.162e+02     
  70.000         180.000            1.118e+00           1.118e+00             217.590           1.744e-08             251.400           3.162e+02     
  75.000         180.000            1.249e+00           1.249e+00             209.913           9.631e-09             256.500           3.162e+02     
  80.000         180.000            1.383e+00           1.383e+00             205.168           4.133e-09             262.366           3.162e+02     
  85.000         180.000            1.479e+00           1.479e+00             202.665           1.010e-09             266.702           3.162e+02     
  90.000         180.000            1.514e+00           1.514e+00             201.891           1.688e-13             338.066           3.162e+02     
  95.000         180.000            1.479e+00           1.479e+00             202.665           1.004e-09              86.756           3.162e+02     
 100.000         180.000            1.383e+00           1.383e+00             205.168           4.121e-09              82.385           3.162e+02     
 105.000         180.000            1.249e+00           1.249e+00             209.913           9.613e-09              76.504           3.162e+02     
 110.000         180.000            1.118e+00           1.118e+00             217.590           1.742e-08              71.398           3.162e+02     
 115.000         180.000            1.044e+00           1.044e+00             228.485           2.573e-08              69.065           3.162e+02     
 120.000         180.000            1.080e+00           1.080e+00             241.468           3.043e-08              71.526           3.162e+02     
 125.000         180.000            1.250e+00           1.250e+00             253.941           2.939e-08              82.959           3.162e+02     
 130.000         180.000            1.521e+00           1.521e+00             263.760           2.802e-08             107.733           3.162e+02     
 135.000         180.000            1.789e+00           1.789e+00             270.463           4.299e-08             139.039           3.162e+02     
 140.000         180.000            1.917e+00           1.917e+00             274.590           9.138e-08             159.368           3.162e+02     
 145.000         180.000            1.811e+00           1.811e+00             276.831           1.696e-07             169.060           3.162e+02     
 150.000         180.000            1.484e+00           1.484e+00             277.749           2.615e-07             172.974           3.162e+02     
 155.000         180.000            1.047e+00           1.047e+00             277.798           3.467e-07             173.387           3.162e+02     
 160.000         180.000            6.344e-01           6.344e-01             277.433           4.285e-07             171.397           3.162e+02     
 165.000         180.000            3.286e-01           3.286e-01             277.221           5.175e-07             168.045           3.162e+02     
 170.000         180.000            1.379e-01           1.379e-01             277.763           6.217e-07             164.604           3.162e+02     
 175.000         180.000            3.489e-02           3.489e-02             279.322           7.240e-07             162.035           2.470e+02     
 180.000         180.000            1.099e-06           3.096e-07             121.360           7.899e-07             160.786           3.187e+00     
   0.000         185.000            1.099e-06           2.468e-07             115.673           8.525e-07             338.874           3.187e+00     
   5.000         185.000            3.559e-02           3.558e-02             280.160           7.221e-07             341.006           2.542e+02     
  10.000         185.000            1.428e-01           1.428e-01             279.528           5.498e-07             344.459           3.162e+02     
  15.000         185.000            3.428e-01           3.428e-01             280.130           4.067e-07             347.047           3.162e+02     
  20.000         185.000            6.622e-01           6.622e-01             281.643           3.104e-07             346.169           3.162e+02     
  25.000         185.000            1.089e+00           1.089e+00             283.350           2.574e-07             339.794           3.162e+02     
  30.000         185.000            1.536e+00           1.536e+00             284.572           2.482e-07             329.395           3.162e+02     
  35.000         185.000            1.862e+00           1.862e+00             284.779           2.626e-07             318.629           3.162e+02     
  40.000         185.000            1.954e+00           1.954e+00             283.469           2.824e-07             310.213           3.162e+02     
  45.000         185.000            1.803e+00           1.803e+00             280.036           2.814e-07             304.780           3.162e+02     
  50.000         185.000            1.513e+00           1.513e+00             273.732           2.616e-07             302.127           3.162e+02     
  55.000         185.000            1.227e+00           1.227e+00             263.965           2.238e-07             302.114           3.162e+02     
  60.000         185.000            1.054e+00           1.054e+00             251.257           1.785e-07             304.446           3.162e+02     
  65.000         185.000            1.024e+00           1.024e+00             238.018           1.368e-07             307.955           3.162e+02     
  70.000         185.000            1.106e+00           1.106e+00             227.063           9.744e-08             311.915           3.162e+02     
  75.000         185.000            1.243e+00           1.243e+00             219.485           6.102e-08             315.447           3.162e+02     
  80.000         185.000            1.380e+00           1.380e+00             214.878           2.970e-08             318.057           3.162e+02     
  85.000         185.000            1.477e+00           1.477e+00             212.477           7.866e-09             319.538           3.162e+02     
  90.000         185.000            1.511e+00           1.511e+00             211.739           2.700e-13             347.838           3.162e+02     
  95.000         185.000            1.477e+00           1.477e+00             212.477           7.852e-09             139.606           3.162e+02     
 100.000         185.000            1.380e+00           1.380e+00             214.878           2.968e-08             138.091           3.162e+02     
 105.000         185.000            1.243e+00           1.243e+00             219.485           6.098e-08             135.468           3.162e+02     
 110.000         185.000            1.106e+00           1.106e+00             227.063           9.739e-08             131.930           3.162e+02     
 115.000         185.000            1.024e+00           1.024e+00             238.018           1.368e-07             127.965           3.162e+02     
 120.000         185.000            1.054e+00           1.054e+00             251.257           1.784e-07             124.453           3.162e+02     
 125.000         185.000            1.227e+00           1.227e+00             263.965           2.237e-07             122.119           3.162e+02     
 130.000         185.000            1.513e+00           1.513e+00             273.732           2.616e-07             122.131           3.162e+02     
 135.000         185.000            1.803e+00           1.803e+00             280.036           2.813e-07             124.784           3.162e+02     
 140.000         185.000            1.954e+00           1.954e+00             283.469           2.824e-07             130.217           3.162e+02     
 145.000         185.000            1.862e+00           1.862e+00             284.779           2.625e-07             138.633           3.162e+02     
 150.000         185.000            1.536e+00           1.536e+00             284.572           2.481e-07             149.400           3.162e+02     
 155.000         185.000            1.089e+00           1.089e+00             283.350           2.574e-07             159.799           3.162e+02     
 160.000         185.000            6.622e-01           6.622e-01             281.643           3.104e-07             166.173           3.162e+02     
 165.000         185.000            3.428e-01           3.428e-01             280.130           4.067e-07             167.050           3.162e+02     
 170.000         185.000            1.428e-01           1.428e-01             279.528           5.498e-07             164.461           3.162e+02     
 175.000         185.000            3.559e-02           3.558e-02             280.160           7.221e-07             161.007           2.542e+02     
 180.000         185.000            1.099e-06           2.469e-07             115.678           8.526e-07             158.875           3.187e+00     
   0.000         190.000            1.099e-06           1.934e-07             108.476           9.060e-07             337.089           3.187e+00     
   5.000         190.000            3.626e-02           3.626e-02             280.979           7.104e-07             339.918           2.637e+02     
  10.000         190.000            1.471e-01           1.471e-01             281.183           4.861e-07             343.751           3.162e+02     
  15.000         190.000            3.541e-01           3.541e-01             282.784           3.055e-07             345.098           3.162e+02     
  20.000         190.000            6.820e-01           6.820e-01             285.426           2.212e-07             338.116           3.162e+02     
  25.000         190.000            1.116e+00           1.116e+00             288.310           2.284e-07             323.180           3.162e+02     
  30.000         190.000            1.569e+00           1.569e+00             290.665           3.369e-07             311.107           3.162e+02     
  35.000         190.000            1.896e+00           1.896e+00             291.904           4.948e-07             305.734           3.162e+02     
  40.000         190.000            1.983e+00           1.983e+00             291.506           6.304e-07             305.205           3.162e+02     
  45.000         190.000            1.821e+00           1.821e+00             288.871           6.690e-07             307.860           3.162e+02     
  50.000         190.000            1.516e+00           1.516e+00             283.263           6.343e-07             312.515           3.162e+02     
  55.000         190.000            1.217e+00           1.217e+00             274.079           5.475e-07             318.704           3.162e+02     
  60.000         190.000            1.030e+00           1.030e+00             261.790           4.468e-07             325.391           3.162e+02     
  65.000         190.000            9.862e-01           9.862e-01             248.775           3.471e-07             331.547           3.162e+02     
  70.000         190.000            1.054e+00           1.054e+00             237.918           2.493e-07             336.176           3.162e+02     
  75.000         190.000            1.176e+00           1.176e+00             230.397           1.554e-07             339.339           3.162e+02     
  80.000         190.000            1.299e+00           1.299e+00             225.834           7.475e-08             341.230           3.162e+02     
  85.000         190.000            1.386e+00           1.386e+00             223.465           1.959e-08             342.153           3.162e+02     
  90.000         190.000            1.417e+00           1.417e+00             222.739           2.448e-13             352.592           3.162e+02     
  95.000         190.000            1.386e+00           1.386e+00             223.465           1.957e-08             162.215           3.162e+02     
 100.000         190.000            1.299e+00           1.299e+00             225.834           7.472e-08             161.260           3.162e+02     
 105.000         190.000            1.176e+00           1.176e+00             230.397           1.554e-07             159.359           3.162e+02     
 110.000         190.000            1.054e+00           1.054e+00             237.918           2.493e-07             156.191           3.162e+02     
 115.000         190.000            9.862e-01           9.862e-01             248.775           3.470e-07             151.558           3.162e+02     
 120.000         190.000            1.030e+00           1.030e+00             261.790           4.467e-07             145.399           3.162e+02     
 125.000         190.000            1.217e+00           1.217e+00             274.079           5.473e-07             138.710           3.162e+02     
 130.000         190.000            1.516e+00           1.516e+00             283.263           6.342e-07             132.518           3.162e+02     
 135.000         190.000            1.821e+00           1.821e+00             288.871           6.688e-07             127.862           3.162e+02     
 140.000         190.000            1.983e+00           1.983e+00             291.506           6.303e-07             125.206           3.162e+02     
 145.000         190.000            1.896e+00           1.896e+00             291.904           4.948e-07             125.735           3.162e+02     
 150.000         190.000            1.569e+00           1.569e+00             290.665           3.369e-07             131.108           3.162e+02     
 155.000         190.000            1.116e+00           1.116e+00             288.310           2.283e-07             143.183           3.162e+02     
 160.000         190.000            6.820e-01           6.820e-01             285.426           2.212e-07             158.120           3.162e+02     
 165.000         190.000            3.541e-01           3.541e-01             282.784           3.055e-07             165.102           3.162e+02     
 170.000         190.000            1.471e-01           1.471e-01             281.183           4.861e-07             163.753           3.162e+02     
 175.000         190.000            3.626e-02           3.626e-02             280.979           7.104e-07             159.919           2.637e+02     
 180.000         190.000            1.099e-06           1.934e-07             108.483           9.061e-07             157.090           3.187e+00     
   0.000         195.000            1.099e-06           1.507e-07              99.251           9.487e-07             335.397           3.187e+00     
   5.000         195.000            3.690e-02           3.690e-02             281.776           6.910e-07             338.742           2.757e+02     
  10.000         195.000            1.508e-01           1.508e-01             282.729           4.160e-07             342.841           3.162e+02     
  15.000         195.000            3.619e-01           3.619e-01             285.164           2.187e-07             342.023           3.162e+02     
  20.000         195.000            6.916e-01           6.916e-01             288.744           1.596e-07             327.039           3.162e+02     
  25.000         195.000            1.123e+00           1.123e+00             292.613           2.416e-07             307.734           3.162e+02     
  30.000         195.000            1.570e+00           1.570e+00             295.925           4.837e-07             300.694           3.162e+02     
  35.000         195.000            1.892e+00           1.892e+00             298.048           7.917e-07             301.263           3.162e+02     
  40.000         195.000            1.977e+00           1.977e+00             298.467           1.040e-06             305.690           3.162e+02     
  45.000         195.000            1.817e+00           1.817e+00             296.632           1.108e-06             311.252           3.162e+02     
  50.000         195.000            1.516e+00           1.516e+00             291.888           1.035e-06             320.296           3.162e+02     
  55.000         195.000            1.214e+00           1.214e+00             283.710           9.024e-07             330.203           3.162e+02     
  60.000         195.000            1.017e+00           1.017e+00             272.511           7.529e-07             339.800           3.162e+02     
  65.000         195.000            9.526e-01           9.526e-01             260.393           5.979e-07             347.946           3.162e+02     
  70.000         195.000            9.930e-01           9.930e-01             250.042           4.337e-07             353.636           3.162e+02     
  75.000         195.000            1.087e+00           1.087e+00             242.723           2.700e-07             357.362           3.162e+02     
  80.000         195.000            1.186e+00           1.186e+00             238.221           1.289e-07             359.531           3.162e+02     
  85.000         195.000            1.258e+00           1.258e+00             235.865           3.355e-08               0.595           3.162e+02     
  90.000         195.000            1.283e+00           1.283e+00             235.140           1.127e-13             351.623           3.162e+02     
  95.000         195.000            1.258e+00           1.258e+00             235.865           3.354e-08             180.655           3.162e+02     
 100.000         195.000            1.186e+00           1.186e+00             238.221           1.289e-07             179.561           3.162e+02     
 105.000         195.000            1.087e+00           1.087e+00             242.723           2.700e-07             177.381           3.162e+02     
 110.000         195.000            9.930e-01           9.930e-01             250.042           4.337e-07             173.650           3.162e+02     
 115.000         195.000            9.526e-01           9.526e-01             260.393           5.978e-07             167.957           3.162e+02     
 120.000         195.000            1.017e+00           1.017e+00             272.511           7.528e-07             159.807           3.162e+02     
 125.000         195.000            1.214e+00           1.214e+00             283.710           9.023e-07             150.209           3.162e+02     
 130.000         195.000            1.516e+00           1.516e+00             291.888           1.035e-06             140.299           3.162e+02     
 135.000         195.000            1.817e+00           1.817e+00             296.632           1.108e-06             131.254           3.162e+02     
 140.000         195.000            1.977e+00           1.977e+00             298.467           1.040e-06             125.690           3.162e+02     
 145.000         195.000            1.892e+00           1.892e+00             298.048           7.916e-07             121.262           3.162e+02     
 150.000         195.000            1.570e+00           1.570e+00             295.925           4.836e-07             120.692           3.162e+02     
 155.000         195.000            1.123e+00           1.123e+00             292.613           2.415e-07             127.732           3.162e+02     
 160.000         195.000            6.916e-01           6.916e-01             288.744           1.596e-07             147.041           3.162e+02     
 165.000         195.000            3.619e-01           3.619e-01             285.164           2.187e-07             162.026           3.162e+02     
 170.000         195.000            1.508e-01           1.508e-01             282.729           4.159e-07             162.843           3.162e+02     
 175.000         195.000            3.690e-02           3.690e-02             281.776           6.910e-07             158.743           2.757e+02     
 180.000         195.000            1.099e-06           1.508e-07              99.259           9.487e-07             155.398           3.187e+00     
   0.000         200.000            1.099e-06           1.202e-07              87.520           9.792e-07             333.770           3.187e+00     
   5.000         200.000            3.752e-02           3.752e-02             282.545           6.659e-07             337.455           2.901e+02     
  10.000         200.000            1.537e-01           1.537e-01             284.154           3.497e-07             341.548           3.162e+02     
  15.000         200.000            3.659e-01           3.659e-01             287.262           1.487e-07             337.492           3.162e+02     
  20.000         200.000            6.897e-01           6.897e-01             291.583           1.210e-07             313.077           3.162e+02     
  25.000         200.000            1.105e+00           1.105e+00             296.236           2.755e-07             295.438           3.162e+02     
  30.000         200.000            1.530e+00           1.530e+00             300.318           6.435e-07             294.766           3.162e+02     
  35.000         200.000            1.833e+00           1.833e+00             303.156           1.069e-06             297.930           3.162e+02     
  40.000         200.000            1.912e+00           1.912e+00             304.249           1.402e-06             305.676           3.162e+02     
  45.000         200.000            1.763e+00           1.763e+00             303.106           1.489e-06             315.223           3.162e+02     
  50.000         200.000            1.483e+00           1.483e+00             299.188           1.388e-06             326.595           3.162e+02     
  55.000         200.000            1.201e+00           1.201e+00             292.123           1.224e-06             338.618           3.162e+02     
  60.000         200.000            1.010e+00           1.010e+00             282.354           1.042e-06             350.016           3.162e+02     
  65.000         200.000            9.340e-01           9.340e-01             271.680           8.424e-07             359.401           3.162e+02     
  70.000         200.000            9.511e-01           9.511e-01             262.374           6.200e-07               6.299           3.162e+02     
  75.000         200.000            1.018e+00           1.018e+00             255.628           3.881e-07              10.750           3.162e+02     
  80.000         200.000            1.093e+00           1.093e+00             251.389           1.855e-07              13.455           3.162e+02     
  85.000         200.000            1.149e+00           1.149e+00             249.137           4.829e-08              14.858           3.162e+02     
  90.000         200.000            1.170e+00           1.170e+00             248.438           1.326e-14             316.930           3.162e+02     
  95.000         200.000            1.149e+00           1.149e+00             249.137           4.830e-08             194.913           3.162e+02     
 100.000         200.000            1.093e+00           1.093e+00             251.389           1.855e-07             193.482           3.162e+02     
 105.000         200.000            1.018e+00           1.018e+00             255.628           3.882e-07             190.768           3.162e+02     
 110.000         200.000            9.511e-01           9.511e-01             262.374           6.200e-07             186.312           3.162e+02     
 115.000         200.000            9.340e-01           9.340e-01             271.680           8.423e-07             179.411           3.162e+02     
 120.000         200.000            1.010e+00           1.010e+00             282.354           1.042e-06             170.023           3.162e+02     
 125.000         200.000            1.201e+00           1.201e+00             292.123           1.224e-06             158.624           3.162e+02     
 130.000         200.000            1.483e+00           1.483e+00             299.188           1.388e-06             146.598           3.162e+02     
 135.000         200.000            1.763e+00           1.763e+00             303.106           1.489e-06             135.225           3.162e+02     
 140.000         200.000            1.912e+00           1.912e+00             304.249           1.402e-06             125.676           3.162e+02     
 145.000         200.000            1.833e+00           1.833e+00             303.156           1.068e-06             117.928           3.162e+02     
 150.000         200.000            1.530e+00           1.530e+00             300.318           6.434e-07             114.763           3.162e+02     
 155.000         200.000            1.105e+00           1.105e+00             296.236           2.754e-07             115.432           3.162e+02     
 160.000         200.000            6.897e-01           6.897e-01             291.583           1.210e-07             133.073           3.162e+02     
 165.000         200.000            3.659e-01           3.659e-01             287.262           1.487e-07             157.494           3.162e+02     
 170.000         200.000            1.537e-01           1.537e-01             284.154           3.497e-07             161.550           3.162e+02     
 175.000         200.000            3.752e-02           3.752e-02             282.545           6.659e-07             157.457           2.901e+02     
 180.000         200.000            1.099e-06           1.202e-07              87.529           9.792e-07             153.771           3.187e+00     
   0.000         205.000            1.099e-06           1.027e-07              73.263           9.966e-07             332.182           3.187e+00     
   5.000         205.000            3.810e-02           3.810e-02             283.283           6.371e-07             336.044           3.072e+02     
  10.000         205.000            1.559e-01           1.559e-01             285.457           2.903e-07             339.819           3.162e+02     
  15.000         205.000            3.660e-01           3.660e-01             289.080           9.605e-08             330.928           3.162e+02     
  20.000         205.000            6.756e-01           6.756e-01             293.946           1.004e-07             297.032           3.162e+02     
  25.000         205.000            1.060e+00           1.060e+00             299.188           3.090e-07             282.325           3.162e+02     
  30.000         205.000            1.442e+00           1.442e+00             303.861           7.563e-07             288.328           3.162e+02     
  35.000         205.000            1.706e+00           1.706e+00             307.254           1.267e-06             296.242           3.162e+02     
  40.000         205.000            1.768e+00           1.768e+00             308.860           1.677e-06             305.698           3.162e+02     
  45.000         205.000            1.631e+00           1.631e+00             308.232           1.772e-06             316.517           3.162e+02     
  50.000         205.000            1.386e+00           1.386e+00             304.936           1.626e-06             329.213           3.162e+02     
  55.000         205.000            1.144e+00           1.144e+00             298.771           1.427e-06             342.430           3.162e+02     
  60.000         205.000            9.796e-01           9.796e-01             290.301           1.187e-06             354.259           3.162e+02     
  65.000         205.000            9.131e-01           9.131e-01             281.149           9.622e-07               5.018           3.162e+02     
  70.000         205.000            9.242e-01           9.242e-01             273.181           7.102e-07              12.985           3.162e+02     
  75.000         205.000            9.772e-01           9.772e-01             267.356           4.480e-07              18.444           3.162e+02     
  80.000         205.000            1.039e+00           1.039e+00             263.651           2.149e-07              21.766           3.162e+02     
  85.000         205.000            1.085e+00           1.085e+00             261.664           5.614e-08              23.552           3.162e+02     
  90.000         205.000            1.102e+00           1.102e+00             261.044           4.847e-14             219.215           3.162e+02     
  95.000         205.000            1.085e+00           1.085e+00             261.664           5.617e-08             203.603           3.162e+02     
 100.000         205.000            1.039e+00           1.039e+00             263.651           2.150e-07             201.791           3.162e+02     
 105.000         205.000            9.772e-01           9.772e-01             267.356           4.481e-07             198.460           3.162e+02     
 110.000         205.000            9.242e-01           9.242e-01             273.181           7.102e-07             192.997           3.162e+02     
 115.000         205.000            9.131e-01           9.131e-01             281.149           9.622e-07             185.027           3.162e+02     
 120.000         205.000            9.796e-01           9.796e-01             290.301           1.187e-06             174.266           3.162e+02     
 125.000         205.000            1.144e+00           1.144e+00             298.771           1.427e-06             162.435           3.162e+02     
 130.000         205.000            1.386e+00           1.386e+00             304.936           1.626e-06             149.216           3.162e+02     
 135.000         205.000            1.631e+00           1.631e+00             308.232           1.772e-06             136.518           3.162e+02     
 140.000         205.000            1.768e+00           1.768e+00             308.860           1.677e-06             125.698           3.162e+02     
 145.000         205.000            1.706e+00           1.706e+00             307.254           1.267e-06             116.240           3.162e+02     
 150.000         205.000            1.442e+00           1.442e+00             303.861           7.562e-07             108.323           3.162e+02     
 155.000         205.000            1.060e+00           1.060e+00             299.188           3.089e-07             102.316           3.162e+02     
 160.000         205.000            6.756e-01           6.756e-01             293.946           1.003e-07             117.022           3.162e+02     
 165.000         205.000            3.660e-01           3.660e-01             289.080           9.601e-08             150.929           3.162e+02     
 170.000         205.000            1.559e-01           1.559e-01             285.457           2.903e-07             159.821           3.162e+02     
 175.000         205.000            3.810e-02           3.810e-02             283.283           6.371e-07             156.046           3.071e+02     
 180.000         205.000            1.099e-06           1.027e-07              73.273           9.967e-07             152.183           3.187e+00     
   0.000         210.000            1.099e-06           9.886e-08              57.505           1.001e-06             330.612           3.187e+00     
   5.000         210.000            3.864e-02           3.864e-02             283.989           6.065e-07             334.499           3.162e+02     
  10.000         210.000            1.574e-01           1.574e-01             286.640           2.399e-07             337.606           3.162e+02     
  15.000         210.000            3.622e-01           3.622e-01             290.628           5.982e-08             321.427           3.162e+02     
  20.000         210.000            6.500e-01           6.500e-01             295.853           9.311e-08             280.511           3.162e+02     
  25.000         210.000            9.899e-01           9.899e-01             301.504           3.287e-07             273.356           3.162e+02     
  30.000         210.000            1.310e+00           1.310e+00             306.616           8.219e-07             283.560           3.162e+02     
  35.000         210.000            1.516e+00           1.516e+00             310.430           1.416e-06             293.651           3.162e+02     
  40.000         210.000            1.545e+00           1.545e+00             312.410           1.823e-06             303.815           3.162e+02     
  45.000         210.000            1.415e+00           1.415e+00             312.116           1.905e-06             313.766           3.162e+02     
  50.000         210.000            1.208e+00           1.208e+00             309.176           1.702e-06             326.777           3.162e+02     
  55.000         210.000            1.014e+00           1.014e+00             303.538           1.411e-06             340.798           3.162e+02     
  60.000         210.000            8.920e-01           8.920e-01             295.941           1.145e-06             354.212           3.162e+02     
  65.000         210.000            8.513e-01           8.513e-01             287.978           8.951e-07               5.815           3.162e+02     
  70.000         210.000            8.731e-01           8.731e-01             281.227           6.460e-07              14.764           3.162e+02     
  75.000         210.000            9.276e-01           9.276e-01             276.377           4.019e-07              21.067           3.162e+02     
  80.000         210.000            9.867e-01           9.867e-01             273.325           1.919e-07              25.127           3.162e+02     
  85.000         210.000            1.030e+00           1.030e+00             271.698           5.013e-08              27.386           3.162e+02     
  90.000         210.000            1.046e+00           1.046e+00             271.192           1.536e-13             209.919           3.162e+02     
  95.000         210.000            1.030e+00           1.030e+00             271.698           5.016e-08             207.436           3.162e+02     
 100.000         210.000            9.867e-01           9.867e-01             273.325           1.920e-07             205.152           3.162e+02     
 105.000         210.000            9.276e-01           9.276e-01             276.377           4.019e-07             201.083           3.162e+02     
 110.000         210.000            8.731e-01           8.731e-01             281.227           6.460e-07             194.776           3.162e+02     
 115.000         210.000            8.513e-01           8.513e-01             287.978           8.951e-07             185.825           3.162e+02     
 120.000         210.000            8.920e-01           8.920e-01             295.941           1.145e-06             174.218           3.162e+02     
 125.000         210.000            1.014e+00           1.014e+00             303.538           1.411e-06             160.803           3.162e+02     
 130.000         210.000            1.208e+00           1.208e+00             309.176           1.702e-06             146.780           3.162e+02     
 135.000         210.000            1.415e+00           1.415e+00             312.116           1.905e-06             133.767           3.162e+02     
 140.000         210.000            1.545e+00           1.545e+00             312.410           1.823e-06             123.814           3.162e+02     
 145.000         210.000            1.516e+00           1.516e+00             310.430           1.416e-06             113.647           3.162e+02     
 150.000         210.000            1.310e+00           1.310e+00             306.616           8.218e-07             103.554           3.162e+02     
 155.000         210.000            9.899e-01           9.899e-01             301.504           3.287e-07              93.345           3.162e+02     
 160.000         210.000            6.500e-01           6.500e-01             295.853           9.308e-08             100.495           3.162e+02     
 165.000         210.000            3.622e-01           3.622e-01             290.628           5.978e-08             141.423           3.162e+02     
 170.000         210.000            1.574e-01           1.574e-01             286.640           2.399e-07             157.608           3.162e+02     
 175.000         210.000            3.864e-02           3.864e-02             283.989           6.065e-07             154.501           3.162e+02     
 180.000         210.000            1.099e-06           9.885e-08              57.514           1.001e-06             150.613           3.187e+00     
   0.000         215.000            1.099e-06           1.087e-07              42.193           9.907e-07             329.036           3.187e+00     
   5.000         215.000            3.915e-02           3.915e-02             284.660           5.755e-07             332.820           3.162e+02     
  10.000         215.000            1.583e-01           1.583e-01             287.712           1.995e-07             334.890           3.162e+02     
  15.000         215.000            3.551e-01           3.551e-01             291.927           3.783e-08             308.031           3.162e+02     
  20.000         215.000            6.144e-01           6.144e-01             297.338           9.466e-08             258.577           3.162e+02     
  25.000         215.000            8.988e-01           8.988e-01             303.237           3.393e-07             263.404           3.162e+02     
  30.000         215.000            1.144e+00           1.144e+00             308.667           8.335e-07             277.672           3.162e+02     
  35.000         215.000            1.278e+00           1.278e+00             312.821           1.434e-06             289.399           3.162e+02     
  40.000         215.000            1.265e+00           1.265e+00             315.103           1.824e-06             298.695           3.162e+02     
  45.000         215.000            1.135e+00           1.135e+00             315.035           1.875e-06             309.864           3.162e+02     
  50.000         215.000            9.611e-01           9.611e-01             312.260           1.610e-06             321.678           3.162e+02     
  55.000         215.000            8.142e-01           8.142e-01             306.841           1.239e-06             334.658           3.162e+02     
  60.000         215.000            7.330e-01           7.330e-01             299.715           9.066e-07             348.277           3.162e+02     
  65.000         215.000            7.198e-01           7.198e-01             292.553           6.308e-07             359.536           3.162e+02     
  70.000         215.000            7.558e-01           7.558e-01             286.748           4.270e-07              10.370           3.162e+02     
  75.000         215.000            8.156e-01           8.156e-01             282.743           2.550e-07              18.277           3.162e+02     
  80.000         215.000            8.759e-01           8.759e-01             280.307           1.188e-07              23.496           3.162e+02     
  85.000         215.000            9.191e-01           9.191e-01             279.040           3.062e-08              26.409           3.162e+02     
  90.000         215.000            9.347e-01           9.347e-01             278.652           1.669e-13             211.421           3.162e+02     
  95.000         215.000            9.191e-01           9.191e-01             279.040           3.064e-08             206.465           3.162e+02     
 100.000         215.000            8.759e-01           8.759e-01             280.307           1.189e-07             203.523           3.162e+02     
 105.000         215.000            8.156e-01           8.156e-01             282.743           2.550e-07             198.295           3.162e+02     
 110.000         215.000            7.558e-01           7.558e-01             286.748           4.270e-07             190.383           3.162e+02     
 115.000         215.000            7.198e-01           7.198e-01             292.553           6.308e-07             179.546           3.162e+02     
 120.000         215.000            7.330e-01           7.330e-01             299.715           9.065e-07             168.284           3.162e+02     
 125.000         215.000            8.142e-01           8.142e-01             306.841           1.239e-06             154.662           3.162e+02     
 130.000         215.000            9.611e-01           9.611e-01             312.260           1.610e-06             141.680           3.162e+02     
 135.000         215.000            1.135e+00           1.135e+00             315.035           1.875e-06             129.864           3.162e+02     
 140.000         215.000            1.265e+00           1.265e+00             315.103           1.824e-06             118.694           3.162e+02     
 145.000         215.000            1.278e+00           1.278e+00             312.821           1.434e-06             109.396           3.162e+02     
 150.000         215.000            1.144e+00           1.144e+00             308.667           8.335e-07              97.665           3.162e+02     
 155.000         215.000            8.988e-01           8.988e-01             303.237           3.393e-07              83.392           3.162e+02     
 160.000         215.000            6.144e-01           6.144e-01             297.338           9.465e-08              78.556           3.162e+02     
 165.000         215.000            3.551e-01           3.551e-01             291.927           3.780e-08             128.019           3.162e+02     
 170.000         215.000            1.583e-01           1.583e-01             287.712           1.995e-07             154.892           3.162e+02     
 175.000         215.000            3.915e-02           3.915e-02             284.660           5.755e-07             152.822           3.162e+02     
 180.000         215.000            1.099e-06           1.087e-07              42.200           9.908e-07             149.038           3.187e+00     
   0.000         220.000            1.099e-06           1.319e-07              28.976           9.675e-07             327.434           3.187e+00     
   5.000         220.000            3.963e-02           3.963e-02             285.296           5.453e-07             331.012           3.162e+02     
  10.000         220.000            1.586e-01           1.586e-01             288.680           1.693e-07             331.727           3.162e+02     
  15.000         220.000            3.452e-01           3.452e-01             293.007           2.692e-08             291.135           3.162e+02     
  20.000         220.000            5.716e-01           5.716e-01             298.450           1.046e-07             244.306           3.162e+02     
  25.000         220.000            7.943e-01           7.943e-01             304.457           3.496e-07             256.031           3.162e+02     
  30.000         220.000            9.591e-01           9.591e-01             310.128           8.011e-07             270.422           3.162e+02     
  35.000         220.000            1.019e+00           1.019e+00             314.615           1.372e-06             282.342           3.162e+02     
  40.000         220.000            9.649e-01           9.649e-01             317.252           1.737e-06             293.189           3.162e+02     
  45.000         220.000            8.336e-01           8.336e-01             317.494           1.716e-06             302.773           3.162e+02     
  50.000         220.000            6.878e-01           6.878e-01             314.956           1.401e-06             312.766           3.162e+02     
  55.000         220.000            5.784e-01           5.784e-01             309.783           9.700e-07             322.272           3.162e+02     
  60.000         220.000            5.265e-01           5.265e-01             303.105           6.001e-07             334.787           3.162e+02     
  65.000         220.000            5.283e-01           5.283e-01             296.697           3.499e-07             347.782           3.162e+02     
  70.000         220.000            5.667e-01           5.667e-01             291.805           1.966e-07               0.022           3.162e+02     
  75.000         220.000            6.217e-01           6.217e-01             288.640           1.018e-07              10.268           3.162e+02     
  80.000         220.000            6.751e-01           6.751e-01             286.834           4.319e-08              17.717           3.162e+02     
  85.000         220.000            7.130e-01           7.130e-01             285.945           1.056e-08              22.143           3.162e+02     
  90.000         220.000            7.266e-01           7.266e-01             285.681           6.626e-14             227.433           3.162e+02     
  95.000         220.000            7.130e-01           7.130e-01             285.945           1.057e-08             202.220           3.162e+02     
 100.000         220.000            6.751e-01           6.751e-01             286.834           4.320e-08             197.754           3.162e+02     
 105.000         220.000            6.217e-01           6.217e-01             288.640           1.018e-07             190.292           3.162e+02     
 110.000         220.000            5.667e-01           5.667e-01             291.805           1.966e-07             180.038           3.162e+02     
 115.000         220.000            5.283e-01           5.283e-01             296.697           3.499e-07             167.793           3.162e+02     
 120.000         220.000            5.265e-01           5.265e-01             303.105           6.000e-07             154.794           3.162e+02     
 125.000         220.000            5.784e-01           5.784e-01             309.783           9.699e-07             142.276           3.162e+02     
 130.000         220.000            6.878e-01           6.878e-01             314.956           1.401e-06             132.768           3.162e+02     
 135.000         220.000            8.336e-01           8.336e-01             317.494           1.716e-06             122.773           3.162e+02     
 140.000         220.000            9.649e-01           9.649e-01             317.252           1.736e-06             113.187           3.162e+02     
 145.000         220.000            1.019e+00           1.019e+00             314.615           1.372e-06             102.338           3.162e+02     
 150.000         220.000            9.591e-01           9.591e-01             310.128           8.011e-07              90.414           3.162e+02     
 155.000         220.000            7.943e-01           7.943e-01             304.457           3.496e-07              76.019           3.162e+02     
 160.000         220.000            5.716e-01           5.716e-01             298.450           1.046e-07              64.286           3.162e+02     
 165.000         220.000            3.452e-01           3.452e-01             293.007           2.690e-08             111.114           3.162e+02     
 170.000         220.000            1.586e-01           1.586e-01             288.680           1.693e-07             151.729           3.162e+02     
 175.000         220.000            3.963e-02           3.963e-02             285.296           5.453e-07             151.014           3.162e+02     
 180.000         220.000            1.099e-06           1.319e-07              28.982           9.676e-07             147.436           3.187e+00     
   0.000         225.000            1.099e-06           1.678e-07              18.373           9.316e-07             325.782           3.187e+00     
   5.000         225.000            4.008e-02           4.008e-02             285.896           5.165e-07             329.088           3.162e+02     
  10.000         225.000            1.584e-01           1.584e-01             289.559           1.488e-07             328.283           3.162e+02     
  15.000         225.000            3.334e-01           3.334e-01             293.900           2.220e-08             262.949           3.162e+02     
  20.000         225.000            5.245e-01           5.245e-01             299.251           1.183e-07             232.627           3.162e+02     
  25.000         225.000            6.848e-01           6.848e-01             305.252           3.503e-07             246.210           3.162e+02     
  30.000         225.000            7.733e-01           7.733e-01             311.130           7.647e-07             260.218           3.162e+02     
  35.000         225.000            7.688e-01           7.688e-01             316.057           1.235e-06             275.092           3.162e+02     
  40.000         225.000            6.831e-01           6.830e-01             319.320           1.550e-06             285.496           3.162e+02     
  45.000         225.000            5.575e-01           5.575e-01             320.327           1.507e-06             293.650           3.162e+02     
  50.000         225.000            4.396e-01           4.396e-01             318.687           1.167e-06             299.749           3.162e+02     
  55.000         225.000            3.595e-01           3.595e-01             314.604           7.218e-07             306.942           3.162e+02     
  60.000         225.000            3.245e-01           3.245e-01             309.300           3.633e-07             314.026           3.162e+02     
  65.000         225.000            3.269e-01           3.269e-01             304.494           1.493e-07             321.577           3.162e+02     
  70.000         225.000            3.540e-01           3.540e-01             301.187           4.974e-08             330.119           3.162e+02     
  75.000         225.000            3.923e-01           3.923e-01             299.350           1.322e-08             340.343           3.162e+02     
  80.000         225.000            4.297e-01           4.297e-01             298.498           2.733e-09             344.108           3.162e+02     
  85.000         225.000            4.564e-01           4.564e-01             298.171           3.542e-10             355.830           3.162e+02     
  90.000         225.000            4.661e-01           4.661e-01             298.092           4.878e-14             306.579           3.162e+02     
  95.000         225.000            4.564e-01           4.564e-01             298.171           3.536e-10             176.136           3.162e+02     
 100.000         225.000            4.297e-01           4.297e-01             298.498           2.729e-09             164.212           3.162e+02     
 105.000         225.000            3.923e-01           3.923e-01             299.350           1.322e-08             160.388           3.162e+02     
 110.000         225.000            3.540e-01           3.540e-01             301.187           4.972e-08             150.140           3.162e+02     
 115.000         225.000            3.269e-01           3.269e-01             304.494           1.492e-07             141.587           3.162e+02     
 120.000         225.000            3.245e-01           3.245e-01             309.300           3.632e-07             134.031           3.162e+02     
 125.000         225.000            3.595e-01           3.595e-01             314.604           7.217e-07             126.945           3.162e+02     
 130.000         225.000            4.396e-01           4.396e-01             318.687           1.167e-06             119.749           3.162e+02     
 135.000         225.000            5.575e-01           5.575e-01             320.327           1.506e-06             113.649           3.162e+02     
 140.000         225.000            6.831e-01           6.830e-01             319.320           1.550e-06             105.493           3.162e+02     
 145.000         225.000            7.688e-01           7.688e-01             316.057           1.235e-06              95.087           3.162e+02     
 150.000         225.000            7.733e-01           7.733e-01             311.130           7.647e-07              80.211           3.162e+02     
 155.000         225.000            6.848e-01           6.848e-01             305.252           3.503e-07              66.199           3.162e+02     
 160.000         225.000            5.245e-01           5.245e-01             299.251           1.184e-07              52.610           3.162e+02     
 165.000         225.000            3.334e-01           3.334e-01             293.900           2.220e-08              82.918           3.162e+02     
 170.000         225.000            1.584e-01           1.584e-01             289.559           1.487e-07             148.284           3.162e+02     
 175.000         225.000            4.008e-02           4.008e-02             285.896           5.165e-07             149.090           3.162e+02     
 180.000         225.000            1.099e-06           1.678e-07              18.377           9.317e-07             145.784           3.187e+00     
   0.000         230.000            1.099e-06           2.153e-07              10.093           8.841e-07             324.054           3.187e+00     
   5.000         230.000            4.051e-02           4.051e-02             286.460           4.895e-07             327.065           3.162e+02     
  10.000         230.000            1.580e-01           1.580e-01             290.363           1.371e-07             324.839           3.162e+02     
  15.000         230.000            3.206e-01           3.206e-01             294.650           2.308e-08             264.927           3.162e+02     
  20.000         230.000            4.765e-01           4.765e-01             299.811           1.302e-07             223.758           3.162e+02     
  25.000         230.000            5.784e-01           5.784e-01             305.721           3.449e-07             236.988           3.162e+02     
  30.000         230.000            6.015e-01           6.015e-01             311.835           6.848e-07             253.127           3.162e+02     
  35.000         230.000            5.493e-01           5.493e-01             317.461           1.077e-06             266.355           3.162e+02     
  40.000         230.000            4.498e-01           4.498e-01             321.967           1.329e-06             276.538           3.162e+02     
  45.000         230.000            3.416e-01           3.416e-01             324.871           1.293e-06             282.338           3.162e+02     
  50.000         230.000            2.553e-01           2.553e-01             325.942           9.594e-07             286.297           3.162e+02     
  55.000         230.000            2.032e-01           2.032e-01             325.470           5.607e-07             286.972           3.162e+02     
  60.000         230.000            1.835e-01           1.835e-01             324.427           2.566e-07             283.646           3.162e+02     
  65.000         230.000            1.889e-01           1.889e-01             323.863           1.051e-07             271.316           3.162e+02     
  70.000         230.000            2.115e-01           2.115e-01             324.112           3.997e-08             249.940           3.162e+02     
  75.000         230.000            2.428e-01           2.428e-01             324.865           2.154e-08             224.537           3.162e+02     
  80.000         230.000            2.740e-01           2.740e-01             325.687           1.246e-08             208.298           3.162e+02     
  85.000         230.000            2.968e-01           2.968e-01             326.278           3.915e-09             200.891           3.162e+02     
  90.000         230.000            3.051e-01           3.051e-01             326.489           2.758e-13             328.873           3.162e+02     
  95.000         230.000            2.968e-01           2.968e-01             326.278           3.913e-09              20.836           3.162e+02     
 100.000         230.000            2.740e-01           2.740e-01             325.687           1.246e-08              28.269           3.162e+02     
 105.000         230.000            2.428e-01           2.428e-01             324.865           2.153e-08              44.520           3.162e+02     
 110.000         230.000            2.115e-01           2.115e-01             324.112           3.994e-08              69.935           3.162e+02     
 115.000         230.000            1.889e-01           1.889e-01             323.863           1.051e-07              91.318           3.162e+02     
 120.000         230.000            1.835e-01           1.835e-01             324.427           2.565e-07             103.648           3.162e+02     
 125.000         230.000            2.032e-01           2.032e-01             325.470           5.607e-07             106.973           3.162e+02     
 130.000         230.000            2.553e-01           2.553e-01             325.942           9.593e-07             106.297           3.162e+02     
 135.000         230.000            3.416e-01           3.416e-01             324.871           1.293e-06             102.337           3.162e+02     
 140.000         230.000            4.498e-01           4.498e-01             321.967           1.329e-06              96.535           3.162e+02     
 145.000         230.000            5.493e-01           5.493e-01             317.461           1.077e-06              86.351           3.162e+02     
 150.000         230.000            6.015e-01           6.015e-01             311.835           6.848e-07              73.120           3.162e+02     
 155.000         230.000            5.784e-01           5.784e-01             305.721           3.449e-07              56.978           3.162e+02     
 160.000         230.000            4.765e-01           4.765e-01             299.811           1.303e-07              43.744           3.162e+02     
 165.000         230.000            3.206e-01           3.206e-01             294.650           2.308e-08              84.899           3.162e+02     
 170.000         230.000            1.580e-01           1.580e-01             290.363           1.371e-07             144.840           3.162e+02     
 175.000         230.000            4.051e-02           4.051e-02             286.460           4.895e-07             147.068           3.162e+02     
 180.000         230.000            1.099e-06           2.153e-07              10.096           8.842e-07             144.056           3.187e+00     
   0.000         235.000            1.099e-06           2.730e-07               3.610           8.264e-07             322.219           3.187e+00     
   5.000         235.000            4.092e-02           4.092e-02             286.989           4.640e-07             324.962           3.162e+02     
  10.000         235.000            1.574e-01           1.574e-01             291.105           1.333e-07             321.725           3.162e+02     
  15.000         235.000            3.077e-01           3.077e-01             295.308           2.353e-08             259.305           3.162e+02     
  20.000         235.000            4.302e-01           4.302e-01             300.213           1.345e-07             217.466           3.162e+02     
  25.000         235.000            4.812e-01           4.812e-01             305.980           3.277e-07             228.919           3.162e+02     
  30.000         235.000            4.540e-01           4.540e-01             312.422           6.052e-07             244.434           3.162e+02     
  35.000         235.000            3.738e-01           3.738e-01             319.212           9.017e-07             258.304           3.162e+02     
  40.000         235.000            2.784e-01           2.784e-01             326.101           1.132e-06             266.345           3.162e+02     
  45.000         235.000            1.987e-01           1.987e-01             333.038           1.073e-06             271.834           3.162e+02     
  50.000         235.000            1.496e-01           1.496e-01             340.008           8.079e-07             272.346           3.162e+02     
  55.000         235.000            1.323e-01           1.323e-01             346.622           4.939e-07             267.145           3.162e+02     
  60.000         235.000            1.433e-01           1.433e-01             352.125           2.841e-07             254.115           3.162e+02     
  65.000         235.000            1.797e-01           1.797e-01             356.127           1.735e-07             235.424           3.162e+02     
  70.000         235.000            2.366e-01           2.366e-01             358.854           1.295e-07             216.894           3.162e+02     
  75.000         235.000            3.044e-01           3.044e-01               0.690           9.775e-08             204.845           3.162e+02     
  80.000         235.000            3.691e-01           3.691e-01               1.889           5.621e-08             198.484           3.162e+02     
  85.000         235.000            4.154e-01           4.154e-01               2.577           1.655e-08             195.461           3.162e+02     
  90.000         235.000            4.322e-01           4.322e-01               2.802           7.243e-13             319.262           3.162e+02     
  95.000         235.000            4.154e-01           4.154e-01               2.577           1.655e-08              15.447           3.162e+02     
 100.000         235.000            3.691e-01           3.691e-01               1.889           5.620e-08              18.476           3.162e+02     
 105.000         235.000            3.044e-01           3.044e-01               0.690           9.774e-08              24.840           3.162e+02     
 110.000         235.000            2.366e-01           2.366e-01             358.854           1.295e-07              36.889           3.162e+02     
 115.000         235.000            1.797e-01           1.797e-01             356.127           1.735e-07              55.422           3.162e+02     
 120.000         235.000            1.433e-01           1.433e-01             352.125           2.840e-07              74.114           3.162e+02     
 125.000         235.000            1.323e-01           1.323e-01             346.622           4.939e-07              87.145           3.162e+02     
 130.000         235.000            1.496e-01           1.496e-01             340.008           8.078e-07              92.346           3.162e+02     
 135.000         235.000            1.987e-01           1.987e-01             333.038           1.073e-06              91.832           3.162e+02     
 140.000         235.000            2.784e-01           2.784e-01             326.101           1.132e-06              86.342           3.162e+02     
 145.000         235.000            3.738e-01           3.738e-01             319.212           9.018e-07              78.300           3.162e+02     
 150.000         235.000            4.540e-01           4.540e-01             312.422           6.053e-07              64.427           3.162e+02     
 155.000         235.000            4.812e-01           4.812e-01             305.980           3.278e-07              48.910           3.162e+02     
 160.000         235.000            4.302e-01           4.302e-01             300.213           1.345e-07              37.454           3.162e+02     
 165.000         235.000            3.077e-01           3.077e-01             295.308           2.353e-08              79.280           3.162e+02     
 170.000         235.000            1.574e-01           1.574e-01             291.105           1.332e-07             141.727           3.162e+02     
 175.000         235.000            4.092e-02           4.092e-02             286.989           4.641e-07             144.964           3.162e+02     
 180.000         235.000            1.099e-06           2.729e-07               3.612           8.265e-07             142.221           3.187e+00     
   0.000         240.000            1.099e-06           3.390e-07             358.448           7.604e-07             320.241           3.187e+00     
   5.000         240.000            4.132e-02           4.132e-02             287.481           4.398e-07             322.792           3.162e+02     
  10.000         240.000            1.569e-01           1.569e-01             291.801           1.361e-07             319.209           3.162e+02     
  15.000         240.000            2.955e-01           2.955e-01             295.916           2.417e-08             261.285           3.162e+02     
  20.000         240.000            3.881e-01           3.881e-01             300.546           1.028e-07             217.314           3.162e+02     
  25.000         240.000            3.973e-01           3.973e-01             306.158           3.097e-07             221.330           3.162e+02     
  30.000         240.000            3.354e-01           3.354e-01             313.087           5.138e-07             236.452           3.162e+02     
  35.000         240.000            2.450e-01           2.450e-01             321.753           7.336e-07             249.984           3.162e+02     
  40.000         240.000            1.668e-01           1.668e-01             332.802           8.927e-07             258.629           3.162e+02     
  45.000         240.000            1.218e-01           1.218e-01             346.423           8.806e-07             262.137           3.162e+02     
  50.000         240.000            1.135e-01           1.135e-01               0.293           6.946e-07             260.487           3.162e+02     
  55.000         240.000            1.406e-01           1.406e-01              10.395           4.946e-07             251.749           3.162e+02     
  60.000         240.000            2.050e-01           2.050e-01              15.780           3.430e-07             237.002           3.162e+02     
  65.000         240.000            3.095e-01           3.095e-01              18.255           2.775e-07             220.492           3.162e+02     
  70.000         240.000            4.488e-01           4.488e-01              19.479           2.398e-07             208.058           3.162e+02     
  75.000         240.000            6.042e-01           6.042e-01              20.227           1.822e-07             200.705           3.162e+02     
  80.000         240.000            7.474e-01           7.474e-01              20.745           1.018e-07             196.838           3.162e+02     
  85.000         240.000            8.482e-01           8.482e-01              21.067           2.924e-08             194.915           3.162e+02     
  90.000         240.000            8.845e-01           8.845e-01              21.178           1.456e-12             301.812           3.162e+02     
  95.000         240.000            8.482e-01           8.482e-01              21.067           2.924e-08              14.910           3.162e+02     
 100.000         240.000            7.474e-01           7.474e-01              20.745           1.018e-07              16.835           3.162e+02     
 105.000         240.000            6.042e-01           6.042e-01              20.227           1.822e-07              20.703           3.162e+02     
 110.000         240.000            4.488e-01           4.488e-01              19.479           2.397e-07              28.056           3.162e+02     
 115.000         240.000            3.095e-01           3.095e-01              18.255           2.775e-07              40.489           3.162e+02     
 120.000         240.000            2.050e-01           2.050e-01              15.780           3.430e-07              57.000           3.162e+02     
 125.000         240.000            1.406e-01           1.406e-01              10.395           4.945e-07              71.747           3.162e+02     
 130.000         240.000            1.135e-01           1.135e-01               0.293           6.945e-07              80.486           3.162e+02     
 135.000         240.000            1.218e-01           1.218e-01             346.423           8.806e-07              82.135           3.162e+02     
 140.000         240.000            1.668e-01           1.668e-01             332.802           8.927e-07              78.626           3.162e+02     
 145.000         240.000            2.450e-01           2.450e-01             321.753           7.337e-07              69.980           3.162e+02     
 150.000         240.000            3.354e-01           3.354e-01             313.087           5.139e-07              56.446           3.162e+02     
 155.000         240.000            3.973e-01           3.973e-01             306.158           3.097e-07              41.322           3.162e+02     
 160.000         240.000            3.881e-01           3.881e-01             300.546           1.028e-07              37.302           3.162e+02     
 165.000         240.000            2.955e-01           2.955e-01             295.916           2.417e-08              81.264           3.162e+02     
 170.000         240.000            1.569e-01           1.569e-01             291.801           1.361e-07             139.211           3.162e+02     
 175.000         240.000            4.132e-02           4.132e-02             287.481           4.398e-07             142.795           3.162e+02     
 180.000         240.000            1.099e-06           3.390e-07             358.450           7.604e-07             140.243           3.187e+00     
   0.000         245.000            1.099e-06           4.115e-07             354.246           6.879e-07             318.072           3.187e+00     
   5.000         245.000            4.171e-02           4.171e-02             287.938           4.160e-07             320.564           3.162e+02     
  10.000         245.000            1.566e-01           1.566e-01             292.463           1.446e-07             317.399           3.162e+02     
  15.000         245.000            2.848e-01           2.848e-01             296.520           2.571e-08             270.326           3.162e+02     
  20.000         245.000            3.519e-01           3.519e-01             300.908           8.250e-08             216.686           3.162e+02     
  25.000         245.000            3.287e-01           3.287e-01             306.398           2.569e-07             216.454           3.162e+02     
  30.000         245.000            2.457e-01           2.457e-01             314.026           4.086e-07             229.634           3.162e+02     
  35.000         245.000            1.576e-01           1.576e-01             325.520           5.747e-07             242.248           3.162e+02     
  40.000         245.000            1.028e-01           1.028e-01             342.827           6.748e-07             251.646           3.162e+02     
  45.000         245.000            9.195e-02           9.195e-02               3.216           6.715e-07             255.221           3.162e+02     
  50.000         245.000            1.223e-01           1.223e-01              17.815           5.852e-07             252.232           3.162e+02     
  55.000         245.000            1.958e-01           1.958e-01              24.185           4.584e-07             243.548           3.162e+02     
  60.000         245.000            3.221e-01           3.221e-01              25.999           3.700e-07             230.039           3.162e+02     
  65.000         245.000            5.072e-01           5.072e-01              26.307           3.305e-07             216.851           3.162e+02     
  70.000         245.000            7.412e-01           7.412e-01              26.401           2.912e-07             207.582           3.162e+02     
  75.000         245.000            9.935e-01           9.935e-01              26.600           2.211e-07             202.943           3.162e+02     
  80.000         245.000            1.220e+00           1.220e+00              26.865           1.207e-07             199.935           3.162e+02     
  85.000         245.000            1.378e+00           1.378e+00              27.082           3.416e-08             198.398           3.162e+02     
  90.000         245.000            1.434e+00           1.434e+00              27.165           2.588e-12             285.834           3.162e+02     
  95.000         245.000            1.378e+00           1.378e+00              27.082           3.416e-08              18.395           3.162e+02     
 100.000         245.000            1.220e+00           1.220e+00              26.865           1.207e-07              19.933           3.162e+02     
 105.000         245.000            9.935e-01           9.935e-01              26.600           2.211e-07              22.941           3.162e+02     
 110.000         245.000            7.412e-01           7.412e-01              26.401           2.912e-07              27.580           3.162e+02     
 115.000         245.000            5.072e-01           5.072e-01              26.307           3.305e-07              36.848           3.162e+02     
 120.000         245.000            3.221e-01           3.221e-01              25.999           3.699e-07              50.036           3.162e+02     
 125.000         245.000            1.958e-01           1.958e-01              24.185           4.584e-07              63.545           3.162e+02     
 130.000         245.000            1.223e-01           1.223e-01              17.815           5.852e-07              72.230           3.162e+02     
 135.000         245.000            9.195e-02           9.195e-02               3.216           6.715e-07              75.219           3.162e+02     
 140.000         245.000            1.028e-01           1.028e-01             342.827           6.748e-07              71.642           3.162e+02     
 145.000         245.000            1.576e-01           1.576e-01             325.520           5.748e-07              62.244           3.162e+02     
 150.000         245.000            2.457e-01           2.457e-01             314.026           4.086e-07              49.629           3.162e+02     
 155.000         245.000            3.287e-01           3.287e-01             306.398           2.570e-07              36.447           3.162e+02     
 160.000         245.000            3.519e-01           3.519e-01             300.908           8.252e-08              36.675           3.162e+02     
 165.000         245.000            2.848e-01           2.848e-01             296.520           2.570e-08              90.313           3.162e+02     
 170.000         245.000            1.566e-01           1.566e-01             292.463           1.446e-07             137.402           3.162e+02     
 175.000         245.000            4.171e-02           4.171e-02             287.938           4.160e-07             140.566           3.162e+02     
 180.000         245.000            1.099e-06           4.115e-07             354.247           6.880e-07             138.074           3.187e+00     
   0.000         250.000            1.099e-06           4.882e-07             350.745           6.112e-07             315.652           3.187e+00     
   5.000         250.000            4.211e-02           4.211e-02             288.358           3.918e-07             318.271           3.162e+02     
  10.000         250.000            1.566e-01           1.566e-01             293.101           1.573e-07             316.238           3.162e+02     
  15.000         250.000            2.763e-01           2.763e-01             297.159           3.084e-08             284.027           3.162e+02     
  20.000         250.000            3.227e-01           3.227e-01             301.385           5.383e-08             221.378           3.162e+02     
  25.000         250.000            2.758e-01           2.758e-01             306.835           1.560e-07             215.498           3.162e+02     
  30.000         250.000            1.817e-01           1.817e-01             315.404           2.619e-07             225.291           3.162e+02     
  35.000         250.000            1.026e-01           1.026e-01             330.788           3.984e-07             236.386           3.162e+02     
  40.000         250.000            7.099e-02           7.099e-02             355.471           4.639e-07             246.127           3.162e+02     
  45.000         250.000            8.765e-02           8.765e-02              17.828           4.725e-07             250.356           3.162e+02     
  50.000         250.000            1.473e-01           1.473e-01              27.530           4.301e-07             248.255           3.162e+02     
  55.000         250.000            2.560e-01           2.560e-01              29.284           3.598e-07             240.335           3.162e+02     
  60.000         250.000            4.277e-01           4.277e-01              28.475           3.154e-07             228.864           3.162e+02     
  65.000         250.000            6.667e-01           6.667e-01              27.536           2.915e-07             218.170           3.162e+02     
  70.000         250.000            9.562e-01           9.562e-01              27.108           2.605e-07             211.316           3.162e+02     
  75.000         250.000            1.258e+00           1.258e+00              27.127           1.919e-07             206.915           3.162e+02     
  80.000         250.000            1.523e+00           1.523e+00              27.360           1.041e-07             204.676           3.162e+02     
  85.000         250.000            1.705e+00           1.705e+00              27.591           2.925e-08             203.485           3.162e+02     
  90.000         250.000            1.769e+00           1.769e+00              27.684           3.610e-12             274.685           3.162e+02     
  95.000         250.000            1.705e+00           1.705e+00              27.591           2.926e-08              23.478           3.162e+02     
 100.000         250.000            1.523e+00           1.523e+00              27.360           1.041e-07              24.672           3.162e+02     
 105.000         250.000            1.258e+00           1.258e+00              27.127           1.919e-07              26.912           3.162e+02     
 110.000         250.000            9.562e-01           9.562e-01              27.108           2.605e-07              31.313           3.162e+02     
 115.000         250.000            6.667e-01           6.667e-01              27.536           2.915e-07              38.167           3.162e+02     
 120.000         250.000            4.277e-01           4.277e-01              28.475           3.154e-07              48.860           3.162e+02     
 125.000         250.000            2.560e-01           2.560e-01              29.284           3.598e-07              60.331           3.162e+02     
 130.000         250.000            1.473e-01           1.473e-01              27.530           4.300e-07              68.251           3.162e+02     
 135.000         250.000            8.765e-02           8.765e-02              17.828           4.725e-07              70.353           3.162e+02     
 140.000         250.000            7.099e-02           7.099e-02             355.471           4.639e-07              66.123           3.162e+02     
 145.000         250.000            1.026e-01           1.026e-01             330.788           3.984e-07              56.381           3.162e+02     
 150.000         250.000            1.817e-01           1.817e-01             315.404           2.619e-07              45.285           3.162e+02     
 155.000         250.000            2.758e-01           2.758e-01             306.835           1.561e-07              35.491           3.162e+02     
 160.000         250.000            3.227e-01           3.227e-01             301.385           5.384e-08              41.366           3.162e+02     
 165.000         250.000            2.763e-01           2.763e-01             297.159           3.083e-08             104.023           3.162e+02     
 170.000         250.000            1.566e-01           1.566e-01             293.101           1.573e-07             136.241           3.162e+02     
 175.000         250.000            4.211e-02           4.211e-02             288.358           3.919e-07             138.274           3.162e+02     
 180.000         250.000            1.099e-06           4.882e-07             350.746           6.113e-07             135.655           3.187e+00     
   0.000         255.000            1.099e-06           5.667e-07             347.763           5.327e-07             312.903           3.187e+00     
   5.000         255.000            4.251e-02           4.251e-02             288.741           3.664e-07             315.889           3.162e+02     
  10.000         255.000            1.570e-01           1.570e-01             293.722           1.723e-07             315.557           3.162e+02     
  15.000         255.000            2.705e-01           2.705e-01             297.860           4.287e-08             297.972           3.162e+02     
  20.000         255.000            3.012e-01           3.012e-01             302.046           2.821e-08             236.499           3.162e+02     
  25.000         255.000            2.376e-01           2.376e-01             307.588           8.598e-08             216.272           3.162e+02     
  30.000         255.000            1.389e-01           1.389e-01             317.313           1.553e-07             221.588           3.162e+02     
  35.000         255.000            7.056e-02           7.056e-02             337.371           2.167e-07             232.236           3.162e+02     
  40.000         255.000            5.743e-02           5.743e-02               8.120           2.560e-07             242.059           3.162e+02     
  45.000         255.000            9.199e-02           9.199e-02              27.415           2.849e-07             247.238           3.162e+02     
  50.000         255.000            1.676e-01           1.676e-01              31.730           2.649e-07             247.040           3.162e+02     
  55.000         255.000            2.930e-01           2.930e-01              30.067           2.289e-07             241.152           3.162e+02     
  60.000         255.000            4.814e-01           4.814e-01              27.487           2.026e-07             231.715           3.162e+02     
  65.000         255.000            7.317e-01           7.317e-01              25.727           1.896e-07             222.955           3.162e+02     
  70.000         255.000            1.021e+00           1.021e+00              24.971           1.628e-07             216.197           3.162e+02     
  75.000         255.000            1.312e+00           1.312e+00              24.906           1.194e-07             212.291           3.162e+02     
  80.000         255.000            1.559e+00           1.559e+00              25.158           6.461e-08             210.297           3.162e+02     
  85.000         255.000            1.725e+00           1.725e+00              25.430           1.810e-08             209.205           3.162e+02     
  90.000         255.000            1.783e+00           1.783e+00              25.541           3.414e-12             267.361           3.162e+02     
  95.000         255.000            1.725e+00           1.725e+00              25.430           1.810e-08              29.190           3.162e+02     
 100.000         255.000            1.559e+00           1.559e+00              25.158           6.462e-08              30.289           3.162e+02     
 105.000         255.000            1.312e+00           1.312e+00              24.906           1.194e-07              32.284           3.162e+02     
 110.000         255.000            1.021e+00           1.021e+00              24.971           1.628e-07              36.191           3.162e+02     
 115.000         255.000            7.317e-01           7.317e-01              25.727           1.896e-07              42.950           3.162e+02     
 120.000         255.000            4.814e-01           4.814e-01              27.487           2.026e-07              51.709           3.162e+02     
 125.000         255.000            2.930e-01           2.930e-01              30.067           2.289e-07              61.147           3.162e+02     
 130.000         255.000            1.676e-01           1.676e-01              31.730           2.649e-07              67.035           3.162e+02     
 135.000         255.000            9.199e-02           9.199e-02              27.415           2.849e-07              67.234           3.162e+02     
 140.000         255.000            5.743e-02           5.743e-02               8.120           2.560e-07              62.055           3.162e+02     
 145.000         255.000            7.056e-02           7.056e-02             337.371           2.167e-07              52.230           3.162e+02     
 150.000         255.000            1.389e-01           1.389e-01             317.313           1.553e-07              41.582           3.162e+02     
 155.000         255.000            2.376e-01           2.376e-01             307.588           8.599e-08              36.264           3.162e+02     
 160.000         255.000            3.012e-01           3.012e-01             302.046           2.821e-08              56.487           3.162e+02     
 165.000         255.000            2.705e-01           2.705e-01             297.860           4.286e-08             117.974           3.162e+02     
 170.000         255.000            1.570e-01           1.570e-01             293.722           1.723e-07             135.561           3.162e+02     
 175.000         255.000            4.251e-02           4.251e-02             288.741           3.664e-07             135.893           3.162e+02     
 180.000         255.000            1.099e-06           5.667e-07             347.764           5.327e-07             132.906           3.187e+00     
   0.000         260.000            1.099e-06           6.448e-07             345.168           4.546e-07             309.714           3.187e+00     
   5.000         260.000            4.292e-02           4.292e-02             289.085           3.388e-07             313.371           3.162e+02     
  10.000         260.000            1.581e-01           1.581e-01             294.326           1.873e-07             315.143           3.162e+02     
  15.000         260.000            2.677e-01           2.677e-01             298.637           6.373e-08             308.944           3.162e+02     
  20.000         260.000            2.877e-01           2.877e-01             302.934           1.716e-08             272.038           3.162e+02     
  25.000         260.000            2.131e-01           2.131e-01             308.721           3.102e-08             224.618           3.162e+02     
  30.000         260.000            1.128e-01           1.128e-01             319.690           6.519e-08             219.937           3.162e+02     
  35.000         260.000            5.348e-02           5.348e-02             344.374           9.601e-08             227.582           3.162e+02     
  40.000         260.000            5.254e-02           5.254e-02              18.243           1.139e-07             237.329           3.162e+02     
  45.000         260.000            9.573e-02           9.573e-02              33.116           1.211e-07             244.439           3.162e+02     
  50.000         260.000            1.759e-01           1.759e-01              33.415           1.107e-07             246.702           3.162e+02     
  55.000         260.000            3.033e-01           3.033e-01              29.342           9.408e-08             243.402           3.162e+02     
  60.000         260.000            4.883e-01           4.883e-01              25.473           7.934e-08             235.754           3.162e+02     
  65.000         260.000            7.243e-01           7.243e-01              23.089           7.018e-08             227.273           3.162e+02     
  70.000         260.000            9.855e-01           9.855e-01              22.077           5.874e-08             220.193           3.162e+02     
  75.000         260.000            1.236e+00           1.236e+00              21.952           4.278e-08             215.790           3.162e+02     
  80.000         260.000            1.443e+00           1.443e+00              22.231           2.320e-08             213.427           3.162e+02     
  85.000         260.000            1.577e+00           1.577e+00              22.547           6.382e-09             212.799           3.162e+02     
  90.000         260.000            1.624e+00           1.624e+00              22.678           1.772e-12             261.833           3.162e+02     
  95.000         260.000            1.577e+00           1.577e+00              22.547           6.384e-09              32.766           3.162e+02     
 100.000         260.000            1.443e+00           1.443e+00              22.231           2.320e-08              33.410           3.162e+02     
 105.000         260.000            1.236e+00           1.236e+00              21.952           4.278e-08              35.777           3.162e+02     
 110.000         260.000            9.855e-01           9.855e-01              22.077           5.874e-08              40.181           3.162e+02     
 115.000         260.000            7.243e-01           7.243e-01              23.089           7.018e-08              47.263           3.162e+02     
 120.000         260.000            4.883e-01           4.883e-01              25.473           7.933e-08              55.746           3.162e+02     
 125.000         260.000            3.033e-01           3.033e-01              29.342           9.407e-08              63.394           3.162e+02     
 130.000         260.000            1.759e-01           1.759e-01              33.415           1.107e-07              66.696           3.162e+02     
 135.000         260.000            9.573e-02           9.573e-02              33.116           1.211e-07              64.433           3.162e+02     
 140.000         260.000            5.254e-02           5.254e-02              18.243           1.139e-07              57.324           3.162e+02     
 145.000         260.000            5.348e-02           5.348e-02             344.374           9.601e-08              47.576           3.162e+02     
 150.000         260.000            1.128e-01           1.128e-01             319.690           6.520e-08              39.930           3.162e+02     
 155.000         260.000            2.131e-01           2.131e-01             308.721           3.102e-08              44.609           3.162e+02     
 160.000         260.000            2.877e-01           2.877e-01             302.934           1.716e-08              92.036           3.162e+02     
 165.000         260.000            2.677e-01           2.677e-01             298.637           6.372e-08             128.950           3.162e+02     
 170.000         260.000            1.581e-01           1.581e-01             294.326           1.873e-07             135.148           3.162e+02     
 175.000         260.000            4.292e-02           4.292e-02             289.085           3.388e-07             133.376           3.162e+02     
 180.000         260.000            1.099e-06           6.448e-07             345.168           4.547e-07             129.718           3.187e+00     
   0.000         265.000            1.099e-06           7.199e-07             342.865           3.795e-07             305.936           3.187e+00     
   5.000         265.000            4.334e-02           4.334e-02             289.388           3.085e-07             310.640           3.162e+02     
  10.000         265.000            1.598e-01           1.598e-01             294.910           1.992e-07             314.786           3.162e+02     
  15.000         265.000            2.684e-01           2.684e-01             299.486           9.207e-08             316.508           3.162e+02     
  20.000         265.000            2.826e-01           2.826e-01             304.046           2.684e-08             310.634           3.162e+02     
  25.000         265.000            2.014e-01           2.014e-01             310.220           6.355e-09             267.521           3.162e+02     
  30.000         265.000            9.996e-02           9.996e-02             322.286           1.193e-08             221.916           3.162e+02     
  35.000         265.000            4.592e-02           4.592e-02             350.319           2.232e-08             218.504           3.162e+02     
  40.000         265.000            5.099e-02           5.099e-02              25.020           2.675e-08             225.839           3.162e+02     
  45.000         265.000            9.631e-02           9.631e-02              36.771           2.528e-08             235.738           3.162e+02     
  50.000         265.000            1.749e-01           1.749e-01              34.628           1.943e-08             244.045           3.162e+02     
  55.000         265.000            2.987e-01           2.987e-01              29.035           1.258e-08             248.263           3.162e+02     
  60.000         265.000            4.770e-01           4.770e-01              24.372           6.970e-09             245.719           3.162e+02     
  65.000         265.000            6.995e-01           6.995e-01              21.659           3.815e-09             234.749           3.162e+02     
  70.000         265.000            9.386e-01           9.386e-01              20.572           2.379e-09             217.612           3.162e+02     
  75.000         265.000            1.161e+00           1.161e+00              20.499           1.705e-09             203.414           3.162e+02     
  80.000         265.000            1.340e+00           1.340e+00              20.873           1.008e-09             195.424           3.162e+02     
  85.000         265.000            1.454e+00           1.454e+00              21.271           3.032e-10             191.450           3.162e+02     
  90.000         265.000            1.493e+00           1.493e+00              21.433           1.939e-13             251.286           3.162e+02     
  95.000         265.000            1.454e+00           1.454e+00              21.271           3.040e-10              11.314           3.162e+02     
 100.000         265.000            1.340e+00           1.340e+00              20.873           1.009e-09              15.347           3.162e+02     
 105.000         265.000            1.161e+00           1.161e+00              20.499           1.706e-09              23.352           3.162e+02     
 110.000         265.000            9.386e-01           9.386e-01              20.572           2.378e-09              37.561           3.162e+02     
 115.000         265.000            6.995e-01           6.995e-01              21.659           3.813e-09              54.713           3.162e+02     
 120.000         265.000            4.770e-01           4.770e-01              24.372           6.967e-09              65.697           3.162e+02     
 125.000         265.000            2.987e-01           2.987e-01              29.035           1.258e-08              68.249           3.162e+02     
 130.000         265.000            1.749e-01           1.749e-01              34.628           1.942e-08              64.035           3.162e+02     
 135.000         265.000            9.631e-02           9.631e-02              36.771           2.527e-08              55.729           3.162e+02     
 140.000         265.000            5.099e-02           5.099e-02              25.020           2.675e-08              45.832           3.162e+02     
 145.000         265.000            4.592e-02           4.592e-02             350.319           2.232e-08              38.497           3.162e+02     
 150.000         265.000            9.996e-02           9.996e-02             322.286           1.193e-08              41.907           3.162e+02     
 155.000         265.000            2.014e-01           2.014e-01             310.220           6.352e-09              87.522           3.162e+02     
 160.000         265.000            2.826e-01           2.826e-01             304.046           2.683e-08             130.643           3.162e+02     
 165.000         265.000            2.684e-01           2.684e-01             299.486           9.208e-08             136.516           3.162e+02     
 170.000         265.000            1.598e-01           1.598e-01             294.910           1.992e-07             134.791           3.162e+02     
 175.000         265.000            4.334e-02           4.334e-02             289.388           3.086e-07             130.644           3.162e+02     
 180.000         265.000            1.099e-06           7.199e-07             342.866           3.795e-07             125.940           3.187e+00     
   0.000         270.000            1.099e-06           7.899e-07             340.785           3.095e-07             301.355           3.187e+00     
   5.000         270.000            4.376e-02           4.376e-02             289.648           2.754e-07             307.576           3.162e+02     
  10.000         270.000            1.621e-01           1.621e-01             295.462           2.046e-07             314.255           3.162e+02     
  15.000         270.000            2.727e-01           2.727e-01             300.386           1.225e-07             321.443           3.162e+02     
  20.000         270.000            2.863e-01           2.863e-01             305.339           5.420e-08             329.553           3.162e+02     
  25.000         270.000            2.021e-01           2.021e-01             311.978           1.428e-08             340.435           3.162e+02     
  30.000         270.000            9.860e-02           9.860e-02             324.705           1.018e-09              18.713           3.162e+02     
  35.000         270.000            4.490e-02           4.490e-02             353.807           1.902e-09             127.178           3.162e+02     
  40.000         270.000            5.060e-02           5.060e-02              28.558           4.255e-09             137.276           3.162e+02     
  45.000         270.000            9.454e-02           9.454e-02              39.470           3.764e-09             124.576           3.162e+02     
  50.000         270.000            1.702e-01           1.702e-01              36.518           3.614e-09              90.484           3.162e+02     
  55.000         270.000            2.920e-01           2.920e-01              30.387           7.350e-09              61.970           3.162e+02     
  60.000         270.000            4.710e-01           4.710e-01              25.560           1.409e-08              51.690           3.162e+02     
  65.000         270.000            6.971e-01           6.971e-01              22.943           1.980e-08              49.270           3.162e+02     
  70.000         270.000            9.411e-01           9.411e-01              22.070           2.053e-08              49.613           3.162e+02     
  75.000         270.000            1.169e+00           1.169e+00              22.230           1.605e-08              50.919           3.162e+02     
  80.000         270.000            1.352e+00           1.352e+00              22.803           8.809e-09              52.265           3.162e+02     
  85.000         270.000            1.469e+00           1.469e+00              23.333           2.460e-09              53.068           3.162e+02     
  90.000         270.000            1.510e+00           1.510e+00              23.541           3.498e-13              90.407           3.162e+02     
  95.000         270.000            1.469e+00           1.469e+00              23.333           2.462e-09             233.105           3.162e+02     
 100.000         270.000            1.352e+00           1.352e+00              22.803           8.812e-09             232.284           3.162e+02     
 105.000         270.000            1.169e+00           1.169e+00              22.230           1.605e-08             230.933           3.162e+02     
 110.000         270.000            9.411e-01           9.411e-01              22.070           2.054e-08             229.625           3.162e+02     
 115.000         270.000            6.971e-01           6.971e-01              22.943           1.981e-08             229.280           3.162e+02     
 120.000         270.000            4.710e-01           4.710e-01              25.560           1.410e-08             231.699           3.162e+02     
 125.000         270.000            2.920e-01           2.920e-01              30.387           7.353e-09             241.978           3.162e+02     
 130.000         270.000            1.702e-01           1.702e-01              36.518           3.616e-09             270.483           3.162e+02     
 135.000         270.000            9.454e-02           9.454e-02              39.470           3.765e-09             304.568           3.162e+02     
 140.000         270.000            5.060e-02           5.060e-02              28.558           4.256e-09             317.268           3.162e+02     
 145.000         270.000            4.489e-02           4.489e-02             353.807           1.903e-09             307.164           3.162e+02     
 150.000         270.000            9.860e-02           9.860e-02             324.705           1.019e-09             198.727           3.162e+02     
 155.000         270.000            2.021e-01           2.021e-01             311.978           1.429e-08             160.446           3.162e+02     
 160.000         270.000            2.863e-01           2.863e-01             305.339           5.421e-08             149.562           3.162e+02     
 165.000         270.000            2.727e-01           2.727e-01             300.386           1.226e-07             141.450           3.162e+02     
 170.000         270.000            1.621e-01           1.621e-01             295.462           2.047e-07             134.262           3.162e+02     
 175.000         270.000            4.376e-02           4.376e-02             289.648           2.755e-07             127.581           3.162e+02     
 180.000         270.000            1.099e-06           7.899e-07             340.786           3.096e-07             121.360           3.187e+00     
   0.000         275.000            1.099e-06           8.525e-07             338.874           2.468e-07             295.673           3.187e+00     
   5.000         275.000            4.420e-02           4.420e-02             289.862           2.777e-07             306.367           3.162e+02     
  10.000         275.000            1.653e-01           1.653e-01             295.984           2.299e-07             316.512           3.162e+02     
  15.000         275.000            2.809e-01           2.809e-01             301.303           1.695e-07             328.454           3.162e+02     
  20.000         275.000            2.990e-01           2.990e-01             306.729           1.052e-07             343.189           3.162e+02     
  25.000         275.000            2.155e-01           2.155e-01             313.818           5.717e-08               4.379           3.162e+02     
  30.000         275.000            1.086e-01           1.086e-01             326.565           3.392e-08              36.546           3.162e+02     
  35.000         275.000            4.969e-02           4.969e-02             354.163           3.540e-08              68.675           3.162e+02     
  40.000         275.000            5.097e-02           5.097e-02              28.745           4.649e-08              84.692           3.162e+02     
  45.000         275.000            9.153e-02           9.153e-02              41.297           5.651e-08              85.865           3.162e+02     
  50.000         275.000            1.650e-01           1.650e-01              39.240           6.232e-08              78.324           3.162e+02     
  55.000         275.000            2.884e-01           2.884e-01              33.564           7.221e-08              66.995           3.162e+02     
  60.000         275.000            4.780e-01           4.780e-01              29.110           8.571e-08              57.329           3.162e+02     
  65.000         275.000            7.276e-01           7.276e-01              26.852           9.509e-08              51.425           3.162e+02     
  70.000         275.000            1.008e+00           1.008e+00              26.287           8.825e-08              48.270           3.162e+02     
  75.000         275.000            1.280e+00           1.280e+00              26.675           6.570e-08              46.978           3.162e+02     
  80.000         275.000            1.504e+00           1.504e+00              27.394           3.532e-08              46.598           3.162e+02     
  85.000         275.000            1.651e+00           1.651e+00              27.999           9.775e-09              46.400           3.162e+02     
  90.000         275.000            1.702e+00           1.702e+00              28.230           1.977e-12              85.311           3.162e+02     
  95.000         275.000            1.651e+00           1.651e+00              27.999           9.778e-09             226.407           3.162e+02     
 100.000         275.000            1.504e+00           1.504e+00              27.394           3.532e-08             226.601           3.162e+02     
 105.000         275.000            1.280e+00           1.280e+00              26.675           6.571e-08             226.980           3.162e+02     
 110.000         275.000            1.008e+00           1.008e+00              26.287           8.826e-08             228.271           3.162e+02     
 115.000         275.000            7.276e-01           7.276e-01              26.852           9.510e-08             231.426           3.162e+02     
 120.000         275.000            4.780e-01           4.780e-01              29.110           8.572e-08             237.328           3.162e+02     
 125.000         275.000            2.884e-01           2.884e-01              33.564           7.222e-08             246.993           3.162e+02     
 130.000         275.000            1.650e-01           1.650e-01              39.240           6.233e-08             258.321           3.162e+02     
 135.000         275.000            9.153e-02           9.153e-02              41.297           5.651e-08             265.860           3.162e+02     
 140.000         275.000            5.097e-02           5.097e-02              28.745           4.649e-08             264.687           3.162e+02     
 145.000         275.000            4.969e-02           4.969e-02             354.163           3.541e-08             248.669           3.162e+02     
 150.000         275.000            1.086e-01           1.086e-01             326.565           3.393e-08             216.542           3.162e+02     
 155.000         275.000            2.155e-01           2.155e-01             313.818           5.719e-08             184.381           3.162e+02     
 160.000         275.000            2.990e-01           2.990e-01             306.729           1.053e-07             163.194           3.162e+02     
 165.000         275.000            2.809e-01           2.809e-01             301.303           1.696e-07             148.461           3.162e+02     
 170.000         275.000            1.653e-01           1.653e-01             295.984           2.299e-07             136.518           3.162e+02     
 175.000         275.000            4.420e-02           4.420e-02             289.862           2.777e-07             126.373           3.162e+02     
 180.000         275.000            1.099e-06           8.526e-07             338.875           2.469e-07             115.678           3.187e+00     
   0.000         280.000            1.099e-06           9.060e-07             337.089           1.934e-07             288.476           3.187e+00     
   5.000         280.000            4.464e-02           4.464e-02             290.026           2.318e-07             302.511           3.162e+02     
  10.000         280.000            1.690e-01           1.690e-01             296.445           2.081e-07             315.619           3.162e+02     
  15.000         280.000            2.929e-01           2.929e-01             302.192           1.772e-07             330.989           3.162e+02     
  20.000         280.000            3.213e-01           3.213e-01             308.110           1.330e-07             349.059           3.162e+02     
  25.000         280.000            2.429e-01           2.429e-01             315.542           9.768e-08              12.875           3.162e+02     
  30.000         280.000            1.315e-01           1.315e-01             327.663           8.451e-08              42.279           3.162e+02     
  35.000         280.000            6.186e-02           6.186e-02             351.660           1.038e-07              67.038           3.162e+02     
  40.000         280.000            5.295e-02           5.295e-02              24.993           1.342e-07              80.044           3.162e+02     
  45.000         280.000            8.739e-02           8.739e-02              41.346           1.588e-07              82.230           3.162e+02     
  50.000         280.000            1.582e-01           1.582e-01              41.910           1.621e-07              77.254           3.162e+02     
  55.000         280.000            2.837e-01           2.837e-01              37.569           1.642e-07              67.645           3.162e+02     
  60.000         280.000            4.865e-01           4.865e-01              33.770           1.698e-07              57.499           3.162e+02     
  65.000         280.000            7.679e-01           7.679e-01              31.819           1.724e-07              50.006           3.162e+02     
  70.000         280.000            1.100e+00           1.100e+00              31.356           1.519e-07              45.038           3.162e+02     
  75.000         280.000            1.437e+00           1.437e+00              31.722           1.102e-07              42.360           3.162e+02     
  80.000         280.000            1.724e+00           1.724e+00              32.362           5.854e-08              41.053           3.162e+02     
  85.000         280.000            1.916e+00           1.916e+00              32.893           1.612e-08              40.818           3.162e+02     
  90.000         280.000            1.984e+00           1.984e+00              33.094           3.232e-12              86.269           3.162e+02     
  95.000         280.000            1.916e+00           1.916e+00              32.893           1.612e-08             220.813           3.162e+02     
 100.000         280.000            1.724e+00           1.724e+00              32.362           5.855e-08             221.050           3.162e+02     
 105.000         280.000            1.437e+00           1.437e+00              31.722           1.102e-07             222.358           3.162e+02     
 110.000         280.000            1.100e+00           1.100e+00              31.356           1.519e-07             225.035           3.162e+02     
 115.000         280.000            7.679e-01           7.679e-01              31.819           1.724e-07             230.003           3.162e+02     
 120.000         280.000            4.865e-01           4.865e-01              33.770           1.698e-07             237.496           3.162e+02     
 125.000         280.000            2.837e-01           2.837e-01              37.569           1.642e-07             247.641           3.162e+02     
 130.000         280.000            1.582e-01           1.582e-01              41.910           1.621e-07             257.249           3.162e+02     
 135.000         280.000            8.739e-02           8.739e-02              41.346           1.588e-07             262.225           3.162e+02     
 140.000         280.000            5.295e-02           5.295e-02              24.993           1.342e-07             260.039           3.162e+02     
 145.000         280.000            6.186e-02           6.186e-02             351.660           1.038e-07             247.031           3.162e+02     
 150.000         280.000            1.315e-01           1.315e-01             327.663           8.453e-08             222.273           3.162e+02     
 155.000         280.000            2.429e-01           2.429e-01             315.542           9.772e-08             192.874           3.162e+02     
 160.000         280.000            3.213e-01           3.213e-01             308.110           1.331e-07             169.062           3.162e+02     
 165.000         280.000            2.929e-01           2.929e-01             302.192           1.773e-07             150.995           3.162e+02     
 170.000         280.000            1.690e-01           1.690e-01             296.445           2.082e-07             135.627           3.162e+02     
 175.000         280.000            4.464e-02           4.464e-02             290.026           2.318e-07             122.518           3.162e+02     
 180.000         280.000            1.099e-06           9.061e-07             337.090           1.934e-07             108.483           3.187e+00     
   0.000         285.000            1.099e-06           9.487e-07             335.397           1.507e-07             279.251           3.187e+00     
   5.000         285.000            4.507e-02           4.507e-02             290.137           1.872e-07             297.637           3.162e+02     
  10.000         285.000            1.734e-01           1.734e-01             296.834           1.774e-07             314.299           3.162e+02     
  15.000         285.000            3.086e-01           3.086e-01             303.001           1.673e-07             333.430           3.162e+02     
  20.000         285.000            3.533e-01           3.533e-01             309.375           1.425e-07             354.922           3.162e+02     
  25.000         285.000            2.859e-01           2.859e-01             316.985           1.288e-07              21.284           3.162e+02     
  30.000         285.000            1.710e-01           1.710e-01             328.023           1.414e-07              49.315           3.162e+02     
  35.000         285.000            8.555e-02           8.555e-02             347.337           1.945e-07              69.775           3.162e+02     
  40.000         285.000            5.932e-02           5.932e-02              16.829           2.503e-07              80.209           3.162e+02     
  45.000         285.000            8.209e-02           8.209e-02              37.860           2.864e-07              81.507           3.162e+02     
  50.000         285.000            1.459e-01           1.459e-01              42.832           2.790e-07              77.109           3.162e+02     
  55.000         285.000            2.665e-01           2.665e-01              40.757           2.525e-07              67.900           3.162e+02     
  60.000         285.000            4.699e-01           4.699e-01              37.865           2.327e-07              56.844           3.162e+02     
  65.000         285.000            7.644e-01           7.644e-01              36.128           2.190e-07              47.804           3.162e+02     
  70.000         285.000            1.127e+00           1.127e+00              35.555           1.830e-07              40.916           3.162e+02     
  75.000         285.000            1.504e+00           1.504e+00              35.683           1.293e-07              36.792           3.162e+02     
  80.000         285.000            1.835e+00           1.835e+00              36.076           6.776e-08              34.532           3.162e+02     
  85.000         285.000            2.060e+00           2.060e+00              36.429           1.860e-08              33.252           3.162e+02     
  90.000         285.000            2.139e+00           2.139e+00              36.565           2.943e-12              91.225           3.162e+02     
  95.000         285.000            2.060e+00           2.060e+00              36.429           1.860e-08             213.236           3.162e+02     
 100.000         285.000            1.835e+00           1.835e+00              36.076           6.777e-08             214.523           3.162e+02     
 105.000         285.000            1.504e+00           1.504e+00              35.683           1.293e-07             216.786           3.162e+02     
 110.000         285.000            1.127e+00           1.127e+00              35.555           1.830e-07             220.910           3.162e+02     
 115.000         285.000            7.644e-01           7.644e-01              36.128           2.190e-07             227.798           3.162e+02     
 120.000         285.000            4.699e-01           4.699e-01              37.865           2.327e-07             236.838           3.162e+02     
 125.000         285.000            2.665e-01           2.665e-01              40.757           2.525e-07             247.894           3.162e+02     
 130.000         285.000            1.459e-01           1.459e-01              42.832           2.790e-07             257.104           3.162e+02     
 135.000         285.000            8.209e-02           8.209e-02              37.860           2.864e-07             261.502           3.162e+02     
 140.000         285.000            5.932e-02           5.932e-02              16.829           2.502e-07             260.203           3.162e+02     
 145.000         285.000            8.555e-02           8.555e-02             347.337           1.945e-07             249.768           3.162e+02     
 150.000         285.000            1.710e-01           1.710e-01             328.023           1.415e-07             229.308           3.162e+02     
 155.000         285.000            2.859e-01           2.859e-01             316.985           1.288e-07             201.279           3.162e+02     
 160.000         285.000            3.533e-01           3.533e-01             309.375           1.426e-07             174.923           3.162e+02     
 165.000         285.000            3.086e-01           3.086e-01             303.001           1.673e-07             153.436           3.162e+02     
 170.000         285.000            1.734e-01           1.734e-01             296.834           1.774e-07             134.307           3.162e+02     
 175.000         285.000            4.507e-02           4.507e-02             290.137           1.872e-07             117.645           3.162e+02     
 180.000         285.000            1.099e-06           9.487e-07             335.398           1.508e-07              99.259           3.187e+00     
   0.000         290.000            1.099e-06           9.792e-07             333.770           1.202e-07             267.520           3.187e+00     
   5.000         290.000            4.549e-02           4.549e-02             290.190           1.459e-07             291.199           3.162e+02     
  10.000         290.000            1.783e-01           1.783e-01             297.130           1.392e-07             312.192           3.162e+02     
  15.000         290.000            3.277e-01           3.277e-01             303.681           1.384e-07             336.100           3.162e+02     
  20.000         290.000            3.951e-01           3.951e-01             310.430           1.285e-07               2.343           3.162e+02     
  25.000         290.000            3.462e-01           3.462e-01             318.049           1.420e-07              32.117           3.162e+02     
  30.000         290.000            2.316e-01           2.316e-01             327.805           1.939e-07              58.827           3.162e+02     
  35.000         290.000            1.276e-01           1.276e-01             342.459           3.040e-07              74.522           3.162e+02     
  40.000         290.000            7.638e-02           7.638e-02               5.257           3.839e-07              82.925           3.162e+02     
  45.000         290.000            7.855e-02           7.855e-02              28.624           4.054e-07              83.711           3.162e+02     
  50.000         290.000            1.260e-01           1.260e-01              39.569           3.746e-07              78.486           3.162e+02     
  55.000         290.000            2.278e-01           2.278e-01              41.115           3.098e-07              68.757           3.162e+02     
  60.000         290.000            4.055e-01           4.055e-01              39.772           2.595e-07              56.506           3.162e+02     
  65.000         290.000            6.698e-01           6.698e-01              38.480           2.217e-07              45.079           3.162e+02     
  70.000         290.000            1.002e+00           1.002e+00              37.859           1.825e-07              37.254           3.162e+02     
  75.000         290.000            1.356e+00           1.356e+00              37.760           1.255e-07              31.596           3.162e+02     
  80.000         290.000            1.669e+00           1.669e+00              37.907           6.495e-08              28.345           3.162e+02     
  85.000         290.000            1.883e+00           1.883e+00              38.082           1.777e-08              26.545           3.162e+02     
  90.000         290.000            1.959e+00           1.959e+00              38.155           1.703e-12             103.246           3.162e+02     
  95.000         290.000            1.883e+00           1.883e+00              38.082           1.777e-08             206.518           3.162e+02     
 100.000         290.000            1.669e+00           1.669e+00              37.907           6.495e-08             208.330           3.162e+02     
 105.000         290.000            1.356e+00           1.356e+00              37.760           1.255e-07             211.586           3.162e+02     
 110.000         290.000            1.002e+00           1.002e+00              37.859           1.825e-07             217.246           3.162e+02     
 115.000         290.000            6.698e-01           6.698e-01              38.480           2.217e-07             225.071           3.162e+02     
 120.000         290.000            4.055e-01           4.055e-01              39.772           2.594e-07             236.499           3.162e+02     
 125.000         290.000            2.278e-01           2.278e-01              41.115           3.098e-07             248.751           3.162e+02     
 130.000         290.000            1.260e-01           1.260e-01              39.569           3.745e-07             258.482           3.162e+02     
 135.000         290.000            7.855e-02           7.855e-02              28.624           4.053e-07             263.706           3.162e+02     
 140.000         290.000            7.638e-02           7.638e-02               5.257           3.839e-07             262.920           3.162e+02     
 145.000         290.000            1.276e-01           1.276e-01             342.459           3.040e-07             254.516           3.162e+02     
 150.000         290.000            2.316e-01           2.316e-01             327.805           1.939e-07             238.818           3.162e+02     
 155.000         290.000            3.462e-01           3.462e-01             318.049           1.420e-07             212.109           3.162e+02     
 160.000         290.000            3.951e-01           3.951e-01             310.430           1.286e-07             182.342           3.162e+02     
 165.000         290.000            3.277e-01           3.277e-01             303.681           1.384e-07             156.106           3.162e+02     
 170.000         290.000            1.783e-01           1.783e-01             297.130           1.393e-07             132.202           3.162e+02     
 175.000         290.000            4.549e-02           4.549e-02             290.190           1.460e-07             111.210           3.162e+02     
 180.000         290.000            1.099e-06           9.792e-07             333.771           1.202e-07              87.529           3.187e+00     
   0.000         295.000            1.099e-06           9.966e-07             332.182           1.027e-07             253.263           3.187e+00     
   5.000         295.000            4.589e-02           4.589e-02             290.183           1.104e-07             282.368           3.162e+02     
  10.000         295.000            1.835e-01           1.835e-01             297.317           9.768e-08             308.606           3.162e+02     
  15.000         295.000            3.496e-01           3.496e-01             304.189           9.577e-08             339.645           3.162e+02     
  20.000         295.000            4.459e-01           4.459e-01             311.208           9.756e-08              13.752           3.162e+02     
  25.000         295.000            4.246e-01           4.246e-01             318.697           1.565e-07              44.959           3.162e+02     
  30.000         295.000            3.180e-01           3.180e-01             327.189           2.540e-07              70.988           3.162e+02     
  35.000         295.000            1.971e-01           1.971e-01             337.934           4.076e-07              83.437           3.162e+02     
  40.000         295.000            1.151e-01           1.151e-01             353.218           5.042e-07              88.858           3.162e+02     
  45.000         295.000            8.652e-02           8.652e-02              12.970           5.079e-07              88.074           3.162e+02     
  50.000         295.000            1.059e-01           1.059e-01              28.797           4.472e-07              81.988           3.162e+02     
  55.000         295.000            1.734e-01           1.734e-01              35.621           3.430e-07              71.870           3.162e+02     
  60.000         295.000            3.002e-01           3.002e-01              37.184           2.605e-07              58.900           3.162e+02     
  65.000         295.000            4.930e-01           4.930e-01              37.150           2.065e-07              46.004           3.162e+02     
  70.000         295.000            7.386e-01           7.386e-01              36.962           1.603e-07              35.950           3.162e+02     
  75.000         295.000            1.002e+00           1.002e+00              36.932           1.102e-07              30.246           3.162e+02     
  80.000         295.000            1.235e+00           1.235e+00              37.020           5.624e-08              26.086           3.162e+02     
  85.000         295.000            1.395e+00           1.395e+00              37.124           1.535e-08              23.875           3.162e+02     
  90.000         295.000            1.452e+00           1.452e+00              37.167           7.425e-13             130.493           3.162e+02     
  95.000         295.000            1.395e+00           1.395e+00              37.124           1.534e-08             203.836           3.162e+02     
 100.000         295.000            1.235e+00           1.235e+00              37.020           5.624e-08             206.066           3.162e+02     
 105.000         295.000            1.002e+00           1.002e+00              36.932           1.102e-07             210.232           3.162e+02     
 110.000         295.000            7.386e-01           7.386e-01              36.962           1.603e-07             215.939           3.162e+02     
 115.000         295.000            4.930e-01           4.930e-01              37.150           2.064e-07             225.995           3.162e+02     
 120.000         295.000            3.002e-01           3.002e-01              37.184           2.604e-07             238.893           3.162e+02     
 125.000         295.000            1.734e-01           1.734e-01              35.621           3.429e-07             251.865           3.162e+02     
 130.000         295.000            1.059e-01           1.059e-01              28.797           4.472e-07             261.984           3.162e+02     
 135.000         295.000            8.652e-02           8.652e-02              12.970           5.079e-07             268.071           3.162e+02     
 140.000         295.000            1.151e-01           1.151e-01             353.218           5.042e-07             268.855           3.162e+02     
 145.000         295.000            1.971e-01           1.971e-01             337.934           4.076e-07             263.432           3.162e+02     
 150.000         295.000            3.180e-01           3.180e-01             327.189           2.540e-07             250.979           3.162e+02     
 155.000         295.000            4.246e-01           4.246e-01             318.697           1.565e-07             224.949           3.162e+02     
 160.000         295.000            4.459e-01           4.459e-01             311.208           9.762e-08             193.746           3.162e+02     
 165.000         295.000            3.496e-01           3.496e-01             304.189           9.584e-08             159.650           3.162e+02     
 170.000         295.000            1.835e-01           1.835e-01             297.317           9.773e-08             128.619           3.162e+02     
 175.000         295.000            4.589e-02           4.589e-02             290.183           1.104e-07             102.380           3.162e+02     
 180.000         295.000            1.099e-06           9.967e-07             332.183           1.027e-07              73.273           3.187e+00     
   0.000         300.000            1.099e-06           1.001e-06             330.612           9.886e-08             237.505           3.187e+00     
   5.000         300.000            4.625e-02           4.625e-02             290.111           8.338e-08             270.026           3.162e+02     
  10.000         300.000            1.889e-01           1.889e-01             297.377           5.853e-08             301.910           3.162e+02     
  15.000         300.000            3.736e-01           3.736e-01             304.486           5.050e-08             345.788           3.162e+02     
  20.000         300.000            5.045e-01           5.045e-01             311.663           6.657e-08              33.591           3.162e+02     
  25.000         300.000            5.205e-01           5.205e-01             318.927           1.619e-07              66.828           3.162e+02     
  30.000         300.000            4.329e-01           4.329e-01             326.306           3.245e-07              86.462           3.162e+02     
  35.000         300.000            3.022e-01           3.022e-01             334.127           5.067e-07              95.061           3.162e+02     
  40.000         300.000            1.893e-01           1.893e-01             343.360           6.166e-07              97.061           3.162e+02     
  45.000         300.000            1.235e-01           1.235e-01             355.320           5.791e-07              95.080           3.162e+02     
  50.000         300.000            1.059e-01           1.059e-01               9.014           4.542e-07              89.435           3.162e+02     
  55.000         300.000            1.308e-01           1.308e-01              19.795           3.302e-07              79.021           3.162e+02     
  60.000         300.000            1.978e-01           1.978e-01              25.624           2.267e-07              65.448           3.162e+02     
  65.000         300.000            3.067e-01           3.067e-01              28.276           1.669e-07              51.377           3.162e+02     
  70.000         300.000            4.478e-01           4.478e-01              29.541           1.244e-07              40.178           3.162e+02     
  75.000         300.000            5.997e-01           5.997e-01              30.257           8.298e-08              32.799           3.162e+02     
  80.000         300.000            7.344e-01           7.344e-01              30.712           4.233e-08              28.511           3.162e+02     
  85.000         300.000            8.267e-01           8.267e-01              30.980           1.158e-08              26.316           3.162e+02     
  90.000         300.000            8.594e-01           8.594e-01              31.070           5.068e-13             174.221           3.162e+02     
  95.000         300.000            8.267e-01           8.267e-01              30.980           1.157e-08             206.269           3.162e+02     
 100.000         300.000            7.344e-01           7.344e-01              30.712           4.232e-08             208.487           3.162e+02     
 105.000         300.000            5.997e-01           5.997e-01              30.257           8.296e-08             212.783           3.162e+02     
 110.000         300.000            4.478e-01           4.478e-01              29.541           1.244e-07             220.166           3.162e+02     
 115.000         300.000            3.067e-01           3.067e-01              28.276           1.668e-07             231.368           3.162e+02     
 120.000         300.000            1.978e-01           1.978e-01              25.624           2.267e-07             245.443           3.162e+02     
 125.000         300.000            1.308e-01           1.308e-01              19.795           3.301e-07             259.018           3.162e+02     
 130.000         300.000            1.059e-01           1.059e-01               9.014           4.541e-07             269.433           3.162e+02     
 135.000         300.000            1.235e-01           1.235e-01             355.320           5.790e-07             275.079           3.162e+02     
 140.000         300.000            1.893e-01           1.893e-01             343.360           6.165e-07             277.058           3.162e+02     
 145.000         300.000            3.022e-01           3.022e-01             334.127           5.066e-07             275.057           3.162e+02     
 150.000         300.000            4.329e-01           4.329e-01             326.306           3.245e-07             266.455           3.162e+02     
 155.000         300.000            5.205e-01           5.205e-01             318.927           1.619e-07             246.815           3.162e+02     
 160.000         300.000            5.045e-01           5.045e-01             311.663           6.661e-08             213.574           3.162e+02     
 165.000         300.000            3.736e-01           3.736e-01             304.486           5.055e-08             165.790           3.162e+02     
 170.000         300.000            1.889e-01           1.889e-01             297.377           5.856e-08             121.927           3.162e+02     
 175.000         300.000            4.625e-02           4.625e-02             290.111           8.340e-08              90.042           3.162e+02     
 180.000         300.000            1.099e-06           1.001e-06             330.613           9.885e-08              57.514           3.187e+00     
   0.000         305.000            1.099e-06           9.907e-07             329.036           1.087e-07             222.193           3.187e+00     
   5.000         305.000            4.657e-02           4.657e-02             289.971           6.757e-08             253.366           3.162e+02     
  10.000         305.000            1.943e-01           1.943e-01             297.296           2.847e-08             287.454           3.162e+02     
  15.000         305.000            3.986e-01           3.986e-01             304.543           1.622e-08               1.929           3.162e+02     
  20.000         305.000            5.681e-01           5.681e-01             311.768           6.067e-08              63.199           3.162e+02     
  25.000         305.000            6.304e-01           6.304e-01             318.756           2.052e-07              91.072           3.162e+02     
  30.000         305.000            5.745e-01           5.745e-01             325.221           4.415e-07             101.215           3.162e+02     
  35.000         305.000            4.464e-01           4.464e-01             331.013           6.475e-07             106.668           3.162e+02     
  40.000         305.000            3.098e-01           3.098e-01             336.288           7.242e-07             107.186           3.162e+02     
  45.000         305.000            2.082e-01           2.082e-01             341.626           6.241e-07             106.621           3.162e+02     
  50.000         305.000            1.532e-01           1.532e-01             347.774           4.389e-07             101.983           3.162e+02     
  55.000         305.000            1.390e-01           1.390e-01             354.669           2.678e-07              92.848           3.162e+02     
  60.000         305.000            1.576e-01           1.576e-01               1.038           1.665e-07              79.071           3.162e+02     
  65.000         305.000            2.026e-01           2.026e-01               5.853           1.079e-07              63.920           3.162e+02     
  70.000         305.000            2.659e-01           2.659e-01               9.120           7.486e-08              50.928           3.162e+02     
  75.000         305.000            3.352e-01           3.352e-01              11.255           4.911e-08              42.358           3.162e+02     
  80.000         305.000            3.970e-01           3.970e-01              12.599           2.517e-08              37.604           3.162e+02     
  85.000         305.000            4.392e-01           4.392e-01              13.346           6.951e-09              35.347           3.162e+02     
  90.000         305.000            4.541e-01           4.541e-01              13.586           6.008e-13             205.344           3.162e+02     
  95.000         305.000            4.392e-01           4.392e-01              13.346           6.942e-09             215.300           3.162e+02     
 100.000         305.000            3.970e-01           3.970e-01              12.599           2.515e-08             217.580           3.162e+02     
 105.000         305.000            3.352e-01           3.352e-01              11.255           4.909e-08             222.343           3.162e+02     
 110.000         305.000            2.659e-01           2.659e-01               9.120           7.482e-08             230.918           3.162e+02     
 115.000         305.000            2.026e-01           2.026e-01               5.853           1.078e-07             243.914           3.162e+02     
 120.000         305.000            1.576e-01           1.576e-01               1.038           1.665e-07             259.070           3.162e+02     
 125.000         305.000            1.390e-01           1.390e-01             354.669           2.677e-07             272.848           3.162e+02     
 130.000         305.000            1.532e-01           1.532e-01             347.774           4.388e-07             281.983           3.162e+02     
 135.000         305.000            2.082e-01           2.082e-01             341.626           6.240e-07             286.621           3.162e+02     
 140.000         305.000            3.098e-01           3.098e-01             336.288           7.241e-07             287.185           3.162e+02     
 145.000         305.000            4.464e-01           4.464e-01             331.013           6.474e-07             286.665           3.162e+02     
 150.000         305.000            5.745e-01           5.745e-01             325.221           4.414e-07             281.210           3.162e+02     
 155.000         305.000            6.304e-01           6.304e-01             318.756           2.052e-07             271.062           3.162e+02     
 160.000         305.000            5.681e-01           5.681e-01             311.768           6.068e-08             243.174           3.162e+02     
 165.000         305.000            3.986e-01           3.986e-01             304.543           1.625e-08             181.914           3.162e+02     
 170.000         305.000            1.943e-01           1.943e-01             297.296           2.849e-08             107.483           3.162e+02     
 175.000         305.000            4.657e-02           4.657e-02             289.971           6.758e-08              73.384           3.162e+02     
 180.000         305.000            1.099e-06           9.908e-07             329.038           1.087e-07              42.200           3.187e+00     
   0.000         310.000            1.099e-06           9.675e-07             327.434           1.319e-07             208.976           3.187e+00     
   5.000         310.000            4.682e-02           4.682e-02             289.762           6.543e-08             233.627           3.162e+02     
  10.000         310.000            1.994e-01           1.994e-01             297.059           1.387e-08             252.875           3.162e+02     
  15.000         310.000            4.235e-01           4.235e-01             304.338           5.150e-09              70.179           3.162e+02     
  20.000         310.000            6.336e-01           6.336e-01             311.507           9.249e-08              95.841           3.162e+02     
  25.000         310.000            7.481e-01           7.481e-01             318.192           3.182e-07             107.913           3.162e+02     
  30.000         310.000            7.349e-01           7.349e-01             323.945           6.169e-07             113.425           3.162e+02     
  35.000         310.000            6.230e-01           6.230e-01             328.402           8.197e-07             117.983           3.162e+02     
  40.000         310.000            4.753e-01           4.753e-01             331.363           8.401e-07             120.824           3.162e+02     
  45.000         310.000            3.470e-01           3.470e-01             332.894           6.726e-07             120.818           3.162e+02     
  50.000         310.000            2.632e-01           2.632e-01             333.483           4.203e-07             120.309           3.162e+02     
  55.000         310.000            2.232e-01           2.232e-01             333.992           2.137e-07             116.801           3.162e+02     
  60.000         310.000            2.170e-01           2.170e-01             335.107           9.413e-08             108.817           3.162e+02     
  65.000         310.000            2.340e-01           2.340e-01             336.824           4.453e-08              93.451           3.162e+02     
  70.000         310.000            2.646e-01           2.646e-01             338.708           2.261e-08              76.130           3.162e+02     
  75.000         310.000            2.997e-01           2.997e-01             340.371           1.356e-08              61.910           3.162e+02     
  80.000         310.000            3.311e-01           3.311e-01             341.615           7.137e-09              53.867           3.162e+02     
  85.000         310.000            3.524e-01           3.524e-01             342.371           2.063e-09              50.239           3.162e+02     
  90.000         310.000            3.599e-01           3.599e-01             342.623           5.547e-13             219.674           3.162e+02     
  95.000         310.000            3.524e-01           3.524e-01             342.371           2.056e-09             230.205           3.162e+02     
 100.000         310.000            3.311e-01           3.311e-01             341.615           7.124e-09             233.853           3.162e+02     
 105.000         310.000            2.997e-01           2.997e-01             340.371           1.354e-08             241.906           3.162e+02     
 110.000         310.000            2.646e-01           2.646e-01             338.708           2.259e-08             256.135           3.162e+02     
 115.000         310.000            2.340e-01           2.340e-01             336.824           4.450e-08             273.460           3.162e+02     
 120.000         310.000            2.170e-01           2.170e-01             335.107           9.409e-08             288.826           3.162e+02     
 125.000         310.000            2.232e-01           2.232e-01             333.992           2.136e-07             296.807           3.162e+02     
 130.000         310.000            2.632e-01           2.632e-01             333.483           4.203e-07             300.313           3.162e+02     
 135.000         310.000            3.470e-01           3.470e-01             332.894           6.725e-07             300.820           3.162e+02     
 140.000         310.000            4.753e-01           4.753e-01             331.363           8.400e-07             300.825           3.162e+02     
 145.000         310.000            6.230e-01           6.230e-01             328.402           8.196e-07             297.982           3.162e+02     
 150.000         310.000            7.349e-01           7.349e-01             323.945           6.168e-07             293.422           3.162e+02     
 155.000         310.000            7.481e-01           7.481e-01             318.192           3.181e-07             287.906           3.162e+02     
 160.000         310.000            6.336e-01           6.336e-01             311.507           9.246e-08             275.823           3.162e+02     
 165.000         310.000            4.235e-01           4.235e-01             304.338           5.150e-09             250.091           3.162e+02     
 170.000         310.000            1.994e-01           1.994e-01             297.059           1.387e-08              72.924           3.162e+02     
 175.000         310.000            4.682e-02           4.682e-02             289.762           6.542e-08              53.644           3.162e+02     
 180.000         310.000            1.099e-06           9.676e-07             327.436           1.319e-07              28.982           3.187e+00     
   0.000         315.000            1.099e-06           9.316e-07             325.782           1.678e-07             198.373           3.187e+00     
   5.000         315.000            4.701e-02           4.701e-02             289.482           7.884e-08             214.727           3.162e+02     
  10.000         315.000            2.040e-01           2.040e-01             296.659           1.956e-08             206.295           3.162e+02     
  15.000         315.000            4.469e-01           4.469e-01             303.855           2.054e-08             118.982           3.162e+02     
  20.000         315.000            6.968e-01           6.968e-01             310.869           1.744e-07             114.590           3.162e+02     
  25.000         315.000            8.647e-01           8.647e-01             317.238           4.861e-07             119.090           3.162e+02     
  30.000         315.000            8.996e-01           8.996e-01             322.448           8.192e-07             122.336           3.162e+02     
  35.000         315.000            8.133e-01           8.133e-01             326.065           1.048e-06             128.052           3.162e+02     
  40.000         315.000            6.652e-01           6.652e-01             327.768           9.987e-07             132.839           3.162e+02     
  45.000         315.000            5.208e-01           5.208e-01             327.443           7.451e-07             137.848           3.162e+02     
  50.000         315.000            4.186e-01           4.186e-01             325.412           4.513e-07             142.859           3.162e+02     
  55.000         315.000            3.668e-01           3.668e-01             322.601           2.311e-07             150.818           3.162e+02     
  60.000         315.000            3.568e-01           3.568e-01             320.135           1.030e-07             160.218           3.162e+02     
  65.000         315.000            3.753e-01           3.753e-01             318.614           4.192e-08             170.543           3.162e+02     
  70.000         315.000            4.096e-01           4.096e-01             317.972           1.595e-08             180.110           3.162e+02     
  75.000         315.000            4.483e-01           4.483e-01             317.866           5.524e-09             186.914           3.162e+02     
  80.000         315.000            4.822e-01           4.822e-01             317.980           1.528e-09             184.044           3.162e+02     
  85.000         315.000            5.050e-01           5.050e-01             318.115           2.751e-10             183.649           3.162e+02     
  90.000         315.000            5.130e-01           5.130e-01             318.170           2.807e-13             220.678           3.162e+02     
  95.000         315.000            5.050e-01           5.050e-01             318.115           2.768e-10               3.841           3.162e+02     
 100.000         315.000            4.822e-01           4.822e-01             317.980           1.532e-09               4.126           3.162e+02     
 105.000         315.000            4.483e-01           4.483e-01             317.866           5.533e-09               6.956           3.162e+02     
 110.000         315.000            4.096e-01           4.096e-01             317.972           1.596e-08               0.138           3.162e+02     
 115.000         315.000            3.753e-01           3.753e-01             318.614           4.193e-08             350.563           3.162e+02     
 120.000         315.000            3.568e-01           3.568e-01             320.135           1.030e-07             340.231           3.162e+02     
 125.000         315.000            3.668e-01           3.668e-01             322.601           2.311e-07             330.826           3.162e+02     
 130.000         315.000            4.186e-01           4.186e-01             325.412           4.513e-07             322.864           3.162e+02     
 135.000         315.000            5.208e-01           5.208e-01             327.443           7.450e-07             317.851           3.162e+02     
 140.000         315.000            6.652e-01           6.652e-01             327.768           9.986e-07             312.841           3.162e+02     
 145.000         315.000            8.133e-01           8.133e-01             326.065           1.048e-06             308.053           3.162e+02     
 150.000         315.000            8.996e-01           8.996e-01             322.448           8.190e-07             302.335           3.162e+02     
 155.000         315.000            8.647e-01           8.647e-01             317.238           4.860e-07             299.087           3.162e+02     
 160.000         315.000            6.968e-01           6.968e-01             310.869           1.743e-07             294.581           3.162e+02     
 165.000         315.000            4.469e-01           4.469e-01             303.855           2.052e-08             298.956           3.162e+02     
 170.000         315.000            2.040e-01           2.040e-01             296.659           1.954e-08              26.325           3.162e+02     
 175.000         315.000            4.701e-02           4.701e-02             289.482           7.882e-08              34.739           3.162e+02     
 180.000         315.000            1.099e-06           9.317e-07             325.784           1.678e-07              18.377           3.187e+00     
   0.000         320.000            1.099e-06           8.841e-07             324.054           2.153e-07             190.093           3.187e+00     
   5.000         320.000            4.712e-02           4.712e-02             289.129           1.089e-07             199.777           3.162e+02     
  10.000         320.000            2.078e-01           2.078e-01             296.086           4.795e-08             182.911           3.162e+02     
  15.000         320.000            4.675e-01           4.675e-01             303.082           8.174e-08             138.744           3.162e+02     
  20.000         320.000            7.534e-01           7.534e-01             309.842           2.935e-07             124.505           3.162e+02     
  25.000         320.000            9.701e-01           9.701e-01             315.878           6.800e-07             126.248           3.162e+02     
  30.000         320.000            1.050e+00           1.050e+00             320.672           1.072e-06             130.914           3.162e+02     
  35.000         320.000            9.890e-01           9.890e-01             323.782           1.266e-06             135.511           3.162e+02     
  40.000         320.000            8.429e-01           8.429e-01             324.862           1.158e-06             143.040           3.162e+02     
  45.000         320.000            6.852e-01           6.852e-01             323.737           8.695e-07             152.927           3.162e+02     
  50.000         320.000            5.673e-01           5.673e-01             320.652           5.877e-07             165.411           3.162e+02     
  55.000         320.000            5.066e-01           5.066e-01             316.507           3.767e-07             179.114           3.162e+02     
  60.000         320.000            4.972e-01           4.972e-01             312.548           2.612e-07             194.727           3.162e+02     
  65.000         320.000            5.246e-01           5.246e-01             309.600           1.845e-07             207.074           3.162e+02     
  70.000         320.000            5.726e-01           5.726e-01             307.777           1.220e-07             215.325           3.162e+02     
  75.000         320.000            6.262e-01           6.262e-01             306.797           6.966e-08             220.287           3.162e+02     
  80.000         320.000            6.732e-01           6.732e-01             306.331           3.081e-08             222.963           3.162e+02     
  85.000         320.000            7.048e-01           7.048e-01             306.138           7.596e-09             224.241           3.162e+02     
  90.000         320.000            7.159e-01           7.159e-01             306.088           5.494e-14             178.004           3.162e+02     
  95.000         320.000            7.048e-01           7.048e-01             306.138           7.609e-09              44.237           3.162e+02     
 100.000         320.000            6.732e-01           6.732e-01             306.331           3.083e-08              42.962           3.162e+02     
 105.000         320.000            6.262e-01           6.262e-01             306.797           6.970e-08              40.287           3.162e+02     
 110.000         320.000            5.726e-01           5.726e-01             307.777           1.220e-07              35.326           3.162e+02     
 115.000         320.000            5.246e-01           5.246e-01             309.600           1.846e-07              27.077           3.162e+02     
 120.000         320.000            4.972e-01           4.972e-01             312.548           2.613e-07              14.732           3.162e+02     
 125.000         320.000            5.066e-01           5.066e-01             316.507           3.767e-07             359.119           3.162e+02     
 130.000         320.000            5.673e-01           5.673e-01             320.652           5.878e-07             345.415           3.162e+02     
 135.000         320.000            6.852e-01           6.852e-01             323.737           8.695e-07             332.930           3.162e+02     
 140.000         320.000            8.429e-01           8.429e-01             324.862           1.158e-06             323.043           3.162e+02     
 145.000         320.000            9.890e-01           9.890e-01             323.782           1.266e-06             315.513           3.162e+02     
 150.000         320.000            1.050e+00           1.050e+00             320.672           1.072e-06             310.915           3.162e+02     
 155.000         320.000            9.701e-01           9.701e-01             315.878           6.798e-07             306.246           3.162e+02     
 160.000         320.000            7.534e-01           7.534e-01             309.842           2.934e-07             304.501           3.162e+02     
 165.000         320.000            4.675e-01           4.675e-01             303.082           8.169e-08             318.740           3.162e+02     
 170.000         320.000            2.078e-01           2.078e-01             296.086           4.792e-08               2.922           3.162e+02     
 175.000         320.000            4.712e-02           4.712e-02             289.129           1.089e-07              19.785           3.162e+02     
 180.000         320.000            1.099e-06           8.842e-07             324.056           2.153e-07              10.096           3.187e+00     
   0.000         325.000            1.099e-06           8.264e-07             322.219           2.730e-07             183.610           3.187e+00     
   5.000         325.000            4.714e-02           4.714e-02             288.703           1.559e-07             188.996           3.162e+02     
  10.000         325.000            2.108e-01           2.108e-01             295.337           9.871e-08             173.038           3.162e+02     
  15.000         325.000            4.842e-01           4.842e-01             302.007           1.619e-07             143.175           3.162e+02     
  20.000         325.000            7.994e-01           7.994e-01             308.412           4.248e-07             130.150           3.162e+02     
  25.000         325.000            1.055e+00           1.055e+00             314.081           8.308e-07             130.948           3.162e+02     
  30.000         325.000            1.167e+00           1.167e+00             318.530           1.266e-06             135.316           3.162e+02     
  35.000         325.000            1.121e+00           1.121e+00             321.342           1.423e-06             142.143           3.162e+02     
  40.000         325.000            9.684e-01           9.684e-01             322.174           1.255e-06             150.906           3.162e+02     
  45.000         325.000            7.903e-01           7.903e-01             320.812           1.003e-06             164.229           3.162e+02     
  50.000         325.000            6.490e-01           6.490e-01             317.405           7.810e-07             180.606           3.162e+02     
  55.000         325.000            5.692e-01           5.692e-01             312.764           6.500e-07             197.186           3.162e+02     
  60.000         325.000            5.477e-01           5.477e-01             308.164           5.668e-07             210.613           3.162e+02     
  65.000         325.000            5.690e-01           5.690e-01             304.588           4.550e-07             219.176           3.162e+02     
  70.000         325.000            6.153e-01           6.153e-01             302.279           3.374e-07             224.896           3.162e+02     
  75.000         325.000            6.700e-01           6.700e-01             300.981           2.086e-07             228.161           3.162e+02     
  80.000         325.000            7.194e-01           7.194e-01             300.331           9.789e-08             229.907           3.162e+02     
  85.000         325.000            7.531e-01           7.531e-01             300.047           2.515e-08             230.775           3.162e+02     
  90.000         325.000            7.650e-01           7.650e-01             299.970           2.213e-13              97.792           3.162e+02     
  95.000         325.000            7.531e-01           7.531e-01             300.047           2.517e-08              50.772           3.162e+02     
 100.000         325.000            7.194e-01           7.194e-01             300.331           9.793e-08              49.905           3.162e+02     
 105.000         325.000            6.700e-01           6.700e-01             300.981           2.087e-07              48.160           3.162e+02     
 110.000         325.000            6.153e-01           6.153e-01             302.279           3.374e-07              44.896           3.162e+02     
 115.000         325.000            5.690e-01           5.690e-01             304.588           4.551e-07              39.176           3.162e+02     
 120.000         325.000            5.477e-01           5.477e-01             308.164           5.669e-07              30.614           3.162e+02     
 125.000         325.000            5.692e-01           5.692e-01             312.764           6.501e-07              17.189           3.162e+02     
 130.000         325.000            6.490e-01           6.490e-01             317.405           7.810e-07               0.609           3.162e+02     
 135.000         325.000            7.903e-01           7.903e-01             320.812           1.003e-06             344.232           3.162e+02     
 140.000         325.000            9.684e-01           9.684e-01             322.174           1.255e-06             330.909           3.162e+02     
 145.000         325.000            1.121e+00           1.121e+00             321.342           1.423e-06             322.145           3.162e+02     
 150.000         325.000            1.167e+00           1.167e+00             318.530           1.266e-06             315.317           3.162e+02     
 155.000         325.000            1.055e+00           1.055e+00             314.081           8.307e-07             310.948           3.162e+02     
 160.000         325.000            7.994e-01           7.994e-01             308.412           4.247e-07             310.148           3.162e+02     
 165.000         325.000            4.842e-01           4.842e-01             302.007           1.618e-07             323.174           3.162e+02     
 170.000         325.000            2.108e-01           2.108e-01             295.337           9.866e-08             353.044           3.162e+02     
 175.000         325.000            4.714e-02           4.714e-02             288.703           1.559e-07               9.002           3.162e+02     
 180.000         325.000            1.099e-06           8.265e-07             322.221           2.729e-07               3.612           3.187e+00     
   0.000         330.000            1.099e-06           7.604e-07             320.241           3.390e-07             178.448           3.187e+00     
   5.000         330.000            4.705e-02           4.705e-02             288.206           2.189e-07             181.316           3.162e+02     
  10.000         330.000            2.126e-01           2.126e-01             294.411           1.689e-07             168.207           3.162e+02     
  15.000         330.000            4.961e-01           4.961e-01             300.626           2.539e-07             146.087           3.162e+02     
  20.000         330.000            8.320e-01           8.320e-01             306.563           5.634e-07             135.929           3.162e+02     
  25.000         330.000            1.111e+00           1.111e+00             311.800           9.629e-07             133.819           3.162e+02     
  30.000         330.000            1.239e+00           1.239e+00             315.915           1.348e-06             137.927           3.162e+02     
  35.000         330.000            1.189e+00           1.189e+00             318.534           1.442e-06             145.342           3.162e+02     
  40.000         330.000            1.016e+00           1.016e+00             319.328           1.286e-06             156.946           3.162e+02     
  45.000         330.000            8.072e-01           8.072e-01             318.048           1.042e-06             171.197           3.162e+02     
  50.000         330.000            6.340e-01           6.340e-01             314.734           9.135e-07             189.751           3.162e+02     
  55.000         330.000            5.251e-01           5.251e-01             310.050           8.825e-07             206.196           3.162e+02     
  60.000         330.000            4.775e-01           4.775e-01             305.262           8.467e-07             217.577           3.162e+02     
  65.000         330.000            4.749e-01           4.749e-01             301.517           7.415e-07             224.753           3.162e+02     
  70.000         330.000            4.994e-01           4.994e-01             299.189           5.634e-07             228.952           3.162e+02     
  75.000         330.000            5.357e-01           5.357e-01             298.012           3.554e-07             231.262           3.162e+02     
  80.000         330.000            5.711e-01           5.711e-01             297.532           1.695e-07             232.447           3.162e+02     
  85.000         330.000            5.963e-01           5.963e-01             297.386           4.407e-08             233.072           3.162e+02     
  90.000         330.000            6.053e-01           6.053e-01             297.359           7.489e-13              80.758           3.162e+02     
  95.000         330.000            5.963e-01           5.963e-01             297.386           4.409e-08              53.076           3.162e+02     
 100.000         330.000            5.711e-01           5.711e-01             297.532           1.696e-07              52.449           3.162e+02     
 105.000         330.000            5.357e-01           5.357e-01             298.012           3.555e-07              51.263           3.162e+02     
 110.000         330.000            4.994e-01           4.994e-01             299.189           5.635e-07              48.952           3.162e+02     
 115.000         330.000            4.749e-01           4.749e-01             301.517           7.416e-07              44.754           3.162e+02     
 120.000         330.000            4.775e-01           4.775e-01             305.262           8.468e-07              37.578           3.162e+02     
 125.000         330.000            5.251e-01           5.251e-01             310.050           8.826e-07              26.198           3.162e+02     
 130.000         330.000            6.340e-01           6.340e-01             314.734           9.136e-07               9.754           3.162e+02     
 135.000         330.000            8.072e-01           8.072e-01             318.048           1.042e-06             351.200           3.162e+02     
 140.000         330.000            1.016e+00           1.016e+00             319.328           1.286e-06             336.949           3.162e+02     
 145.000         330.000            1.189e+00           1.189e+00             318.534           1.442e-06             325.344           3.162e+02     
 150.000         330.000            1.239e+00           1.239e+00             315.915           1.348e-06             317.928           3.162e+02     
 155.000         330.000            1.111e+00           1.111e+00             311.800           9.627e-07             313.820           3.162e+02     
 160.000         330.000            8.320e-01           8.320e-01             306.563           5.633e-07             315.929           3.162e+02     
 165.000         330.000            4.961e-01           4.961e-01             300.626           2.538e-07             326.087           3.162e+02     
 170.000         330.000            2.126e-01           2.126e-01             294.411           1.689e-07             348.211           3.162e+02     
 175.000         330.000            4.705e-02           4.705e-02             288.206           2.189e-07               1.320           3.162e+02     
 180.000         330.000            1.099e-06           7.604e-07             320.243           3.390e-07             358.450           3.187e+00     
   0.000         335.000            1.099e-06           6.879e-07             318.072           4.115e-07             174.246           3.187e+00     
   5.000         335.000            4.687e-02           4.686e-02             287.639           2.962e-07             175.708           3.162e+02     
  10.000         335.000            2.132e-01           2.132e-01             293.308           2.540e-07             165.588           3.162e+02     
  15.000         335.000            5.028e-01           5.028e-01             298.936           3.446e-07             148.574           3.162e+02     
  20.000         335.000            8.497e-01           8.497e-01             304.272           6.288e-07             138.698           3.162e+02     
  25.000         335.000            1.137e+00           1.137e+00             308.976           9.939e-07             135.354           3.162e+02     
  30.000         335.000            1.260e+00           1.260e+00             312.701           1.290e-06             139.042           3.162e+02     
  35.000         335.000            1.189e+00           1.189e+00             315.128           1.303e-06             147.014           3.162e+02     
  40.000         335.000            9.842e-01           9.842e-01             315.959           1.149e-06             159.036           3.162e+02     
  45.000         335.000            7.424e-01           7.424e-01             314.944           9.703e-07             176.119           3.162e+02     
  50.000         335.000            5.400e-01           5.400e-01             312.047           9.155e-07             195.279           3.162e+02     
  55.000         335.000            4.063e-01           4.063e-01             307.803           9.444e-07             210.346           3.162e+02     
  60.000         335.000            3.353e-01           3.353e-01             303.468           9.244e-07             220.133           3.162e+02     
  65.000         335.000            3.084e-01           3.084e-01             300.361           8.336e-07             226.181           3.162e+02     
  70.000         335.000            3.084e-01           3.084e-01             298.957           6.437e-07             229.437           3.162e+02     
  75.000         335.000            3.223e-01           3.223e-01             298.845           4.111e-07             231.095           3.162e+02     
  80.000         335.000            3.402e-01           3.402e-01             299.317           1.974e-07             231.741           3.162e+02     
  85.000         335.000            3.545e-01           3.545e-01             299.811           5.160e-08             231.982           3.162e+02     
  90.000         335.000            3.598e-01           3.598e-01             300.008           1.122e-12              69.645           3.162e+02     
  95.000         335.000            3.545e-01           3.545e-01             299.811           5.163e-08              51.995           3.162e+02     
 100.000         335.000            3.402e-01           3.402e-01             299.317           1.974e-07              51.748           3.162e+02     
 105.000         335.000            3.223e-01           3.223e-01             298.845           4.112e-07              51.099           3.162e+02     
 110.000         335.000            3.084e-01           3.084e-01             298.957           6.438e-07              49.440           3.162e+02     
 115.000         335.000            3.084e-01           3.084e-01             300.361           8.337e-07              46.183           3.162e+02     
 120.000         335.000            3.353e-01           3.353e-01             303.467           9.245e-07              40.135           3.162e+02     
 125.000         335.000            4.063e-01           4.063e-01             307.803           9.445e-07              30.348           3.162e+02     
 130.000         335.000            5.400e-01           5.400e-01             312.047           9.156e-07              15.282           3.162e+02     
 135.000         335.000            7.424e-01           7.424e-01             314.944           9.703e-07             356.123           3.162e+02     
 140.000         335.000            9.842e-01           9.842e-01             315.959           1.149e-06             339.039           3.162e+02     
 145.000         335.000            1.189e+00           1.189e+00             315.128           1.303e-06             327.016           3.162e+02     
 150.000         335.000            1.260e+00           1.260e+00             312.701           1.290e-06             319.044           3.162e+02     
 155.000         335.000            1.137e+00           1.137e+00             308.976           9.938e-07             315.356           3.162e+02     
 160.000         335.000            8.497e-01           8.497e-01             304.272           6.287e-07             318.699           3.162e+02     
 165.000         335.000            5.028e-01           5.028e-01             298.936           3.445e-07             328.576           3.162e+02     
 170.000         335.000            2.132e-01           2.132e-01             293.308           2.539e-07             345.592           3.162e+02     
 175.000         335.000            4.687e-02           4.686e-02             287.639           2.962e-07             355.710           3.162e+02     
 180.000         335.000            1.099e-06           6.880e-07             318.074           4.115e-07             354.247           3.187e+00     
   0.000         340.000            1.099e-06           6.112e-07             315.652           4.882e-07             170.745           3.187e+00     
   5.000         340.000            4.657e-02           4.657e-02             287.005           3.853e-07             171.456           3.162e+02     
  10.000         340.000            2.126e-01           2.126e-01             292.033           3.481e-07             164.103           3.162e+02     
  15.000         340.000            5.039e-01           5.039e-01             296.939           4.237e-07             151.078           3.162e+02     
  20.000         340.000            8.528e-01           8.528e-01             301.526           6.438e-07             141.588           3.162e+02     
  25.000         340.000            1.134e+00           1.134e+00             305.548           9.323e-07             138.544           3.162e+02     
  30.000         340.000            1.236e+00           1.236e+00             308.746           1.127e-06             140.607           3.162e+02     
  35.000         340.000            1.134e+00           1.134e+00             310.866           1.064e-06             146.096           3.162e+02     
  40.000         340.000            8.960e-01           8.960e-01             311.666           8.921e-07             158.268           3.162e+02     
  45.000         340.000            6.302e-01           6.302e-01             310.948           7.376e-07             176.114           3.162e+02     
  50.000         340.000            4.148e-01           4.148e-01             308.725           7.104e-07             195.733           3.162e+02     
  55.000         340.000            2.748e-01           2.748e-01             305.600           7.596e-07             210.649           3.162e+02     
  60.000         340.000            1.984e-01           1.984e-01             303.014           7.827e-07             219.861           3.162e+02     
  65.000         340.000            1.641e-01           1.641e-01             302.529           7.126e-07             224.768           3.162e+02     
  70.000         340.000            1.555e-01           1.555e-01             304.443           5.556e-07             227.065           3.162e+02     
  75.000         340.000            1.619e-01           1.619e-01             307.619           3.555e-07             227.729           3.162e+02     
  80.000         340.000            1.751e-01           1.751e-01             310.650           1.714e-07             227.700           3.162e+02     
  85.000         340.000            1.873e-01           1.873e-01             312.680           4.496e-08             227.486           3.162e+02     
  90.000         340.000            1.921e-01           1.921e-01             313.381           9.135e-13              54.256           3.162e+02     
  95.000         340.000            1.873e-01           1.873e-01             312.680           4.499e-08              47.513           3.162e+02     
 100.000         340.000            1.751e-01           1.751e-01             310.650           1.715e-07              47.713           3.162e+02     
 105.000         340.000            1.619e-01           1.619e-01             307.619           3.556e-07              47.737           3.162e+02     
 110.000         340.000            1.555e-01           1.555e-01             304.443           5.557e-07              47.071           3.162e+02     
 115.000         340.000            1.641e-01           1.641e-01             302.529           7.128e-07              44.773           3.162e+02     
 120.000         340.000            1.984e-01           1.984e-01             303.014           7.828e-07              39.865           3.162e+02     
 125.000         340.000            2.748e-01           2.748e-01             305.600           7.596e-07              30.652           3.162e+02     
 130.000         340.000            4.148e-01           4.148e-01             308.725           7.105e-07              15.736           3.162e+02     
 135.000         340.000            6.302e-01           6.302e-01             310.948           7.376e-07             356.119           3.162e+02     
 140.000         340.000            8.960e-01           8.960e-01             311.666           8.921e-07             338.272           3.162e+02     
 145.000         340.000            1.134e+00           1.134e+00             310.866           1.064e-06             326.099           3.162e+02     
 150.000         340.000            1.236e+00           1.236e+00             308.746           1.127e-06             320.610           3.162e+02     
 155.000         340.000            1.134e+00           1.134e+00             305.548           9.322e-07             318.546           3.162e+02     
 160.000         340.000            8.528e-01           8.528e-01             301.526           6.437e-07             321.590           3.162e+02     
 165.000         340.000            5.039e-01           5.039e-01             296.939           4.237e-07             331.081           3.162e+02     
 170.000         340.000            2.126e-01           2.126e-01             292.033           3.481e-07             344.106           3.162e+02     
 175.000         340.000            4.657e-02           4.657e-02             287.005           3.852e-07             351.458           3.162e+02     
 180.000         340.000            1.099e-06           6.113e-07             315.655           4.882e-07             350.746           3.187e+00     
   0.000         345.000            1.099e-06           5.327e-07             312.903           5.667e-07             167.763           3.187e+00     
   5.000         345.000            4.616e-02           4.616e-02             286.308           4.828e-07             168.099           3.162e+02     
  10.000         345.000            2.107e-01           2.107e-01             290.593           4.459e-07             163.248           3.162e+02     
  15.000         345.000            5.000e-01           5.000e-01             294.641           4.858e-07             153.822           3.162e+02     
  20.000         345.000            8.429e-01           8.429e-01             298.314           6.118e-07             145.153           3.162e+02     
  25.000         345.000            1.108e+00           1.108e+00             301.461           7.676e-07             140.536           3.162e+02     
  30.000         345.000            1.181e+00           1.181e+00             303.911           8.379e-07             140.484           3.162e+02     
  35.000         345.000            1.046e+00           1.046e+00             305.481           7.589e-07             145.418           3.162e+02     
  40.000         345.000            7.846e-01           7.846e-01             305.999           5.979e-07             156.025           3.162e+02     
  45.000         345.000            5.118e-01           5.118e-01             305.377           4.489e-07             171.715           3.162e+02     
  50.000         345.000            3.033e-01           3.033e-01             303.863           4.202e-07             192.197           3.162e+02     
  55.000         345.000            1.761e-01           1.761e-01             302.559           4.590e-07             207.561           3.162e+02     
  60.000         345.000            1.116e-01           1.116e-01             303.727           4.888e-07             216.236           3.162e+02     
  65.000         345.000            8.683e-02           8.683e-02             309.247           4.603e-07             220.250           3.162e+02     
  70.000         345.000            8.756e-02           8.755e-02             317.639           3.653e-07             221.224           3.162e+02     
  75.000         345.000            1.053e-01           1.053e-01             325.266           2.385e-07             220.840           3.162e+02     
  80.000         345.000            1.310e-01           1.310e-01             330.362           1.169e-07             219.968           3.162e+02     
  85.000         345.000            1.532e-01           1.532e-01             333.084           3.097e-08             219.171           3.162e+02     
  90.000         345.000            1.619e-01           1.619e-01             333.925           4.353e-13              20.824           3.162e+02     
  95.000         345.000            1.532e-01           1.532e-01             333.084           3.099e-08              39.217           3.162e+02     
 100.000         345.000            1.310e-01           1.310e-01             330.362           1.170e-07              39.990           3.162e+02     
 105.000         345.000            1.053e-01           1.053e-01             325.266           2.386e-07              40.854           3.162e+02     
 110.000         345.000            8.756e-02           8.755e-02             317.639           3.654e-07              41.234           3.162e+02     
 115.000         345.000            8.683e-02           8.683e-02             309.247           4.604e-07              40.257           3.162e+02     
 120.000         345.000            1.116e-01           1.116e-01             303.727           4.889e-07              36.243           3.162e+02     
 125.000         345.000            1.761e-01           1.761e-01             302.559           4.590e-07              27.567           3.162e+02     
 130.000         345.000            3.033e-01           3.033e-01             303.863           4.202e-07              12.203           3.162e+02     
 135.000         345.000            5.118e-01           5.118e-01             305.377           4.490e-07             351.721           3.162e+02     
 140.000         345.000            7.846e-01           7.846e-01             305.999           5.979e-07             336.030           3.162e+02     
 145.000         345.000            1.046e+00           1.046e+00             305.481           7.588e-07             325.422           3.162e+02     
 150.000         345.000            1.181e+00           1.181e+00             303.911           8.379e-07             320.487           3.162e+02     
 155.000         345.000            1.108e+00           1.108e+00             301.461           7.675e-07             320.539           3.162e+02     
 160.000         345.000            8.429e-01           8.429e-01             298.314           6.118e-07             325.156           3.162e+02     
 165.000         345.000            5.000e-01           5.000e-01             294.641           4.857e-07             333.825           3.162e+02     
 170.000         345.000            2.107e-01           2.107e-01             290.593           4.459e-07             343.250           3.162e+02     
 175.000         345.000            4.616e-02           4.616e-02             286.308           4.828e-07             348.101           3.162e+02     
 180.000         345.000            1.099e-06           5.327e-07             312.906           5.667e-07             347.764           3.187e+00     
   0.000         350.000            1.099e-06           4.546e-07             309.714           6.448e-07             165.168           3.187e+00     
   5.000         350.000            4.565e-02           4.565e-02             285.552           5.852e-07             165.338           3.162e+02     
  10.000         350.000            2.076e-01           2.076e-01             288.999           5.424e-07             162.740           3.162e+02     
  15.000         350.000            4.913e-01           4.913e-01             292.056           5.308e-07             156.898           3.162e+02     
  20.000         350.000            8.230e-01           8.230e-01             294.642           5.496e-07             149.997           3.162e+02     
  25.000         350.000            1.067e+00           1.067e+00             296.688           5.701e-07             144.272           3.162e+02     
  30.000         350.000            1.112e+00           1.112e+00             298.100           5.381e-07             141.501           3.162e+02     
  35.000         350.000            9.524e-01           9.524e-01             298.758           4.356e-07             142.853           3.162e+02     
  40.000         350.000            6.823e-01           6.823e-01             298.556           3.033e-07             149.911           3.162e+02     
  45.000         350.000            4.184e-01           4.184e-01             297.540           2.036e-07             165.616           3.162e+02     
  50.000         350.000            2.293e-01           2.293e-01             296.329           1.737e-07             185.986           3.162e+02     
  55.000         350.000            1.223e-01           1.223e-01             296.926           1.930e-07             202.225           3.162e+02     
  60.000         350.000            7.439e-02           7.439e-02             302.867           2.195e-07             210.419           3.162e+02     
  65.000         350.000            6.438e-02           6.438e-02             314.927           2.213e-07             213.134           3.162e+02     
  70.000         350.000            8.177e-02           8.177e-02             326.878           1.869e-07             212.765           3.162e+02     
  75.000         350.000            1.195e-01           1.195e-01             334.322           1.286e-07             211.242           3.162e+02     
  80.000         350.000            1.658e-01           1.658e-01             338.113           6.561e-08             209.537           3.162e+02     
  85.000         350.000            2.039e-01           2.039e-01             339.832           1.780e-08             208.169           3.162e+02     
  90.000         350.000            2.186e-01           2.186e-01             340.324           4.465e-13             317.490           3.162e+02     
  95.000         350.000            2.039e-01           2.039e-01             339.832           1.781e-08              28.242           3.162e+02     
 100.000         350.000            1.658e-01           1.658e-01             338.113           6.564e-08              29.573           3.162e+02     
 105.000         350.000            1.195e-01           1.195e-01             334.322           1.287e-07              31.265           3.162e+02     
 110.000         350.000            8.177e-02           8.177e-02             326.878           1.869e-07              32.783           3.162e+02     
 115.000         350.000            6.438e-02           6.438e-02             314.927           2.213e-07              33.148           3.162e+02     
 120.000         350.000            7.439e-02           7.439e-02             302.867           2.195e-07              30.430           3.162e+02     
 125.000         350.000            1.223e-01           1.223e-01             296.926           1.931e-07              22.236           3.162e+02     
 130.000         350.000            2.293e-01           2.293e-01             296.329           1.737e-07               5.998           3.162e+02     
 135.000         350.000            4.184e-01           4.184e-01             297.540           2.036e-07             345.626           3.162e+02     
 140.000         350.000            6.823e-01           6.823e-01             298.556           3.033e-07             329.919           3.162e+02     
 145.000         350.000            9.524e-01           9.524e-01             298.758           4.356e-07             322.859           3.162e+02     
 150.000         350.000            1.112e+00           1.112e+00             298.100           5.380e-07             321.506           3.162e+02     
 155.000         350.000            1.067e+00           1.067e+00             296.688           5.700e-07             324.276           3.162e+02     
 160.000         350.000            8.230e-01           8.230e-01             294.642           5.495e-07             330.001           3.162e+02     
 165.000         350.000            4.913e-01           4.913e-01             292.056           5.308e-07             336.901           3.162e+02     
 170.000         350.000            2.076e-01           2.076e-01             288.999           5.424e-07             342.742           3.162e+02     
 175.000         350.000            4.565e-02           4.565e-02             285.552           5.852e-07             345.339           3.162e+02     
 180.000         350.000            1.099e-06           4.547e-07             309.718           6.448e-07             345.168           3.187e+00     
   0.000         355.000            1.099e-06           3.795e-07             305.936           7.199e-07             162.865           3.187e+00     
   5.000         355.000            4.504e-02           4.504e-02             284.744           6.887e-07             162.972           3.008e+02     
  10.000         355.000            2.034e-01           2.034e-01             287.266           6.301e-07             162.505           3.162e+02     
  15.000         355.000            4.788e-01           4.788e-01             289.206           5.633e-07             160.264           3.162e+02     
  20.000         355.000            7.962e-01           7.962e-01             290.534           4.811e-07             156.665           3.162e+02     
  25.000         355.000            1.020e+00           1.020e+00             291.247           3.879e-07             151.692           3.162e+02     
  30.000         355.000            1.046e+00           1.046e+00             291.310           2.843e-07             146.447           3.162e+02     
  35.000         355.000            8.769e-01           8.769e-01             290.650           1.819e-07             142.103           3.162e+02     
  40.000         355.000            6.126e-01           6.126e-01             289.222           9.834e-08             141.109           3.162e+02     
  45.000         355.000            3.663e-01           3.663e-01             287.216           4.543e-08             149.339           3.162e+02     
  50.000         355.000            1.975e-01           1.975e-01             285.648           2.672e-08             172.354           3.162e+02     
  55.000         355.000            1.067e-01           1.067e-01             287.324           3.249e-08             196.197           3.162e+02     
  60.000         355.000            7.086e-02           7.086e-02             296.060           4.996e-08             205.988           3.162e+02     
  65.000         355.000            7.297e-02           7.297e-02             309.878           6.366e-08             206.759           3.162e+02     
  70.000         355.000            1.062e-01           1.062e-01             320.757           6.469e-08             204.938           3.162e+02     
  75.000         355.000            1.634e-01           1.634e-01             326.586           5.090e-08             202.547           3.162e+02     
  80.000         355.000            2.290e-01           2.290e-01             329.328           2.838e-08             200.419           3.162e+02     
  85.000         355.000            2.814e-01           2.814e-01             330.518           8.082e-09             198.742           3.162e+02     
  90.000         355.000            3.014e-01           3.014e-01             330.852           1.095e-12             282.242           3.162e+02     
  95.000         355.000            2.814e-01           2.814e-01             330.518           8.089e-09              18.858           3.162e+02     
 100.000         355.000            2.290e-01           2.290e-01             329.328           2.840e-08              20.478           3.162e+02     
 105.000         355.000            1.634e-01           1.634e-01             326.586           5.092e-08              22.588           3.162e+02     
 110.000         355.000            1.062e-01           1.062e-01             320.757           6.473e-08              24.970           3.162e+02     
 115.000         355.000            7.297e-02           7.297e-02             309.878           6.369e-08              26.786           3.162e+02     
 120.000         355.000            7.086e-02           7.086e-02             296.060           4.999e-08              26.014           3.162e+02     
 125.000         355.000            1.067e-01           1.067e-01             287.324           3.251e-08              16.228           3.162e+02     
 130.000         355.000            1.975e-01           1.975e-01             285.648           2.672e-08             352.389           3.162e+02     
 135.000         355.000            3.663e-01           3.663e-01             287.216           4.543e-08             329.363           3.162e+02     
 140.000         355.000            6.126e-01           6.126e-01             289.222           9.832e-08             321.124           3.162e+02     
 145.000         355.000            8.769e-01           8.769e-01             290.650           1.819e-07             322.113           3.162e+02     
 150.000         355.000            1.046e+00           1.046e+00             291.310           2.843e-07             326.454           3.162e+02     
 155.000         355.000            1.020e+00           1.020e+00             291.247           3.879e-07             331.698           3.162e+02     
 160.000         355.000            7.962e-01           7.962e-01             290.534           4.811e-07             336.670           3.162e+02     
 165.000         355.000            4.788e-01           4.788e-01             289.206           5.633e-07             340.267           3.162e+02     
 170.000         355.000            2.034e-01           2.034e-01             287.266           6.301e-07             342.507           3.162e+02     
 175.000         355.000            4.504e-02           4.504e-02             284.744           6.887e-07             342.974           3.008e+02     
 180.000         355.000            1.099e-06           3.795e-07             305.940           7.199e-07             342.866           3.187e+00     
